epoch,loss_d,loss_g,step,train_disc,train_dur,train_fm,train_gen,train_kl,train_mel,val_disc,val_dur,val_fm,val_gen,val_kl,val_loss,val_mel
0,2.0954997539520264,41.81957244873047,24,2.0954997539520264,1.3847670555114746,6.925061225891113,2.8545382022857666,4.410646438598633,0.5832124948501587,,,,,,,
0,1.9273329973220825,46.70949172973633,49,1.9273329973220825,1.5188777446746826,9.535676956176758,3.2304298877716064,3.994713306427002,0.6317731738090515,,,,,,,
0,1.8240728378295898,41.68254470825195,74,1.8240728378295898,1.3849140405654907,8.7328519821167,3.26670241355896,3.3088788986206055,0.5553154945373535,,,,,,,
0,1.9049854278564453,41.988460540771484,99,1.9049854278564453,1.5214555263519287,8.428468704223633,3.078754186630249,3.1747026443481445,0.5730018615722656,,,,,,,
0,1.6502084732055664,46.26921463012695,124,1.6502084732055664,1.5185043811798096,10.783668518066406,3.341526746749878,3.1753005981445312,0.610004723072052,,,,,,,
0,2.0589873790740967,37.594032287597656,149,2.0589873790740967,1.5384058952331543,7.244460582733154,2.7161014080047607,2.3621816635131836,0.5273973345756531,,,,,,,
0,1.9415156841278076,37.11003875732422,174,1.9415156841278076,1.55314302444458,7.567212104797363,2.7624034881591797,2.3689630031585693,0.5079626441001892,,,,,,,
0,1.8201467990875244,39.274620056152344,199,1.8201467990875244,1.4919670820236206,8.892534255981445,2.73468279838562,2.3818552494049072,0.5283017754554749,,,,,,,
0,1.845160961151123,35.44715118408203,224,1.845160961151123,1.6101324558258057,6.95325231552124,2.707352876663208,2.0429701805114746,0.4918542802333832,,,,,,,
0,1.836517572402954,37.91120529174805,249,1.836517572402954,1.466524600982666,8.195438385009766,3.171060800552368,2.5506961345672607,0.5006107687950134,,,,,,,
0,2.2434232234954834,35.183475494384766,274,2.2434232234954834,1.4869940280914307,6.190216064453125,3.171421527862549,1.8557014465332031,0.49953651428222656,,,,,,,
0,2.0873489379882812,36.88638687133789,299,2.0873489379882812,1.6157429218292236,7.482784748077393,3.013570785522461,2.107853412628174,0.5036985874176025,,,,,,,
0,2.0945513248443604,34.103431701660156,324,2.0945513248443604,1.4861509799957275,6.601889610290527,3.19209361076355,2.0688865184783936,0.46120914816856384,,,,,,,
0,1.829099178314209,38.01511001586914,349,1.829099178314209,1.6741626262664795,8.267168045043945,3.2707040309906006,2.4950246810913086,0.49573442339897156,,,,,,,
0,2.4987616539001465,33.18864440917969,374,2.4987616539001465,1.6499171257019043,5.9457550048828125,2.552297830581665,2.218000888824463,0.46272608637809753,,,,,,,
0,1.670154094696045,38.10601806640625,399,1.670154094696045,1.4946759939193726,8.77655029296875,3.0122973918914795,2.1175596714019775,0.5045540928840637,,,,,,,
0,1.9212005138397217,34.41059494018555,424,1.9212005138397217,1.505125641822815,6.951202392578125,3.3229453563690186,1.6185722351074219,0.4669499099254608,,,,,,,
0,1.8266100883483887,37.82413101196289,449,1.8266100883483887,1.4833433628082275,8.682901382446289,2.4859373569488525,2.4641456604003906,0.5046178102493286,,,,,,,
0,1.7793738842010498,37.65309524536133,474,1.7793738842010498,1.5295190811157227,8.494986534118652,3.0517051219940186,2.2332587242126465,0.4965251088142395,,,,,,,
0,1.9056700468063354,35.4008674621582,499,1.9056700468063354,1.4956296682357788,7.362424850463867,3.1572556495666504,2.0481786727905273,0.4741640090942383,,,,,,,
0,1.7180029153823853,35.571556091308594,524,1.7180029153823853,1.5004526376724243,6.965129852294922,3.0098867416381836,1.9385344982147217,0.49239006638526917,,,,,,,
0,1.7786083221435547,37.169795989990234,549,1.7786083221435547,1.4969849586486816,8.076373100280762,3.1545283794403076,2.0284616947174072,0.4980766475200653,,,,,,,
0,1.617992639541626,38.14560317993164,574,1.617992639541626,1.3911768198013306,8.911662101745605,3.2174484729766846,1.9877684116363525,0.503056526184082,,,,,,,
0,1.8905589580535889,35.99296188354492,599,1.8905589580535889,1.414926290512085,7.493927478790283,3.2413246631622314,2.096353769302368,0.4832540452480316,,,,,,,
0,2.011277675628662,32.48318099975586,624,2.011277675628662,1.575750708580017,6.53786039352417,2.880549192428589,1.901757836341858,0.4352725148200989,,,,,,,
0,1.950109601020813,35.28684997558594,649,1.950109601020813,1.5507442951202393,7.485001087188721,2.948732614517212,1.9227458238601685,0.47510287165641785,,,,,,,
0,2.0506949424743652,34.900856018066406,674,2.0506949424743652,1.4739075899124146,7.246515274047852,2.9474940299987793,2.2542946338653564,0.4661920666694641,,,,,,,
1,1.740501880645752,41.93904113769531,699,1.740501880645752,1.5371276140213013,11.28577995300293,3.0798680782318115,2.831695318222046,0.5156570672988892,,,,,,,
1,2.002464532852173,35.62106704711914,724,2.002464532852173,1.5240602493286133,7.331393241882324,3.1017489433288574,2.4502217769622803,0.47141432762145996,,,,,,,
1,2.0269155502319336,35.569129943847656,749,2.0269155502319336,1.503111481666565,7.170899868011475,3.06123685836792,2.426084518432617,0.47572872042655945,,,,,,,
1,2.1964685916900635,37.83970260620117,774,2.1964685916900635,1.501091480255127,8.079779624938965,3.1573102474212646,2.2899069786071777,0.5069248080253601,,,,,,,
1,2.143181800842285,33.586761474609375,799,2.143181800842285,1.4539144039154053,7.149026870727539,2.5049986839294434,2.241114377975464,0.44972679018974304,,,,,,,
1,2.251354694366455,33.35908889770508,824,2.251354694366455,1.5055272579193115,5.92659854888916,3.3585493564605713,2.124269723892212,0.45431429147720337,,,,,,,
1,1.8449342250823975,37.10300064086914,849,1.8449342250823975,1.4696142673492432,8.355236053466797,3.222862720489502,1.8164602518081665,0.4941961467266083,,,,,,,
1,1.9329121112823486,33.3139533996582,874,1.9329121112823486,1.5925382375717163,6.555844783782959,3.3573713302612305,1.972670555114746,0.44078952074050903,,,,,,,
1,1.8311083316802979,38.685646057128906,899,1.8311083316802979,1.5704425573349,9.387648582458496,3.330439567565918,2.4559409618377686,0.48758170008659363,,,,,,,
1,2.151402235031128,34.106658935546875,924,2.151402235031128,1.580763816833496,7.2771382331848145,2.9969334602355957,1.7432448863983154,0.4557461440563202,,,,,,,
1,2.143972873687744,32.31672668457031,949,2.143972873687744,1.4457498788833618,5.679267883300781,2.5169267654418945,2.0690765380859375,0.4579046368598938,,,,,,,
1,2.0474131107330322,34.470306396484375,974,2.0474131107330322,1.4896551370620728,6.919339656829834,3.124516010284424,2.3677480220794678,0.457089900970459,,,,,,,
1,1.8410850763320923,35.305641174316406,999,1.8410850763320923,1.449283242225647,7.25789213180542,3.4933695793151855,2.0354442596435547,0.4682144820690155,,,,,,,
1,2.3292036056518555,33.67015838623047,1024,2.3292036056518555,1.4999701976776123,6.422689914703369,3.1620237827301025,2.225759744644165,0.452438086271286,,,,,,,
1,1.9477207660675049,34.9173583984375,1049,1.9477207660675049,1.4541099071502686,7.195939064025879,2.845848560333252,2.2673022747039795,0.47009238600730896,,,,,,,
1,1.9798147678375244,35.60685348510742,1074,1.9798147678375244,1.5192259550094604,7.830941677093506,3.286803960800171,2.0059125423431396,0.46586599946022034,,,,,,,
1,1.8760164976119995,35.115478515625,1099,1.8760164976119995,1.379645824432373,7.261597633361816,3.1478025913238525,1.7089041471481323,0.4803895056247711,,,,,,,
1,2.042447566986084,34.549034118652344,1124,2.042447566986084,1.4504971504211426,7.250139236450195,2.852090358734131,2.123422622680664,0.46384191513061523,,,,,,,
1,2.375507116317749,34.51402282714844,1149,2.375507116317749,1.4383697509765625,7.565566062927246,2.1737074851989746,2.417001247406006,0.46487507224082947,,,,,,,
1,2.04187273979187,36.62582778930664,1174,2.04187273979187,1.483323097229004,7.473408222198486,3.400573492050171,2.290074110031128,0.48840999603271484,,,,,,,
1,2.1531295776367188,35.57073974609375,1199,2.1531295776367188,1.4127795696258545,7.39250373840332,2.954206705093384,2.3984792232513428,0.4758393466472626,,,,,,,
1,2.1187655925750732,33.046897888183594,1224,2.1187655925750732,1.5151137113571167,6.49479866027832,3.083967447280884,2.173316717147827,0.43954893946647644,,,,,,,
1,1.695692777633667,38.245208740234375,1249,1.695692777633667,1.4582512378692627,8.870726585388184,3.4311892986297607,2.279980182647705,0.4934457838535309,,,,,,,
1,2.2067699432373047,35.17832565307617,1274,2.2067699432373047,1.4238829612731934,7.55531644821167,2.960505723953247,2.287684202194214,0.46557632088661194,,,,,,,
1,1.7841393947601318,34.0971794128418,1299,1.7841393947601318,1.4766050577163696,7.901247501373291,3.015048027038574,1.8429481983184814,0.4413628578186035,,,,,,,
1,2.023787498474121,32.840721130371094,1324,2.023787498474121,1.472489356994629,6.580109119415283,3.000351905822754,1.9485797882080078,0.44087085127830505,,,,,,,
1,1.8658840656280518,34.5947380065918,1349,1.8658840656280518,1.4363195896148682,7.3153462409973145,3.1647887229919434,2.2640984058380127,0.45364856719970703,,,,,,,
1,2.0182912349700928,34.50019073486328,1374,2.0182912349700928,1.468327283859253,7.465426445007324,2.786531925201416,1.5903258323669434,0.47087955474853516,,,,,,,
2,1.4760851860046387,38.734745025634766,1399,1.4760851860046387,1.3892643451690674,9.2493257522583,3.5440590381622314,2.205958366394043,0.4965808391571045,,,,,,,
2,2.0510566234588623,34.69703674316406,1424,2.0510566234588623,1.4100158214569092,7.287727355957031,3.106645345687866,2.2212319374084473,0.45936480164527893,,,,,,,
2,2.074187994003296,31.881797790527344,1449,2.074187994003296,1.476606845855713,6.218705177307129,3.2039241790771484,1.8540737628936768,0.42507752776145935,,,,,,,
2,1.9944748878479004,34.188663482666016,1474,1.9944748878479004,1.431777000427246,7.255160331726074,2.6167004108428955,2.247692584991455,0.45860740542411804,,,,,,,
2,2.1442763805389404,34.17814254760742,1499,2.1442763805389404,1.4556330442428589,7.448929786682129,3.188791036605835,1.8121390342712402,0.4505033493041992,,,,,,,
2,2.187307834625244,34.30097579956055,1524,2.187307834625244,1.5340261459350586,7.27052640914917,2.7358551025390625,2.244401216506958,0.45591479539871216,,,,,,,
2,2.2200446128845215,33.23686599731445,1549,2.2200446128845215,1.4247140884399414,7.115762233734131,2.7799503803253174,1.898681879043579,0.44483909010887146,,,,,,,
2,1.9836466312408447,34.44437789916992,1574,1.9836466312408447,1.4851747751235962,6.44235897064209,3.080531597137451,1.8672341108322144,0.4793128967285156,,,,,,,
2,1.6963703632354736,37.25859069824219,1599,1.6963703632354736,1.5216078758239746,8.40764045715332,3.274824380874634,2.355756998062134,0.4821946322917938,,,,,,,
2,2.019163131713867,31.530582427978516,1624,2.019163131713867,1.4213314056396484,6.18344783782959,2.9839563369750977,2.0451669692993164,0.419926255941391,,,,,,,
2,1.5657896995544434,36.6224479675293,1649,1.5657896995544434,1.5971274375915527,9.055168151855469,3.3107876777648926,2.05912184715271,0.4577833116054535,,,,,,,
2,1.9124634265899658,33.08747100830078,1674,1.9124634265899658,1.4473859071731567,6.857001304626465,2.9243781566619873,2.231261730194092,0.4361654222011566,,,,,,,
2,1.903294563293457,36.02874755859375,1699,1.903294563293457,1.4397459030151367,8.172538757324219,2.660787343978882,2.501659393310547,0.47231149673461914,,,,,,,
2,1.7646596431732178,35.336158752441406,1724,1.7646596431732178,1.5254019498825073,7.982141494750977,3.1966347694396973,2.1219465732574463,0.4557785093784332,,,,,,,
2,2.1729273796081543,34.204689025878906,1749,2.1729273796081543,1.5147716999053955,7.197826862335205,3.161618947982788,2.0574753284454346,0.45051097869873047,,,,,,,
2,1.8512479066848755,35.94384765625,1774,1.8512479066848755,1.612088680267334,8.182344436645508,3.086639642715454,2.5793890953063965,0.4551863670349121,,,,,,,
2,2.0254979133605957,34.21480941772461,1799,2.0254979133605957,1.5632858276367188,6.842039585113525,2.888789176940918,2.2771246433258057,0.45874595642089844,,,,,,,
2,2.007141351699829,34.472747802734375,1824,2.007141351699829,1.5124090909957886,7.576714992523193,3.277674913406372,2.0577340126037598,0.44551584124565125,,,,,,,
2,1.6193482875823975,35.22898483276367,1849,1.6193482875823975,1.5198822021484375,8.048270225524902,3.466331720352173,1.8897894620895386,0.45121583342552185,,,,,,,
2,1.9301681518554688,33.061885833740234,1874,1.9301681518554688,1.4720065593719482,6.801671504974365,2.728256940841675,1.968572735786438,0.4464750289916992,,,,,,,
2,1.9048621654510498,33.51633071899414,1899,1.9048621654510498,1.413609266281128,7.257230758666992,2.746032238006592,2.03442120552063,0.4458897113800049,,,,,,,
2,1.952172875404358,33.550662994384766,1924,1.952172875404358,1.4966540336608887,7.078444480895996,3.198071002960205,2.166459798812866,0.435800701379776,,,,,,,
2,1.7924277782440186,35.38441467285156,1949,1.7924277782440186,1.3189053535461426,7.89204216003418,3.007969856262207,2.312586784362793,0.4633979797363281,,,,,,,
2,2.258948802947998,33.3308219909668,1974,2.258948802947998,1.423944115638733,6.945937156677246,2.978118896484375,2.278390884399414,0.4378761947154999,,,,,,,
2,1.6026369333267212,36.937103271484375,1999,1.6026369333267212,1.4324214458465576,8.490900993347168,3.376850128173828,2.2176287174224854,0.47598448395729065,,,,,,,
2,1.8882970809936523,39.05458450317383,2024,1.8882970809936523,1.3892817497253418,9.981903076171875,3.4338371753692627,2.5486724376678467,0.48224201798439026,,,,,,,
2,2.0097711086273193,34.56642532348633,2049,2.0097711086273193,1.519049048423767,6.864314556121826,2.9564950466156006,2.2054696083068848,0.46713539958000183,,,,,,,
2,1.9441815614700317,34.750335693359375,2074,1.9441815614700317,1.4909063577651978,7.525804042816162,2.751358985900879,2.0667247772216797,0.46478986740112305,,,,,,,
3,1.8295543193817139,36.34174346923828,2099,1.8295543193817139,1.4094672203063965,8.271921157836914,3.1885130405426025,2.1961112022399902,0.4727940559387207,,,,,,,
3,1.5312556028366089,38.05535125732422,2124,1.5312556028366089,1.4848086833953857,8.803465843200684,3.3166897296905518,2.101656913757324,0.49663838744163513,,,,,,,
3,1.942934513092041,34.50483322143555,2149,1.942934513092041,1.426639199256897,7.460057258605957,2.914565086364746,2.143671751022339,0.4568866789340973,,,,,,,
3,1.977413535118103,32.35142135620117,2174,1.977413535118103,1.4702738523483276,6.128043174743652,2.9348769187927246,1.9574004411697388,0.4413517415523529,,,,,,,
3,1.8357810974121094,34.78113555908203,2199,1.8357810974121094,1.4425957202911377,8.062153816223145,3.1241111755371094,2.2439844608306885,0.44240641593933105,,,,,,,
3,1.6474113464355469,36.49533462524414,2224,1.6474113464355469,1.4941041469573975,9.09880542755127,3.6593480110168457,2.0155766010284424,0.44950008392333984,,,,,,,
3,2.00934100151062,34.36389923095703,2249,2.00934100151062,1.4531158208847046,6.423240661621094,3.4129281044006348,2.2294833660125732,0.4632250964641571,,,,,,,
3,1.7787830829620361,35.511863708496094,2274,1.7787830829620361,1.5043065547943115,8.288214683532715,2.951004981994629,1.9813363552093506,0.461933434009552,,,,,,,
3,1.9461463689804077,36.832096099853516,2299,1.9461463689804077,1.4512476921081543,8.755057334899902,2.792142868041992,2.497192144393921,0.4741434156894684,,,,,,,
3,2.255718469619751,33.89830780029297,2324,2.255718469619751,1.4694215059280396,6.9266743659973145,2.969447135925293,2.600421905517578,0.44294092059135437,,,,,,,
3,2.0228002071380615,32.19138717651367,2349,2.0228002071380615,1.497349500656128,5.709001064300537,2.8326473236083984,2.1029703617095947,0.4455426335334778,,,,,,,
3,1.9696121215820312,34.403648376464844,2374,1.9696121215820312,1.4891326427459717,6.98029088973999,2.7794435024261475,1.8648993968963623,0.4731085002422333,,,,,,,
3,1.8505074977874756,31.39869499206543,2399,1.8505074977874756,1.4095361232757568,6.4900221824646,3.1236155033111572,2.042738437652588,0.4073951840400696,,,,,,,
3,1.8382806777954102,32.289180755615234,2424,1.8382806777954102,1.3702387809753418,6.7985076904296875,3.411810874938965,1.7876707315444946,0.4204656183719635,,,,,,,
3,1.8051955699920654,33.75129318237305,2449,1.8051955699920654,1.5517780780792236,7.023258209228516,2.986898422241211,1.8390936851501465,0.4522280693054199,,,,,,,
3,1.9157700538635254,35.51309585571289,2474,1.9157700538635254,1.480453610420227,8.445754051208496,2.8705878257751465,2.1619372367858887,0.4567635655403137,,,,,,,
3,2.277888774871826,30.49873161315918,2499,2.277888774871826,1.3938231468200684,5.505504131317139,2.620577573776245,1.9955869913101196,0.42184978723526,,,,,,,
3,1.8031052350997925,35.66455078125,2524,1.8031052350997925,1.4037278890609741,8.125521659851074,2.7323012351989746,2.316244602203369,0.4685945510864258,,,,,,,
3,1.5701829195022583,37.358699798583984,2549,1.5701829195022583,1.3926997184753418,10.012330055236816,3.0017621517181396,2.355048418045044,0.4577079713344574,,,,,,,
3,2.0261855125427246,32.3463249206543,2574,2.0261855125427246,1.4705842733383179,6.401442527770996,3.106873035430908,1.8276218175888062,0.4342178404331207,,,,,,,
3,2.0114965438842773,32.75904083251953,2599,2.0114965438842773,1.436915397644043,6.626920223236084,3.2050769329071045,1.990132451057434,0.43333330750465393,,,,,,,
3,2.1369380950927734,33.79772186279297,2624,2.1369380950927734,1.374507188796997,7.410823822021484,2.9811556339263916,2.2177417278289795,0.4402998089790344,,,,,,,
3,1.954676866531372,33.98499298095703,2649,1.954676866531372,1.436560869216919,7.9004998207092285,2.8082759380340576,2.095003366470337,0.43877002596855164,,,,,,,
3,1.7385424375534058,37.56675338745117,2674,1.7385424375534058,1.4405999183654785,8.761260986328125,3.5116517543792725,2.0115973949432373,0.48536989092826843,,,,,,,
3,1.7173538208007812,33.79729461669922,2699,1.7173538208007812,1.4848402738571167,7.3106231689453125,3.3283920288085938,1.8568129539489746,0.44036945700645447,,,,,,,
3,1.856748104095459,34.10774612426758,2724,1.856748104095459,1.4898693561553955,6.93966007232666,3.0130417346954346,2.0001845359802246,0.45922204852104187,,,,,,,
3,1.8758879899978638,35.64725112915039,2749,1.8758879899978638,1.4351754188537598,8.509302139282227,3.2611441612243652,2.2847962379455566,0.44792959094047546,,,,,,,
3,2.170178174972534,32.75152587890625,2774,2.170178174972534,1.593252420425415,6.48391056060791,2.7171072959899902,2.2740554809570312,0.43740445375442505,,,,,,,
4,2.0994434356689453,30.77882194519043,2799,2.0994434356689453,1.468951940536499,5.603555679321289,2.793687343597412,1.8591363430023193,0.42341089248657227,,,,,,,
4,1.9444491863250732,34.059234619140625,2824,1.9444491863250732,1.4521926641464233,7.259084224700928,3.0768585205078125,1.938726782798767,0.4518304765224457,,,,,,,
4,1.7524440288543701,35.92823028564453,2849,1.7524440288543701,1.4413048028945923,8.11806583404541,3.7609798908233643,2.0213141441345215,0.4574792981147766,,,,,,,
4,2.0006561279296875,32.6141471862793,2874,2.0006561279296875,1.4942448139190674,6.922835350036621,2.8928263187408447,1.8750709295272827,0.4317593574523926,,,,,,,
4,2.2348315715789795,34.013031005859375,2899,2.2348315715789795,1.4610450267791748,7.769496917724609,2.7575294971466064,2.205291748046875,0.44043704867362976,,,,,,,
4,1.9316720962524414,33.55386734008789,2924,1.9316720962524414,1.4395384788513184,7.264403343200684,2.9325504302978516,2.0668511390686035,0.44112274050712585,,,,,,,
4,2.08465838432312,32.11412048339844,2949,2.08465838432312,1.505117654800415,6.456176280975342,3.099987745285034,1.868752121925354,0.42631301283836365,,,,,,,
4,2.2772417068481445,32.033172607421875,2974,2.2772417068481445,1.3572940826416016,6.0192365646362305,2.663142681121826,1.6570017337799072,0.45192214846611023,,,,,,,
4,2.2673683166503906,31.30784797668457,2999,2.2673683166503906,1.4719642400741577,6.12656307220459,2.421020746231079,2.1620256900787354,0.42502832412719727,,,,,,,
4,1.800180196762085,33.980953216552734,3024,1.800180196762085,1.530176043510437,7.872833251953125,3.473690986633301,1.5981296300888062,0.4334694445133209,,,,,,,
4,2.1337409019470215,32.00680923461914,3049,2.1337409019470215,1.4570499658584595,5.962978363037109,3.1002559661865234,1.9292265176773071,0.4346066415309906,,,,,,,
4,1.9217748641967773,33.81609344482422,3074,1.9217748641967773,1.329239845275879,7.939233303070068,2.539562702178955,1.9826816320419312,0.44500836730003357,,,,,,,
4,2.27541446685791,33.512779235839844,3099,2.27541446685791,1.5043106079101562,6.665160179138184,2.756007432937622,2.297513484954834,0.4508841633796692,,,,,,,
4,1.9271483421325684,34.395233154296875,3124,1.9271483421325684,1.47245454788208,7.011234760284424,3.621203660964966,2.059870481491089,0.44956597685813904,,,,,,,
4,2.231565475463867,31.532821655273438,3149,2.231565475463867,1.5141034126281738,6.218494892120361,2.645098924636841,2.0881712436676025,0.42371007800102234,,,,,,,
4,2.065333127975464,31.81490707397461,3174,2.065333127975464,1.5137431621551514,6.404264450073242,2.7169880867004395,1.878018856048584,0.42893096804618835,,,,,,,
4,2.110476493835449,30.310054779052734,3199,2.110476493835449,1.5839040279388428,5.274613380432129,2.8012561798095703,1.849654197692871,0.4177916646003723,,,,,,,
4,2.1956300735473633,33.75004959106445,3224,2.1956300735473633,1.4585685729980469,7.051819801330566,3.6401336193084717,2.235111951828003,0.4303203523159027,,,,,,,
4,1.7299327850341797,33.23514938354492,3249,1.7299327850341797,1.4386183023452759,6.590338706970215,2.9756276607513428,1.9962856769561768,0.44965067505836487,,,,,,,
4,1.8784904479980469,35.492164611816406,3274,1.8784904479980469,1.58817458152771,8.472780227661133,3.693650484085083,2.082273483276367,0.4367840886116028,,,,,,,
4,2.045398473739624,32.57809066772461,3299,2.045398473739624,1.4948123693466187,6.671219825744629,2.91464900970459,1.990161657333374,0.4334943890571594,,,,,,,
4,2.0638208389282227,33.01510238647461,3324,2.0638208389282227,1.4363467693328857,7.183386325836182,2.3437399864196777,1.931248664855957,0.4471196234226227,,,,,,,
4,1.9535439014434814,34.48823928833008,3349,1.9535439014434814,1.441476583480835,7.685885429382324,3.600411891937256,2.1841249465942383,0.4350298047065735,,,,,,,
4,1.9706443548202515,33.373050689697266,3374,1.9706443548202515,1.46183180809021,6.969045639038086,2.9464004039764404,2.0073373317718506,0.4441874623298645,,,,,,,
4,2.037585735321045,35.07949447631836,3399,2.037585735321045,1.5601638555526733,7.72135591506958,3.1494393348693848,1.9600414037704468,0.45974427461624146,,,,,,,
4,1.6741974353790283,33.467891693115234,3424,1.6741974353790283,1.3495581150054932,7.495776653289795,2.9023213386535645,2.0936837196350098,0.4361456036567688,,,,,,,
4,2.007216215133667,33.32655334472656,3449,2.007216215133667,1.4614051580429077,7.276573181152344,2.7038533687591553,1.848305106163025,0.4452536702156067,,,,,,,
4,2.090564489364624,33.28209686279297,3474,2.090564489364624,1.499213695526123,6.68869161605835,2.9129631519317627,1.7785985469818115,0.45339176058769226,,,,,,,
4,,,3489,,,,,,,1.7477858066558838,1.421453833580017,7.761457443237305,3.3759045600891113,2.0563669204711914,34.18792724609375,0.4349498450756073
5,2.057108163833618,32.103641510009766,3499,2.057108163833618,1.5141569375991821,7.011329650878906,2.5586013793945312,2.0716145038604736,0.4210653305053711,,,,,,,
5,1.8862111568450928,35.078346252441406,3524,1.8862111568450928,1.5472056865692139,7.884854316711426,2.9579763412475586,2.1401731967926025,0.45662519335746765,,,,,,,
5,1.7579025030136108,34.912723541259766,3549,1.7579025030136108,1.5043145418167114,7.7786478996276855,3.2446043491363525,2.105386972427368,0.45066148042678833,,,,,,,
5,2.1497390270233154,32.285682678222656,3574,2.1497390270233154,1.5475801229476929,6.658634662628174,2.4090256690979004,1.950097918510437,0.43822988867759705,,,,,,,
5,2.111213445663452,33.47193908691406,3599,2.111213445663452,1.493958830833435,7.200052738189697,2.4770469665527344,2.051816463470459,0.4499792158603668,,,,,,,
5,1.6600050926208496,34.73308563232422,3624,1.6600050926208496,1.5690014362335205,7.835731506347656,3.6303601264953613,2.0816450119018555,0.4359188675880432,,,,,,,
5,1.9666508436203003,31.409040451049805,3649,1.9666508436203003,1.3807744979858398,6.503784656524658,2.71962833404541,1.7873866558074951,0.4226103723049164,,,,,,,
5,2.0582666397094727,34.54705047607422,3674,2.0582666397094727,1.4371333122253418,7.988831996917725,2.72172212600708,2.2888431549072266,0.4469004273414612,,,,,,,
5,1.9670085906982422,33.640403747558594,3699,1.9670085906982422,1.419130563735962,7.708514213562012,2.9482879638671875,2.189572334289551,0.43055325746536255,,,,,,,
5,2.0686919689178467,31.688594818115234,3724,2.0686919689178467,1.4509577751159668,6.10595703125,2.7044100761413574,1.7965046167373657,0.43623921275138855,,,,,,,
5,1.731273889541626,34.10106658935547,3749,1.731273889541626,1.4158111810684204,7.773987770080566,3.0573930740356445,2.006345272064209,0.4410562217235565,,,,,,,
5,1.9765198230743408,33.178985595703125,3774,1.9765198230743408,1.4474563598632812,6.515477180480957,3.1922340393066406,1.978534460067749,0.4454507529735565,,,,,,,
5,1.8064905405044556,34.18032455444336,3799,1.8064905405044556,1.42466139793396,7.401282787322998,3.192734718322754,2.2710957527160645,0.442012220621109,,,,,,,
5,1.9437655210494995,34.360233306884766,3824,1.9437655210494995,1.482340693473816,7.504727840423584,2.681394338607788,2.129810094833374,0.4569324553012848,,,,,,,
5,1.894545316696167,36.426998138427734,3849,1.894545316696167,1.4995052814483643,8.13205623626709,3.0002248287200928,2.17162823677063,0.4805241525173187,,,,,,,
5,2.252061367034912,30.960033416748047,3874,2.252061367034912,1.3868374824523926,5.633872032165527,2.7420103549957275,2.1414644718170166,0.4234633147716522,,,,,,,
5,1.9525238275527954,34.49870681762695,3899,1.9525238275527954,1.4755220413208008,7.224372863769531,3.1384074687957764,2.0818681716918945,0.4573008716106415,,,,,,,
5,1.813934326171875,37.75008010864258,3924,1.813934326171875,1.4553523063659668,9.291770935058594,3.1519417762756348,2.2545037269592285,0.47992250323295593,,,,,,,
5,1.8630225658416748,34.828773498535156,3949,1.8630225658416748,1.4257495403289795,7.965949058532715,3.1088309288024902,2.059443473815918,0.45041775703430176,,,,,,,
5,1.7900340557098389,36.122657775878906,3974,1.7900340557098389,1.5287755727767944,8.407867431640625,3.2964518070220947,2.2271928787231445,0.4591638743877411,,,,,,,
5,2.0116827487945557,32.678890228271484,3999,2.0116827487945557,1.4151017665863037,6.536489486694336,3.0270283222198486,1.990272045135498,0.43800002336502075,,,,,,,
5,2.029207468032837,33.839847564697266,4024,2.029207468032837,1.5443556308746338,7.155313968658447,2.6102938652038574,2.0279533863067627,0.4555984437465668,,,,,,,
5,1.9589229822158813,35.067169189453125,4049,1.9589229822158813,1.4825756549835205,8.162129402160645,2.707514524459839,2.540418863296509,0.4483228623867035,,,,,,,
5,1.710190773010254,36.875755310058594,4074,1.710190773010254,1.4647746086120605,8.962257385253906,3.2086825370788574,2.1619763374328613,0.4684014320373535,,,,,,,
5,2.2407474517822266,32.80189895629883,4099,2.2407474517822266,1.5290491580963135,6.516982078552246,3.345555543899536,2.1873157024383545,0.4271777272224426,,,,,,,
5,2.055267095565796,39.268898010253906,4124,2.055267095565796,1.4657721519470215,10.022674560546875,3.1559910774230957,2.676664352416992,0.4877288341522217,,,,,,,
5,1.9285109043121338,32.656471252441406,4149,1.9285109043121338,1.4398616552352905,6.652400970458984,3.105544090270996,2.0322866439819336,0.431697279214859,,,,,,,
5,2.359205484390259,29.123554229736328,4174,2.359205484390259,1.5071682929992676,5.448766231536865,2.533132314682007,1.8790507316589355,0.394565224647522,,,,,,,
6,1.8614811897277832,33.004730224609375,4199,1.8614811897277832,1.454919457435608,7.167267322540283,2.9735920429229736,1.9708689451217651,0.4319573938846588,,,,,,,
6,2.042616605758667,34.29104232788086,4224,2.042616605758667,1.384987711906433,7.525717735290527,3.279015064239502,2.235743522644043,0.44145727157592773,,,,,,,
6,1.923288345336914,33.95963668823242,4249,1.923288345336914,1.439718246459961,7.33937406539917,3.612346887588501,1.7906464338302612,0.43950119614601135,,,,,,,
6,1.937325119972229,35.61357498168945,4274,1.937325119972229,1.536550760269165,8.023531913757324,3.3071963787078857,2.244924783706665,0.45558595657348633,,,,,,,
6,1.9504528045654297,34.11860275268555,4299,1.9504528045654297,1.5208865404129028,7.558825969696045,2.8316097259521484,2.0189805030822754,0.44862881302833557,,,,,,,
6,2.053992986679077,33.837432861328125,4324,2.053992986679077,1.4541785717010498,7.526008605957031,2.829500436782837,1.934470534324646,0.4465172290802002,,,,,,,
6,2.181057929992676,32.03626251220703,4349,2.181057929992676,1.466763973236084,6.192900657653809,2.587285041809082,2.066119432449341,0.4382931888103485,,,,,,,
6,2.063361883163452,31.86846923828125,4374,2.063361883163452,1.50436270236969,6.249757289886475,2.6126656532287598,2.139185905456543,0.4302777349948883,,,,,,,
6,1.9946870803833008,35.689353942871094,4399,1.9946870803833008,1.456945538520813,8.41231918334961,2.7780847549438477,2.0148003101348877,0.4672711491584778,,,,,,,
6,2.070059299468994,33.67778778076172,4424,2.070059299468994,1.3615193367004395,7.513465881347656,2.4866504669189453,2.04402232170105,0.4504918158054352,,,,,,,
6,1.9940910339355469,33.02402114868164,4449,1.9940910339355469,1.4750646352767944,6.642301559448242,3.1614127159118652,2.097679615020752,0.43661242723464966,,,,,,,
6,2.2294368743896484,32.22394561767578,4474,2.2294368743896484,1.3608307838439941,6.648837566375732,2.9005630016326904,2.416466236114502,0.419938862323761,,,,,,,
6,2.2150721549987793,31.95302391052246,4499,2.2150721549987793,1.4033842086791992,6.390117645263672,2.623701810836792,2.037245512008667,0.4333016872406006,,,,,,,
6,2.146754026412964,34.097740173339844,4524,2.146754026412964,1.5329492092132568,6.8811516761779785,3.0025157928466797,2.4099013805389404,0.4504716098308563,,,,,,,
6,2.060851573944092,34.91353225708008,4549,2.060851573944092,1.497867465019226,7.147268772125244,2.941115379333496,2.1219003200531006,0.47123074531555176,,,,,,,
6,2.294285297393799,30.517498016357422,4574,2.294285297393799,1.441298246383667,5.080909729003906,3.030534267425537,1.7854212522506714,0.42620745301246643,,,,,,,
6,2.0094969272613525,31.50827980041504,4599,2.0094969272613525,1.4825443029403687,6.289553165435791,2.889961004257202,2.0642902851104736,0.41737625002861023,,,,,,,
6,1.919762134552002,34.60284423828125,4624,1.919762134552002,1.4326550960540771,7.501290798187256,3.0798962116241455,2.1814026832580566,0.45350217819213867,,,,,,,
6,1.8210382461547852,31.837749481201172,4649,1.8210382461547852,1.3540849685668945,6.697421550750732,2.7412469387054443,1.8456465005874634,0.4266522526741028,,,,,,,
6,2.291837453842163,31.804384231567383,4674,2.291837453842163,1.4726793766021729,6.612001895904541,2.4220690727233887,2.041311264038086,0.42791828513145447,,,,,,,
6,1.8561973571777344,33.3281135559082,4699,1.8561973571777344,1.5443475246429443,7.2160420417785645,3.0973548889160156,2.168945789337158,0.4289205074310303,,,,,,,
6,1.7551171779632568,34.28294372558594,4724,1.7551171779632568,1.3939021825790405,7.924352169036865,3.1135404109954834,1.9213942289352417,0.4428834915161133,,,,,,,
6,2.070462226867676,33.63240432739258,4749,2.070462226867676,1.4049044847488403,6.883987903594971,3.109358787536621,1.8761076927185059,0.45240098237991333,,,,,,,
6,2.030552387237549,32.00249481201172,4774,2.030552387237549,1.3800948858261108,6.7385358810424805,2.5704803466796875,2.249929904937744,0.42363229393959045,,,,,,,
6,1.812077283859253,34.83951950073242,4799,1.812077283859253,1.4041540622711182,8.276651382446289,3.0709235668182373,2.1922943592071533,0.44212207198143005,,,,,,,
6,2.0421969890594482,34.58430480957031,4824,2.0421969890594482,1.5067962408065796,7.344107151031494,3.0116043090820312,2.2165236473083496,0.4556727409362793,,,,,,,
6,1.9003736972808838,36.50254440307617,4849,1.9003736972808838,1.4811525344848633,9.056076049804688,3.0280814170837402,2.2054030895233154,0.4607073962688446,,,,,,,
6,1.833756923675537,34.967437744140625,4874,1.833756923675537,1.4488961696624756,7.925015926361084,2.743151903152466,2.1095120906829834,0.46090802550315857,,,,,,,
7,2.0283186435699463,31.347211837768555,4899,2.0283186435699463,1.4213078022003174,6.357051849365234,3.031576156616211,1.7947070598602295,0.416501522064209,,,,,,,
7,2.1268701553344727,33.08003234863281,4924,2.1268701553344727,1.4524664878845215,6.9643354415893555,2.8548595905303955,1.8530763387680054,0.44345101714134216,,,,,,,
7,1.946241021156311,33.20512390136719,4949,1.946241021156311,1.4843875169754028,7.0337677001953125,3.1272828578948975,1.6464651823043823,0.4425159990787506,,,,,,,
7,1.727494716644287,34.06086730957031,4974,1.727494716644287,1.4382013082504272,7.49567985534668,3.3706133365631104,2.0510201454162598,0.4378966987133026,,,,,,,
7,1.996751070022583,33.69670104980469,4999,1.996751070022583,1.446900486946106,7.26000452041626,3.1085522174835205,2.3379735946655273,0.4342949092388153,,,,,,,
7,1.9632303714752197,35.201576232910156,5024,1.9632303714752197,1.4026654958724976,7.310884952545166,3.0543391704559326,2.391541004180908,0.46760329604148865,,,,,,,
7,1.9907326698303223,34.99827194213867,5049,1.9907326698303223,1.3817059993743896,6.799891471862793,3.2271695137023926,2.105091094970703,0.47743138670921326,,,,,,,
7,1.986607551574707,33.074851989746094,5074,1.986607551574707,1.5440995693206787,6.330969333648682,3.1504249572753906,2.4612579345703125,0.4352911114692688,,,,,,,
7,2.1197540760040283,33.31817626953125,5099,2.1197540760040283,1.412880539894104,6.84609317779541,3.242981433868408,2.112172842025757,0.43786779046058655,,,,,,,
7,1.8949360847473145,37.80546569824219,5124,1.8949360847473145,1.464011788368225,9.18004035949707,3.1278464794158936,2.2799160480499268,0.4834144711494446,,,,,,,
7,2.0126397609710693,30.384246826171875,5149,2.0126397609710693,1.3509483337402344,6.130768775939941,3.3571114540100098,1.506100058555603,0.40087375044822693,,,,,,,
7,1.9498515129089355,33.36901092529297,5174,1.9498515129089355,1.4062814712524414,7.455811977386475,3.3730199337005615,1.9463086128234863,0.4263908863067627,,,,,,,
7,2.216586112976074,32.35177230834961,5199,2.216586112976074,1.4453654289245605,6.495906829833984,3.157698392868042,1.9556121826171875,0.4288264214992523,,,,,,,
7,1.9530117511749268,34.06732177734375,5224,1.9530117511749268,1.3877298831939697,7.0070061683654785,3.118227481842041,1.9510228633880615,0.4578518867492676,,,,,,,
7,2.1907505989074707,31.728687286376953,5249,2.1907505989074707,1.4345548152923584,6.679076671600342,2.4860382080078125,1.9076138734817505,0.42714229226112366,,,,,,,
7,2.251551628112793,33.342472076416016,5274,2.251551628112793,1.4755775928497314,6.82993745803833,2.5240702629089355,2.396711826324463,0.4470261037349701,,,,,,,
7,1.962005853652954,32.3325309753418,5299,1.962005853652954,1.4580001831054688,6.537171363830566,3.0468246936798096,1.808348298072815,0.4329374432563782,,,,,,,
7,1.6905089616775513,35.537357330322266,5324,1.6905089616775513,1.4670711755752563,8.503252983093262,3.1561391353607178,1.8739314079284668,0.45637694001197815,,,,,,,
7,2.1396822929382324,31.182357788085938,5349,2.1396822929382324,1.4572339057922363,5.8889079093933105,2.811711072921753,1.959916353225708,0.42365750670433044,,,,,,,
7,2.082294464111328,35.50654220581055,5374,2.082294464111328,1.4420561790466309,8.028213500976562,2.9592440128326416,2.3451616764068604,0.4607082009315491,,,,,,,
7,2.032996654510498,33.54634475708008,5399,2.032996654510498,1.4097397327423096,7.122498512268066,3.2035114765167236,2.332078456878662,0.43285590410232544,,,,,,,
7,1.7155284881591797,35.55354309082031,5424,1.7155284881591797,1.494715690612793,8.642976760864258,3.4901609420776367,2.0179998874664307,0.44239306449890137,,,,,,,
7,1.9692363739013672,32.887454986572266,5449,1.9692363739013672,1.3922744989395142,7.378697872161865,2.408573865890503,2.0033035278320312,0.43788009881973267,,,,,,,
7,2.070899724960327,32.39256286621094,5474,2.070899724960327,1.3880783319473267,6.745624542236328,2.7590699195861816,2.0209200382232666,0.4328637719154358,,,,,,,
7,1.9241206645965576,34.09904098510742,5499,1.9241206645965576,1.5859880447387695,7.298987865447998,2.9489550590515137,1.8877533674240112,0.4528302252292633,,,,,,,
7,2.1411259174346924,36.20949935913086,5524,2.1411259174346924,1.4438550472259521,8.148931503295898,3.5467708110809326,2.4841461181640625,0.4574621319770813,,,,,,,
7,1.8007235527038574,33.33108139038086,5549,1.8007235527038574,1.5313689708709717,6.880211353302002,3.160722255706787,2.0586085319519043,0.43778157234191895,,,,,,,
7,1.9958587884902954,31.440479278564453,5574,1.9958587884902954,1.3932418823242188,6.501920223236084,2.5780351161956787,2.021796226501465,0.4210107922554016,,,,,,,
8,2.196683645248413,34.096370697021484,5599,2.196683645248413,1.467167854309082,7.065708160400391,2.8505990505218506,2.2333853244781494,0.4551001489162445,,,,,,,
8,1.9043951034545898,34.28519821166992,5624,1.9043951034545898,1.5016283988952637,7.592410564422607,3.0387320518493652,2.1783053874969482,0.44386935234069824,,,,,,,
8,1.8202427625656128,34.76744079589844,5649,1.8202427625656128,1.5004891157150269,7.4624481201171875,3.025891065597534,2.2055459022521973,0.4571792185306549,,,,,,,
8,1.9569954872131348,35.02374267578125,5674,1.9569954872131348,1.45819091796875,7.759082317352295,2.8511507511138916,2.184353828430176,0.46157702803611755,,,,,,,
8,2.0502095222473145,32.20865249633789,5699,2.0502095222473145,1.4080032110214233,6.75075626373291,2.822342872619629,1.891538381576538,0.4296891391277313,,,,,,,
8,2.157320976257324,32.84294891357422,5724,2.157320976257324,1.4051921367645264,6.472368240356445,2.7262465953826904,2.023355484008789,0.44923970103263855,,,,,,,
8,2.1759660243988037,33.75667953491211,5749,2.1759660243988037,1.475277066230774,6.798614501953125,3.3396382331848145,2.4340364933013916,0.4379802644252777,,,,,,,
8,1.9056284427642822,35.1425895690918,5774,1.9056284427642822,1.3983306884765625,8.33120059967041,3.335515260696411,2.399461030960083,0.437290757894516,,,,,,,
8,1.8121442794799805,37.45405578613281,5799,1.8121442794799805,1.4405001401901245,9.383949279785156,3.5750067234039307,2.359330654144287,0.45989495515823364,,,,,,,
8,2.1026954650878906,33.5869140625,5824,2.1026954650878906,1.4452096223831177,6.557416915893555,2.855367660522461,2.3351972103118896,0.4531938135623932,,,,,,,
8,1.814394474029541,37.76631546020508,5849,1.814394474029541,1.4510090351104736,8.913201332092285,3.0656192302703857,2.3605339527130127,0.48835453391075134,,,,,,,
8,1.8849393129348755,33.466209411621094,5874,1.8849393129348755,1.4979925155639648,7.226132869720459,3.2999067306518555,2.2532427310943604,0.42642074823379517,,,,,,,
8,2.0452678203582764,32.859336853027344,5899,2.0452678203582764,1.4121062755584717,6.7963948249816895,3.3236451148986816,1.9793121814727783,0.42995283007621765,,,,,,,
8,1.77729070186615,36.178504943847656,5924,1.77729070186615,1.5135455131530762,8.32966423034668,2.8264784812927246,2.2455172538757324,0.4725176990032196,,,,,,,
8,1.983048915863037,32.08573532104492,5949,1.983048915863037,1.4715853929519653,6.410906791687012,3.0528342723846436,2.070000410079956,0.4240090548992157,,,,,,,
8,2.3464670181274414,32.29322814941406,5974,2.3464670181274414,1.5183625221252441,7.248917102813721,2.4379312992095947,1.9384492635726929,0.42554599046707153,,,,,,,
8,2.1540274620056152,30.755023956298828,5999,2.1540274620056152,1.3932468891143799,5.841317653656006,2.9499080181121826,2.0037050247192383,0.41259661316871643,,,,,,,
8,2.124356508255005,33.27294158935547,6024,2.124356508255005,1.4795567989349365,7.3449883460998535,2.7853736877441406,2.1640968322753906,0.43330952525138855,,,,,,,
8,2.032851219177246,33.2786750793457,6049,2.032851219177246,1.3807005882263184,6.703261375427246,3.0637898445129395,2.0150489807128906,0.44701939821243286,,,,,,,
8,2.0909547805786133,31.910888671875,6074,2.0909547805786133,1.523241639137268,6.438628196716309,2.8040361404418945,1.9608922004699707,0.4263131320476532,,,,,,,
8,1.9743008613586426,34.45371627807617,6099,1.9743008613586426,1.5054478645324707,7.651421546936035,3.421050548553467,2.19348406791687,0.437384694814682,,,,,,,
8,1.4746960401535034,35.66870880126953,6124,1.4746960401535034,1.4984822273254395,8.847552299499512,4.010636329650879,2.0594043731689453,0.42783626914024353,,,,,,,
8,1.7887073755264282,36.68169403076172,6149,1.7887073755264282,1.4262442588806152,8.636395454406738,4.023367881774902,1.9249076843261719,0.4593506455421448,,,,,,,
8,1.8819197416305542,32.3889274597168,6174,1.8819197416305542,1.4290592670440674,6.876009464263916,3.0163776874542236,1.949766755104065,0.4248380661010742,,,,,,,
8,2.1749203205108643,33.55257797241211,6199,2.1749203205108643,1.5501391887664795,6.894561290740967,3.273857831954956,2.3044180870056152,0.4339911639690399,,,,,,,
8,2.4252047538757324,33.413265228271484,6224,2.4252047538757324,1.3657279014587402,7.069551944732666,2.9927637577056885,2.3438239097595215,0.4364754855632782,,,,,,,
8,2.1462793350219727,33.056861877441406,6249,2.1462793350219727,1.4858629703521729,7.0328521728515625,2.572549343109131,2.041560173034668,0.44275638461112976,,,,,,,
8,2.156740665435791,32.46131896972656,6274,2.156740665435791,1.4817992448806763,6.736771106719971,2.95456600189209,2.0697460174560547,0.4270763099193573,,,,,,,
9,2.1663730144500732,31.633159637451172,6299,2.1663730144500732,1.4684010744094849,5.796200752258301,2.869619131088257,1.8430993556976318,0.4367964267730713,,,,,,,
9,2.1693549156188965,32.48753356933594,6324,2.1693549156188965,1.472557783126831,6.589244365692139,3.094405174255371,1.6145861148834229,0.43814975023269653,,,,,,,
9,2.314387798309326,30.477554321289062,6349,2.314387798309326,1.4249300956726074,5.716201305389404,2.3340866565704346,1.9731552600860596,0.4228706955909729,,,,,,,
9,2.38976788520813,30.061614990234375,6374,2.38976788520813,1.4032156467437744,5.792538166046143,2.400947093963623,1.7637639045715332,0.4155811369419098,,,,,,,
9,1.8576319217681885,35.53150939941406,6399,1.8576319217681885,1.3957650661468506,8.386911392211914,3.4879343509674072,2.152137517929077,0.4468613564968109,,,,,,,
9,2.1275100708007812,32.60153579711914,6424,2.1275100708007812,1.4986028671264648,6.455768585205078,2.6832833290100098,1.9131163358688354,0.4455725848674774,,,,,,,
9,1.9076329469680786,33.57444763183594,6449,1.9076329469680786,1.4477620124816895,7.141293525695801,3.2506656646728516,2.0012693405151367,0.43852123618125916,,,,,,,
9,2.2459585666656494,31.041316986083984,6474,2.2459585666656494,1.4765207767486572,6.063909530639648,2.620227575302124,1.7652161121368408,0.42478761076927185,,,,,,,
9,1.9564883708953857,32.33721160888672,6499,1.9564883708953857,1.4700627326965332,6.930964469909668,3.715939998626709,1.9551697969436646,0.4058905243873596,,,,,,,
9,1.86287522315979,33.693145751953125,6524,1.86287522315979,1.4535976648330688,7.1775407791137695,2.991640090942383,2.2748682498931885,0.4399000108242035,,,,,,,
9,1.9712941646575928,30.426279067993164,6549,1.9712941646575928,1.2737865447998047,6.296341896057129,3.1357104778289795,1.8133913278579712,0.3979344069957733,,,,,,,
9,2.397632598876953,31.5548038482666,6574,2.397632598876953,1.4005547761917114,6.713444232940674,2.9070968627929688,2.1290228366851807,0.4089930057525635,,,,,,,
9,2.1189780235290527,30.835941314697266,6599,2.1189780235290527,1.4468986988067627,5.739018440246582,3.1344265937805176,1.780405044555664,0.4163375794887543,,,,,,,
9,2.389260768890381,30.652984619140625,6624,2.389260768890381,1.3954509496688843,6.082606315612793,2.841529607772827,2.1421430110931396,0.4042501151561737,,,,,,,
9,2.033616542816162,31.463029861450195,6649,2.033616542816162,1.3903462886810303,6.827286720275879,2.8039684295654297,2.080416440963745,0.4080224633216858,,,,,,,
9,1.8107669353485107,35.886295318603516,6674,1.8107669353485107,1.4183282852172852,9.101944923400879,3.219695568084717,2.1265671253204346,0.4448835551738739,,,,,,,
9,1.9514394998550415,32.028724670410156,6699,1.9514394998550415,1.3233829736709595,6.4598069190979,2.833448886871338,1.8488401174545288,0.43473878502845764,,,,,,,
9,2.113405704498291,30.109668731689453,6724,2.113405704498291,1.4103431701660156,5.789280891418457,2.7218515872955322,1.8195161819458008,0.40819284319877625,,,,,,,
9,1.7302229404449463,35.42658233642578,6749,1.7302229404449463,1.3943591117858887,8.477238655090332,3.0302209854125977,2.1585421562194824,0.4525826871395111,,,,,,,
9,1.879185438156128,35.46063232421875,6774,1.879185438156128,1.4635874032974243,8.413661003112793,3.0333333015441895,2.08605694770813,0.45475539565086365,,,,,,,
9,1.7286019325256348,32.932003021240234,6799,1.7286019325256348,1.4815847873687744,7.242796897888184,3.2670507431030273,1.928442120552063,0.42249175906181335,,,,,,,
9,2.247384548187256,31.8731746673584,6824,2.247384548187256,1.483738899230957,7.06402587890625,2.5657429695129395,2.03652024269104,0.41606998443603516,,,,,,,
9,1.908704400062561,35.24427032470703,6849,1.908704400062561,1.3839370012283325,8.062530517578125,3.0099079608917236,2.19551944732666,0.45760831236839294,,,,,,,
9,2.0366525650024414,34.769412994384766,6874,2.0366525650024414,1.3987929821014404,7.763824462890625,2.7238667011260986,2.269397258758545,0.4580784738063812,,,,,,,
9,1.8157756328582764,31.666431427001953,6899,1.8157756328582764,1.3920660018920898,6.796361446380615,2.6887660026550293,1.8888508081436157,0.4200085699558258,,,,,,,
9,1.5754363536834717,34.39910125732422,6924,1.5754363536834717,1.492330551147461,8.186105728149414,3.314283847808838,1.7786483764648438,0.43617182970046997,,,,,,,
9,1.8968656063079834,33.85227584838867,6949,1.8968656063079834,1.5375062227249146,7.057002067565918,3.036346673965454,2.36492657661438,0.44125548005104065,,,,,,,
9,2.2616758346557617,29.507787704467773,6974,2.2616758346557617,1.3813310861587524,5.240225791931152,2.718191623687744,2.075704574584961,0.4020518958568573,,,,,,,
9,,,6979,,,,,,,1.9308456182479858,1.4068933725357056,7.16146993637085,3.101466178894043,2.0963709354400635,32.956275939941406,0.4264461100101471
10,1.6232463121414185,33.756988525390625,6999,1.6232463121414185,1.288349986076355,8.166932106018066,3.3633575439453125,1.9685771465301514,0.4215505123138428,,,,,,,
10,2.1267850399017334,33.01201248168945,7024,2.1267850399017334,1.4809179306030273,6.990832805633545,2.8037221431732178,2.4020848274230957,0.4296545088291168,,,,,,,
10,2.211181879043579,32.68543243408203,7049,2.211181879043579,1.3884217739105225,6.807942867279053,2.642223596572876,2.092684030532837,0.438981294631958,,,,,,,
10,2.081843376159668,30.120302200317383,7074,2.081843376159668,1.4156140089035034,5.3416523933410645,2.629351854324341,1.7101213932037354,0.42274585366249084,,,,,,,
10,1.8582966327667236,33.58050537109375,7099,1.8582966327667236,1.4700021743774414,7.50331449508667,3.102830171585083,2.0281822681427,0.4328039288520813,,,,,,,
10,1.9088884592056274,35.06267166137695,7124,1.9088884592056274,1.4466361999511719,7.784189224243164,2.8836615085601807,2.226464033126831,0.4604826867580414,,,,,,,
10,1.7139179706573486,31.64818000793457,7149,1.7139179706573486,1.4590694904327393,7.063103199005127,2.9554474353790283,1.770583987236023,0.4088883101940155,,,,,,,
10,2.0159878730773926,33.37371063232422,7174,2.0159878730773926,1.579303503036499,7.155668258666992,2.447357654571533,2.087869644165039,0.4467446506023407,,,,,,,
10,1.87856125831604,33.14475631713867,7199,1.87856125831604,1.3939518928527832,7.186634540557861,2.821596384048462,2.1988589763641357,0.43430471420288086,,,,,,,
10,1.7953646183013916,34.40717697143555,7224,1.7953646183013916,1.4124761819839478,8.538025856018066,3.11030650138855,2.1428139209747314,0.42674562335014343,,,,,,,
10,2.0433287620544434,33.19636154174805,7249,2.0433287620544434,1.4069331884384155,6.775557041168213,3.1969075202941895,2.0824496746063232,0.43854472041130066,,,,,,,
10,1.9996033906936646,31.9317569732666,7274,1.9996033906936646,1.4152121543884277,6.699826240539551,3.0315747261047363,1.8556779623031616,0.4206547439098358,,,,,,,
10,2.0753724575042725,34.374176025390625,7299,2.0753724575042725,1.5489616394042969,7.10555362701416,2.7580578327178955,2.199131965637207,0.4613882601261139,,,,,,,
10,2.0820226669311523,35.09791564941406,7324,2.0820226669311523,1.2964712381362915,8.144155502319336,2.743570566177368,2.581434488296509,0.4518284797668457,,,,,,,
10,2.037001132965088,33.80827331542969,7349,2.037001132965088,1.521289348602295,7.7035088539123535,3.0929200649261475,2.139690399169922,0.43001919984817505,,,,,,,
10,1.8722862005233765,33.280052185058594,7374,1.8722862005233765,1.391815423965454,7.442910194396973,3.1226413249969482,1.8931394815444946,0.43176767230033875,,,,,,,
10,1.981515645980835,33.14039993286133,7399,1.981515645980835,1.4994200468063354,6.797390937805176,3.225048542022705,2.1601903438568115,0.43240776658058167,,,,,,,
10,1.76460862159729,35.35431671142578,7424,1.76460862159729,1.4851348400115967,8.239895820617676,3.5459818840026855,1.9292562007904053,0.4478676915168762,,,,,,,
10,2.0715901851654053,34.68927001953125,7449,2.0715901851654053,1.514828085899353,8.03528881072998,3.2363152503967285,2.2444751262664795,0.43685245513916016,,,,,,,
10,2.1026194095611572,31.2285213470459,7474,2.1026194095611572,1.4082000255584717,6.290162086486816,2.7551984786987305,2.125734806060791,0.4144272804260254,,,,,,,
10,2.099104404449463,31.696046829223633,7499,2.099104404449463,1.4363064765930176,6.660385608673096,3.218611240386963,1.7881605625152588,0.4131684899330139,,,,,,,
10,1.8408544063568115,33.27280044555664,7524,1.8408544063568115,1.4280176162719727,7.0720744132995605,3.400614023208618,1.8341073989868164,0.4341774880886078,,,,,,,
10,1.9043983221054077,33.56226348876953,7549,1.9043983221054077,1.491832971572876,7.623345375061035,2.8605659008026123,1.9731556177139282,0.4358525276184082,,,,,,,
10,2.2723076343536377,30.069011688232422,7574,2.2723076343536377,1.4490888118743896,5.261589050292969,2.558757781982422,2.195845127105713,0.4134162366390228,,,,,,,
10,2.279994249343872,33.44119644165039,7599,2.279994249343872,1.4309786558151245,6.998733043670654,2.6467535495758057,2.206092357635498,0.4479697346687317,,,,,,,
10,2.0728514194488525,33.063472747802734,7624,2.0728514194488525,1.41256844997406,7.337581634521484,3.2923765182495117,1.687901258468628,0.42962321639060974,,,,,,,
10,2.0356924533843994,32.07770919799805,7649,2.0356924533843994,1.5012531280517578,7.010745048522949,2.8420145511627197,1.8736735582351685,0.4188893735408783,,,,,,,
10,1.7333900928497314,34.565303802490234,7674,1.7333900928497314,1.3559430837631226,7.286471366882324,3.5531511306762695,1.8893331289291382,0.45512017607688904,,,,,,,
11,2.2486047744750977,35.10078430175781,7699,2.2486047744750977,1.4155116081237793,8.264633178710938,2.63931941986084,2.4473040103912354,0.451867014169693,,,,,,,
11,2.059774875640869,33.534996032714844,7724,2.059774875640869,1.4046568870544434,7.640083312988281,2.9455552101135254,2.0447075366973877,0.43333321809768677,,,,,,,
11,2.0825977325439453,31.023731231689453,7749,2.0825977325439453,1.4270384311676025,5.453924179077148,3.2934107780456543,1.9723360538482666,0.4194893538951874,,,,,,,
11,1.9582772254943848,30.475793838500977,7774,1.9582772254943848,1.4258090257644653,6.031798839569092,2.692047119140625,1.708588719367981,0.41372328996658325,,,,,,,
11,1.9999903440475464,32.41862487792969,7799,1.9999903440475464,1.469153881072998,6.855463027954102,2.882812023162842,1.7207826375961304,0.4331203103065491,,,,,,,
11,1.813157320022583,32.47697830200195,7824,1.813157320022583,1.4364960193634033,7.434787273406982,3.233322858810425,1.8556082248687744,0.4114835858345032,,,,,,,
11,1.8952162265777588,33.394107818603516,7849,1.8952162265777588,1.4363093376159668,7.291206359863281,3.025029420852661,1.973975419998169,0.4370574951171875,,,,,,,
11,1.8531540632247925,33.39543914794922,7874,1.8531540632247925,1.4143705368041992,7.293209075927734,3.2965269088745117,1.9049444198608398,0.4330308437347412,,,,,,,
11,1.8772939443588257,33.61112594604492,7899,1.8772939443588257,1.4958500862121582,7.564654350280762,3.220768928527832,1.9805470705032349,0.42998456954956055,,,,,,,
11,1.906201720237732,33.20622253417969,7924,1.906201720237732,1.4687196016311646,7.576447486877441,2.951997756958008,1.8764828443527222,0.42961278557777405,,,,,,,
11,1.8455357551574707,32.45513916015625,7949,1.8455357551574707,1.475471019744873,6.742934226989746,3.1439132690429688,1.8135840892791748,0.428427517414093,,,,,,,
11,2.1426236629486084,32.211021423339844,7974,2.1426236629486084,1.4132599830627441,6.659759044647217,2.675150156021118,2.2283525466918945,0.4274333119392395,,,,,,,
11,2.3010170459747314,32.55210494995117,7999,2.3010170459747314,1.5129910707473755,6.591109752655029,2.8202319145202637,1.9924794435501099,0.4363398551940918,,,,,,,
11,2.115593194961548,32.53018569946289,8024,2.115593194961548,1.3268933296203613,7.265578269958496,2.634478807449341,2.011385202407837,0.4287078082561493,,,,,,,
11,1.9536960124969482,35.219783782958984,8049,1.9536960124969482,1.4349594116210938,8.44318675994873,2.9868152141571045,2.061542272567749,0.45096179842948914,,,,,,,
11,2.1380717754364014,31.540714263916016,8074,2.1380717754364014,1.3790583610534668,6.388437271118164,2.4776408672332764,1.8292077779769897,0.4325859546661377,,,,,,,
11,2.3314080238342285,34.92353439331055,8099,2.3314080238342285,1.3981263637542725,8.057153701782227,2.803705930709839,2.082998514175415,0.45736780762672424,,,,,,,
11,1.6445200443267822,35.0219612121582,8124,1.6445200443267822,1.48618745803833,8.135109901428223,3.155790328979492,2.0058577060699463,0.44975587725639343,,,,,,,
11,2.002234697341919,32.29035568237305,8149,2.002234697341919,1.50877845287323,6.707366943359375,3.06412935256958,1.820726990699768,0.4264301359653473,,,,,,,
11,1.7553380727767944,34.59354782104492,8174,1.7553380727767944,1.5687167644500732,7.760019302368164,3.2960116863250732,2.0833585262298584,0.4418986439704895,,,,,,,
11,2.1948113441467285,32.409698486328125,8199,2.1948113441467285,1.4260762929916382,6.778282642364502,2.471083402633667,2.3793599605560303,0.43010884523391724,,,,,,,
11,2.1969363689422607,32.02152633666992,8224,2.1969363689422607,1.389237642288208,7.12009859085083,2.6215991973876953,1.9909967184066772,0.41999101638793945,,,,,,,
11,1.8688384294509888,31.832820892333984,8249,1.8688384294509888,1.4477558135986328,6.1559834480285645,3.0149660110473633,1.7705674171447754,0.43207883834838867,,,,,,,
11,1.8760638236999512,33.181602478027344,8274,1.8760638236999512,1.4727089405059814,6.668527603149414,3.534487009048462,1.9652059078216553,0.43423721194267273,,,,,,,
11,1.8306164741516113,33.279945373535156,8299,1.8306164741516113,1.4952988624572754,7.916589736938477,3.207416534423828,2.1006739139556885,0.41244369745254517,,,,,,,
11,1.9588267803192139,34.20405197143555,8324,1.9588267803192139,1.3936975002288818,8.038837432861328,3.0542054176330566,2.1929712295532227,0.4338742792606354,,,,,,,
11,1.632224440574646,34.428192138671875,8349,1.632224440574646,1.4111824035644531,7.661260604858398,3.0156078338623047,2.005037307739258,0.4518912732601166,,,,,,,
11,1.9610415697097778,34.56766891479492,8374,1.9610415697097778,1.4530264139175415,8.202083587646484,2.8737261295318604,2.012474536895752,0.44503021240234375,,,,,,,
12,2.1171810626983643,29.753189086914062,8399,2.1171810626983643,1.5052297115325928,6.145627975463867,2.7685372829437256,1.6555225849151611,0.39285045862197876,,,,,,,
12,2.0281031131744385,32.948368072509766,8424,2.0281031131744385,1.3995965719223022,6.697581768035889,2.8841066360473633,2.1258597373962402,0.44091612100601196,,,,,,,
12,1.968843698501587,32.952144622802734,8449,1.968843698501587,1.40053391456604,6.852038860321045,3.0667381286621094,2.0414133071899414,0.43536487221717834,,,,,,,
12,2.2161271572113037,31.60006332397461,8474,2.2161271572113037,1.3847416639328003,6.632728576660156,2.91035532951355,1.6750930547714233,0.422158807516098,,,,,,,
12,2.203540325164795,31.12031364440918,8499,2.203540325164795,1.381854772567749,6.527717113494873,2.6554408073425293,2.0550358295440674,0.41111698746681213,,,,,,,
12,2.1425933837890625,33.29644012451172,8524,2.1425933837890625,1.3790299892425537,7.529343128204346,2.748628854751587,2.1667134761810303,0.43272724747657776,,,,,,,
12,1.8852393627166748,32.6372184753418,8549,1.8852393627166748,1.3758111000061035,7.046858787536621,2.9991579055786133,2.2859888076782227,0.42065340280532837,,,,,,,
12,1.8611083030700684,33.872623443603516,8574,1.8611083030700684,1.3785426616668701,7.889524936676025,2.7764065265655518,2.0939881801605225,0.43853694200515747,,,,,,,
12,2.0675156116485596,31.383522033691406,8599,2.0675156116485596,1.3960707187652588,6.5315093994140625,3.0320329666137695,1.9072356224060059,0.4114816188812256,,,,,,,
12,1.7163366079330444,32.41548156738281,8624,1.7163366079330444,1.4655721187591553,6.928765296936035,3.232910394668579,2.061565637588501,0.41614818572998047,,,,,,,
12,2.0825958251953125,34.40018844604492,8649,2.0825958251953125,1.408864974975586,7.364387512207031,3.0849151611328125,2.0860214233398438,0.4545777440071106,,,,,,,
12,2.1429929733276367,31.45899200439453,8674,2.1429929733276367,1.4279098510742188,6.15450382232666,2.9417459964752197,1.8120993375778198,0.42494964599609375,,,,,,,
12,1.947345495223999,35.222896575927734,8699,1.947345495223999,1.4483879804611206,8.233402252197266,2.737100124359131,2.089407205581665,0.46032434701919556,,,,,,,
12,1.9999606609344482,33.041194915771484,8724,1.9999606609344482,1.3886935710906982,7.0432538986206055,3.1577625274658203,2.350285053253174,0.4244711101055145,,,,,,,
12,1.9059791564941406,36.074378967285156,8749,1.9059791564941406,1.3368971347808838,8.579147338867188,2.827357769012451,2.159661054611206,0.47047367691993713,,,,,,,
12,1.6319470405578613,34.943294525146484,8774,1.6319470405578613,1.3985979557037354,8.610301971435547,3.2448973655700684,1.9468621015548706,0.43872523307800293,,,,,,,
12,1.6264021396636963,35.260711669921875,8799,1.6264021396636963,1.442884922027588,8.500685691833496,3.6008262634277344,1.606284499168396,0.4468895494937897,,,,,,,
12,2.0692858695983887,30.172510147094727,8824,2.0692858695983887,1.4965968132019043,5.49186897277832,2.8016927242279053,1.8211556673049927,0.4124710261821747,,,,,,,
12,1.9602758884429932,34.75218963623047,8849,1.9602758884429932,1.491973876953125,7.865058422088623,3.860663890838623,1.9026007652282715,0.4362643361091614,,,,,,,
12,1.921260118484497,33.43352508544922,8874,1.921260118484497,1.4052516222000122,7.424686431884766,2.9380006790161133,2.0467731952667236,0.4359736144542694,,,,,,,
12,2.0867092609405518,35.96906280517578,8899,2.0867092609405518,1.5423898696899414,8.692608833312988,2.6861469745635986,1.799918532371521,0.47217780351638794,,,,,,,
12,2.100832939147949,32.35512924194336,8924,2.100832939147949,1.339120626449585,6.784320831298828,2.976870059967041,1.8762434720993042,0.4306349754333496,,,,,,,
12,1.7522612810134888,34.2318229675293,8949,1.7522612810134888,1.4536337852478027,8.265961647033691,3.2999517917633057,1.9253060817718506,0.42859935760498047,,,,,,,
12,2.2596819400787354,30.653295516967773,8974,2.2596819400787354,1.4925708770751953,6.082391738891602,2.4035258293151855,1.8905640840530396,0.4174276292324066,,,,,,,
12,1.7126785516738892,35.39638137817383,8999,1.7126785516738892,1.4979534149169922,9.041211128234863,3.6528899669647217,2.2961935997009277,0.42018070816993713,,,,,,,
12,2.0854763984680176,34.04851150512695,9024,2.0854763984680176,1.5027220249176025,7.146198749542236,3.5187482833862305,2.2309908866882324,0.43666335940361023,,,,,,,
12,1.8167364597320557,33.51966857910156,9049,1.8167364597320557,1.4991528987884521,7.167840957641602,3.205460786819458,1.9271496534347534,0.438223659992218,,,,,,,
13,1.7848777770996094,33.779022216796875,9074,1.7848777770996094,1.2602369785308838,7.88918399810791,3.373138427734375,1.6791870594024658,0.43505048751831055,,,,,,,
13,2.1352522373199463,30.825212478637695,9099,2.1352522373199463,1.423433542251587,5.78054666519165,3.2998454570770264,1.659141182899475,0.41471657156944275,,,,,,,
13,2.2200019359588623,31.229896545410156,9124,2.2200019359588623,1.4766364097595215,5.617670059204102,2.5098605155944824,1.9669694900512695,0.4368612766265869,,,,,,,
13,2.4487805366516113,32.2655029296875,9149,2.4487805366516113,1.4711252450942993,6.528545379638672,2.370769739151001,2.089838981628418,0.44011613726615906,,,,,,,
13,2.069143772125244,33.99989700317383,9174,2.069143772125244,1.3766664266586304,7.558790683746338,2.7853200435638428,2.291940212249756,0.44415950775146484,,,,,,,
13,2.195404291152954,31.731739044189453,9199,2.195404291152954,1.4999644756317139,6.288443565368652,2.8338568210601807,1.9350981712341309,0.42609724402427673,,,,,,,
13,2.2184081077575684,33.042091369628906,9224,2.2184081077575684,1.482802391052246,6.475813388824463,2.959625720977783,2.077159881591797,0.4454819858074188,,,,,,,
13,2.016118288040161,34.269020080566406,9249,2.016118288040161,1.471358299255371,7.703460216522217,3.0915513038635254,2.0740487575531006,0.4428578317165375,,,,,,,
13,1.7754250764846802,34.97198486328125,9274,1.7754250764846802,1.4101735353469849,8.082971572875977,3.250427484512329,2.0856428146362305,0.4476170539855957,,,,,,,
13,1.8676645755767822,33.967872619628906,9299,1.8676645755767822,1.4807705879211426,7.820644378662109,2.992927312850952,1.929767370223999,0.4387502670288086,,,,,,,
13,2.0046911239624023,32.63408279418945,9324,2.0046911239624023,1.3908196687698364,6.889483451843262,3.00868558883667,1.872780680656433,0.43271809816360474,,,,,,,
13,1.7709392309188843,35.40648651123047,9349,1.7709392309188843,1.49234938621521,7.824222564697266,3.5462381839752197,2.2523701190948486,0.45091792941093445,,,,,,,
13,1.6182279586791992,35.868927001953125,9374,1.6182279586791992,1.4034022092819214,8.687565803527832,3.2747833728790283,2.2419629096984863,0.45024916529655457,,,,,,,
13,1.7936687469482422,33.444786071777344,9399,1.7936687469482422,1.4961270093917847,6.9286298751831055,3.39310884475708,2.004521131515503,0.4360533356666565,,,,,,,
13,2.3947722911834717,32.997108459472656,9424,2.3947722911834717,1.2482526302337646,7.203155517578125,2.5748395919799805,2.161186456680298,0.44021496176719666,,,,,,,
13,2.1286075115203857,30.784835815429688,9449,2.1286075115203857,1.4950541257858276,6.019927978515625,2.7986557483673096,1.9485726356506348,0.41161394119262695,,,,,,,
13,1.6586253643035889,35.203189849853516,9474,1.6586253643035889,1.4519145488739014,8.562150001525879,3.1598763465881348,1.7993574142456055,0.44955310225486755,,,,,,,
13,2.0035550594329834,32.30148696899414,9499,2.0035550594329834,1.4907914400100708,6.949113845825195,2.571229934692383,2.2720236778259277,0.4226295053958893,,,,,,,
13,2.1897506713867188,30.480907440185547,9524,2.1897506713867188,1.3922102451324463,5.773367404937744,2.7069292068481445,2.099797010421753,0.4113023281097412,,,,,,,
13,1.8069442510604858,33.29899215698242,9549,1.8069442510604858,1.4281260967254639,7.746158599853516,2.9672398567199707,1.71039879322052,0.43215712904930115,,,,,,,
13,2.398038387298584,30.54905891418457,9574,2.398038387298584,1.4426556825637817,5.383478164672852,3.280548095703125,2.267005205154419,0.40389713644981384,,,,,,,
13,2.0070767402648926,32.364051818847656,9599,2.0070767402648926,1.426716923713684,6.664172649383545,3.344392776489258,2.2555465698242188,0.41496047377586365,,,,,,,
13,1.8263856172561646,34.2288703918457,9624,1.8263856172561646,1.38885498046875,7.412493705749512,3.4575934410095215,2.0955097675323486,0.4416538178920746,,,,,,,
13,1.9762849807739258,31.584941864013672,9649,1.9762849807739258,1.4651182889938354,6.804803848266602,2.7961103916168213,2.0703186988830566,0.40996867418289185,,,,,,,
13,1.9042019844055176,31.12250518798828,9674,1.9042019844055176,1.4838436841964722,6.286317348480225,2.991157054901123,1.962998867034912,0.4088486135005951,,,,,,,
13,1.8482614755630493,31.159114837646484,9699,1.8482614755630493,1.490898847579956,6.849769115447998,2.929703712463379,1.6920807361602783,0.4043703079223633,,,,,,,
13,2.0390732288360596,34.66194534301758,9724,2.0390732288360596,1.4249863624572754,7.5998334884643555,2.9466054439544678,2.1722640991210938,0.4559612274169922,,,,,,,
13,1.9740008115768433,34.12023162841797,9749,1.9740008115768433,1.4714773893356323,7.794862747192383,2.7731261253356934,2.249816417694092,0.44068771600723267,,,,,,,
14,2.2839181423187256,32.15082550048828,9774,2.2839181423187256,1.493198275566101,6.303297996520996,2.4326348304748535,2.3657424449920654,0.43457671999931335,,,,,,,
14,1.8100001811981201,33.9873046875,9799,1.8100001811981201,1.3802169561386108,7.586766242980957,3.104520082473755,1.9977527856826782,0.4426232874393463,,,,,,,
14,2.173156976699829,32.93273162841797,9824,2.173156976699829,1.3828500509262085,6.539884567260742,2.494680643081665,2.1513280868530273,0.4525330662727356,,,,,,,
14,1.9782739877700806,34.38583755493164,9849,1.9782739877700806,1.5025177001953125,7.903439521789551,2.6417970657348633,2.0903894901275635,0.4499486982822418,,,,,,,
14,1.9766345024108887,30.545297622680664,9874,1.9766345024108887,1.4324132204055786,5.96295690536499,3.004392147064209,1.7664562463760376,0.4084239900112152,,,,,,,
14,2.0366413593292236,32.66484451293945,9899,2.0366413593292236,1.4191619157791138,7.901312351226807,2.5623409748077393,1.7783865928649902,0.4223031997680664,,,,,,,
14,2.1035585403442383,31.902725219726562,9924,2.1035585403442383,1.4385027885437012,6.848596572875977,2.654020071029663,2.081462860107422,0.41955873370170593,,,,,,,
14,2.3025949001312256,30.148984909057617,9949,2.3025949001312256,1.4042279720306396,5.710485458374023,2.613285541534424,1.7977728843688965,0.4138491749763489,,,,,,,
14,1.836828351020813,33.723876953125,9974,1.836828351020813,1.5112502574920654,7.325897216796875,3.4781668186187744,2.0684306621551514,0.4297806918621063,,,,,,,
14,2.1371726989746094,32.56494903564453,9999,2.1371726989746094,1.4801840782165527,7.215051651000977,2.9424798488616943,2.196380853652954,0.4162411689758301,,,,,,,
14,1.8405709266662598,35.28373336791992,10024,1.8405709266662598,1.525913953781128,7.67067813873291,3.085916042327881,2.207942485809326,0.4620729386806488,,,,,,,
14,1.6812689304351807,33.246891021728516,10049,1.6812689304351807,1.4456748962402344,7.917335033416748,3.014068365097046,1.9148427248001099,0.4212215542793274,,,,,,,
14,1.7951756715774536,31.334121704101562,10074,1.7951756715774536,1.4078550338745117,7.053257465362549,3.327895402908325,1.7971388101577759,0.3943994641304016,,,,,,,
14,2.172088146209717,33.27249526977539,10099,2.172088146209717,1.4204797744750977,7.537996292114258,2.945763111114502,1.9581810235977173,0.43133506178855896,,,,,,,
14,2.274627923965454,32.09468460083008,10124,2.274627923965454,1.3716504573822021,6.550784111022949,2.5208382606506348,2.406053066253662,0.4276745915412903,,,,,,,
14,1.8177299499511719,32.38156509399414,10149,1.8177299499511719,1.4164211750030518,7.259814262390137,3.0275635719299316,1.8945519924163818,0.41740474104881287,,,,,,,
14,1.6282362937927246,34.60655975341797,10174,1.6282362937927246,1.350303053855896,8.686479568481445,3.742847204208374,1.8436977863311768,0.42184963822364807,,,,,,,
14,1.966770887374878,32.39756774902344,10199,1.966770887374878,1.4057815074920654,7.727180004119873,2.756495952606201,1.8869805335998535,0.4138028621673584,,,,,,,
14,1.9295417070388794,32.37742614746094,10224,1.9295417070388794,1.3984382152557373,6.829594612121582,3.0279743671417236,1.8440022468566895,0.4283870756626129,,,,,,,
14,2.054903030395508,33.773521423339844,10249,2.054903030395508,1.5622951984405518,7.6130499839782715,3.146559238433838,2.0891799926757812,0.43027636408805847,,,,,,,
14,2.413674831390381,32.18645477294922,10274,2.413674831390381,1.485504388809204,6.540307998657227,3.3141400814056396,2.066932439804077,0.4173237979412079,,,,,,,
14,2.019482135772705,32.3408088684082,10299,2.019482135772705,1.4508435726165771,6.975674629211426,3.0599281787872314,1.814582347869873,0.42310619354248047,,,,,,,
14,2.343564033508301,28.897438049316406,10324,2.343564033508301,1.4149584770202637,5.256208896636963,2.3734288215637207,1.8622896671295166,0.39979007840156555,,,,,,,
14,1.7042779922485352,34.527244567871094,10349,1.7042779922485352,1.3876171112060547,8.026610374450684,3.206576108932495,2.1318013668060303,0.4394364058971405,,,,,,,
14,1.9639177322387695,30.679668426513672,10374,1.9639177322387695,1.4089679718017578,6.311079978942871,2.6279215812683105,1.9137072563171387,0.4092887043952942,,,,,,,
14,1.9389328956604004,32.52607727050781,10399,1.9389328956604004,1.4272253513336182,7.229667663574219,3.1850666999816895,1.720094919204712,0.42142269015312195,,,,,,,
14,2.0708560943603516,34.66414260864258,10424,2.0708560943603516,1.4103914499282837,8.270474433898926,2.838350772857666,2.2705087661743164,0.4416537284851074,,,,,,,
14,1.9186267852783203,32.824649810791016,10449,1.9186267852783203,1.515988826751709,7.393146514892578,2.986504554748535,1.9831336736679077,0.42101946473121643,,,,,,,
14,,,10469,,,,,,,2.0670340061187744,1.4014567136764526,7.100327968597412,2.9819178581237793,2.0537912845611572,32.95334243774414,0.4314632713794708
15,1.968604564666748,33.32292556762695,10474,1.968604564666748,1.4415831565856934,7.516955375671387,2.814539909362793,2.105321168899536,0.4321005940437317,,,,,,,
15,2.2683355808258057,33.998680114746094,10499,2.2683355808258057,1.5861623287200928,7.509084701538086,2.515850067138672,1.8690375089645386,0.4559677243232727,,,,,,,
15,1.8607439994812012,32.73768615722656,10524,1.8607439994812012,1.4238606691360474,7.421624183654785,3.418933391571045,1.7912184000015259,0.41515669226646423,,,,,,,
15,2.23246169090271,32.103553771972656,10549,2.23246169090271,1.3741241693496704,6.69019889831543,2.8566672801971436,1.8171736001968384,0.4303419589996338,,,,,,,
15,1.7906653881072998,34.93037796020508,10574,1.7906653881072998,1.3732073307037354,8.218080520629883,3.3942461013793945,2.4354288578033447,0.43354254961013794,,,,,,,
15,2.0243403911590576,33.102516174316406,10599,2.0243403911590576,1.3627007007598877,7.384442329406738,3.1537833213806152,1.9188475608825684,0.42850539088249207,,,,,,,
15,2.126976251602173,32.02687454223633,10624,2.126976251602173,1.4177708625793457,7.426034927368164,2.555582046508789,1.772199273109436,0.41900643706321716,,,,,,,
15,2.0305368900299072,32.77475357055664,10649,2.0305368900299072,1.500740885734558,6.807322025299072,2.6010611057281494,1.9944779872894287,0.4415811598300934,,,,,,,
15,2.0160651206970215,33.51771926879883,10674,2.0160651206970215,1.5106163024902344,7.8660759925842285,2.6669692993164062,2.022305965423584,0.432261198759079,,,,,,,
15,2.145411252975464,31.53107452392578,10699,2.145411252975464,1.421703577041626,6.492569446563721,2.7523293495178223,2.0789754390716553,0.4174554944038391,,,,,,,
15,1.960471510887146,32.143367767333984,10724,1.960471510887146,1.442523717880249,6.8752546310424805,3.0734171867370605,2.0597898960113525,0.41538628935813904,,,,,,,
15,2.0011515617370605,30.961872100830078,10749,2.0011515617370605,1.3700511455535889,6.18610143661499,2.7519617080688477,1.9440703392028809,0.41577082872390747,,,,,,,
15,1.9775214195251465,31.85511589050293,10774,1.9775214195251465,1.40840482711792,6.862834453582764,3.173828363418579,1.5639137029647827,0.41880297660827637,,,,,,,
15,1.8350088596343994,32.627044677734375,10799,1.8350088596343994,1.456329584121704,6.91616678237915,3.203871965408325,1.7005610466003418,0.4300025999546051,,,,,,,
15,2.2524030208587646,31.135578155517578,10824,2.2524030208587646,1.498003602027893,6.3997602462768555,2.5906479358673096,1.847434639930725,0.4177718162536621,,,,,,,
15,2.000441074371338,32.5546760559082,10849,2.000441074371338,1.5379197597503662,6.623103618621826,3.2029361724853516,2.084007740020752,0.4245935082435608,,,,,,,
15,1.9000588655471802,34.30492401123047,10874,1.9000588655471802,1.405888319015503,8.533860206604004,2.9922783374786377,2.0587613582611084,0.4292030334472656,,,,,,,
15,1.5666207075119019,35.616336822509766,10899,1.5666207075119019,1.4838347434997559,8.743212699890137,4.02203369140625,1.8429573774337769,0.43387338519096375,,,,,,,
15,2.144865036010742,36.59465408325195,10924,2.144865036010742,1.3777176141738892,8.704243659973145,3.531728982925415,2.5043487548828125,0.45503589510917664,,,,,,,
15,2.083704948425293,34.61420440673828,10949,2.083704948425293,1.4838147163391113,8.043291091918945,3.124124765396118,1.8557947874069214,0.4468262195587158,,,,,,,
15,1.9447307586669922,33.272701263427734,10974,1.9447307586669922,1.5516799688339233,7.266290664672852,3.315760374069214,1.97776198387146,0.42580458521842957,,,,,,,
15,1.551635503768921,35.70409393310547,10999,1.551635503768921,1.4617578983306885,9.65561294555664,3.1896660327911377,2.0604965686798096,0.4297013282775879,,,,,,,
15,1.5651487112045288,34.95053482055664,11024,1.5651487112045288,1.4285573959350586,8.764744758605957,3.8399219512939453,1.9884053468704224,0.42064228653907776,,,,,,,
15,1.9223735332489014,32.7280158996582,11049,1.9223735332489014,1.4572513103485107,7.262316703796387,3.021934986114502,1.9388388395309448,0.4232816696166992,,,,,,,
15,1.6185882091522217,35.55133056640625,11074,1.6185882091522217,1.4297025203704834,8.808062553405762,3.5458364486694336,2.219900131225586,0.43439623713493347,,,,,,,
15,1.8286678791046143,34.14348220825195,11099,1.8286678791046143,1.491135597229004,8.022319793701172,3.5343472957611084,1.8794740438461304,0.42702674865722656,,,,,,,
15,1.9056134223937988,33.028411865234375,11124,1.9056134223937988,1.5001599788665771,7.169704914093018,2.620059013366699,1.8992551565170288,0.44087180495262146,,,,,,,
15,1.982973337173462,33.343482971191406,11149,1.982973337173462,1.4439764022827148,7.5104169845581055,3.206094264984131,1.8661843538284302,0.4292624890804291,,,,,,,
16,2.0739455223083496,32.11048126220703,11174,2.0739455223083496,1.4107509851455688,6.648922920227051,3.17402982711792,1.9219310283660889,0.42121878266334534,,,,,,,
16,1.780146598815918,34.20812225341797,11199,1.780146598815918,1.5185929536819458,7.764100551605225,3.390760660171509,2.106851816177368,0.43172916769981384,,,,,,,
16,2.061241626739502,31.106035232543945,11224,2.061241626739502,1.4004168510437012,6.154606819152832,3.019932270050049,1.9589773416519165,0.41271334886550903,,,,,,,
16,2.2799978256225586,30.035545349121094,11249,2.2799978256225586,1.4053345918655396,5.653404712677002,2.6816904544830322,2.18161678314209,0.40252217650413513,,,,,,,
16,1.7167448997497559,35.7513427734375,11274,1.7167448997497559,1.4289569854736328,9.185239791870117,3.2627925872802734,2.0138087272644043,0.4413455128669739,,,,,,,
16,2.0472919940948486,33.91028594970703,11299,2.0472919940948486,1.4097896814346313,7.182437896728516,3.5170860290527344,2.147085666656494,0.4367530345916748,,,,,,,
16,2.2216386795043945,33.577396392822266,11324,2.2216386795043945,1.475282907485962,7.625982284545898,2.830098867416382,2.0314207077026367,0.43588024377822876,,,,,,,
16,2.064985752105713,33.50397872924805,11349,2.064985752105713,1.4864351749420166,6.791988372802734,3.014110565185547,2.170043706893921,0.44536447525024414,,,,,,,
16,1.8739062547683716,31.192712783813477,11374,1.8739062547683716,1.4282279014587402,6.662147521972656,3.2315988540649414,1.9588543176651,0.39804181456565857,,,,,,,
16,2.129962205886841,30.5537109375,11399,2.129962205886841,1.4674108028411865,5.55684757232666,2.7984139919281006,1.9339104890823364,0.4177139699459076,,,,,,,
16,1.8940867185592651,33.562477111816406,11424,1.8940867185592651,1.3412928581237793,7.629200458526611,3.137786865234375,2.0210864543914795,0.4318469166755676,,,,,,,
16,2.348856210708618,32.355064392089844,11449,2.348856210708618,1.4362306594848633,6.885781764984131,2.459585189819336,1.9842759370803833,0.43531534075737,,,,,,,
16,1.9597485065460205,33.09861755371094,11474,1.9597485065460205,1.405157446861267,6.879832744598389,3.338057041168213,2.1209616661071777,0.4301024377346039,,,,,,,
16,1.8882174491882324,33.895450592041016,11499,1.8882174491882324,1.3938047885894775,7.635188102722168,2.765674352645874,1.961753249168396,0.4475339949131012,,,,,,,
16,2.2955310344696045,31.787424087524414,11524,2.2955310344696045,1.46461021900177,5.9165940284729,3.577569007873535,1.8130398988723755,0.4225690960884094,,,,,,,
16,2.0635430812835693,33.010101318359375,11549,2.0635430812835693,1.4310734272003174,7.347923278808594,2.8691000938415527,2.1584322452545166,0.42674604058265686,,,,,,,
16,1.9881315231323242,37.86199188232422,11574,1.9881315231323242,1.489166021347046,8.36059856414795,3.343886375427246,2.024900436401367,0.5031875967979431,,,,,,,
16,2.094830274581909,33.352989196777344,11599,2.094830274581909,1.4597885608673096,6.556107044219971,2.866722822189331,2.0378127098083496,0.45405688881874084,,,,,,,
16,1.790144920349121,34.10841369628906,11624,1.790144920349121,1.3620785474777222,7.905096530914307,3.4335567951202393,2.218977451324463,0.42641565203666687,,,,,,,
16,2.007932424545288,34.23847579956055,11649,2.007932424545288,1.4498546123504639,7.5580830574035645,2.9811289310455322,2.075256586074829,0.44831448793411255,,,,,,,
16,1.9392192363739014,34.9007568359375,11674,1.9392192363739014,1.5239837169647217,8.073960304260254,3.345409631729126,2.0051019191741943,0.4433845579624176,,,,,,,
16,1.5946956872940063,35.49528503417969,11699,1.5946956872940063,1.3023502826690674,9.253949165344238,3.6687088012695312,2.038339614868164,0.42737647891044617,,,,,,,
16,1.7240391969680786,32.28497314453125,11724,1.7240391969680786,1.4243614673614502,7.350214004516602,3.3927457332611084,1.7130818367004395,0.40899044275283813,,,,,,,
16,1.6331374645233154,33.776161193847656,11749,1.6331374645233154,1.4067598581314087,7.4461140632629395,3.460009813308716,1.8800263404846191,0.4351833462715149,,,,,,,
16,1.8121269941329956,36.73486328125,11774,1.8121269941329956,1.4315438270568848,9.223383903503418,3.5034642219543457,2.3616435527801514,0.4492183327674866,,,,,,,
16,2.1296916007995605,34.50093078613281,11799,2.1296916007995605,1.4440280199050903,7.162537097930908,3.3122620582580566,2.1466352939605713,0.45412150025367737,,,,,,,
16,2.2202999591827393,32.20647048950195,11824,2.2202999591827393,1.4614086151123047,6.732913494110107,2.5752005577087402,2.192352056503296,0.42765769362449646,,,,,,,
16,2.2936723232269287,32.21757888793945,11849,2.2936723232269287,1.437902569770813,6.615353107452393,2.933471202850342,2.144166946411133,0.4241485595703125,,,,,,,
17,2.2715039253234863,33.06011962890625,11874,2.2715039253234863,1.2981263399124146,7.309896945953369,2.628392219543457,2.1625704765319824,0.4369140565395355,,,,,,,
17,1.8185460567474365,33.882232666015625,11899,1.8185460567474365,1.3437495231628418,7.637237548828125,3.3121280670166016,2.032989025115967,0.43458065390586853,,,,,,,
17,1.9776484966278076,32.303504943847656,11924,1.9776484966278076,1.466386079788208,6.854309558868408,2.949985980987549,1.5707355737686157,0.43249082565307617,,,,,,,
17,2.2128262519836426,31.318056106567383,11949,2.2128262519836426,1.341240406036377,6.430100917816162,3.1048319339752197,2.0249898433685303,0.40926429629325867,,,,,,,
17,1.7291812896728516,33.40969467163086,11974,1.7291812896728516,1.41945219039917,8.122648239135742,3.1952297687530518,1.9918655157089233,0.4151221811771393,,,,,,,
17,2.0003340244293213,35.81599044799805,11999,2.0003340244293213,1.485931158065796,8.589673042297363,2.581016778945923,2.2347207069396973,0.46499213576316833,,,,,,,
17,1.8147903680801392,39.32139587402344,12024,1.8147903680801392,1.377885341644287,10.468595504760742,2.862105369567871,2.308393716812134,0.4956537187099457,,,,,,,
17,1.9906737804412842,32.12550735473633,12049,1.9906737804412842,1.311372995376587,6.965490341186523,2.976274251937866,2.094536066055298,0.4172852039337158,,,,,,,
17,1.8181636333465576,35.46318435668945,12074,1.8181636333465576,1.4811965227127075,8.092296600341797,3.328594207763672,1.7660915851593018,0.4621112048625946,,,,,,,
17,1.988806128501892,29.98551368713379,12099,1.988806128501892,1.4575767517089844,6.386965751647949,2.2972915172576904,1.8270354270935059,0.4003698527812958,,,,,,,
17,2.011359691619873,32.59790802001953,12124,2.011359691619873,1.4315664768218994,6.540230751037598,2.4407365322113037,2.0085930824279785,0.4483729302883148,,,,,,,
17,1.8901262283325195,34.626705169677734,12149,1.8901262283325195,1.5078210830688477,7.198254585266113,3.519618511199951,2.063906192779541,0.45193567872047424,,,,,,,
17,2.0675716400146484,31.527597427368164,12174,2.0675716400146484,1.4869978427886963,6.316948413848877,2.790327548980713,1.9818185567855835,0.4211445748806,,,,,,,
17,2.1720151901245117,31.734474182128906,12199,2.1720151901245117,1.3358685970306396,6.670984745025635,2.8704638481140137,1.9725826978683472,0.4196572005748749,,,,,,,
17,2.0591554641723633,32.62297821044922,12224,2.0591554641723633,1.4415912628173828,6.612752914428711,2.714327096939087,2.0902140140533447,0.43920204043388367,,,,,,,
17,2.2335243225097656,33.9952507019043,12249,2.2335243225097656,1.536077857017517,6.9123053550720215,3.458388090133667,1.8290252685546875,0.4502100944519043,,,,,,,
17,2.126188039779663,32.51947021484375,12274,2.126188039779663,1.4122523069381714,7.275712013244629,2.803988218307495,1.9397790431976318,0.42417198419570923,,,,,,,
17,2.0747485160827637,30.348657608032227,12299,2.0747485160827637,1.4999196529388428,5.811398029327393,2.643127918243408,1.7126097679138184,0.41514667868614197,,,,,,,
17,1.8420569896697998,34.22904586791992,12324,1.8420569896697998,1.316096305847168,8.444356918334961,3.3302927017211914,1.7115305662155151,0.4317060112953186,,,,,,,
17,1.894845724105835,32.280574798583984,12349,1.894845724105835,1.3259446620941162,7.145026206970215,2.964524507522583,2.063798666000366,0.4173617959022522,,,,,,,
17,1.8414820432662964,31.839696884155273,12374,1.8414820432662964,1.2812304496765137,7.377618312835693,3.1273298263549805,1.8786669969558716,0.4038855731487274,,,,,,,
17,2.0155091285705566,33.73166275024414,12399,2.0155091285705566,1.5227673053741455,7.1183271408081055,3.291764497756958,1.9278433322906494,0.44157686829566956,,,,,,,
17,1.9953346252441406,31.99066734313965,12424,1.9953346252441406,1.4955804347991943,6.729455947875977,2.8689236640930176,1.907550573348999,0.42198124527931213,,,,,,,
17,1.9955029487609863,33.075016021728516,12449,1.9955029487609863,1.3342170715332031,7.337929725646973,2.6451303958892822,2.1770248413085938,0.43512699007987976,,,,,,,
17,2.0976240634918213,30.657976150512695,12474,2.0976240634918213,1.3344390392303467,6.29568338394165,3.3662853240966797,1.9018661975860596,0.3946600556373596,,,,,,,
17,2.05380916595459,31.858318328857422,12499,2.05380916595459,1.355509877204895,6.659802436828613,2.859069585800171,1.929543137550354,0.4234309196472168,,,,,,,
17,1.9433858394622803,35.34853744506836,12524,1.9433858394622803,1.402204990386963,8.623488426208496,3.4989843368530273,2.08235239982605,0.4387001693248749,,,,,,,
17,1.9110456705093384,33.67839050292969,12549,1.9110456705093384,1.4842456579208374,7.1925201416015625,2.908585786819458,2.2550148963928223,0.44084492325782776,,,,,,,
18,1.8553446531295776,33.19679260253906,12574,1.8553446531295776,1.4701244831085205,7.619653224945068,3.0637660026550293,1.8798943758010864,0.42585229873657227,,,,,,,
18,1.941239356994629,31.308639526367188,12599,1.941239356994629,1.3926446437835693,6.36312198638916,3.0618791580200195,2.0906646251678467,0.40889620780944824,,,,,,,
18,2.0109810829162598,32.14912796020508,12624,2.0109810829162598,1.3856785297393799,6.623802185058594,2.842702865600586,2.095858097076416,0.42669081687927246,,,,,,,
18,1.713572382926941,33.64164352416992,12649,1.713572382926941,1.4052618741989136,7.464935302734375,3.3848254680633545,2.0203938484191895,0.4303606152534485,,,,,,,
18,1.7493586540222168,34.88936233520508,12674,1.7493586540222168,1.4355010986328125,8.839113235473633,2.7579245567321777,2.053521156311035,0.4400734007358551,,,,,,,
18,2.14136004447937,29.830272674560547,12699,2.14136004447937,1.382859706878662,5.739192008972168,2.7632386684417725,1.8694353103637695,0.40167877078056335,,,,,,,
18,2.1500256061553955,32.24936294555664,12724,2.1500256061553955,1.4253617525100708,6.89703893661499,2.701137065887451,2.077979803085327,0.42550763487815857,,,,,,,
18,2.0904510021209717,32.69996643066406,12749,2.0904510021209717,1.4769835472106934,6.532512187957764,2.638396978378296,1.9723261594772339,0.4462166428565979,,,,,,,
18,2.062760353088379,32.928775787353516,12774,2.062760353088379,1.389513373374939,6.554197311401367,2.9413702487945557,2.3448336124420166,0.43775248527526855,,,,,,,
18,2.2018861770629883,34.81900405883789,12799,2.2018861770629883,1.418166995048523,8.064126968383789,2.7958145141601562,2.450150966644287,0.446461021900177,,,,,,,
18,1.7898435592651367,34.798683166503906,12824,1.7898435592651367,1.458888053894043,8.61441421508789,3.269516944885254,2.163555145263672,0.4287179410457611,,,,,,,
18,2.1750526428222656,30.75316619873047,12849,2.1750526428222656,1.4613220691680908,6.277909278869629,2.8317766189575195,1.9534014463424683,0.40508347749710083,,,,,,,
18,2.00470232963562,32.346588134765625,12874,2.00470232963562,1.3822003602981567,7.0412445068359375,3.028697967529297,2.0310702323913574,0.4191861152648926,,,,,,,
18,2.2361927032470703,31.436447143554688,12899,2.2361927032470703,1.3182659149169922,6.356893539428711,2.615785837173462,2.022406816482544,0.42495766282081604,,,,,,,
18,2.06292724609375,35.06785202026367,12924,2.06292724609375,1.405745506286621,8.087786674499512,3.0568981170654297,2.2573134899139404,0.4502246081829071,,,,,,,
18,2.2520928382873535,33.76394271850586,12949,2.2520928382873535,1.503227710723877,7.561561584472656,2.6820006370544434,2.0428078174591064,0.4438743591308594,,,,,,,
18,2.02555513381958,32.09714126586914,12974,2.02555513381958,1.45199716091156,7.150167465209961,2.6557765007019043,1.9651126861572266,0.4194241464138031,,,,,,,
18,1.6984783411026,37.28316879272461,12999,1.6984783411026,1.3399724960327148,9.830520629882812,3.5235393047332764,2.3772435188293457,0.4491531550884247,,,,,,,
18,1.9907180070877075,30.87338638305664,13024,1.9907180070877075,1.475513219833374,6.318155288696289,2.530038833618164,1.959366798400879,0.41311803460121155,,,,,,,
18,2.1594293117523193,31.55702018737793,13049,2.1594293117523193,1.4689232110977173,6.152642250061035,3.1023645401000977,1.9468152523040771,0.4196949899196625,,,,,,,
18,2.0430569648742676,30.178810119628906,13074,2.0430569648742676,1.555586576461792,5.900944709777832,2.7881100177764893,1.6411100625991821,0.40651246905326843,,,,,,,
18,2.053271770477295,29.708942413330078,13099,2.053271770477295,1.4936909675598145,5.913860321044922,2.862844228744507,1.690975308418274,0.3943904936313629,,,,,,,
18,2.0744850635528564,34.36167526245117,13124,2.0744850635528564,1.4212709665298462,7.845815181732178,3.0433285236358643,2.184567451477051,0.4414820671081543,,,,,,,
18,1.9157295227050781,32.153236389160156,13149,1.9157295227050781,1.436720848083496,6.713167190551758,3.1473400592803955,1.6478086709976196,0.4268488883972168,,,,,,,
18,2.1502482891082764,30.49042510986328,13174,2.1502482891082764,1.4971082210540771,5.957403659820557,2.733597755432129,1.764641284942627,0.4119482934474945,,,,,,,
18,2.1025826930999756,32.455039978027344,13199,2.1025826930999756,1.4668028354644775,6.84895133972168,2.9140748977661133,2.08549427986145,0.4253270626068115,,,,,,,
18,1.7923176288604736,34.815773010253906,13224,1.7923176288604736,1.4385879039764404,8.091508865356445,4.028519153594971,2.1101808547973633,0.4254883825778961,,,,,,,
18,1.875382900238037,34.49832534790039,13249,1.875382900238037,1.3894481658935547,7.735340118408203,3.354637861251831,1.990130066871643,0.44508370757102966,,,,,,,
19,1.9032942056655884,32.76599884033203,13274,1.9032942056655884,1.4733459949493408,7.034557819366455,3.320586919784546,2.0247011184692383,0.42028456926345825,,,,,,,
19,2.0107479095458984,32.683658599853516,13299,2.0107479095458984,1.341529130935669,7.148193359375,2.9535675048828125,1.7841166257858276,0.4323611259460449,,,,,,,
19,1.8552143573760986,33.62500762939453,13324,1.8552143573760986,1.4339408874511719,7.339609622955322,3.208137273788452,1.971560001373291,0.4371502101421356,,,,,,,
19,1.9646892547607422,32.691932678222656,13349,1.9646892547607422,1.4513545036315918,7.185513496398926,2.9344165325164795,1.9128297567367554,0.4268403649330139,,,,,,,
19,1.8506383895874023,32.97611999511719,13374,1.8506383895874023,1.3955819606781006,7.602888584136963,3.4069128036499023,1.9594357013702393,0.41358447074890137,,,,,,,
19,1.7397806644439697,34.32705307006836,13399,1.7397806644439697,1.3924819231033325,8.203179359436035,3.1333091259002686,2.199458360671997,0.43108054995536804,,,,,,,
19,2.0881221294403076,31.599294662475586,13424,2.0881221294403076,1.3659770488739014,6.5760626792907715,2.574770212173462,1.9682965278625488,0.42475977540016174,,,,,,,
19,2.143094778060913,33.47370147705078,13449,2.143094778060913,1.5014270544052124,6.682149887084961,2.6706159114837646,2.014653444290161,0.45788565278053284,,,,,,,
19,2.009737491607666,32.71089172363281,13474,2.009737491607666,1.478330135345459,7.130135536193848,3.108229160308838,1.8914164304733276,0.42450618743896484,,,,,,,
19,1.823042392730713,34.66974639892578,13499,1.823042392730713,1.4672139883041382,7.821369171142578,3.4322397708892822,2.1256320476531982,0.4405175745487213,,,,,,,
19,2.4284427165985107,28.62837791442871,13524,2.4284427165985107,1.4139254093170166,5.076817989349365,2.0666615962982178,1.9335228204727173,0.40305447578430176,,,,,,,
19,2.063772201538086,32.31741714477539,13549,2.063772201538086,1.3502733707427979,6.977093696594238,3.1210381984710693,1.9571179151535034,0.42026424407958984,,,,,,,
19,2.186145782470703,32.31842803955078,13574,2.186145782470703,1.3345603942871094,7.219463348388672,2.825718641281128,2.1158576011657715,0.4182851016521454,,,,,,,
19,1.7719545364379883,34.649497985839844,13599,1.7719545364379883,1.4116061925888062,8.645673751831055,3.245699405670166,1.9770232439041138,0.4304331839084625,,,,,,,
19,2.014819622039795,32.488216400146484,13624,2.014819622039795,1.3924163579940796,7.360383033752441,2.85969614982605,2.0153024196624756,0.4191204011440277,,,,,,,
19,2.0513596534729004,33.322757720947266,13649,2.0513596534729004,1.427915334701538,7.198470592498779,2.8499202728271484,2.2984845638275146,0.434399276971817,,,,,,,
19,2.157719373703003,31.671897888183594,13674,2.157719373703003,1.3940098285675049,6.08980655670166,3.3922815322875977,1.9497877359390259,0.4188002645969391,,,,,,,
19,1.5883949995040894,33.54759216308594,13699,1.5883949995040894,1.4770759344100952,7.76392126083374,3.489938974380493,1.8228696584701538,0.42208415269851685,,,,,,,
19,2.3032286167144775,31.716684341430664,13724,2.3032286167144775,1.3813000917434692,6.664185047149658,2.302791118621826,2.211636781692505,0.42570599913597107,,,,,,,
19,1.958402395248413,33.08976364135742,13749,1.958402395248413,1.520715594291687,7.666985511779785,2.7400856018066406,1.9218642711639404,0.427558034658432,,,,,,,
19,1.8991830348968506,34.88985824584961,13774,1.8991830348968506,1.4906694889068604,8.083073616027832,3.6976819038391113,2.0112202167510986,0.4357158839702606,,,,,,,
19,2.015096426010132,33.4027099609375,13799,2.015096426010132,1.524641752243042,7.476457118988037,2.715075731277466,1.9963939189910889,0.43755874037742615,,,,,,,
19,2.182549238204956,32.17422103881836,13824,2.182549238204956,1.438208818435669,6.518486499786377,2.5811855792999268,1.991645097732544,0.43654879927635193,,,,,,,
19,2.269723415374756,33.46250915527344,13849,2.269723415374756,1.4227827787399292,6.8572235107421875,2.813415050506592,2.1064929962158203,0.45027992129325867,,,,,,,
19,1.9917106628417969,32.052494049072266,13874,1.9917106628417969,1.466343641281128,6.4605937004089355,2.7332260608673096,1.9327818155288696,0.43243446946144104,,,,,,,
19,1.5135626792907715,36.353111267089844,13899,1.5135626792907715,1.4602431058883667,9.056573867797852,3.8228588104248047,2.1661386489868164,0.44105100631713867,,,,,,,
19,1.7889482975006104,36.406761169433594,13924,1.7889482975006104,1.4881783723831177,8.56318473815918,3.510953426361084,2.0184857845306396,0.462799072265625,,,,,,,
19,2.188239097595215,32.38099670410156,13949,2.188239097595215,1.4172379970550537,7.260758876800537,2.797464370727539,1.7549054622650146,0.4255695343017578,,,,,,,
19,,,13959,,,,,,,1.938192367553711,1.4011375904083252,7.306182384490967,3.256321907043457,2.131441831588745,33.4150276184082,0.42933207750320435
20,1.859053134918213,32.63788604736328,13974,1.859053134918213,1.4433155059814453,7.186924457550049,3.64412784576416,2.0873606204986572,0.4061368405818939,,,,,,,
20,2.0824289321899414,32.648193359375,13999,2.0824289321899414,1.5507758855819702,7.197139739990234,2.643977165222168,2.035525321960449,0.4271283745765686,,,,,,,
20,1.9961411952972412,32.2370491027832,14024,1.9961411952972412,1.4222722053527832,7.33139705657959,2.709519147872925,1.9405893087387085,0.4185171127319336,,,,,,,
20,1.9096529483795166,31.918792724609375,14049,1.9096529483795166,1.4402437210083008,6.604743957519531,3.0173230171203613,2.1643636226654053,0.4153803884983063,,,,,,,
20,1.7702760696411133,34.12237548828125,14074,1.7702760696411133,1.4512596130371094,7.62178897857666,3.1288506984710693,1.9500336647033691,0.443787544965744,,,,,,,
20,1.6486845016479492,35.307071685791016,14099,1.6486845016479492,1.3708469867706299,8.740727424621582,3.6228036880493164,1.9747543334960938,0.4355097711086273,,,,,,,
20,2.1472439765930176,31.565996170043945,14124,2.1472439765930176,1.3971294164657593,6.613880634307861,3.0720677375793457,2.2328543663024902,0.4055570065975189,,,,,,,
20,2.322032928466797,31.576662063598633,14149,2.322032928466797,1.5849162340164185,6.049375057220459,2.790252208709717,1.7361061573028564,0.43146687746047974,,,,,,,
20,1.9167840480804443,34.391563415527344,14174,1.9167840480804443,1.4033172130584717,8.134879112243652,3.2523322105407715,2.0718724727630615,0.43398141860961914,,,,,,,
20,1.8657019138336182,35.25477981567383,14199,1.8657019138336182,1.4047276973724365,8.646666526794434,3.2073745727539062,2.0659544467926025,0.44289007782936096,,,,,,,
20,1.8937053680419922,34.40129852294922,14224,1.8937053680419922,1.3228521347045898,7.82316780090332,2.8510148525238037,2.362790107727051,0.44536611437797546,,,,,,,
20,1.9403140544891357,33.761627197265625,14249,1.9403140544891357,1.5152153968811035,7.5861358642578125,2.704545259475708,1.9830721616744995,0.44383689761161804,,,,,,,
20,2.1623435020446777,32.988460540771484,14274,2.1623435020446777,1.3358142375946045,7.061800479888916,3.2957000732421875,1.9805874824523926,0.42921239137649536,,,,,,,
20,1.8673012256622314,31.028377532958984,14299,1.8673012256622314,1.461146354675293,6.745120048522949,3.0067527294158936,1.5731770992279053,0.4053817689418793,,,,,,,
20,1.6281154155731201,33.68610382080078,14324,1.6281154155731201,1.4642317295074463,8.294492721557617,3.47835111618042,1.751444935798645,0.41550183296203613,,,,,,,
20,1.7132899761199951,34.43441390991211,14349,1.7132899761199951,1.3392279148101807,7.808900356292725,3.3835341930389404,1.9773955345153809,0.44278573989868164,,,,,,,
20,1.9298956394195557,33.12226104736328,14374,1.9298956394195557,1.4354891777038574,7.86953067779541,2.8827476501464844,2.0767629146575928,0.41906067728996277,,,,,,,
20,2.097527503967285,31.73655891418457,14399,2.097527503967285,1.487990379333496,6.3760504722595215,2.6699070930480957,1.9719407558441162,0.42734819650650024,,,,,,,
20,1.6245572566986084,34.08745193481445,14424,1.6245572566986084,1.3633174896240234,8.300500869750977,3.5429439544677734,1.8704092502593994,0.42245063185691833,,,,,,,
20,1.7817105054855347,36.06975555419922,14449,1.7817105054855347,1.3715238571166992,8.993788719177246,3.1579318046569824,2.2193706035614014,0.4517141878604889,,,,,,,
20,2.190197706222534,31.251047134399414,14474,2.190197706222534,1.4068275690078735,6.6424102783203125,2.699343681335449,1.8434793949127197,0.41464415192604065,,,,,,,
20,2.193477153778076,30.529748916625977,14499,2.193477153778076,1.3324649333953857,6.041474342346191,2.541555166244507,1.9963338375091553,0.41373157501220703,,,,,,,
20,2.0169777870178223,31.42471694946289,14524,2.0169777870178223,1.3346657752990723,6.308633327484131,2.72902512550354,1.983729362487793,0.42374810576438904,,,,,,,
20,2.1798341274261475,32.45281219482422,14549,2.1798341274261475,1.4031598567962646,6.642718315124512,2.9112837314605713,1.9138767719268799,0.43515053391456604,,,,,,,
20,2.4405341148376465,30.91761016845703,14574,2.4405341148376465,1.3945589065551758,6.039331912994385,2.7678639888763428,1.9213250875473022,0.4176562428474426,,,,,,,
20,2.0116946697235107,32.951820373535156,14599,2.0116946697235107,1.3972690105438232,7.289190769195557,3.0167429447174072,2.207310199737549,0.42314010858535767,,,,,,,
20,2.0435688495635986,31.85471534729004,14624,2.0435688495635986,1.3368921279907227,6.86566686630249,3.4656758308410645,2.059957981109619,0.40281161665916443,,,,,,,
20,2.160357713699341,31.756206512451172,14649,2.160357713699341,1.513192892074585,6.383628845214844,2.8591713905334473,1.9957746267318726,0.4223208427429199,,,,,,,
21,1.792422890663147,34.51092529296875,14674,1.792422890663147,1.6014530658721924,7.864189147949219,3.100381374359131,2.108611822128296,0.44080638885498047,,,,,,,
21,1.7285152673721313,34.1081428527832,14699,1.7285152673721313,1.3746188879013062,8.307945251464844,3.2539258003234863,2.154355525970459,0.4226066768169403,,,,,,,
21,1.9938337802886963,33.877105712890625,14724,1.9938337802886963,1.3511608839035034,7.43562126159668,3.646307945251465,2.2431466579437256,0.42668595910072327,,,,,,,
21,2.0822601318359375,31.48293685913086,14749,2.0822601318359375,1.4058908224105835,6.315412521362305,2.9278979301452637,2.0134506225585938,0.41822853684425354,,,,,,,
21,2.215998649597168,30.501161575317383,14774,2.215998649597168,1.488552451133728,5.8815507888793945,2.956758499145508,1.808363676071167,0.4081318974494934,,,,,,,
21,2.101041316986084,31.945186614990234,14799,2.101041316986084,1.3512921333312988,6.7504777908325195,2.7858691215515137,2.0361061096191406,0.4226987361907959,,,,,,,
21,2.0298633575439453,31.014585494995117,14824,2.0298633575439453,1.3889892101287842,6.060503959655762,3.408121109008789,1.6036738157272339,0.41229555010795593,,,,,,,
21,1.9917945861816406,32.297000885009766,14849,1.9917945861816406,1.4874601364135742,7.003600120544434,2.7331533432006836,1.9081887006759644,0.4258800148963928,,,,,,,
21,2.0537681579589844,30.721147537231445,14874,2.0537681579589844,1.3703644275665283,6.418490409851074,3.024848222732544,2.0500833988189697,0.3968302309513092,,,,,,,
21,1.7934850454330444,32.87873077392578,14899,1.7934850454330444,1.369276523590088,7.6948933601379395,3.2586262226104736,1.871071219444275,0.4152192175388336,,,,,,,
21,2.070050001144409,30.24974822998047,14924,2.070050001144409,1.3632910251617432,6.025216102600098,2.4024875164031982,1.9346462488174438,0.4116468131542206,,,,,,,
21,1.7331150770187378,31.28620147705078,14949,1.7331150770187378,1.4246901273727417,6.703741550445557,2.9588403701782227,1.824311375617981,0.40832480788230896,,,,,,,
21,1.949174404144287,32.7219123840332,14974,1.949174404144287,1.4711252450942993,6.868600368499756,2.6027140617370605,1.9904611110687256,0.4397558271884918,,,,,,,
21,1.9493488073349,36.113922119140625,14999,1.9493488073349,1.4825084209442139,8.703679084777832,3.135679006576538,1.961965560913086,0.46289077401161194,,,,,,,
21,2.2813363075256348,32.02417755126953,15024,2.2813363075256348,1.3171565532684326,6.9556708335876465,2.9672207832336426,2.061044454574585,0.4160686135292053,,,,,,,
21,1.6191824674606323,32.62420654296875,15049,1.6191824674606323,1.416798710823059,7.154679298400879,3.337057113647461,1.8661426305770874,0.41887837648391724,,,,,,,
21,2.2643017768859863,32.17973327636719,15074,2.2643017768859863,1.344193935394287,7.111966609954834,2.947526454925537,2.091775417327881,0.4152059555053711,,,,,,,
21,1.9961283206939697,34.10335159301758,15099,1.9961283206939697,1.5022952556610107,7.673897743225098,2.843820571899414,2.0491974353790283,0.4452030658721924,,,,,,,
21,1.7407262325286865,34.83135986328125,15124,1.7407262325286865,1.4621801376342773,8.748577117919922,3.668739080429077,1.971619725227356,0.4217831790447235,,,,,,,
21,1.9086309671401978,33.81310272216797,15149,1.9086309671401978,1.4245749711990356,7.821188449859619,2.9899754524230957,2.328744411468506,0.42774710059165955,,,,,,,
21,1.7124531269073486,34.13498306274414,15174,1.7124531269073486,1.434668779373169,7.513616561889648,3.2512760162353516,1.9936339855194092,0.4431508183479309,,,,,,,
21,1.9935829639434814,33.071414947509766,15199,1.9935829639434814,1.3489867448806763,7.560730457305908,3.1446352005004883,2.016735792160034,0.42222943902015686,,,,,,,
21,1.793898582458496,33.48423767089844,15224,1.793898582458496,1.445560336112976,7.534203052520752,3.2773516178131104,1.801472783088684,0.43168115615844727,,,,,,,
21,1.9349603652954102,33.17578125,15249,1.9349603652954102,1.4476696252822876,7.963023662567139,3.0977816581726074,2.2061398029327393,0.41024819016456604,,,,,,,
21,1.9729552268981934,31.917638778686523,15274,1.9729552268981934,1.4123907089233398,7.1271562576293945,2.9322705268859863,1.964654803276062,0.4106925427913666,,,,,,,
21,2.050281286239624,31.895896911621094,15299,2.050281286239624,1.3583027124404907,7.274515628814697,2.510324716567993,2.0063977241516113,0.41658565402030945,,,,,,,
21,1.800407886505127,36.066226959228516,15324,1.800407886505127,1.3765535354614258,8.424934387207031,3.7398300170898438,2.275773286819458,0.44998079538345337,,,,,,,
21,2.1256918907165527,31.786094665527344,15349,2.1256918907165527,1.4247921705245972,6.59467077255249,2.8208227157592773,2.050597667694092,0.4198935925960541,,,,,,,
22,2.0892066955566406,31.787817001342773,15374,2.0892066955566406,1.3743326663970947,6.439144134521484,2.960458755493164,2.0159356594085693,0.4221765697002411,,,,,,,
22,1.9429594278335571,32.410133361816406,15399,1.9429594278335571,1.3961453437805176,7.485805034637451,2.906341791152954,2.1460132598876953,0.41057395935058594,,,,,,,
22,1.958890438079834,32.9421272277832,15424,1.958890438079834,1.360888957977295,7.076361179351807,2.955779552459717,1.9615246057510376,0.4352794289588928,,,,,,,
22,1.6476216316223145,35.85001754760742,15449,1.6476216316223145,1.477851152420044,8.953470230102539,3.3284313678741455,1.9135814905166626,0.4483707547187805,,,,,,,
22,2.2048802375793457,30.492387771606445,15474,2.2048802375793457,1.4097131490707397,6.612254619598389,2.6756603717803955,1.8620505332946777,0.3985045850276947,,,,,,,
22,1.649576187133789,34.6436653137207,15499,1.649576187133789,1.3702363967895508,8.515100479125977,3.496361255645752,1.9565094709396362,0.42901021242141724,,,,,,,
22,1.9960196018218994,33.24467086791992,15524,1.9960196018218994,1.3694336414337158,7.449967384338379,3.5245044231414795,2.214411973953247,0.4152522683143616,,,,,,,
22,2.1160995960235596,32.385986328125,15549,2.1160995960235596,1.434876561164856,7.543240070343018,2.75140380859375,1.9819190502166748,0.4149899482727051,,,,,,,
22,1.9579273462295532,32.75797653198242,15574,1.9579273462295532,1.4196152687072754,7.320919990539551,3.269455909729004,1.9387215375900269,0.41798362135887146,,,,,,,
22,2.496453285217285,30.011411666870117,15599,2.496453285217285,1.4588063955307007,5.336831569671631,2.607877254486084,1.8452420234680176,0.4169478416442871,,,,,,,
22,1.8690428733825684,34.27788543701172,15624,1.8690428733825684,1.3899825811386108,8.203299522399902,2.670595407485962,2.0602617263793945,0.443416565656662,,,,,,,
22,2.0773534774780273,31.747644424438477,15649,2.0773534774780273,1.523780345916748,6.775698184967041,2.549839496612549,1.7600842714309692,0.42529425024986267,,,,,,,
22,2.1265311241149902,32.565425872802734,15674,2.1265311241149902,1.384687900543213,7.0261969566345215,3.0886783599853516,2.1567583084106445,0.4202023148536682,,,,,,,
22,2.1543149948120117,32.05269241333008,15699,2.1543149948120117,1.4669418334960938,6.4020891189575195,3.0716493129730225,2.1188483238220215,0.42207032442092896,,,,,,,
22,2.094876527786255,31.737714767456055,15724,2.094876527786255,1.4531869888305664,7.678589344024658,2.355079174041748,1.5191481113433838,0.4162602126598358,,,,,,,
22,1.8725159168243408,33.4234619140625,15749,1.8725159168243408,1.3928136825561523,7.252954483032227,3.25646710395813,1.977479338645935,0.43430548906326294,,,,,,,
22,1.9035569429397583,34.22522735595703,15774,1.9035569429397583,1.4345109462738037,8.261163711547852,3.0865390300750732,2.208299398422241,0.4274381697177887,,,,,,,
22,1.8742647171020508,33.45536422729492,15799,1.8742647171020508,1.515458583831787,7.166046619415283,2.9188802242279053,1.8048659563064575,0.4455580711364746,,,,,,,
22,2.0273871421813965,30.628084182739258,15824,2.0273871421813965,1.3423094749450684,6.0664143562316895,2.6894922256469727,2.1406443119049072,0.40864941477775574,,,,,,,
22,2.188805341720581,31.37162971496582,15849,2.188805341720581,1.4297046661376953,6.224207878112793,2.4996225833892822,1.9428435564041138,0.4283389151096344,,,,,,,
22,2.13285493850708,32.7156867980957,15874,2.13285493850708,1.5011743307113647,7.1801300048828125,2.7730178833007812,1.8259903192520142,0.43189722299575806,,,,,,,
22,2.2529168128967285,31.840511322021484,15899,2.2529168128967285,1.4229397773742676,6.279293537139893,2.595186948776245,2.1530797481536865,0.4308891296386719,,,,,,,
22,2.0337653160095215,31.341411590576172,15924,2.0337653160095215,1.4110791683197021,6.240024566650391,3.1093361377716064,1.811580777168274,0.4170975685119629,,,,,,,
22,2.211289644241333,29.297555923461914,15949,2.211289644241333,1.4793791770935059,5.520999431610107,2.6024010181427,1.8242766857147217,0.39712220430374146,,,,,,,
22,1.935633897781372,33.85945129394531,15974,1.935633897781372,1.460500955581665,7.5500359535217285,3.0735812187194824,2.1968374252319336,0.4350777268409729,,,,,,,
22,2.0017991065979004,32.64769744873047,15999,2.0017991065979004,1.4701106548309326,6.987135887145996,2.918036937713623,1.9729945659637451,0.42887601256370544,,,,,,,
22,1.974378228187561,34.84713363647461,16024,1.974378228187561,1.412935733795166,8.443442344665527,3.872654676437378,2.124682903289795,0.42207595705986023,,,,,,,
22,2.2884578704833984,31.55499839782715,16049,2.2884578704833984,1.4121640920639038,6.68016242980957,2.9431729316711426,1.7403204441070557,0.4173150658607483,,,,,,,
23,2.052006959915161,29.60445213317871,16074,2.052006959915161,1.4283325672149658,5.461927890777588,3.0460329055786133,1.583879828453064,0.401872843503952,,,,,,,
23,2.1293282508850098,33.44563674926758,16099,2.1293282508850098,1.447479009628296,7.0292887687683105,2.7708261013031006,1.8765145540237427,0.4515894949436188,,,,,,,
23,2.0717573165893555,30.939300537109375,16124,2.0717573165893555,1.4694371223449707,5.542423725128174,2.728614568710327,2.027486562728882,0.426029771566391,,,,,,,
23,1.974808931350708,34.1329345703125,16149,1.974808931350708,1.4151198863983154,8.004857063293457,2.850613594055176,2.01767635345459,0.4409925639629364,,,,,,,
23,2.109694004058838,32.82154083251953,16174,2.109694004058838,1.4114370346069336,7.27852201461792,3.1643636226654053,1.9000238180160522,0.4237154424190521,,,,,,,
23,2.406620979309082,29.72003936767578,16199,2.406620979309082,1.4002689123153687,5.272727966308594,2.233527183532715,2.0438010692596436,0.4171047806739807,,,,,,,
23,2.209186315536499,32.38903045654297,16224,2.209186315536499,1.5033456087112427,6.790431499481201,2.7581048011779785,2.0253047943115234,0.42915207147598267,,,,,,,
23,2.077836751937866,34.93889617919922,16249,2.077836751937866,1.4013382196426392,8.546107292175293,3.1673338413238525,2.0136349201202393,0.4402329623699188,,,,,,,
23,1.709507703781128,34.461280822753906,16274,1.709507703781128,1.4110620021820068,8.10835075378418,3.0235161781311035,2.1916632652282715,0.4383709132671356,,,,,,,
23,1.9218943119049072,32.590919494628906,16299,1.9218943119049072,1.4147653579711914,7.149126052856445,3.247528314590454,2.299687385559082,0.4106625020503998,,,,,,,
23,1.7889869213104248,33.05378341674805,16324,1.7889869213104248,1.3922394514083862,7.494633674621582,2.901160478591919,1.946650505065918,0.4293133318424225,,,,,,,
23,1.701066493988037,32.24887466430664,16349,1.701066493988037,1.3714566230773926,7.361535549163818,3.1729559898376465,1.9216293096542358,0.40936213731765747,,,,,,,
23,1.9931983947753906,32.93988037109375,16374,1.9931983947753906,1.4580531120300293,7.419859409332275,2.6855645179748535,2.0708374977111816,0.4290125072002411,,,,,,,
23,1.8376986980438232,34.47498321533203,16399,1.8376986980438232,1.4757614135742188,7.9147820472717285,3.1955952644348145,2.2686424255371094,0.4360044598579407,,,,,,,
23,1.8655102252960205,35.30291748046875,16424,1.8655102252960205,1.4989827871322632,8.08056354522705,3.5121443271636963,2.010021686553955,0.4489157199859619,,,,,,,
23,1.8561123609542847,33.03099060058594,16449,1.8561123609542847,1.4179015159606934,8.076789855957031,3.1005194187164307,1.765679955482483,0.41489115357398987,,,,,,,
23,2.080892324447632,33.446964263916016,16474,2.080892324447632,1.4467384815216064,7.464524745941162,2.8145570755004883,2.0201234817504883,0.43780040740966797,,,,,,,
23,2.1209795475006104,32.744991302490234,16499,2.1209795475006104,1.3986927270889282,7.242802619934082,2.699157476425171,2.028151512145996,0.4305818974971771,,,,,,,
23,2.3158223628997803,30.32244873046875,16524,2.3158223628997803,1.391338586807251,6.135354042053223,2.719994306564331,1.9664334058761597,0.4024295508861542,,,,,,,
23,2.1889266967773438,32.174129486083984,16549,2.1889266967773438,1.4540770053863525,7.043402671813965,2.638899803161621,1.7968264818191528,0.42757612466812134,,,,,,,
23,1.8493478298187256,32.01165008544922,16574,1.8493478298187256,1.421940803527832,6.833992004394531,3.1637208461761475,1.9739160537719727,0.41373512148857117,,,,,,,
23,2.119951009750366,31.20270347595215,16599,2.119951009750366,1.3769795894622803,6.5962090492248535,2.25273060798645,2.2908458709716797,0.4152430593967438,,,,,,,
23,1.9544241428375244,31.349496841430664,16624,1.9544241428375244,1.448419213294983,6.887661457061768,2.9129152297973633,1.6240456104278564,0.4105878472328186,,,,,,,
23,1.8525880575180054,34.8145866394043,16649,1.8525880575180054,1.2702096700668335,8.380132675170898,3.55440616607666,1.8525420427322388,0.4390510022640228,,,,,,,
23,1.9450888633728027,32.36252975463867,16674,1.9450888633728027,1.520611047744751,6.94212007522583,3.0278961658477783,1.941520094871521,0.4206751883029938,,,,,,,
23,1.7154150009155273,33.42315673828125,16699,1.7154150009155273,1.387222409248352,7.451693534851074,3.4587767124176025,2.068976879119873,0.42347750067710876,,,,,,,
23,1.9868988990783691,35.571128845214844,16724,1.9868988990783691,1.526709794998169,8.123040199279785,2.4633967876434326,2.1016626358032227,0.4745849072933197,,,,,,,
23,1.752793788909912,32.71929931640625,16749,1.752793788909912,1.4134069681167603,7.03012752532959,3.676602363586426,2.357682466506958,0.4053662419319153,,,,,,,
24,2.7649359703063965,32.952415466308594,16774,2.7649359703063965,1.4001283645629883,7.902028560638428,2.4296152591705322,2.00203537940979,0.4270801544189453,,,,,,,
24,1.710435390472412,31.08036231994629,16799,1.710435390472412,1.4735100269317627,6.644661903381348,3.1622467041015625,1.704697847366333,0.4021165072917938,,,,,,,
24,2.326880931854248,31.308502197265625,16824,2.326880931854248,1.431949496269226,5.820705413818359,3.4412271976470947,2.1246554851531982,0.41088810563087463,,,,,,,
24,1.770792007446289,31.933610916137695,16849,1.770792007446289,1.4220144748687744,6.969354152679443,3.1665098667144775,1.8635767698287964,0.41138121485710144,,,,,,,
24,2.1322832107543945,32.932769775390625,16874,2.1322832107543945,1.3870916366577148,7.44288444519043,3.267005205154419,2.1825857162475586,0.41451558470726013,,,,,,,
24,1.7279925346374512,34.12613296508789,16899,1.7279925346374512,1.4985920190811157,7.874980449676514,3.0227158069610596,1.7428492307662964,0.4441555142402649,,,,,,,
24,1.834718942642212,33.504798889160156,16924,1.834718942642212,1.350203037261963,7.594760894775391,2.9842476844787598,1.789550542831421,0.4396897256374359,,,,,,,
24,1.807887315750122,33.186214447021484,16949,1.807887315750122,1.4528928995132446,7.226346969604492,3.375225067138672,1.8783595561981201,0.4278531074523926,,,,,,,
24,2.150111436843872,31.71310806274414,16974,2.150111436843872,1.3143267631530762,6.4546051025390625,2.375973701477051,2.1278998851776123,0.43200674653053284,,,,,,,
24,1.8489294052124023,31.949981689453125,16999,1.8489294052124023,1.4022622108459473,6.676390647888184,2.7976291179656982,2.020270824432373,0.42340952157974243,,,,,,,
24,1.8461668491363525,34.55978012084961,17024,1.8461668491363525,1.4479130506515503,8.198015213012695,3.0613253116607666,2.0668365955352783,0.4396820068359375,,,,,,,
24,1.9148848056793213,33.19900894165039,17049,1.9148848056793213,1.4517738819122314,7.1075029373168945,3.37664532661438,1.8762075901031494,0.4308195114135742,,,,,,,
24,1.8891569375991821,32.641048431396484,17074,1.8891569375991821,1.489453673362732,7.146991729736328,3.443510055541992,1.7579339742660522,0.41784796118736267,,,,,,,
24,1.6993625164031982,33.21258544921875,17099,1.6993625164031982,1.3321187496185303,7.478880405426025,2.9781150817871094,2.021263837814331,0.43116018176078796,,,,,,,
24,2.1450729370117188,30.25282096862793,17124,2.1450729370117188,1.4619321823120117,6.114615440368652,2.5803310871124268,1.5051552057266235,0.4131286144256592,,,,,,,
24,2.2536680698394775,32.19999694824219,17149,2.2536680698394775,1.432055950164795,6.428499221801758,3.365405321121216,2.000976324081421,0.4216235280036926,,,,,,,
24,2.15664005279541,31.80463981628418,17174,2.15664005279541,1.582552433013916,6.738548278808594,2.6287097930908203,2.0985190868377686,0.4168069064617157,,,,,,,
24,2.015608787536621,32.481048583984375,17199,2.015608787536621,1.3379006385803223,7.378490924835205,2.9454729557037354,1.968684434890747,0.4188999831676483,,,,,,,
24,1.8447519540786743,34.560054779052734,17224,1.8447519540786743,1.4588518142700195,8.46154499053955,3.1245133876800537,1.7949426174163818,0.43822675943374634,,,,,,,
24,2.201179265975952,30.93991470336914,17249,2.201179265975952,1.3013744354248047,6.3859100341796875,2.877652168273926,2.1102540493011475,0.40588274598121643,,,,,,,
24,2.2384226322174072,33.21540069580078,17274,2.2384226322174072,1.4785219430923462,7.228701591491699,2.813843011856079,2.363632917404175,0.42957115173339844,,,,,,,
24,2.1750402450561523,30.883771896362305,17299,2.1750402450561523,1.452566385269165,6.412003993988037,2.665510892868042,1.8646464347839355,0.4108676612377167,,,,,,,
24,1.9116177558898926,32.11856460571289,17324,1.9116177558898926,1.347369909286499,6.703717231750488,2.945866107940674,1.8559051752090454,0.42812681198120117,,,,,,,
24,2.2871501445770264,32.090492248535156,17349,2.2871501445770264,1.4069983959197998,6.634634971618652,2.6498939990997314,2.1011903285980225,0.4288395047187805,,,,,,,
24,2.211047649383545,32.89183044433594,17374,2.211047649383545,1.4413015842437744,7.107782363891602,2.953357219696045,2.1063835620880127,0.42851123213768005,,,,,,,
24,2.122549533843994,31.06002426147461,17399,2.122549533843994,1.3794713020324707,6.335319995880127,2.837449550628662,1.9455417394638062,0.4124942719936371,,,,,,,
24,1.8976385593414307,33.379180908203125,17424,1.8976385593414307,1.4313485622406006,7.6999831199646,3.344756841659546,1.816382646560669,0.42414912581443787,,,,,,,
24,1.769802212715149,33.836814880371094,17449,1.769802212715149,1.4192806482315063,8.032188415527344,3.410632848739624,1.9873002767562866,0.4219425320625305,,,,,,,
24,,,17449,,,,,,,1.7951661348342896,1.392493724822998,7.736512184143066,3.0549397468566895,2.070115327835083,33.52907943725586,0.42833375930786133
25,1.9515173435211182,34.77987289428711,17474,1.9515173435211182,1.437305212020874,7.968755722045898,3.327805757522583,2.3118536472320557,0.4385366439819336,,,,,,,
25,1.8503472805023193,33.66161346435547,17499,1.8503472805023193,1.4798431396484375,7.767937660217285,3.378441095352173,1.9997581243515015,0.4230140745639801,,,,,,,
25,1.9675750732421875,32.28486251831055,17524,1.9675750732421875,1.4050788879394531,6.9831366539001465,3.2832250595092773,1.9266855716705322,0.41526079177856445,,,,,,,
25,2.2085888385772705,30.172382354736328,17549,2.2085888385772705,1.4860695600509644,6.001589775085449,2.437894582748413,1.9718786478042603,0.406110018491745,,,,,,,
25,2.153951406478882,33.04499435424805,17574,2.153951406478882,1.5297954082489014,7.671835899353027,2.7201552391052246,1.8241736888885498,0.4288674294948578,,,,,,,
25,2.0194878578186035,31.659324645996094,17599,2.0194878578186035,1.4168941974639893,7.521058082580566,2.504542827606201,1.8828681707382202,0.407421350479126,,,,,,,
25,2.049933433532715,31.384193420410156,17624,2.049933433532715,1.4189107418060303,6.4783830642700195,2.6730265617370605,1.595320701599121,0.4270789325237274,,,,,,,
25,2.1162633895874023,30.95623016357422,17649,2.1162633895874023,1.452311396598816,6.651040554046631,2.778907299041748,1.8374086618423462,0.4052569568157196,,,,,,,
25,1.8619623184204102,33.204994201660156,17674,1.8619623184204102,1.3800899982452393,7.5932183265686035,3.0839855670928955,1.9058094024658203,0.42759761214256287,,,,,,,
25,2.347754955291748,30.792985916137695,17699,2.347754955291748,1.3990687131881714,6.193261623382568,2.5397517681121826,2.048372983932495,0.4136117994785309,,,,,,,
25,2.2076575756073,32.682456970214844,17724,2.2076575756073,1.4027035236358643,6.897122859954834,3.1441445350646973,2.10027813911438,0.42529353499412537,,,,,,,
25,1.7188950777053833,32.85403060913086,17749,1.7188950777053833,1.4773986339569092,8.005305290222168,2.6606340408325195,1.8385940790176392,0.4193800389766693,,,,,,,
25,1.9418421983718872,32.9535026550293,17774,1.9418421983718872,1.5123142004013062,7.187378883361816,3.3934450149536133,1.9168204069137573,0.4209676682949066,,,,,,,
25,2.031923532485962,31.983278274536133,17799,2.031923532485962,1.4007651805877686,6.300917625427246,2.6881179809570312,1.8816275596618652,0.4380411207675934,,,,,,,
25,2.06687068939209,31.6988468170166,17824,2.06687068939209,1.590034008026123,6.699214458465576,2.6907968521118164,1.8217167854309082,0.4199352264404297,,,,,,,
25,2.32887864112854,31.084957122802734,17849,2.32887864112854,1.33301842212677,6.825049877166748,2.2789652347564697,1.6827315092086792,0.4214487075805664,,,,,,,
25,2.17488169670105,30.98815155029297,17874,2.17488169670105,1.3956573009490967,6.930393218994141,2.2370028495788574,2.286773443222046,0.40307387709617615,,,,,,,
25,1.951003909111023,33.05794143676758,17899,1.951003909111023,1.4266844987869263,7.71257209777832,2.683328151702881,2.0343596935272217,0.4266888201236725,,,,,,,
25,2.078040838241577,32.91273498535156,17924,2.078040838241577,1.4320429563522339,7.090970516204834,3.1264524459838867,1.9346773624420166,0.4295242428779602,,,,,,,
25,1.7295589447021484,33.23487854003906,17949,1.7295589447021484,1.558422327041626,6.976431369781494,3.109830856323242,1.9122458696365356,0.4372877776622772,,,,,,,
25,1.9528827667236328,32.80454635620117,17974,1.9528827667236328,1.4717540740966797,7.470329761505127,2.978766918182373,2.0052683353424072,0.4195205867290497,,,,,,,
25,1.7699100971221924,35.53947067260742,17999,1.7699100971221924,1.434496521949768,8.165727615356445,3.285935401916504,2.030710458755493,0.45827993750572205,,,,,,,
25,1.8821210861206055,33.138668060302734,18024,1.8821210861206055,1.3447670936584473,7.057606220245361,3.3754327297210693,2.1794323921203613,0.426254004240036,,,,,,,
25,1.88197922706604,31.851852416992188,18049,1.88197922706604,1.5239938497543335,6.6678876876831055,3.4751503467559814,1.669166088104248,0.41145896911621094,,,,,,,
25,1.9989498853683472,30.76583480834961,18074,1.9989498853683472,1.3608726263046265,6.285890102386475,2.9153127670288086,2.12937068939209,0.40165311098098755,,,,,,,
25,2.0033843517303467,31.42959976196289,18099,2.0033843517303467,1.4392752647399902,6.711910247802734,3.1030001640319824,1.8319215774536133,0.40763312578201294,,,,,,,
25,2.2796149253845215,32.80436706542969,18124,2.2796149253845215,1.4386587142944336,7.261384963989258,2.4270598888397217,1.9084444046020508,0.4393071234226227,,,,,,,
26,1.6563605070114136,34.8887939453125,18149,1.6563605070114136,1.4304829835891724,8.55614948272705,3.409099817276001,2.0847697257995605,0.4312953054904938,,,,,,,
26,1.7179529666900635,32.6280517578125,18174,1.7179529666900635,1.263988733291626,7.441084861755371,3.0151114463806152,1.8149707317352295,0.4242866039276123,,,,,,,
26,2.1299118995666504,33.99142837524414,18199,2.1299118995666504,1.3630174398422241,7.317331314086914,2.87988543510437,2.1887190341949463,0.4498327374458313,,,,,,,
26,1.8744744062423706,33.65019226074219,18224,1.8744744062423706,1.356281042098999,7.500046253204346,3.8485958576202393,1.8528614044189453,0.4242756962776184,,,,,,,
26,2.213634967803955,32.745933532714844,18249,2.213634967803955,1.4305819272994995,7.041558265686035,2.364894390106201,2.019882917404175,0.4419781267642975,,,,,,,
26,1.7229750156402588,35.18071746826172,18274,1.7229750156402588,1.4894254207611084,8.519491195678711,3.906756639480591,2.036484718322754,0.4273013174533844,,,,,,,
26,1.9685587882995605,33.21634292602539,18299,1.9685587882995605,1.4135115146636963,7.805143356323242,3.1520750522613525,2.2928242683410645,0.4122842252254486,,,,,,,
26,2.054194927215576,31.557147979736328,18324,2.054194927215576,1.3847970962524414,6.244052410125732,2.890444040298462,1.6796410083770752,0.4301825165748596,,,,,,,
26,1.4508403539657593,36.61676788330078,18349,1.4508403539657593,1.4800840616226196,9.587142944335938,4.033987998962402,2.173269748687744,0.4298284649848938,,,,,,,
26,2.009573459625244,29.572223663330078,18374,2.009573459625244,1.5423779487609863,5.520532608032227,3.3481454849243164,1.856724500656128,0.38454318046569824,,,,,,,
26,1.9798636436462402,32.97589111328125,18399,1.9798636436462402,1.476879596710205,7.548527717590332,2.6229519844055176,2.1384775638580322,0.4264233708381653,,,,,,,
26,2.171642303466797,31.561527252197266,18424,2.171642303466797,1.3787236213684082,6.913527488708496,2.7396068572998047,1.8107901811599731,0.41597509384155273,,,,,,,
26,2.0854573249816895,31.19029426574707,18449,2.0854573249816895,1.3420164585113525,6.284252166748047,2.83994460105896,2.031419038772583,0.4153924882411957,,,,,,,
26,1.8899564743041992,33.70222473144531,18474,1.8899564743041992,1.3682494163513184,7.5113630294799805,3.2776126861572266,2.207775354385376,0.429716020822525,,,,,,,
26,1.9077670574188232,32.91779327392578,18499,1.9077670574188232,1.3099308013916016,7.016185283660889,3.334634780883789,2.002136707305908,0.4278867840766907,,,,,,,
26,1.7245938777923584,33.10362243652344,18524,1.7245938777923584,1.3707605600357056,7.365373611450195,3.6194233894348145,2.2355220317840576,0.4113898277282715,,,,,,,
26,2.149343490600586,33.271453857421875,18549,2.149343490600586,1.3647245168685913,7.245640277862549,2.9901576042175293,1.9681388139724731,0.4378398060798645,,,,,,,
26,1.7332533597946167,35.36237335205078,18574,1.7332533597946167,1.424774408340454,8.228972434997559,3.7678403854370117,2.117793321609497,0.44051095843315125,,,,,,,
26,2.1079394817352295,29.893985748291016,18599,2.1079394817352295,1.3757569789886475,5.9171881675720215,2.738037109375,1.7737423181533813,0.4019835591316223,,,,,,,
26,1.9185179471969604,32.03607177734375,18624,1.9185179471969604,1.5313127040863037,7.458239555358887,2.688103675842285,1.9241801500320435,0.40964967012405396,,,,,,,
26,1.4964314699172974,39.134552001953125,18649,1.4964314699172974,1.3855862617492676,10.881473541259766,3.883352279663086,2.23583722114563,0.4610733985900879,,,,,,,
26,2.3143863677978516,30.090688705444336,18674,2.3143863677978516,1.4419610500335693,5.757962703704834,2.5893146991729736,2.1079254150390625,0.4043005108833313,,,,,,,
26,1.8779510259628296,34.27964782714844,18699,1.8779510259628296,1.4555270671844482,8.071091651916504,3.3317434787750244,1.7752881050109863,0.436577707529068,,,,,,,
26,1.9695158004760742,32.22959518432617,18724,1.9695158004760742,1.4629592895507812,6.943198204040527,3.0885047912597656,1.9890937805175781,0.4165742099285126,,,,,,,
26,2.117908477783203,31.744035720825195,18749,2.117908477783203,1.4583942890167236,6.7010817527771,2.640540599822998,2.0791432857513428,0.41921940445899963,,,,,,,
26,2.280871868133545,31.301090240478516,18774,2.280871868133545,1.3421685695648193,7.010035514831543,2.337662696838379,2.052490472793579,0.4124162793159485,,,,,,,
26,1.9046812057495117,32.57813262939453,18799,1.9046812057495117,1.4923622608184814,7.3737263679504395,2.8018202781677246,2.0316338539123535,0.4195241630077362,,,,,,,
26,2.4554381370544434,31.925281524658203,18824,2.4554381370544434,1.4418448209762573,6.820085048675537,2.4960005283355713,1.6912950277328491,0.4328012466430664,,,,,,,
27,1.869912028312683,34.74922180175781,18849,1.869912028312683,1.3975341320037842,8.733837127685547,2.7795698642730713,2.183636426925659,0.43676987290382385,,,,,,,
27,2.0883235931396484,32.418880462646484,18874,2.0883235931396484,1.4018349647521973,7.2489094734191895,2.8855478763580322,2.040395736694336,0.41871538758277893,,,,,,,
27,1.9431591033935547,34.03440475463867,18899,1.9431591033935547,1.3564609289169312,7.690053939819336,2.6845040321350098,2.2745001316070557,0.44508638978004456,,,,,,,
27,2.0679855346679688,32.95057678222656,18924,2.0679855346679688,1.330416202545166,7.362987041473389,3.036120891571045,2.1025795936584473,0.42485496401786804,,,,,,,
27,2.0194005966186523,30.701488494873047,18949,2.0194005966186523,1.364631175994873,6.076900005340576,2.6263859272003174,1.7703051567077637,0.4191837012767792,,,,,,,
27,2.560831069946289,30.12183952331543,18974,2.560831069946289,1.3684508800506592,6.0120320320129395,1.9265644550323486,2.0221951007843018,0.41761326789855957,,,,,,,
27,2.0741496086120605,30.262470245361328,18999,2.0741496086120605,1.4391475915908813,5.825235843658447,2.9729230403900146,1.825635552406311,0.4044339656829834,,,,,,,
27,1.7356715202331543,34.98523712158203,19024,1.7356715202331543,1.5357534885406494,8.439722061157227,3.1402037143707275,2.1824703216552734,0.437490850687027,,,,,,,
27,1.719282865524292,33.20902633666992,19049,1.719282865524292,1.4407665729522705,7.489613056182861,3.7908267974853516,1.7542366981506348,0.41630181670188904,,,,,,,
27,2.1331353187561035,33.88286209106445,19074,2.1331353187561035,1.4658939838409424,7.578784942626953,3.2190093994140625,1.8847144842147827,0.43854352831840515,,,,,,,
27,1.7282476425170898,33.256160736083984,19099,1.7282476425170898,1.397758960723877,8.50277328491211,3.456841468811035,2.01198410987854,0.39748451113700867,,,,,,,
27,2.000495195388794,32.890411376953125,19124,2.000495195388794,1.3890819549560547,7.358426094055176,2.9039177894592285,1.8326539993286133,0.4312518239021301,,,,,,,
27,2.011885166168213,34.145572662353516,19149,2.011885166168213,1.5150251388549805,7.551180839538574,3.5707719326019287,2.031019449234009,0.4328349530696869,,,,,,,
27,2.0779290199279785,34.02998733520508,19174,2.0779290199279785,1.5255154371261597,8.44332218170166,2.6005420684814453,2.1327576637268066,0.4295077919960022,,,,,,,
27,1.7290760278701782,34.629032135009766,19199,1.7290760278701782,1.3959877490997314,8.827396392822266,3.2537105083465576,2.0303332805633545,0.42492446303367615,,,,,,,
27,2.1821436882019043,31.757984161376953,19224,2.1821436882019043,1.414555549621582,6.61862850189209,2.416999340057373,1.9672460556030273,0.42979010939598083,,,,,,,
27,2.07857346534729,31.531356811523438,19249,2.07857346534729,1.440180778503418,6.321000099182129,2.9870870113372803,2.0070996284484863,0.41724419593811035,,,,,,,
27,2.129972457885742,31.343246459960938,19274,2.129972457885742,1.3608757257461548,6.615797996520996,2.7191109657287598,1.8034275770187378,0.4187563359737396,,,,,,,
27,2.271493911743164,30.806848526000977,19299,2.271493911743164,1.3536369800567627,5.853389263153076,2.6275339126586914,2.1579227447509766,0.41809701919555664,,,,,,,
27,1.4619959592819214,34.83504867553711,19324,1.4619959592819214,1.5112738609313965,8.35365104675293,3.353356122970581,1.9079653024673462,0.43797340989112854,,,,,,,
27,2.0494844913482666,32.97467041015625,19349,2.0494844913482666,1.3124914169311523,7.083346843719482,2.804999589920044,2.3078413009643555,0.432577520608902,,,,,,,
27,1.941450595855713,33.22993087768555,19374,1.941450595855713,1.4509015083312988,7.467785358428955,2.9206292629241943,2.0639240741729736,0.42948204278945923,,,,,,,
27,1.7188575267791748,32.12980270385742,19399,1.7188575267791748,1.473706841468811,7.527395248413086,3.077192783355713,1.919208288192749,0.4029400050640106,,,,,,,
27,2.0205016136169434,32.080047607421875,19424,2.0205016136169434,1.3642711639404297,6.712896347045898,3.487933874130249,1.9388563632965088,0.41280195116996765,,,,,,,
27,2.2271697521209717,29.91260528564453,19449,2.2271697521209717,1.3369698524475098,6.210676670074463,2.3500771522521973,1.8194711208343506,0.40434250235557556,,,,,,,
27,2.163947582244873,30.585615158081055,19474,2.163947582244873,1.380812168121338,5.888275146484375,3.1825203895568848,2.0174503326416016,0.40259018540382385,,,,,,,
27,2.182302474975586,36.115562438964844,19499,2.182302474975586,1.4145838022232056,8.966299057006836,2.594470977783203,2.4320647716522217,0.46018096804618835,,,,,,,
27,2.0054478645324707,30.015806198120117,19524,2.0054478645324707,1.4080625772476196,6.601260662078857,2.4498136043548584,1.6054325103759766,0.3989163935184479,,,,,,,
28,2.264810562133789,30.65854835510254,19549,2.264810562133789,1.4375953674316406,5.560182094573975,2.52929425239563,2.2178828716278076,0.4203021228313446,,,,,,,
28,1.6838148832321167,34.1088752746582,19574,1.6838148832321167,1.4353383779525757,8.523699760437012,3.546482563018799,1.9577701091766357,0.41434627771377563,,,,,,,
28,1.819413661956787,32.3038330078125,19599,1.819413661956787,1.4788864850997925,6.721441268920898,3.130321741104126,2.0499987602233887,0.4205152690410614,,,,,,,
28,1.805634617805481,31.665307998657227,19624,1.805634617805481,1.2883336544036865,7.249226093292236,3.0012285709381104,1.7791279554367065,0.40771982073783875,,,,,,,
28,2.1044728755950928,32.1251106262207,19649,2.1044728755950928,1.4097230434417725,7.364300727844238,2.7013161182403564,2.1418027877807617,0.41128817200660706,,,,,,,
28,1.8543617725372314,31.391223907470703,19674,1.8543617725372314,1.5903362035751343,6.684715747833252,3.0701401233673096,1.817199945449829,0.40508517622947693,,,,,,,
28,1.9394441843032837,33.256805419921875,19699,1.9394441843032837,1.3916418552398682,7.078914642333984,2.9524855613708496,2.1684093475341797,0.4370078146457672,,,,,,,
28,1.8950815200805664,32.57923126220703,19724,1.8950815200805664,1.4658687114715576,7.005093097686768,3.2772905826568604,2.005711078643799,0.41833925247192383,,,,,,,
28,1.9446804523468018,30.580589294433594,19749,1.9446804523468018,1.3806049823760986,6.727341651916504,2.731088399887085,1.7324609756469727,0.4002020061016083,,,,,,,
28,1.9206047058105469,30.569705963134766,19774,1.9206047058105469,1.4271509647369385,6.696537971496582,3.0903615951538086,1.785846471786499,0.3904401957988739,,,,,,,
28,1.9200797080993652,32.385562896728516,19799,1.9200797080993652,1.3978309631347656,7.532228469848633,2.8644165992736816,2.115556001663208,0.41056737303733826,,,,,,,
28,2.124399185180664,33.638343811035156,19824,2.124399185180664,1.4507685899734497,7.770626068115234,2.8394196033477783,2.0113422870635986,0.43480411171913147,,,,,,,
28,1.9498248100280762,36.60710525512695,19849,1.9498248100280762,1.3719594478607178,9.140008926391602,3.1447458267211914,2.5601391792297363,0.4531167149543762,,,,,,,
28,1.9596564769744873,32.44607162475586,19874,1.9596564769744873,1.3739272356033325,7.415937423706055,2.9644579887390137,2.0661919116973877,0.4139012396335602,,,,,,,
28,1.6936556100845337,36.15679168701172,19899,1.6936556100845337,1.3892619609832764,9.091182708740234,3.150908946990967,2.1956398487091064,0.4517732560634613,,,,,,,
28,2.0304598808288574,32.914695739746094,19924,2.0304598808288574,1.399907112121582,7.226016044616699,2.8246450424194336,2.1868879795074463,0.4283830225467682,,,,,,,
28,2.038038730621338,31.547094345092773,19949,2.038038730621338,1.4581552743911743,6.91673469543457,2.7347328662872314,2.2110402584075928,0.40503183007240295,,,,,,,
28,1.778895616531372,34.32370376586914,19974,1.778895616531372,1.3735512495040894,8.254537582397461,3.283970594406128,2.4375,0.4216476380825043,,,,,,,
28,2.004901885986328,33.58369445800781,19999,2.004901885986328,1.4745044708251953,7.227240085601807,3.2689919471740723,2.3212339878082275,0.4287049472332001,,,,,,,
28,1.9436466693878174,32.760040283203125,20024,1.9436466693878174,1.4179277420043945,7.390885353088379,3.0993409156799316,2.2461204528808594,0.41346144676208496,,,,,,,
28,2.060788869857788,31.26367950439453,20049,2.060788869857788,1.297069787979126,6.995043754577637,2.4595534801483154,2.140272378921509,0.40826091170310974,,,,,,,
28,2.1166675090789795,33.9272575378418,20074,2.1166675090789795,1.4203763008117676,8.21041488647461,2.6451635360717773,2.0114808082580566,0.43644043803215027,,,,,,,
28,2.0497775077819824,31.479164123535156,20099,2.0497775077819824,1.3710225820541382,6.717432975769043,2.496694564819336,1.7659395933151245,0.42506828904151917,,,,,,,
28,1.7910995483398438,32.00930404663086,20124,1.7910995483398438,1.2976152896881104,7.2741594314575195,3.123167037963867,1.8415656089782715,0.41050663590431213,,,,,,,
28,1.646612286567688,32.851402282714844,20149,1.646612286567688,1.5145679712295532,7.463674068450928,3.596165180206299,1.9370334148406982,0.4075546860694885,,,,,,,
28,1.9126315116882324,34.80276107788086,20174,1.9126315116882324,1.4055228233337402,8.463494300842285,2.9986109733581543,2.2954118251800537,0.43643829226493835,,,,,,,
28,2.1291210651397705,31.3121337890625,20199,2.1291210651397705,1.4604308605194092,6.3515801429748535,2.928678035736084,1.962915062904358,0.413522869348526,,,,,,,
28,1.7823994159698486,32.2521858215332,20224,1.7823994159698486,1.2533059120178223,7.140592575073242,2.8265085220336914,1.9738191366195679,0.42351028323173523,,,,,,,
29,1.8690135478973389,32.14964294433594,20249,1.8690135478973389,1.545215129852295,6.785379886627197,3.2304160594940186,2.0984609127044678,0.41089269518852234,,,,,,,
29,1.7380599975585938,31.566194534301758,20274,1.7380599975585938,1.5270214080810547,6.911434173583984,2.9929287433624268,1.7861369848251343,0.4077483117580414,,,,,,,
29,1.97635817527771,32.794281005859375,20299,1.97635817527771,1.3737106323242188,7.171298027038574,3.7626514434814453,2.019598960876465,0.41037827730178833,,,,,,,
29,1.648559331893921,33.60475158691406,20324,1.648559331893921,1.3287652730941772,8.201095581054688,3.2995808124542236,1.9447308778762817,0.4184572398662567,,,,,,,
29,2.2584996223449707,32.04421615600586,20349,2.2584996223449707,1.4487829208374023,7.196619987487793,2.670368194580078,1.8523060083389282,0.4194697439670563,,,,,,,
29,2.1280434131622314,32.129737854003906,20374,2.1280434131622314,1.4483284950256348,6.828923225402832,2.6501762866973877,1.984734296798706,0.4270572364330292,,,,,,,
29,2.0597827434539795,32.51189422607422,20399,2.0597827434539795,1.4548101425170898,7.042530059814453,3.101884603500366,1.9161279201507568,0.42214536666870117,,,,,,,
29,1.8345593214035034,34.77007293701172,20424,1.8345593214035034,1.489137053489685,7.502871036529541,3.0289180278778076,1.856803297996521,0.4642743170261383,,,,,,,
29,1.8467516899108887,34.17354965209961,20449,1.8467516899108887,1.395864725112915,8.664824485778809,3.3582844734191895,2.0535407066345215,0.41557857394218445,,,,,,,
29,1.9634089469909668,31.829999923706055,20474,1.9634089469909668,1.3737329244613647,6.988450527191162,2.7821803092956543,1.8390185832977295,0.41881370544433594,,,,,,,
29,2.059587001800537,32.56023406982422,20499,2.059587001800537,1.3885586261749268,7.194089889526367,2.7900593280792236,1.58772611618042,0.43555116653442383,,,,,,,
29,2.062141180038452,30.69428825378418,20524,2.062141180038452,1.3846101760864258,6.076897621154785,3.06516695022583,1.791459321975708,0.40835896134376526,,,,,,,
29,1.683537483215332,33.706268310546875,20549,1.683537483215332,1.4300627708435059,7.8117523193359375,3.426793336868286,2.0761563777923584,0.42136678099632263,,,,,,,
29,1.846160888671875,33.31035232543945,20574,1.846160888671875,1.5097949504852295,7.953878879547119,3.2618424892425537,1.8189812898635864,0.41701897978782654,,,,,,,
29,1.8530466556549072,34.7304573059082,20599,1.8530466556549072,1.3715990781784058,8.557891845703125,3.037477493286133,2.2016806602478027,0.4347068965435028,,,,,,,
29,1.7517880201339722,35.44263458251953,20624,1.7517880201339722,1.373530626296997,8.893208503723145,3.2233080863952637,1.9575846195220947,0.44433340430259705,,,,,,,
29,2.162414789199829,32.01254653930664,20649,2.162414789199829,1.4666706323623657,6.490115165710449,3.1069986820220947,1.994360327720642,0.421208918094635,,,,,,,
29,2.343945026397705,29.191387176513672,20674,2.343945026397705,1.4680372476577759,5.6901068687438965,2.317906618118286,1.8619049787521362,0.39674293994903564,,,,,,,
29,2.061201333999634,33.93778610229492,20699,2.061201333999634,1.4980452060699463,7.9195098876953125,2.6150481700897217,2.044252395629883,0.44135400652885437,,,,,,,
29,1.9868628978729248,32.47458267211914,20724,1.9868628978729248,1.451833963394165,6.863522052764893,3.104471206665039,1.8134682178497314,0.427584171295166,,,,,,,
29,1.846052646636963,33.03303909301758,20749,1.846052646636963,1.4330670833587646,7.595944881439209,3.0443596839904785,1.8724846839904785,0.42415958642959595,,,,,,,
29,2.106203556060791,30.718223571777344,20774,2.106203556060791,1.372514247894287,5.962747573852539,2.9298255443573,1.7379661798477173,0.41589266061782837,,,,,,,
29,2.2089762687683105,30.937679290771484,20799,2.2089762687683105,1.4868196249008179,6.3716912269592285,2.5150914192199707,1.8232841491699219,0.4164620339870453,,,,,,,
29,1.926070213317871,32.91714859008789,20824,1.926070213317871,1.4179182052612305,7.121407985687256,3.327249765396118,1.9861626625061035,0.4236535131931305,,,,,,,
29,1.9967505931854248,31.660903930664062,20849,1.9967505931854248,1.4720908403396606,7.008503437042236,2.6151204109191895,2.3368494510650635,0.40507417917251587,,,,,,,
29,2.0135250091552734,32.08603286743164,20874,2.0135250091552734,1.3594253063201904,6.584254264831543,2.6917600631713867,1.9642006158828735,0.43303099274635315,,,,,,,
29,1.9622236490249634,31.255722045898438,20899,1.9622236490249634,1.302460789680481,7.074588298797607,3.0944197177886963,1.8221296072006226,0.3991582691669464,,,,,,,
29,2.1501760482788086,32.45268249511719,20924,2.1501760482788086,1.3892439603805542,6.886949062347412,2.912109851837158,2.0581815242767334,0.42680439352989197,,,,,,,
29,,,20939,,,,,,,1.7647993564605713,1.3976391553878784,7.805125713348389,3.336576223373413,2.0976438522338867,33.4799919128418,0.41873347759246826
30,2.389901638031006,31.01003074645996,20949,2.389901638031006,1.3873167037963867,6.516571521759033,2.0348594188690186,1.9196908473968506,0.4255909025669098,,,,,,,
30,2.1915578842163086,32.18355941772461,20974,2.1915578842163086,1.3404487371444702,7.254790306091309,2.5212600231170654,2.455026626586914,0.41360074281692505,,,,,,,
30,2.0799028873443604,30.07736587524414,20999,2.0799028873443604,1.4282426834106445,5.645848274230957,3.0488500595092773,1.8863978385925293,0.40151166915893555,,,,,,,
30,2.0592494010925293,33.79887771606445,21024,2.0592494010925293,1.3752777576446533,7.95809268951416,2.8564438819885254,2.395458221435547,0.4269689619541168,,,,,,,
30,2.043468475341797,32.80022048950195,21049,2.043468475341797,1.405905842781067,6.927556991577148,3.4628076553344727,2.0575335025787354,0.4210314452648163,,,,,,,
30,1.906008005142212,31.90041732788086,21074,1.906008005142212,1.4094338417053223,7.172677993774414,3.1412293910980225,1.876463770866394,0.40668031573295593,,,,,,,
30,1.9670801162719727,32.821041107177734,21099,1.9670801162719727,1.4377795457839966,7.507431983947754,3.1307599544525146,2.0485761165618896,0.4154776632785797,,,,,,,
30,2.0289812088012695,37.398223876953125,21124,2.0289812088012695,1.4066686630249023,9.838288307189941,2.883657217025757,2.411681890487671,0.4635094702243805,,,,,,,
30,1.9101321697235107,31.918182373046875,21149,1.9101321697235107,1.3681391477584839,6.807363033294678,2.987464427947998,1.7046481370925903,0.4233459532260895,,,,,,,
30,2.2997806072235107,32.21996307373047,21174,2.2997806072235107,1.5240181684494019,6.88139533996582,2.4195141792297363,1.966439127922058,0.43174663186073303,,,,,,,
30,1.972956657409668,31.246456146240234,21199,1.972956657409668,1.3972100019454956,6.672059535980225,2.913334369659424,1.8551054000854492,0.4090832769870758,,,,,,,
30,1.8146699666976929,33.01863098144531,21224,1.8146699666976929,1.3659868240356445,8.206936836242676,2.8354458808898926,1.7323062419891357,0.4195100963115692,,,,,,,
30,1.9754388332366943,32.10254669189453,21249,1.9754388332366943,1.3408095836639404,7.260839939117432,2.918628692626953,1.7572684288024902,0.41833335161209106,,,,,,,
30,2.235805034637451,30.578393936157227,21274,2.235805034637451,1.5088762044906616,5.645859241485596,2.943871021270752,1.8724417686462402,0.41349658370018005,,,,,,,
30,2.0916123390197754,30.618778228759766,21299,2.0916123390197754,1.4504048824310303,5.852160930633545,2.835184097290039,1.6328622102737427,0.4188481271266937,,,,,,,
30,2.1923816204071045,33.02275466918945,21324,2.1923816204071045,1.4574851989746094,7.603445053100586,2.4703617095947266,2.256911277770996,0.42743444442749023,,,,,,,
30,1.9618234634399414,34.17532730102539,21349,1.9618234634399414,1.407037615776062,8.804418563842773,3.3159749507904053,1.8881490230560303,0.41688328981399536,,,,,,,
30,1.6642422676086426,34.334476470947266,21374,1.6642422676086426,1.3703029155731201,8.683732032775879,3.5816333293914795,1.784939169883728,0.4203082025051117,,,,,,,
30,1.8184036016464233,35.821205139160156,21399,1.8184036016464233,1.4571346044540405,8.780778884887695,3.400857448577881,2.057345151901245,0.4472241997718811,,,,,,,
30,1.9385160207748413,32.118553161621094,21424,1.9385160207748413,1.4187192916870117,7.270556926727295,3.283538579940796,2.028730630874634,0.40260013937950134,,,,,,,
30,1.874894618988037,30.61615562438965,21449,1.874894618988037,1.42198646068573,6.72944974899292,2.5621261596679688,1.9560753107070923,0.3988114893436432,,,,,,,
30,1.6469266414642334,33.64736557006836,21474,1.6469266414642334,1.3664511442184448,8.140771865844727,3.2269132137298584,1.9602094888687134,0.4211781620979309,,,,,,,
30,1.7064385414123535,34.07518005371094,21499,1.7064385414123535,1.4806407690048218,8.108777046203613,3.292651653289795,2.125295400619507,0.4237292408943176,,,,,,,
30,1.8673920631408691,33.11707305908203,21524,1.8673920631408691,1.3756628036499023,7.506087779998779,2.958789348602295,1.815542221069336,0.4324665069580078,,,,,,,
30,1.937679648399353,32.82968521118164,21549,1.937679648399353,1.3954823017120361,7.576718807220459,2.9027352333068848,1.9721381664276123,0.4218358099460602,,,,,,,
30,1.5933101177215576,34.26565933227539,21574,1.5933101177215576,1.4376583099365234,8.15977668762207,3.5627427101135254,1.8245292901992798,0.42846569418907166,,,,,,,
30,1.7061253786087036,32.0118522644043,21599,1.7061253786087036,1.3726952075958252,6.980700969696045,2.9703595638275146,1.997642993927002,0.41534337401390076,,,,,,,
30,1.633039951324463,35.01813507080078,21624,1.633039951324463,1.454251766204834,8.769829750061035,3.013209581375122,1.7771085500717163,0.4445275366306305,,,,,,,
31,2.3090739250183105,32.0362663269043,21649,2.3090739250183105,1.439251184463501,6.428482532501221,2.7954297065734863,1.986427903175354,0.4308149814605713,,,,,,,
31,2.046403408050537,30.96449851989746,21674,2.046403408050537,1.3806565999984741,6.921689510345459,2.84066104888916,1.7081432342529297,0.4025188386440277,,,,,,,
31,1.9379208087921143,29.588624954223633,21699,1.9379208087921143,1.430046558380127,6.241817474365234,2.2965264320373535,1.7974183559417725,0.39606258273124695,,,,,,,
31,2.1196413040161133,31.77472686767578,21724,2.1196413040161133,1.3675508499145508,6.839390754699707,3.076261043548584,2.0677032470703125,0.4094182550907135,,,,,,,
31,2.0327632427215576,31.68466567993164,21749,2.0327632427215576,1.5047556161880493,6.877135753631592,2.713453531265259,2.0791361331939697,0.4113374352455139,,,,,,,
31,2.380774974822998,31.404878616333008,21774,2.380774974822998,1.5335874557495117,6.252683639526367,2.586503028869629,2.1917202472686768,0.41867518424987793,,,,,,,
31,2.0924906730651855,33.27742004394531,21799,2.0924906730651855,1.4504930973052979,7.923182010650635,2.9298388957977295,1.9975043535232544,0.42169782519340515,,,,,,,
31,1.8583159446716309,31.16375160217285,21824,1.8583159446716309,1.522251009941101,6.674614906311035,3.184969425201416,1.7168614864349365,0.4014456272125244,,,,,,,
31,2.230764150619507,32.53881072998047,21849,2.230764150619507,1.4554939270019531,7.155542373657227,2.4321835041046143,2.0467963218688965,0.4321954846382141,,,,,,,
31,1.7162617444992065,33.0090446472168,21874,1.7162617444992065,1.4316530227661133,7.650157451629639,3.8052408695220947,1.6649163961410522,0.4101572632789612,,,,,,,
31,1.864055871963501,31.33986473083496,21899,1.864055871963501,1.3587884902954102,6.840108394622803,3.355909824371338,1.8163400888442993,0.3993048369884491,,,,,,,
31,2.0393784046173096,31.142894744873047,21924,2.0393784046173096,1.4148856401443481,6.621899604797363,2.775949239730835,1.7975918054580688,0.41183480620384216,,,,,,,
31,1.8797063827514648,31.622222900390625,21949,1.8797063827514648,1.3983631134033203,6.855052947998047,2.907564878463745,1.6508207321166992,0.41800937056541443,,,,,,,
31,1.7540781497955322,32.794715881347656,21974,1.7540781497955322,1.4237526655197144,7.524458885192871,2.885155200958252,1.8181465864181519,0.42540454864501953,,,,,,,
31,1.7525020837783813,33.73904800415039,21999,1.7525020837783813,1.5045779943466187,7.9895124435424805,3.405874252319336,1.8177611827850342,0.4226961135864258,,,,,,,
31,1.8146620988845825,34.50025939941406,22024,1.8146620988845825,1.3548128604888916,7.887900352478027,3.151827096939087,2.0763731002807617,0.44509658217430115,,,,,,,
31,1.8420734405517578,33.39381408691406,22049,1.8420734405517578,1.3676108121871948,7.5593743324279785,3.1169068813323975,2.1646065711975098,0.42634034156799316,,,,,,,
31,1.8921804428100586,35.09413528442383,22074,1.8921804428100586,1.5017168521881104,8.421014785766602,2.977027654647827,1.9769799709320068,0.44927549362182617,,,,,,,
31,2.014761447906494,33.33839416503906,22099,2.014761447906494,1.3845417499542236,7.286990642547607,3.3090059757232666,1.839868187904358,0.4337330460548401,,,,,,,
31,1.9334198236465454,31.094829559326172,22124,1.9334198236465454,1.3686224222183228,6.969470024108887,3.2839765548706055,1.791221022605896,0.3929230868816376,,,,,,,
31,2.282560110092163,31.48297119140625,22149,2.282560110092163,1.476658582687378,6.588609218597412,2.7866086959838867,1.978511929512024,0.4145018756389618,,,,,,,
31,1.9679884910583496,31.911653518676758,22174,1.9679884910583496,1.431342601776123,7.144558906555176,2.8793141841888428,2.468405246734619,0.3997340798377991,,,,,,,
31,1.7284164428710938,35.2735595703125,22199,1.7284164428710938,1.4188706874847412,8.7520170211792,3.336483955383301,2.3176145553588867,0.43219050765037537,,,,,,,
31,1.9152424335479736,32.130191802978516,22224,1.9152424335479736,1.34792959690094,7.301716327667236,2.7270359992980957,2.1621387004852295,0.4131415784358978,,,,,,,
31,1.7748870849609375,32.14373016357422,22249,1.7748870849609375,1.44560968875885,7.262360095977783,2.816312074661255,2.055008888244629,0.4125431180000305,,,,,,,
31,2.080122709274292,33.71481704711914,22274,2.080122709274292,1.422075629234314,8.280217170715332,2.56596040725708,1.907568335533142,0.43419989943504333,,,,,,,
31,2.5055091381073,31.837234497070312,22299,2.5055091381073,1.3873484134674072,6.846016883850098,2.6318655014038086,1.9988152980804443,0.42162638902664185,,,,,,,
31,2.011416435241699,31.39923858642578,22324,2.011416435241699,1.5274851322174072,7.131229877471924,2.7974345684051514,1.716963768005371,0.40502500534057617,,,,,,,
32,1.9722042083740234,32.659759521484375,22349,1.9722042083740234,1.486079454421997,7.2703166007995605,2.4183342456817627,1.8115266561508179,0.43718892335891724,,,,,,,
32,2.1238651275634766,31.04973602294922,22374,2.1238651275634766,1.461470365524292,6.348570823669434,2.8891448974609375,1.8363512754440308,0.4114266335964203,,,,,,,
32,1.595427393913269,33.36088562011719,22399,1.595427393913269,1.350756287574768,7.696358680725098,3.7567739486694336,2.2328975200653076,0.40720224380493164,,,,,,,
32,1.6420953273773193,34.24425506591797,22424,1.6420953273773193,1.484825611114502,8.303716659545898,3.0389559268951416,1.7503060102462769,0.43703222274780273,,,,,,,
32,1.6114256381988525,37.3326530456543,22449,1.6114256381988525,1.4530807733535767,9.335403442382812,3.873732566833496,2.294666051864624,0.4527949392795563,,,,,,,
32,2.109100103378296,32.16315841674805,22474,2.109100103378296,1.4282212257385254,7.291601657867432,2.6951680183410645,1.95725417137146,0.4175758361816406,,,,,,,
32,1.771135687828064,34.41464614868164,22499,1.771135687828064,1.5340182781219482,9.21914291381836,2.677741289138794,2.1060028076171875,0.4195053279399872,,,,,,,
32,1.8863418102264404,33.02019119262695,22524,1.8863418102264404,1.420080304145813,7.712386131286621,3.600156545639038,1.9661744832992554,0.4071420729160309,,,,,,,
32,1.7005367279052734,34.293190002441406,22549,1.7005367279052734,1.501430869102478,8.086652755737305,3.705117702484131,1.727369785308838,0.4282803535461426,,,,,,,
32,1.997589349746704,30.503934860229492,22574,1.997589349746704,1.3969743251800537,6.229630470275879,3.4308714866638184,1.7640000581741333,0.39294353127479553,,,,,,,
32,2.202493667602539,30.88704490661621,22599,2.202493667602539,1.4315190315246582,6.295563697814941,2.689394235610962,1.7848445177078247,0.41523829102516174,,,,,,,
32,2.179030179977417,30.528411865234375,22624,2.179030179977417,1.3594319820404053,5.7886128425598145,2.7306559085845947,2.0087621212005615,0.41424331068992615,,,,,,,
32,1.9017207622528076,32.83763122558594,22649,1.9017207622528076,1.4546159505844116,7.457766532897949,3.1564433574676514,1.8318549394607544,0.42082110047340393,,,,,,,
32,2.05537748336792,30.32976722717285,22674,2.05537748336792,1.3198795318603516,6.428194046020508,2.944240093231201,1.7290397882461548,0.3979647159576416,,,,,,,
32,2.065617084503174,31.290876388549805,22699,2.065617084503174,1.3916447162628174,6.648788928985596,2.9323368072509766,1.9371001720428467,0.40846678614616394,,,,,,,
32,2.230588436126709,32.533226013183594,22724,2.230588436126709,1.383826494216919,6.8071465492248535,2.525134801864624,2.2425358295440674,0.43499070405960083,,,,,,,
32,1.9993507862091064,31.577194213867188,22749,1.9993507862091064,1.4689452648162842,7.0179338455200195,2.972130298614502,1.8444675207138062,0.4060826301574707,,,,,,,
32,2.0787343978881836,30.39676856994629,22774,2.0787343978881836,1.475172519683838,6.180401802062988,3.061861515045166,1.5543811321258545,0.40277671813964844,,,,,,,
32,2.090730905532837,32.50755310058594,22799,2.090730905532837,1.4330928325653076,6.811864852905273,2.897808313369751,1.8391281366348267,0.4339035451412201,,,,,,,
32,1.6813701391220093,33.773101806640625,22824,1.6813701391220093,1.2991031408309937,8.539928436279297,3.036785364151001,2.0246388912200928,0.4193921685218811,,,,,,,
32,1.7338858842849731,35.94784164428711,22849,1.7338858842849731,1.4834046363830566,8.722265243530273,3.352708101272583,2.1584794521331787,0.4495774209499359,,,,,,,
32,2.0333380699157715,32.77678298950195,22874,2.0333380699157715,1.4328045845031738,7.342360973358154,2.828674077987671,1.9347221851348877,0.42751598358154297,,,,,,,
32,1.9336661100387573,33.818443298339844,22899,1.9336661100387573,1.4111377000808716,7.230856895446777,2.915018320083618,1.95051109790802,0.4513537585735321,,,,,,,
32,1.6985862255096436,37.373104095458984,22924,1.6985862255096436,1.419786810874939,10.282135963439941,3.443359136581421,2.3196282386779785,0.44240427017211914,,,,,,,
32,1.9852858781814575,32.88166046142578,22949,1.9852858781814575,1.431039571762085,7.953646659851074,2.640533924102783,2.0368659496307373,0.4182127118110657,,,,,,,
32,2.0352325439453125,32.343170166015625,22974,2.0352325439453125,1.4184678792953491,7.2446794509887695,2.718842029571533,2.3147294521331787,0.41436561942100525,,,,,,,
32,1.9357850551605225,32.70956039428711,22999,1.9357850551605225,1.4904227256774902,7.295685768127441,2.8451485633850098,2.0718488693237305,0.42236563563346863,,,,,,,
32,1.9308443069458008,32.86397933959961,23024,1.9308443069458008,1.5363399982452393,7.29359769821167,3.2785251140594482,2.0855438709259033,0.41488829255104065,,,,,,,
33,1.986350178718567,31.781301498413086,23049,1.986350178718567,1.4353173971176147,6.372221946716309,3.1229398250579834,1.7713793516159058,0.42398759722709656,,,,,,,
33,1.7856829166412354,32.177799224853516,23074,1.7856829166412354,1.4871621131896973,7.393744468688965,3.1479601860046387,1.9613538980484009,0.40416842699050903,,,,,,,
33,2.183600664138794,34.92494583129883,23099,2.183600664138794,1.3846079111099243,8.791266441345215,2.6556315422058105,1.8052754402160645,0.4508480727672577,,,,,,,
33,1.741663932800293,32.43769836425781,23124,1.741663932800293,1.3575255870819092,7.292232513427734,3.5279688835144043,1.552522897720337,0.41572102904319763,,,,,,,
33,1.8153433799743652,36.578758239746094,23149,1.8153433799743652,1.4349342584609985,9.235702514648438,3.1113924980163574,2.056196689605713,0.4609006941318512,,,,,,,
33,1.8584554195404053,32.17051315307617,23174,1.8584554195404053,1.3316011428833008,7.250824451446533,3.2968244552612305,1.8295090198516846,0.41026121377944946,,,,,,,
33,2.0773940086364746,32.079681396484375,23199,2.0773940086364746,1.3256031274795532,6.895175457000732,3.2955756187438965,1.9736508131027222,0.4131039083003998,,,,,,,
33,2.005474090576172,33.36671447753906,23224,2.005474090576172,1.4930366277694702,7.664285182952881,2.865795850753784,1.9187214374542236,0.4316639006137848,,,,,,,
33,2.07246994972229,32.16583251953125,23249,2.07246994972229,1.3162416219711304,7.046749591827393,3.189232349395752,1.6035735607147217,0.4224452078342438,,,,,,,
33,1.600412368774414,36.31001663208008,23274,1.600412368774414,1.4713001251220703,9.668336868286133,3.3558244705200195,1.989047646522522,0.4405667781829834,,,,,,,
33,1.9862521886825562,32.02126693725586,23299,1.9862521886825562,1.3714580535888672,6.882487773895264,3.032930374145508,2.0869534015655518,0.4143875241279602,,,,,,,
33,2.043058395385742,31.52705192565918,23324,2.043058395385742,1.5266872644424438,6.663654327392578,2.753358840942383,1.9582797288894653,0.41389045119285583,,,,,,,
33,1.7833514213562012,35.35628890991211,23349,1.7833514213562012,1.437781572341919,9.002589225769043,3.3456602096557617,2.0332419872283936,0.4341559410095215,,,,,,,
33,1.8885674476623535,33.77674865722656,23374,1.8885674476623535,1.4573594331741333,7.741313457489014,2.8617444038391113,2.066577196121216,0.4366612434387207,,,,,,,
33,1.7059264183044434,35.32030487060547,23399,1.7059264183044434,1.3911008834838867,8.628423690795898,3.4259254932403564,2.1515328884124756,0.4382960796356201,,,,,,,
33,1.9344723224639893,32.9226188659668,23408,1.9344723224639893,1.4477516412734985,6.975321292877197,3.329500913619995,1.9653124809265137,0.4267718493938446,,,,,,,
