case_id	source	bs	en	terms	categories	accept_en	variant_bs	variant_swaps
flores-0	flores	Naučnici sa Medicinskog fakulteta Univerziteta u Stanfordu su u ponedjeljak najavili izum novog dijagnostičkog alata koji može da sortira stanice prema tipu: maleni čip koji se može štampati i proizvoditi korištenjem standardnih tintnih štampača za oko jedan američki cent.	On Monday, scientists from the Stanford University School of Medicine announced the invention of a new diagnostic tool that can sort cells by type: a tiny printable chip that can be manufactured using standard inkjet printers for possibly about one U.S. cent each.	univerziteta	lex	university		
flores-19	flores	Ma, rođen u Hong Kongu, studirao je na Univerzitetu u New Yorku i Pravnom fakultetu Harvard, a jednom je imao i američki „zeleni karton“, odnosno dozvolu stalnog boravka.	"Born in Hong Kong, Ma studied at New York University and Harvard Law School and once held an American permanent resident ""green card""."	univerzitetu	lex	university		
flores-20	flores	Hsieh je naglasio tokom izbora da bi Ma mogao napustiti državu u vrijeme krize.	Hsieh implied during the election that Ma might flee the country during a time of crisis.	vrijeme	yat	time	Hsieh je naglasio tokom izbora da bi Ma mogao napustiti državu u vreme krize.	vrijeme>vreme
flores-28	flores	Diplomirao je na Fakultetu nauka i umjetnosti Univerziteta u Virdžiniji 1950. godine, te je bio važan donator za tu instituciju.	He graduated from the College of Arts & Sciences of the University of Virginia in 1950 and was a significant donor to that institution.	umjetnosti|univerziteta	yat|lex	arts|university	Diplomirao je na Fakultetu nauka i umetnosti Univerziteta u Virdžiniji 1950. godine, te je bio važan donator za tu instituciju.	umjetnosti>umetnosti
flores-32	flores	Nakon što su vozila ispred Alonsa otišla da natoče gorivo dok je sigurnosni automobil bio na stazi, on je krenuo po pobjedu.	As the cars ahead of Alonso went in for fuel under the safety car, he moved up the pack to take victory.	pobjedu	yat	victory	Nakon što su vozila ispred Alonsa otišla da natoče gorivo dok je sigurnosni automobil bio na stazi, on je krenuo po pobedu.	pobjedu>pobedu
flores-34	flores	Tačno u 8:46 sati ujutro prekinuta je tišina u gradu, a to je bio trenutak kada je prvi avion pogodio metu.	At exactly 8:46 a.m. a hush fell across the city, marking the exact moment the first jet struck its target.	tačno	lex	exactly	Točno u 8:46 sati ujutro prekinuta je tišina u gradu, a to je bio trenutak kada je prvi avion pogodio metu.	Tačno>Točno
flores-35	flores	Dvije svjetlosne zrake su okrenute tako da pokazuju prema nebu u toku noći.	Two beams of light have been rigged up to point skywards overnight.	dvije	yat	two	Dve svjetlosne zrake su okrenute tako da pokazuju prema nebu u toku noći.	Dvije>Dve
flores-36	flores	Na tom mjestu se gradi pet novih nebodera, a u sredini su centar za prijevoz i memorijalni park.	Construction is ongoing for five new skyscrapers at the site, with a transportation center and memorial park in the middle.	prijevoz	yat	transportation	Na tom mjestu se gradi pet novih nebodera, a u sredini su centar za prevoz i memorijalni park.	prijevoz>prevoz
flores-37	flores	Emisija PBS-a ima više od dvije desetine nagrada Emmy, a njeno prikazivanje je trajalo kraće samo od Ulice Sezam i Susjedstva gospodina Rodžersa.	The PBS show has more than two-dozen Emmy awards, and its run is shorter only than Sesame Street and Mister Rogers' Neighborhood.	dvije	yat	two	Emisija PBS-a ima više od dve desetine nagrada Emmy, a njeno prikazivanje je trajalo kraće samo od Ulice Sezam i Susjedstva gospodina Rodžersa.	dvije>dve
flores-39	flores	U svakoj emisiji daju se i preporuke za knjige koje djeca trebaju tražiti kada idu u biblioteku.	Each show would also provide recommendations for books that children should look for when they went to their library.	djeca	yat	children	U svakoj emisiji daju se i preporuke za knjige koje deca trebaju tražiti kada idu u biblioteku.	djeca>deca
flores-42	flores	Meteorolozi tvrde da će oluja, koja je aktivna na oko 645 milja (1040 km) zapadno od Zelenortskih ostrva, vjerovatno oslabiti prije nego što postane prijetnja bilo kojem kopnenom području.	The storm, situated about 645 miles (1040 km) west of the Cape Verde islands, is likely to dissipate before threatening any land areas, forecasters say.	vjerovatno	yat	likely	Meteorolozi tvrde da će oluja, koja je aktivna na oko 645 milja (1040 km) zapadno od Zelenortskih ostrva, verovatno oslabiti prije nego što postane prijetnja bilo kojem kopnenom području.	vjerovatno>verovatno
flores-45	flores	Arthur Guinness je 24. septembra 1759. godine potpisao zakup na 9.000 godina za pivaru St James‘ Gate u Dublinu u Irskoj.	On September 24, 1759, Arthur Guinness signed a 9,000 year lease for the St James' Gate Brewery in Dublin, Ireland.	septembra	lex	september	Arthur Guinness je 24. rujna 1759. godine potpisao zakup na 9.000 godina za pivaru St James‘ Gate u Dublinu u Irskoj.	septembra>rujna
flores-47	flores	Jonny Reid, suvozač tima A1GP-a sa Novog Zelanda, danas je ispisao historiju vozeći do sada najvećom brzinom preko 48 godina starog mosta Auckland Harbour na Novom Zelandu.	Jonny Reid, co-driver for the A1GP New Zealand team, today made history by driving the fastest over the 48-year-old Auckland Harbour Bridge, New Zealand, legally.	historiju	lex	history	Jonny Reid, suvozač tima A1GP-a sa Novog Zelanda, danas je ispisao istoriju vozeći do sada najvećom brzinom preko 48 godina starog mosta Auckland Harbour na Novom Zelandu.	historiju>istoriju
flores-66	flores	Nakon što je postalo jasno da brojne porodice traže pravnu pomoć u borbi protiv deložacija, 20. marta je održan sastanak u Pravnom centru zajednice East Bay za žrtve stambenih prevara.	After it became apparent that many families were seeking legal help to fight the evictions, a meeting was held on March 20 at the East Bay Community Law Center for the victims of the housing scam.	porodice	lex	families	Nakon što je postalo jasno da brojne obitelji traže pravnu pomoć u borbi protiv deložacija, 20. marta je održan sastanak u Pravnom centru zajednice East Bay za žrtve stambenih prevara.	porodice>obitelji
flores-70	flores	HK Management Inc., menadžerska kompanija benda nije navela originalni razlog prilikom otkazivanja koncerta 20. septembra, ali je već sljedećeg dana navela logističke razloge.	The band's management company, HK Management Inc., gave no initial reason when they canceled on September 20, but blamed logistical reasons by the next day.	septembra	lex	september	HK Management Inc., menadžerska kompanija benda nije navela originalni razlog prilikom otkazivanja koncerta 20. rujna, ali je već sljedećeg dana navela logističke razloge.	septembra>rujna
flores-81	flores	Hesperonychus elizabethae je vrsta iz porodice dromeosaurida i rođak je velociraptora.	Hesperonychus elizabethae is a species of the family Dromaeosauridae and is a cousin of Velociraptor .	porodice	lex	family	Hesperonychus elizabethae je vrsta iz obitelji dromeosaurida i rođak je velociraptora.	porodice>obitelji
flores-87	flores	Danas su se u zajednici Red Lejka, tokom sahrane Jeffa Weisea i još tri od ukupno devet žrtava, proširile vijesti da je još jedan student uhapšen u vezi sa školskim pucnjavama 21. marta.	News spread in the Red Lake community today as funerals for Jeff Weise and three of the nine victims were held that another student was arrested in connection with the school shootings of March 21.	vijesti	yat	news	Danas su se u zajednici Red Lejka, tokom sahrane Jeffa Weisea i još tri od ukupno devet žrtava, proširile vesti da je još jedan student uhapšen u vezi sa školskim pucnjavama 21. marta.	vijesti>vesti
flores-93	flores	To je u suprotnosti s ranijim izvještajima, u kojima je navedeno da bi ukidanje drugog izbornog kruga bilo protivustavno.	This contradicts earlier reports, which said that cancelling the runoff would have been against the constitution.	izvještajima	yat	reports	To je u suprotnosti s ranijim izveštajima, u kojima je navedeno da bi ukidanje drugog izbornog kruga bilo protivustavno.	izvještajima>izveštajima
flores-96	flores	II-76 je bio značajna komponenta kako ruske tako i sovjetske vojske od 1970-ih godina i već je doživio ozbiljnu nesreću u Rusiji prošlog mjeseca.	The Il-76 has been a major component of both the Russian and Soviet military since the 1970s, and had already seen a serious accident in Russia last month.	mjeseca	yat	month	II-76 je bio značajna komponenta kako ruske tako i sovjetske vojske od 1970-ih godina i već je doživio ozbiljnu nesreću u Rusiji prošlog meseca.	mjeseca>meseca
flores-97	flores	Motor je 7. oktobra otpao prilikom polijetanja, mada nije bilo povrijeđenih. Rusija je ubrzo nakon te nesreće prizemljila Il-76.	On October 7 an engine separated on takeoff, without injuries. Russia briefly grounded Il-76s after that accident.	oktobra	lex	october	Motor je 7. listopada otpao prilikom polijetanja, mada nije bilo povrijeđenih. Rusija je ubrzo nakon te nesreće prizemljila Il-76.	oktobra>listopada
flores-98	flores	Transaljaski naftovod dug 800 milja je zatvoreno nakon što je hiljade barela sirove nafte prosuto južno od Fairbanksa na Aljasci.	800 miles of the Trans-Alaska Pipeline System were closed down following a spill of thousands of barrels of crude oil south of Fairbanks, Alaska.	hiljade	lex	thousands	Transaljaski naftovod dug 800 milja je zatvoreno nakon što je tisuće barela sirove nafte prosuto južno od Fairbanksa na Aljasci.	hiljade>tisuće
flores-105	flores	U najnovijem mjesečnom izvještaju, OPEC je naveo da se izvoz sirove nafte, koji iznosi 2,9 miliona barela dnevno, srozao na najniži nivo u posljednje dvije decenije.	In its most recent monthly report, OPEC said exports of crude had fallen to their lowest level for two decades at 2.8 million barrels per day.	izvještaju	yat	report	U najnovijem mjesečnom izveštaju, OPEC je naveo da se izvoz sirove nafte, koji iznosi 2,9 miliona barela dnevno, srozao na najniži nivo u posljednje dvije decenije.	izvještaju>izveštaju
flores-107	flores	Kada kapsula dođe do Zemlje i uđe u atmosferu, očekuje se da će oko 5 sati ujutro (prema istočnom vremenu) prirediti pravu svjetlosnu predstavu za sve u sjevernoj Kaliforniji, Oregonu, Nevadi i Utahu.	When the capsule gets to Earth and enters the atmosphere, at about 5am (eastern time), it is expected to put on quite a light show for folks in Northern California, Oregon, Nevada, and Utah.	sjevernoj	yat	northern	Kada kapsula dođe do Zemlje i uđe u atmosferu, očekuje se da će oko 5 sati ujutro (prema istočnom vremenu) prirediti pravu svjetlosnu predstavu za sve u severnoj Kaliforniji, Oregonu, Nevadi i Utahu.	sjevernoj>severnoj
flores-111	flores	„Stardustov voditelj projekta Tom Duxbury, je rekao: „Preći će preko zapadne obale sjeverne Kalifornije i osvijetliti nebo od Kalifornije, preko srednjeg Oregona, sve do Nevade, Idaha i Utaha“.	“It will move over the west coast of northern California and will light the sky from California through central Oregon and on through Nevada and Idaho and into Utah,” Tom Duxbury, Stardust's project manager said.	sjeverne	yat	northern	„Stardustov voditelj projekta Tom Duxbury, je rekao: „Preći će preko zapadne obale severne Kalifornije i osvijetliti nebo od Kalifornije, preko srednjeg Oregona, sve do Nevade, Idaha i Utaha“.	sjeverne>severne
flores-114	flores	To je najveće preuzimanje u historiji eBaya.	It is the biggest acquisition in eBay's history.	historiji	lex	history	To je najveće preuzimanje u istoriji eBaya.	historiji>istoriji
flores-115	flores	Kompanija želi učiniti izvore zarade raznovrsnijim i steći popularnost u područjima u kojima Skype drži snažnu poziciju, kao što su Kina, Istočna Evropa i Brazil.	The company hopes to diversify its profit sources and gain popularity in areas where Skype holds a strong position, such as China, Eastern Europe, and Brazil.	evropa	lex	europe	Kompanija želi učiniti izvore zarade raznovrsnijim i steći popularnost u područjima u kojima Skype drži snažnu poziciju, kao što su Kina, Istočna Europa i Brazil.	Evropa>Europa
flores-122	flores	Ambasada Sjedinjenih Država u Nairobiju u Keniji izdala je upozorenje da „ekstremisti iz Somalije“ planiraju da izvedu samoubilačke bombaške napade u Keniji i Etiopiji.	"The United States embassy located in Nairobi, Kenya has issued a warning that ""extremists from Somalia"" are planning to launch suicide bomb attacks in Kenya and Ethiopia."	ambasada	lex	embassy		
flores-124	flores	Kad su 1988. godine bili studenti na Univerzitetu u Washingtonu, mnogo prije Daily Showa i Colbertovog izvještaja, Heck i Johnson zamislili su publikaciju koja bi predstavljala parodiju na vijesti—i novinsko izvještavanje.	Long before The Daily Show and The Colbert Report, Heck and Johnson envisioned a publication that would parody the news—and news reporting—when they were students at UW in 1988.	izvještaja|vijesti	yat|yat	report|news	Kad su 1988. godine bili studenti na Univerzitetu u Washingtonu, mnogo prije Daily Showa i Colbertovog izveštaja, Heck i Johnson zamislili su publikaciju koja bi predstavljala parodiju na vesti—i novinsko izvještavanje.	izvještaja>izveštaja|vijesti>vesti
flores-129	flores	Ovaj grad će biti prvi grad u jugoistočnoj Evropi koji će ugostiti CowParade, najveći javni umjetnički događaj na svijetu, između juna i avgusta ove godine.	The city will be the first in southeastern Europe to host CowParade, the world's largest public art event, between June and August this year.	evropi|svijetu|juna	lex|yat|lex	europe|world|june	Ovaj grad će biti prvi grad u jugoistočnoj Europi koji će ugostiti CowParade, najveći javni umjetnički događaj na svetu, između lipnja i avgusta ove godine.	Evropi>Europi|svijetu>svetu|juna>lipnja
flores-138	flores	Ljudima može naškoditi udisanje zahvaćenih vodenih čestica koje u zrak podižu vjetar i valovi.	Humans can be affected by breathing affected water taken into the air by wind and waves.	vjetar	yat	wind	Ljudima može naškoditi udisanje zahvaćenih vodenih čestica koje u zrak podižu vetar i valovi.	vjetar>vetar
flores-153	flores	Pretpostavlja se da je ovo peti put u historiji da su ljudi posmatrali nešto što se pokazalo da je hemijski potvrđeni materijal s Marsa koji je pao na Zemlju.	This is believed to be the fifth time in history that people have observed what turned out to be chemically confirmed martian material falling to Earth.	historiji	lex	history	Pretpostavlja se da je ovo peti put u istoriji da su ljudi posmatrali nešto što se pokazalo da je hemijski potvrđeni materijal s Marsa koji je pao na Zemlju.	historiji>istoriji
flores-155	flores	Petnaest ovih stijena pripisuje se kiši meteora od prošlog jula.	Fifteen of these rocks are attributed to the meteorite shower last July.	jula	lex	july	Petnaest ovih stijena pripisuje se kiši meteora od prošlog srpnja.	jula>srpnja
flores-169	flores	Peri je izričito rekao: „Malo je bolje opremljenih mjesta na svijetu za pružanje odgovora na izazov u ovom slučaju.“	"Perry specifically said, ""There are few places in the world better equipped to meet the challenge that is posed in this case."""	svijetu	yat	world	Peri je izričito rekao: „Malo je bolje opremljenih mjesta na svetu za pružanje odgovora na izazov u ovom slučaju.“	svijetu>svetu
flores-170	flores	Guverner je rekao i sljedeće: „Danas smo saznali da su neka djeca školske dobi imala kontakt s pacijentom.“	"The governor also stated, ""Today, we learned that some school aged children have been identified as having had contact with the patient."""	djeca	yat	children	Guverner je rekao i sljedeće: „Danas smo saznali da su neka deca školske dobi imala kontakt s pacijentom.“	djeca>deca
flores-177	flores	U vrijeme dodjele nagrade, škole u Atlanti su napravile veliki napredak u rezultatima testova.	At the time of the award, Atlanta schools had seen a large improvement on test scores.	vrijeme	yat	time	U vreme dodjele nagrade, škole u Atlanti su napravile veliki napredak u rezultatima testova.	vrijeme>vreme
flores-178	flores	Nedugo zatim su novine Atlanta Journal-Constitution objavile izvještaj koji pokazuje probleme sa rezultatima ispitivanja.	Shortly after, The Atlanta Journal-Constitution published a report showing problems with test results.	izvještaj	yat	report	Nedugo zatim su novine Atlanta Journal-Constitution objavile izveštaj koji pokazuje probleme sa rezultatima ispitivanja.	izvještaj>izveštaj
flores-179	flores	Izvještaj je pokazao da su se rezultati testa nevjerovatno brzo povećali i naveo da je škola uočila interne probleme, ali da nije reagovala nakon tih saznanja.	The report showed test scores had increased implausibly fast, and alleged the school internally detected problems but didn't act on the findings.	izvještaj	yat	report	Izveštaj je pokazao da su se rezultati testa nevjerovatno brzo povećali i naveo da je škola uočila interne probleme, ali da nije reagovala nakon tih saznanja.	Izvještaj>Izveštaj
flores-183	flores	Ministar zdravstva izrazio je zabrinutost ne samo za dobrobit pojedinaca koji koriste privremenu zakonsku dozvolu za korištenje supstanci o kojima je riječ, već i za presude u vezi sa drogom izrečene od kada su na snagu stupile sada neustavne promjene.	The Health Minister expressed concern both for the welfare of individuals taking advantage of the temporary legality of the substances involved, and for drug-related convictions handed down since the now-unconstitutional changes came into effect.	promjene	yat	changes	Ministar zdravstva izrazio je zabrinutost ne samo za dobrobit pojedinaca koji koriste privremenu zakonsku dozvolu za korištenje supstanci o kojima je riječ, već i za presude u vezi sa drogom izrečene od kada su na snagu stupile sada neustavne promene.	promjene>promene
flores-185	flores	Boravio je u hotelu tima uoči utakmice planirane za nedjelju protiv Bolonje.	He was staying in the team hotel ahead of a match planned for Sunday against Bolonia.	nedjelju	yat	sunday	Boravio je u hotelu tima uoči utakmice planirane za nedelju protiv Bolonje.	nedjelju>nedelju
flores-187	flores	U subotu u 01:15, prema svjedocima, autobus je prolazio kroz zeleno svjetlo kada je automobil skrenuo ispred njega.	At 1:15 a.m. Saturday, according to witnesses, the bus was going through a green light when the car made a turn in front of it.	svjetlo	yat	light	U subotu u 01:15, prema svjedocima, autobus je prolazio kroz zeleno svetlo kada je automobil skrenuo ispred njega.	svjetlo>svetlo
flores-197	flores	Predsjednik je trenutno u stabilnom stanju, iako će nekoliko dana biti u kućnoj izolaciji.	The president's condition is stable, though he will be isolated at home for several days.	predsjednik	yat	president	Predsednik je trenutno u stabilnom stanju, iako će nekoliko dana biti u kućnoj izolaciji.	Predsjednik>Predsednik
flores-198	flores	„Osim groznice i upale grla, osjećam se dobro i u dobroj formi da svoj posao obavljam putem telefona.“	"""Apart from the fever and a sore throat, I feel well and in good shape to carry out my work by telecommuting."	osjećam	yat	feel	„Osim groznice i upale grla, osećam se dobro i u dobroj formi da svoj posao obavljam putem telefona.“	osjećam>osećam
flores-208	flores	Kako navode izvještaji, eksplozija stana u ulici Macbeth uzrokovan je curenjem plina.	According to reports, an apartment on Macbeth Street exploded due to a gas leak.	izvještaji	yat	reports	Kako navode izveštaji, eksplozija stana u ulici Macbeth uzrokovan je curenjem plina.	izvještaji>izveštaji
flores-232	flores	Vlasti još uvijek ne znaju njegovo ime, iako znaju da pripada ujgurskoj etničkoj grupi.	His name is still unknown to authorities, although they do know he is a member of the Uighur ethnic group.	uvijek	yat	still	Vlasti još uvek ne znaju njegovo ime, iako znaju da pripada ujgurskoj etničkoj grupi.	uvijek>uvek
flores-233	flores	Nadia, rođena 17. septembra 2007. godine na carski rez u porodilištu u Aleisku u Rusiji, bila je teška čitavih 17 funti i 1 uncu.	Nadia, born on September 17, 2007, by Cesarean section at a maternity clinic in Aleisk, Russia, weighed in at a massive 17 pounds 1 ounce.	septembra	lex	september	Nadia, rođena 17. rujna 2007. godine na carski rez u porodilištu u Aleisku u Rusiji, bila je teška čitavih 17 funti i 1 uncu.	septembra>rujna
flores-239	flores	Problem je nastao 1. januara kada su desetine lokalnih stanovnika uložile žalbu Poštanskom uredu Obanazawa jer nisu primili tradicionalne i redovne novogodišnje čestitke.	The issue started on January 1st when dozens of local residents started complaining to the Obanazawa Post Office that they hadn't received their traditional and regular New Year cards.	januara	lex	january	Problem je nastao 1. siječnja kada su desetine lokalnih stanovnika uložile žalbu Poštanskom uredu Obanazawa jer nisu primili tradicionalne i redovne novogodišnje čestitke.	januara>siječnja
flores-241	flores	Bespilotna svemirska letjelica Chandrayaan-1, koja orbitira oko Mjeseca, izbacila je sondu za pad na Mjesec (MIP), koja je udarila u površinu Mjeseca brzinom od 1,5 kilometara u sekundi (3000 milja na sat) , pa se uspješno spustila u blizini Mjesečevog južnog pola.	The unmanned lunar orbiter Chandrayaan-1 ejected its Moon Impact Probe (MIP), which hurtled across the surface of the Moon at 1.5 kilometres per second (3000 miles per hour), and successfully crash landed near the Moon's south pole.	uspješno	yat	successfully	Bespilotna svemirska letjelica Chandrayaan-1, koja orbitira oko Mjeseca, izbacila je sondu za pad na Mjesec (MIP), koja je udarila u površinu Mjeseca brzinom od 1,5 kilometara u sekundi (3000 milja na sat) , pa se uspešno spustila u blizini Mjesečevog južnog pola.	uspješno>uspešno
flores-246	flores	Od pakistanske neovisnosti od britanske vladavine 1947. godine, pakistanski predsjednik imenovao je „političke agente“ za upravljanje FATA-om, koja vrši skoro potpunu autonomnu kontrolu nad područjima.	"Since Pakistani independence from British rule in 1947, the Pakistani President has appointed ""Political Agents"" to govern FATA, who exercise near-complete autonomous control over the areas."	predsjednik	yat	president	Od pakistanske neovisnosti od britanske vladavine 1947. godine, pakistanski predsednik imenovao je „političke agente“ za upravljanje FATA-om, koja vrši skoro potpunu autonomnu kontrolu nad područjima.	predsjednik>predsednik
flores-249	flores	U zgradi je živjelo nekoliko hodočasnika koji su došli u posjetu svetom gradu uoči hodočašća hadža.	The building housed a number of pilgrims who came to visit the holy city at the eve of hajj pilgrimage.	posjetu	yat	visit	U zgradi je živjelo nekoliko hodočasnika koji su došli u posetu svetom gradu uoči hodočašća hadža.	posjetu>posetu
flores-261	flores	Nigerija je prethodno najavila da se planirala pridružiti AfCFTA-i u sedmici prije samita.	Nigeria previously announced it planned to join the AfCFTA in the week leading up to the summit.	sedmici	lex	week		
flores-263	flores	Komesar je rekao: „Još nismo postigli dogovor o pravilima o porijeklu i carinskim koncesijama, ali okvir koji imamo dovoljan je da počnemo s trgovinom 1. jula 2020. godine.“	"The commissioner said, ""We haven't yet agreed on rules of origin and tariff con[c]essions, but the framework we have is enough to start trading on July 1, 2020""."	jula	lex	july	Komesar je rekao: „Još nismo postigli dogovor o pravilima o porijeklu i carinskim koncesijama, ali okvir koji imamo dovoljan je da počnemo s trgovinom 1. srpnja 2020. godine.“	jula>srpnja
flores-284	flores	Prošlog mjeseca održani su masovni protesti u Poljskoj kada je država potpisala ACTA-u, zbog čega je Vlada Poljske odlučila da za sada ne ratificira taj sporazum.	Last month, there were major protests in Poland when that country signed ACTA, which has led to the Polish government deciding not to ratify the agreement, for now.	mjeseca	yat	month	Prošlog meseca održani su masovni protesti u Poljskoj kada je država potpisala ACTA-u, zbog čega je Vlada Poljske odlučila da za sada ne ratificira taj sporazum.	mjeseca>meseca
flores-289	flores	Međunarodna karta zemljotresa Američkog geološkog instituta nije pokazala zemljotrese na Islandu sedmicu ranije.	The United States Geological Survey international earthquake map showed no earthquakes in Iceland in the week prior.	sedmicu	lex	week		
flores-298	flores	Do izmjene je došlo na ovoj zakonodavnoj sjednici, kada je drugu rečenicu prvo izbrisao Predstavnički dom, a potom je Senat usvojio u sličnom obliku u ponedjeljak.	A change was made this legislative session when the second sentence was deleted first by the House of Representatives and then was passed in a similar form by the Senate Monday.	sjednici	yat	session	Do izmjene je došlo na ovoj zakonodavnoj sednici, kada je drugu rečenicu prvo izbrisao Predstavnički dom, a potom je Senat usvojio u sličnom obliku u ponedjeljak.	sjednici>sednici
flores-302	flores	Francuski zakon je promijenjen. Njegov aktivizam datira otkad je imao 15. godina, kada se pridružio francuskom otporu tokom Drugog svjetskog rata.	French law was changed. His activism went back to age 15 when he joined the French Resistance during World War II.	svjetskog	yat	world	Francuski zakon je promijenjen. Njegov aktivizam datira otkad je imao 15. godina, kada se pridružio francuskom otporu tokom Drugog svetskog rata.	svjetskog>svetskog
flores-308	flores	Bivši olimpijski i svjetski prvak, Saito je u vrijeme smrti bio predsjednik Odbora federacije džudoa u Japanu.	As well as a former Olympic and World champion, Saito was the All Japan Judo Federation training committee chairman at the time of his death.	svjetski	yat	world	Bivši olimpijski i svetski prvak, Saito je u vrijeme smrti bio predsjednik Odbora federacije džudoa u Japanu.	svjetski>svetski
flores-314	flores	U bilješkama je koristio riječi koje su neki roditelji smatrali grubima, a navodno je na časovima koristio i psovke.	In his notes he used words which some parents considered coarse, and he reportedly used profanity in class.	riječi	yat	words	U bilješkama je koristio reči koje su neki roditelji smatrali grubima, a navodno je na časovima koristio i psovke.	riječi>reči
flores-315	flores	Modern Education ga je optužio za štampanje velikih reklama na autobusima bez odobrenja i za laganje da je glavni nastavnik engleskog jezika.	Modern Education accused him of printing large advertisements on buses without authorisation and lying by saying that he was the chief English tutor.	štampanje	lex	printing		
flores-331	flores	Proglašen je za najboljeg igrača u historiji Partizana 1995. godine.	In 1995 he was voted the best player in Partizan's history.	historiji	lex	history	Proglašen je za najboljeg igrača u istoriji Partizana 1995. godine.	historiji>istoriji
flores-332	flores	Proslava je počela posebnom predstavom koju je izveo svjetski poznati Cirque du Soleil.	The celebrations started with a special show by the world-renowned group Cirque du Soleil.	svjetski	yat	world	Proslava je počela posebnom predstavom koju je izveo svetski poznati Cirque du Soleil.	svjetski>svetski
flores-343	flores	Naked News je prošle sedmice najavio da će dramatično povećati međunarodno izvještavanje vijesti na stranim jezicima, s tri nova jezika.	Last week, Naked News announced that it would dramatically increase its international language mandate to news reporting, with three new broadcasts.	sedmice	lex	week		
flores-359	flores	Naučnici ovaj proces nazivaju „stimuliranom emisijom zračenja“ jer jarko svjetlo stimulira atome, što uzrokuje emisiju fotona svjetlosti, a svjetlost predstavlja vrstu zračenja.	"Scientists call this process ""stimulated emission of radiation"" because the atoms are stimulated by the bright light, causing the emission of a photon of light, and light is a type of radiation."	svjetlo	yat	light	Naučnici ovaj proces nazivaju „stimuliranom emisijom zračenja“ jer jarko svetlo stimulira atome, što uzrokuje emisiju fotona svjetlosti, a svjetlost predstavlja vrstu zračenja.	svjetlo>svetlo
flores-365	flores	To je zato što struja koja dolazi do utičnice na koju se postavlja metalni dio sijalice može uzrokovati jak strujni udar ako dodirnete unutrašnjost utičnice ili metalnu bazu sijalice dok je sijalica jednim dijelom još uvijek u utičnici.	This is because electricity flowing into the socket where the metallic part of bulb sits can give you a severe electric shock if you touch the inside of the socket or the metal base of the bulb while it is still partly in the socket.	uvijek	yat	still	To je zato što struja koja dolazi do utičnice na koju se postavlja metalni dio sijalice može uzrokovati jak strujni udar ako dodirnete unutrašnjost utičnice ili metalnu bazu sijalice dok je sijalica jednim dijelom još uvek u utičnici.	uvijek>uvek
flores-375	flores	Sunce nema koru kao Zemlja na kojoj možete da stojite. Cijelo Sunce sačinjeno je od gasova, vatre i plazme.	The Sun doesn't have a crust like the Earth that you can stand on. The whole Sun is made out of gases, fire, and plasma.	cijelo	yat	whole	Sunce nema koru kao Zemlja na kojoj možete da stojite. Celo Sunce sačinjeno je od gasova, vatre i plazme.	Cijelo>Celo
flores-389	flores	Sanskrit je drevni jezik koji se može porediti s latinskim koji se govorio u Evropi.	Sanskrit is an ancient language and is comparable to the Latin language spoken in Europe.	evropi	lex	europe	Sanskrit je drevni jezik koji se može porediti s latinskim koji se govorio u Europi.	Evropi>Europi
flores-409	flores	Većina predmeta zakopanih sa Tutankamonom su dobro očuvani, uključujući i hiljade predmeta napravljenih od plemenitih metala i rijetkog kamenja.	Most of the items buried with Tutankhamun have been well preserved, including thousands of artefacts made from precious metals and rare stones.	hiljade	lex	thousands	Većina predmeta zakopanih sa Tutankamonom su dobro očuvani, uključujući i tisuće predmeta napravljenih od plemenitih metala i rijetkog kamenja.	hiljade>tisuće
flores-416	flores	Postoje različite procjene o tome koliko ljudi govori hindu jezik. Procjenjuje se da je po broju govornika između drugog i četvrtog jezika u svijetu.	There are varying estimates for how many people speak Hindi. It is estimated to be between the second and fourth most commonly spoken language in the world.	procjene|procjenjuje	yat|yat	estimates|estimated	Postoje različite procene o tome koliko ljudi govori hindu jezik. Procenjuje se da je po broju govornika između drugog i četvrtog jezika u svijetu.	procjene>procene|Procjenjuje>Procenjuje
flores-418	flores	Procjene se kreću od 340 do 500 miliona govornika, a čak 800 miliona ljudi razumije taj jezik.	Estimates range from 340 million to 500 million speakers, and as many as 800 million people can understand the language.	procjene	yat	estimates	Procene se kreću od 340 do 500 miliona govornika, a čak 800 miliona ljudi razumije taj jezik.	Procjene>Procene
flores-423	flores	Vremenom su srasle mnoge riječi koje su posuđene iz njemačkog jezika. To je bio početak prosvjetiteljstva.	As time passed, many words that were borrowed from German coalesced. This was the beginning of enlightenment.	riječi	yat	words	Vremenom su srasle mnoge reči koje su posuđene iz njemačkog jezika. To je bio početak prosvjetiteljstva.	riječi>reči
flores-425	flores	Međutim, Charles je pohađao univerzitet na Trinity Collegeu u Cambridgeu, na kojem je studirao antropologiju i arheologiju, a kasnije i historiju, te stekao diplomu koja odražava dobar uspjeh na studiju.	However, Charles went to university at Trinity College, Cambridge where he studied Anthropology and Archaeology, and later History, earning a 2:2 (a lower second class degree).	univerzitet|historiju	lex|lex	university|history	Međutim, Charles je pohađao univerzitet na Trinity Collegeu u Cambridgeu, na kojem je studirao antropologiju i arheologiju, a kasnije i istoriju, te stekao diplomu koja odražava dobar uspjeh na studiju.	historiju>istoriju
flores-426	flores	Charles je bio prvi član britanske kraljevske porodice kojem je dodijeljena diploma.	Charles was the first member of the British Royal Family to be awarded a degree.	porodice	lex	family	Charles je bio prvi član britanske kraljevske obitelji kojem je dodijeljena diploma.	porodice>obitelji
flores-429	flores	Površina Turske, uključujući jezera, zauzima 783.562 kvadratna kilometra (300.948 kv. mi.), od čega se 755.688 kvadratnih kilometara (291.773 kv. mi.) nalazi u jugozapadnoj Aziji, a 23.764 kvadratnih kilometara (9.174 kv. mi.) u Evropi.	Turkey's area, including lakes, occupies 783,562 square kilometres (300,948 sq mi), of which 755,688 square kilometres (291,773 sq mi) are in south west Asia and 23,764 square kilometres (9,174 sq mi) in Europe.	evropi	lex	europe	Površina Turske, uključujući jezera, zauzima 783.562 kvadratna kilometra (300.948 kv. mi.), od čega se 755.688 kvadratnih kilometara (291.773 kv. mi.) nalazi u jugozapadnoj Aziji, a 23.764 kvadratnih kilometara (9.174 kv. mi.) u Europi.	Evropi>Europi
flores-431	flores	Turska je okružena morima s tri strane: Egejsko more na zapadu, Crno more na sjeveru i Sredozemno more na jugu.	Turkey is encircled by seas on three sides: the Aegean Sea to the west, the Black Sea to the north and the Mediterranean Sea to the south.	sjeveru	yat	north	Turska je okružena morima s tri strane: Egejsko more na zapadu, Crno more na severu i Sredozemno more na jugu.	sjeveru>severu
flores-433	flores	Današnji dijelovi Belgije u prošlosti su bili dio Luksemburga, ali nakon Belgijske revolucije do koje je došlo 1830-ih godina postali su dio Belgije.	Present-day parts of Belgium were part of Luxembourg in the past but became Belgian after the 1830s Belgian Revolution.	dijelovi	yat	parts	Današnji delovi Belgije u prošlosti su bili dio Luksemburga, ali nakon Belgijske revolucije do koje je došlo 1830-ih godina postali su dio Belgije.	dijelovi>delovi
flores-437	flores	Smatra se da je 1649. godine Zhabdrung Ngawang Namgyel izgradio tvrđavu u čast svoje pobjede protiv tibetansko-mongolskih sila.	It is said that in 1649, Zhabdrung Ngawang Namgyel created the fortress to commemorate his victory against the Tibetan-Mongol forces.	pobjede	yat	victory	Smatra se da je 1649. godine Zhabdrung Ngawang Namgyel izgradio tvrđavu u čast svoje pobede protiv tibetansko-mongolskih sila.	pobjede>pobede
flores-448	flores	Svake godine oko mjeseca oktobra skoro 1,5 milion biljojeda zbog kiše migrira sa sjevernih brda ka južnim nizijama, prelazeći preko rijeke Mara.	Every year around October nearly 1.5 million herbivores travel towards the southern plains, crossing the Mara River, from the northern hills for the rains.	oktobra|rijeke	lex|yat	october|river	Svake godine oko mjeseca listopada skoro 1,5 milion biljojeda zbog kiše migrira sa sjevernih brda ka južnim nizijama, prelazeći preko reke Mara.	oktobra>listopada|rijeke>reke
flores-449	flores	A onda nazad na sjever u pravcu zapada, ponovo prelazeći rijeku Maru, nakon kiša oko aprila.	And then back to the north through the west, once again crossing the Mara river, after the rains in around April.	aprila	lex	april	A onda nazad na sjever u pravcu zapada, ponovo prelazeći rijeku Maru, nakon kiša oko travnja.	aprila>travnja
flores-451	flores	Učenje kreiranja interaktivnih medija zahtijeva konvencionalne i tradicionalne vještine, kao i alate koji su naučeni u interaktivnoj nastavi (uređivanje priča, uređivanje audio i videozapisa, pripovijedanje priča itd.)	Learning to create interactive media requires conventional and traditional skills, as well as tools mastered in interactive classes (storyboarding, audio and video editing, story telling, etc.)	zahtijeva|vještine	yat|yat	requires|skills	Učenje kreiranja interaktivnih medija zahteva konvencionalne i tradicionalne veštine, kao i alate koji su naučeni u interaktivnoj nastavi (uređivanje priča, uređivanje audio i videozapisa, pripovijedanje priča itd.)	zahtijeva>zahteva|vještine>veštine
flores-465	flores	Čak i ako stojite usred hiljadu godina starih ruševina, jednostavno je prizvati zvuke i mirise davnih borbi, skoro da možete čuti lupkanje kopita po kaldrmi i osjetiti strah iz tamnica.	Even standing amidst thousand year-old ruins it is easy to bring to mind the sounds and smells of battles long gone, to almost hear the clatter of hooves on the cobbles and to smell the fear rising from the dungeon pits.	hiljadu	lex	thousand	Čak i ako stojite usred tisuću godina starih ruševina, jednostavno je prizvati zvuke i mirise davnih borbi, skoro da možete čuti lupkanje kopita po kaldrmi i osjetiti strah iz tamnica.	hiljadu>tisuću
flores-473	flores	Ovo je prestavljalo važnu promjenu, jer evropske sile više nisu imale razlog da ratuju pod izgovorom da se radi o vjerskim ratovima. To znači da je Tridesetogodišnji rat bio posljednji rat koji se vodio kao vjerski rat.	This marked an important change, as European powers would no longer have the pretext of being religious wars. Thus, the Thirty Years' War would be the last war to be labeled a religious war.	promjenu	yat	change	Ovo je prestavljalo važnu promenu, jer evropske sile više nisu imale razlog da ratuju pod izgovorom da se radi o vjerskim ratovima. To znači da je Tridesetogodišnji rat bio posljednji rat koji se vodio kao vjerski rat.	promjenu>promenu
flores-474	flores	Hram Artemide u Efezu je srušen 21. jula 356. godine p.n.e. u požaru koji je podmetnuo Herostratus.	The temple of Artemis at Ephesus was destroyed on July 21, 356 BCE in an act of arson committed by Herostratus.	jula	lex	july	Hram Artemide u Efezu je srušen 21. srpnja 356. godine p.n.e. u požaru koji je podmetnuo Herostratus.	jula>srpnja
flores-492	flores	Civilizacija je procvjetala u slivu rijeke Ind, odakle njeno ime i potječe.	The civilisation flourished in the basins of the Indus River wherefore it derives its name.	rijeke	yat	river	Civilizacija je procvjetala u slivu reke Ind, odakle njeno ime i potječe.	rijeke>reke
flores-501	flores	Djeca prilično rano razvijaju svijest o rasi i rasnim stereotipima koji utječu na njihovo ponašanje.	Children develop an awareness of race and racial stereotypes quite young and these racial stereotypes affect behavior.	svijest	yat	awareness	Djeca prilično rano razvijaju svest o rasi i rasnim stereotipima koji utječu na njihovo ponašanje.	svijest>svest
flores-509	flores	To nije teškoća u učenju, nego poremećaj učenja. koji „pogađa 3 do 5 posto sve djece, a moguće čak i 2 miliona američke djece.“	"It is not a learning disability, it is a learning disorder; it ""affects 3 to 5 percent of all children, perhaps as many as 2 million American children""."	djece	yat	children	To nije teškoća u učenju, nego poremećaj učenja. koji „pogađa 3 do 5 posto sve dece, a moguće čak i 2 miliona američke dece.“	djece>dece
flores-513	flores	S obzirom na to da se sposobnost usvajanja znanja i učenja promijenila na prethodno naveden način, promijenila se i osnovna stopa usvajanja znanja.	As the ability to obtain knowledge and to learn changed in such a way as mentioned above the base rate at which knowledge was obtained changed.	promijenila	yat	changed	S obzirom na to da se sposobnost usvajanja znanja i učenja promenila na prethodno naveden način, promenila se i osnovna stopa usvajanja znanja.	promijenila>promenila
flores-520	flores	Neki ljudi vjeruju da mnogo umjetno izazvanih lucidnih snova često može biti iscrpljujuće.	Some people believe that experiencing many artificially induced lucid dreams often enough can be very exhausting.	vjeruju	yat	believe	Neki ljudi veruju da mnogo umjetno izazvanih lucidnih snova često može biti iscrpljujuće.	vjeruju>veruju
flores-525	flores	Italijanima u sjevernoj Africi stvari nisu baš najbolje krenule. U roku od jedne sedmice od italijanske objave rata 10. juna 1940. godine, britanska 11. husarska pukovnija zauzela je tvrđavu Capuzzo u Libiji.	Things did not go well for the Italians in North Africa almost from the start. Within a week of Italy's declaration of war on June 10, 1940, the British 11th Hussars had seized Fort Capuzzo in Libya.	sjevernoj|sedmice|juna	yat|lex|lex	north|week|june	Italijanima u severnoj Africi stvari nisu baš najbolje krenule. U roku od jedne sedmice od italijanske objave rata 10. lipnja 1940. godine, britanska 11. husarska pukovnija zauzela je tvrđavu Capuzzo u Libiji.	sjevernoj>severnoj|juna>lipnja
flores-527	flores	Maršal Italo Balbo, generalni guverner Libije i očigledni Mussolinijev nasljednik, ubijen je 28. juna od prijateljske vatre dok je slijetao u Tobruk.	On June 28, Marshal Italo Balbo, the Governor-General of Libya and apparent heir to Mussolini, was killed by friendly fire while landing in Tobruk.	juna	lex	june	Maršal Italo Balbo, generalni guverner Libije i očigledni Mussolinijev nasljednik, ubijen je 28. lipnja od prijateljske vatre dok je slijetao u Tobruk.	juna>lipnja
flores-528	flores	Moderno mačevanje se prakticira na mnogo nivoa, od studenata koji ga uče na univerzitetu do profesionalnih i olimpijskih takmičenja.	The modern sport of fencing is played at many levels, from students learning at a university to professional and Olympic competition.	univerzitetu	lex	university		
flores-535	flores	To je kada ljudi odlaze na neko mjesto koje se značajno razlikuje od njihovog svakodnevnog života da bi se opustili i zabavili.	This is when people go to a place that is very different from their regular day-to-day life to relax and have fun.	mjesto	yat	place	To je kada ljudi odlaze na neko mesto koje se značajno razlikuje od njihovog svakodnevnog života da bi se opustili i zabavili.	mjesto>mesto
flores-537	flores	Ukoliko je cilj posjete određenoj destinaciji upoznavanje njene historije i kulture, ta vrsta turizma se naziva kulturni turizam.	If the objective of one’s visit to a particular place is to get to know its history and culture then this type of tourism is known as cultural tourism.	posjete|historije	yat|lex	visit|history	Ukoliko je cilj posete određenoj destinaciji upoznavanje njene istorije i kulture, ta vrsta turizma se naziva kulturni turizam.	posjete>posete|historije>istorije
flores-542	flores	Kada je plima uzrokovala pukotinu duž rijeke Mystic, sjeveroistočno od poluostrva, oni su brzo produžili ogradu kratkim kamenim zidom u pravcu sjevera koji se završava na maloj plaži.	When low tide opened a gap along the Mystic River along the northeast of the peninsula, they quickly extended the fence with a short stone wall to the north ending at the water's edge on a small beach.	sjevera	yat	north	Kada je plima uzrokovala pukotinu duž rijeke Mystic, sjeveroistočno od poluostrva, oni su brzo produžili ogradu kratkim kamenim zidom u pravcu severa koji se završava na maloj plaži.	sjevera>severa
flores-549	flores	Naravno, vrhunski polumaratonac, čovjek koji može oboriti rekord od dvije minute, mora imati priličnu brzinu, ali po svaku cijenu mora održavati izdržljivost.	Of course a first-class half-miler, a man who can beat two minutes, must be possessed of a fair amount of speed, but endurance must be cultivated at all hazards.	čovjek	yat	man	Naravno, vrhunski polumaratonac, čovek koji može oboriti rekord od dvije minute, mora imati priličnu brzinu, ali po svaku cijenu mora održavati izdržljivost.	čovjek>čovek
flores-550	flores	Najbolja priprema za sezonu trčanja je trčanje po cijeloj zemlji za vrijeme zime i treniranje gornjeg dijela tijela u teretanama.	Some cross country running during the winter, combined with gymnasium work for the upper part of the body, is the best preparation for the running season.	dijela	yat	part	Najbolja priprema za sezonu trčanja je trčanje po cijeloj zemlji za vrijeme zime i treniranje gornjeg dela tijela u teretanama.	dijela>dela
flores-552	flores	Održavanje zdrave energetske ravnoteže, prakticiranje učinkovitih navika hidratacije i razumijevanje različitih aspekata prakse koja se odnosi na korištenje suplemenata mogu pomoći sportistima da poboljšaju rezultate i povećaju uživanje u sportu.	Maintaining a healthy energy balance, practicing effective hydration habits, and understanding the various aspects of supplementation practices can help athletes improve their performance and increase their enjoyment of the sport.	razumijevanje	yat	understanding	Održavanje zdrave energetske ravnoteže, prakticiranje učinkovitih navika hidratacije i razumevanje različitih aspekata prakse koja se odnosi na korištenje suplemenata mogu pomoći sportistima da poboljšaju rezultate i povećaju uživanje u sportu.	razumijevanje>razumevanje
flores-576	flores	Šta je ćelija? Riječ ćelija dolazi od latinske riječi „cella“, što znači „mala soba“, a prvi put ju je iskoristio jedan mikroskopista dok je promatrao strukturu pluta.	"What is a cell? The word cell comes from the Latin word ""cella"", meaning ""small room"", and it was first coined by a microscopist observing the structure of cork."	riječ	yat	word	Šta je ćelija? Reč ćelija dolazi od latinske riječi „cella“, što znači „mala soba“, a prvi put ju je iskoristio jedan mikroskopista dok je promatrao strukturu pluta.	Riječ>Reč
flores-580	flores	Ovi nervni impulsi mogu da se tako brzo pošalju po cijelom tijelu što pomaže da se tijelo sačuva od potencijalnih prijetnji.	These nerve impulses can be sent so quickly throughout the body which helps keep the body safe from any potential threat.	cijelom	yat	throughout	Ovi nervni impulsi mogu da se tako brzo pošalju po celom tijelu što pomaže da se tijelo sačuva od potencijalnih prijetnji.	cijelom>celom
flores-584	flores	Ljudi prave i koriste sočiva za povećanje hiljadama godina.	Humans have been making and using lenses for magnification for thousands and thousands of years.	hiljadama	lex	thousands	Ljudi prave i koriste sočiva za povećanje tisućama godina.	hiljadama>tisućama
flores-585	flores	Međutim, prvi pravi teleskopi su napravljeni krajem 16. stoljeća u Evropi.	However, the first true telescopes were made in Europe in the late 16th century.	evropi	lex	europe	Međutim, prvi pravi teleskopi su napravljeni krajem 16. stoljeća u Europi.	Evropi>Europi
flores-596	flores	Riječ ćelija vodi porijeklo od latinske riječi cella, što znači mala soba.	Cell comes from the Latin word cella which means small room.	riječ	yat	word	Reč ćelija vodi porijeklo od latinske riječi cella, što znači mala soba.	Riječ>Reč
flores-600	flores	Elementi i spojevi mogu prelaziti iz jednog stanja u drugo a da se ne mijenjaju.	Elements and compounds can move from one state to another and not change.	mijenjaju	yat	change	Elementi i spojevi mogu prelaziti iz jednog stanja u drugo a da se ne menjaju.	mijenjaju>menjaju
flores-602	flores	Voda predstavlja još jedan primjer. Voda je sačinjena od dva atoma vodika i jednog atoma kisika.	Water is another example. The compound water is made up of two hydrogen atoms and one oxygen atom.	primjer	yat	example	Voda predstavlja još jedan primer. Voda je sačinjena od dva atoma vodika i jednog atoma kisika.	primjer>primer
flores-604	flores	Iako njegovo fizičko stanje može da se promijeni, njegovo hemijsko stanje ostaje isto.	Although its physical state may change, its chemical state remains the same.	hemijsko	lex	chemical	Iako njegovo fizičko stanje može da se promijeni, njegovo kemijsko stanje ostaje isto.	hemijsko>kemijsko
flores-606	flores	Vjerski, filozofski i naučni učenjaci su hiljadama godina proučavali vrijeme.	Time has been studied by religious, philosophical, and scientific scholars for thousands of years.	hiljadama	lex	thousands	Vjerski, filozofski i naučni učenjaci su tisućama godina proučavali vrijeme.	hiljadama>tisućama
flores-619	flores	Slušajući pojedince kako dijele lične, porodične i organizacijske priče, dobili smo vrijedan uvid u prošlost i neke od ličnosti koje su imale dobar ili loš utjecaj na kulturu organizacije.	While listening to individuals share their individual, family, and organizational stories, we gained valuable insight into the past and some of the personalities who influenced for good or ill the culture of the organization.	porodične	lex	family		
flores-620	flores	Iako razumijevanje nečije historije ne podrazumijeva razumijevanje kulture, ono bar pomaže ljudima da steknu osjećaj gdje pripadaju u historiji organizacije.	While understanding one’s history does not assume understanding of culture, it does at least help people gain a sense of where they fall within the history of the organization.	razumijevanje|historije|osjećaj|historiji	yat|lex|yat|lex	understanding|history|sense|history	Iako razumevanje nečije istorije ne podrazumijeva razumevanje kulture, ono bar pomaže ljudima da steknu osećaj gdje pripadaju u istoriji organizacije.	razumijevanje>razumevanje|historije>istorije|osjećaj>osećaj|historiji>istoriji
flores-621	flores	Procjenjujući uspjeh i postajući svjesni neuspjeha, pojedinci i osobe koje su učestvovale kao cjelina dublje otkrivaju vrijednosti, zadatak i pokretačke snage te organizacije.	While assessing the successes and becoming aware of failures, individuals and the whole of the participating persons discover more deeply the values, mission, and driving forces of the organization.	vrijednosti	yat	values	Procjenjujući uspjeh i postajući svjesni neuspjeha, pojedinci i osobe koje su učestvovale kao cjelina dublje otkrivaju vrednosti, zadatak i pokretačke snage te organizacije.	vrijednosti>vrednosti
flores-622	flores	U ovom slučaju, podsjećanje na prethodne primjere preduzetničkog ponašanja i uspjeha koji je s tim ponašanjem povezan, pomoglo je ljudima da budu otvoreni prema novim promjenama i novom smjeru za lokalnu crkvu.	In this instance, recalling previous instances of entrepreneurial behavior and resulting successes helped people to be open to new changes and new direction for the local church.	promjenama|smjeru	yat|yat	changes|direction	U ovom slučaju, podsjećanje na prethodne primjere preduzetničkog ponašanja i uspjeha koji je s tim ponašanjem povezan, pomoglo je ljudima da budu otvoreni prema novim promenama i novom smeru za lokalnu crkvu.	promjenama>promenama|smjeru>smeru
flores-624	flores	Konvergentni obrasci razmišljanja su tehnike rješavanja problema koje objedinjuju različite ideje ili oblasti u cilju pronalaska rješenja.	Convergent thinking patterns are problem solving techniques that unite different ideas or fields to find a solution.	rješenja	yat	solution	Konvergentni obrasci razmišljanja su tehnike rješavanja problema koje objedinjuju različite ideje ili oblasti u cilju pronalaska rešenja.	rješenja>rešenja
flores-630	flores	To znači da smo u stanju da uspješno predvidimo šta drugi opažaju, namjeravaju, vjeruju, znaju ili žele.	That means we are able to successfully predict what other humans perceive, intend, believe, know or desire.	uspješno|vjeruju	yat|yat	successfully|believe	To znači da smo u stanju da uspešno predvidimo šta drugi opažaju, namjeravaju, veruju, znaju ili žele.	uspješno>uspešno|vjeruju>veruju
flores-634	flores	MRI se zasniva na fenomenu iz fizike poznatom kao nuklearna magnetna rezonanca (NMR), koju su 1930-ih godina otkrili Felix Bloch (sa Univerziteta Stanford) i Edward Purcell (sa Univerziteta Harvard).	MRI is based on a physics phenomenon called nuclear magnetic resonance (NMR), which was discovered in the 1930s by Felix Bloch (working at Stanford University) and Edward Purcell (from Harvard University).	univerziteta	lex	university		
flores-638	flores	Dr. Damadian je 1977. godine završio izradu prvog MR skenera za cijelo tijelo, koji je nazvao „Neuništivi“.	In 1977, Dr. Damadian completed the construction of the first “whole-body” MRI scanner, which he called the ”Indomitable”.	cijelo	yat	whole	Dr. Damadian je 1977. godine završio izradu prvog MR skenera za celo tijelo, koji je nazvao „Neuništivi“.	cijelo>celo
flores-647	flores	Mnogi od nas gledamo emisije na televiziji koje nas obavještavaju o procesu ili iskustvu u kojem nikada nećemo učestvovati niti ćemo primijeniti to znanje.	So many of us find ourselves watching a television show that informs us of a process or experience in which we will never participate or apply that knowledge.	učestvovati	lex	participate	Mnogi od nas gledamo emisije na televiziji koje nas obavještavaju o procesu ili iskustvu u kojem nikada nećemo sudjelovati niti ćemo primijeniti to znanje.	učestvovati>sudjelovati
flores-649	flores	Zahvaljujući podmornom kablu s optičkim vlaknima u Evropi i širokopojasnim satelitskim vezama, Grenland je dobro povezan i 93% stanovništva ima pristup internetu.	Thanks to undersea fiber optic cable links to Europe and broadband satellite, Greenland is well connected with 93% of the population having internet access.	evropi	lex	europe	Zahvaljujući podmornom kablu s optičkim vlaknima u Europi i širokopojasnim satelitskim vezama, Grenland je dobro povezan i 93% stanovništva ima pristup internetu.	Evropi>Europi
flores-650	flores	Vaš hotel ili domaćini (ako boravite u pansionu ili privatnoj kući) će vjerovatno imati Wi-Fi ili računar spojen na Internet, a sva naselja imaju Internet kafe ili neku lokaciju s javnim Wi-Fijem.	Your hotel or hosts (if staying in a guesthouse or private home) will likely have wifi or an internet connected PC, and all settlements have an internet cafe or some location with public wifi.	vjerovatno	yat	likely	Vaš hotel ili domaćini (ako boravite u pansionu ili privatnoj kući) će verovatno imati Wi-Fi ili računar spojen na Internet, a sva naselja imaju Internet kafe ili neku lokaciju s javnim Wi-Fijem.	vjerovatno>verovatno
flores-661	flores	Zahvaljujući čestom prikazu u muzici, filmovima, književnosti i popularnoj kulturi, ovaj grad i njegove znamenitosti prepoznatljivi su u cijelom svijetu.	Its frequent portrayal in music, films, literature and popular culture has helped make the city and its landmarks known throughout the world.	cijelom	yat	throughout	Zahvaljujući čestom prikazu u muzici, filmovima, književnosti i popularnoj kulturi, ovaj grad i njegove znamenitosti prepoznatljivi su u celom svijetu.	cijelom>celom
flores-665	flores	„Tipična“ posjeta podrazumijeva let do Međunarodnog aerodroma u Orlandu, vožnju autobusom do Disneyevog hotela, sedmicu koju provedete ne napuštajući Disneyev park, te povratak kući.	"The ""typical"" visit involves flying into Orlando International Airport, busing to an on-site Disney hotel, spending about a week without leaving Disney property, and returning home."	posjeta|sedmicu	yat|lex	visit|week	„Tipična“ poseta podrazumijeva let do Međunarodnog aerodroma u Orlandu, vožnju autobusom do Disneyevog hotela, sedmicu koju provedete ne napuštajući Disneyev park, te povratak kući.	posjeta>poseta
flores-669	flores	Svako kampiranje izvan ruba Velikog kanjona zahtijeva dozvolu za kampovanje u nacionalnom parku.	Any camping below the rim in Grand Canyon requires a backcountry permit.	zahtijeva	yat	requires	Svako kampiranje izvan ruba Velikog kanjona zahteva dozvolu za kampovanje u nacionalnom parku.	zahtijeva>zahteva
flores-681	flores	Za vrijeme kišne sezone (od novembra do marta), količina vode bit će veća te će slapovi biti dramatičniji.	In the rainy season (November to March), the water volume will be higher and the Falls will be more dramatic.	novembra	lex	november	Za vrijeme kišne sezone (od studenog do marta), količina vode bit će veća te će slapovi biti dramatičniji.	novembra>studenog
flores-688	flores	Posjetiocima sa ograničenim vremenom bi najbolje bilo provesti vrijeme negdje drugdje.	Visitors with limited time would be best to spend their time elsewhere.	drugdje	yat	elsewhere	Posjetiocima sa ograničenim vremenom bi najbolje bilo provesti vrijeme negdje drugde.	drugdje>drugde
flores-689	flores	Phnom Krom, nalazi se 12 km jugozapadno od Siem Reapa. Ovaj hram na samom vrhu brda sagrađen je krajem 9. vijeka, za vrijeme vladavine kralja Yasovarmana.	Phnom Krom, 12 km southwest of Siem Reap. This hilltop temple was built at the end of the 9th century, during the reign of King Yasovarman.	vijeka	yat	century	Phnom Krom, nalazi se 12 km jugozapadno od Siem Reapa. Ovaj hram na samom vrhu brda sagrađen je krajem 9. veka, za vrijeme vladavine kralja Yasovarmana.	vijeka>veka
flores-691	flores	Posjeta ovom mjestu se može prikladno kombinirati s vožnjom brodom do jezera.	A visit to the site can be conveniently combined with a boat trip to the lake.	posjeta	yat	visit	Poseta ovom mjestu se može prikladno kombinirati s vožnjom brodom do jezera.	Posjeta>Poseta
flores-694	flores	Drevni grad na Judejskim brdima ima nevjerovatnu historiju koja je trajala hiljadama godina.	The ancient city in the Judean Hills has a fascinating history spanning thousands of years.	historiju|hiljadama	lex|lex	history|thousands	Drevni grad na Judejskim brdima ima nevjerovatnu istoriju koja je trajala tisućama godina.	historiju>istoriju|hiljadama>tisućama
flores-699	flores	Ovo pismo mora legalizovati ekvadorsko Ministarstvo vanjskih poslova i uskladiti s određenim zahtjevima.	This letter must be legalized by the Ecuadorian Ministry of Foreign Affairs, and comply with certain requirements.	zahtjevima	yat	requirements	Ovo pismo mora legalizovati ekvadorsko Ministarstvo vanjskih poslova i uskladiti s određenim zahtevima.	zahtjevima>zahtevima
flores-702	flores	Vaš pasoš mora biti važeći najmanje šest mjeseci od datuma putovanja. Za potvrdu dužine boravka potrebna vam je povratna ili jednosmjerna karta.	Your passport must be valid for at least 6 months beyond your travel dates. A round/onward trip ticket is needed to prove the length of your stay.	mjeseci	yat	months	Vaš pasoš mora biti važeći najmanje šest meseci od datuma putovanja. Za potvrdu dužine boravka potrebna vam je povratna ili jednosmjerna karta.	mjeseci>meseci
flores-713	flores	Većina ljudi rezerviraju mjesto znatno ranije (jer su brodovi obično popunjeni u jeku sezone).	Most people book their place well in advance (as the boats are usually full during the high season).	mjesto	yat	place	Većina ljudi rezerviraju mesto znatno ranije (jer su brodovi obično popunjeni u jeku sezone).	mjesto>mesto
flores-716	flores	Prije nego što su Španci došli u 16. stoljeću, sjeverni Čile bio je pod vladavinom Inka, a autohtoni Araukanijci (Mapuči) naseljavali su srednji i južni Čile.	Before the Spanish arrived in the 16th century, northern Chile was under Inca rule while the indigenous Araucanians (Mapuche) inhabited central and southern Chile.	sjeverni	yat	northern	Prije nego što su Španci došli u 16. stoljeću, severni Čile bio je pod vladavinom Inka, a autohtoni Araukanijci (Mapuči) naseljavali su srednji i južni Čile.	sjeverni>severni
flores-734	flores	Dozvole se moraju unaprijed rezervirati. Za noćenje u Sireni morate imati dozvolu.	Permits must be reserved in advance. You must have a permit to stay overnight at Sirena.	unaprijed	yat	advance	Dozvole se moraju unapred rezervirati. Za noćenje u Sireni morate imati dozvolu.	unaprijed>unapred
flores-737	flores	Služba za parking (MINAE) ne izdaje dozvole za parkiranje u periodu dužem od mjesec dana prije planiranog dolaska.	The Park Service (MINAE) does not issue park permits more than one month in advance of anticipated arrival.	mjesec	yat	month	Služba za parking (MINAE) ne izdaje dozvole za parkiranje u periodu dužem od mesec dana prije planiranog dolaska.	mjesec>mesec
flores-744	flores	Danas je u razvijenim zemljama pružanje usluge lugsuznog noćenja i doručaka podignuto na nivo neke vrste umjetnosti.	In developed countries today, providing deluxe bed and breakfasts has been raised to a sort of art-form.	umjetnosti	yat	art	Danas je u razvijenim zemljama pružanje usluge lugsuznog noćenja i doručaka podignuto na nivo neke vrste umetnosti.	umjetnosti>umetnosti
flores-748	flores	Postavka može biti historijska stara zgrada sa antiknim namještajem, sređenim terenima i bazenom.	The setting might be an historic old building with antique furnishings, manicured grounds and a swimming pool.	historijska	lex	historic	Postavka može biti istorijska stara zgrada sa antiknim namještajem, sređenim terenima i bazenom.	historijska>istorijska
flores-754	flores	Neki hoteli sadrže naslijeđe iz zlatnog doba parnih željeznica i okeanskih brodova – prije Drugog svjetskog rata, iz 19. ili početka 20. stoljeća.	Some hotels have a heritage from the golden age of steam railways and ocean liners; before the Second World War, in the 19th or early 20th centuries.	naslijeđe|svjetskog	yat|yat	heritage|world	Neki hoteli sadrže nasleđe iz zlatnog doba parnih željeznica i okeanskih brodova – prije Drugog svetskog rata, iz 19. ili početka 20. stoljeća.	naslijeđe>nasleđe|svjetskog>svetskog
flores-763	flores	Poslao je e-poruku studentima lokalnog univerziteta i dobio nevjerojatan broj ponuda za besplatan smještaj.	He emailed students at the local university and received an overwhelming number of offers for free accommodation.	univerziteta	lex	university		
flores-765	flores	Porodice s djecom su rijedak prizor, ali neki hosteli ih dopuštaju u privatnim sobama.	Families with children are a rare sight, but some hostels do allow them in private rooms.	porodice	lex	families	Obitelji s djecom su rijedak prizor, ali neki hosteli ih dopuštaju u privatnim sobama.	Porodice>Obitelji
flores-772	flores	Svjetski sajam (najčešće poznat kao Svjetska izložba ili Expo) je veliki međunarodni festival umjetnosti i nauka.	A World's Fair (commonly called World Exposition, or simply Expo) is large international festival of arts and sciences.	svjetska	yat	world	Svjetski sajam (najčešće poznat kao Svetska izložba ili Expo) je veliki međunarodni festival umjetnosti i nauka.	Svjetska>Svetska
flores-773	flores	Zemlje učesnice predstavljaju umjetničke i obrazovne postavke u nacionalnim paviljonima da prikažu svjetske probleme ili svoju kulturu i historiju.	Participating countries present artistic and educational displays in national pavilions to showcase world issues or their country's culture and history.	historiju	lex	history	Zemlje učesnice predstavljaju umjetničke i obrazovne postavke u nacionalnim paviljonima da prikažu svjetske probleme ili svoju kulturu i istoriju.	historiju>istoriju
flores-776	flores	Ovi događaji obično traju od tri do šest mjeseci i održavaju se na mjestima najmanje veličine 50 hektara.	These events normally last anywhere between three and six months, and are held on sites no smaller than 50 hectares.	mjeseci	yat	months	Ovi događaji obično traju od tri do šest meseci i održavaju se na mjestima najmanje veličine 50 hektara.	mjeseci>meseci
flores-782	flores	Fotografija divljih životinja često se uzima zdravo za gotovo, ali kao i sve fotografije općenito, slika govori hiljadu riječi.	Wildlife photography is often taken for granted, but like photography in general, a picture is worth a thousand words.	hiljadu	lex	thousand	Fotografija divljih životinja često se uzima zdravo za gotovo, ali kao i sve fotografije općenito, slika govori tisuću riječi.	hiljadu>tisuću
flores-791	flores	Kupovanje hrane u supermarketima je obično najjeftiniji način da se prehranite. Međutim, bez mogućnosti za kuhanje, izbori su ograničeni na unaprijed spremljenu hranu.	Buying food in supermarkets is usually the cheapest way to get fed. Without cooking opportunities, choices are however limited to ready-made food.	kuhanje	h	cooking		
flores-814	flores	Porodicama sa malom djecom je vjerovatno potrebno više vremena za pripremu, ali dan na otvorenom lako je ostvariv čak i sa bebama i djecom koja idu u predškolsko.	Families with small children may need more preparations, but a day outdoors is easily possible even with babies and pre-school children.	porodicama	lex	families	Obiteljima sa malom djecom je vjerovatno potrebno više vremena za pripremu, ali dan na otvorenom lako je ostvariv čak i sa bebama i djecom koja idu u predškolsko.	Porodicama>Obiteljima
flores-825	flores	Ako želite na jeftin način vidjeti svijet, zbog potrebe, životnog stila ili izazova, postoji nekoliko načina da to učinite.	If you want to see the world on the cheap, for necessity, lifestyle or challenge, there are some ways to do that.	svijet	yat	world	Ako želite na jeftin način vidjeti svet, zbog potrebe, životnog stila ili izazova, postoji nekoliko načina da to učinite.	svijet>svet
flores-828	flores	Ovim savjetom se podrazumijeva da putnici ne kradu, ne upadaju neovlašteno na privatni posjed, ne učestvuju na ilegalnom tržištu, ne prose, niti da na neki drugi način iskorištavaju druge ljude radi vlastite koristi.	The advice assumes that travellers do not steal, trespass, participate in the illegal market, beg, or otherwise exploit other people for their own gain.	učestvuju	lex	participate	Ovim savjetom se podrazumijeva da putnici ne kradu, ne upadaju neovlašteno na privatni posjed, ne sudjeluju na ilegalnom tržištu, ne prose, niti da na neki drugi način iskorištavaju druge ljude radi vlastite koristi.	učestvuju>sudjeluju
flores-830	flores	U nekim prekograničnim vozovima kontrole se provode dok je voz u pokretu i sa sobom biste prilikom ukrcavanja u jedan od tih vozova trebali imati važeću ličnu kartu.	In some cross-border trains inspections are done on the running train and you should have valid ID with you when boarding one of those trains.	voz|vozova	lex|lex	train|trains,train	U nekim prekograničnim vozovima kontrole se provode dok je vlak u pokretu i sa sobom biste prilikom ukrcavanja u jedan od tih vlakova trebali imati važeću ličnu kartu.	voz>vlak|vozova>vlakova
flores-849	flores	Hangi obrok se kuha u vrućoj jami u zemlji.	A Hangi Meal is cooked in a hot pit in the ground.	kuha	h	cooked		
flores-850	flores	Jama se zagrijava vrućim kamenjem iz vatre ili geotermalna toplota čini površine tla na nekim mjestima prirodno vrućim.	The pit is either heated with hot stones from a fire, or in some places geothermal heat makes areas of ground naturally hot.	mjestima	yat	places	Jama se zagrijava vrućim kamenjem iz vatre ili geotermalna toplota čini površine tla na nekim mestima prirodno vrućim.	mjestima>mestima
flores-852	flores	Nekoliko mjesta u Rotoruau u ponudi ima geotermalni hangi, a druge hangije možete probati u Christchurchu, Wellingtonu i na drugim mjestima.	Several places in Rotorua offer geothermal hangi, while other hangi can be sampled in Christchurch, Wellington and elsewhere.	mjestima	yat	places	Nekoliko mjesta u Rotoruau u ponudi ima geotermalni hangi, a druge hangije možete probati u Christchurchu, Wellingtonu i na drugim mestima.	mjestima>mestima
flores-854	flores	MetroPlus je udobniji i manje pretrpan, ali je malo skuplji, mada je ipak jeftiniji od uobičajenih karata za metro u Evropi.	MetroPlus is more comfortable and less crowded but slightly more expensive, though still cheaper than normal metro tickets in Europe.	evropi	lex	europe	MetroPlus je udobniji i manje pretrpan, ali je malo skuplji, mada je ipak jeftiniji od uobičajenih karata za metro u Europi.	Evropi>Europi
flores-855	flores	Svaki voz ima i MetroPlus i Metro vagone. MetroPlus vagoni su uvijek smješteni na kraju voza koji je najbliži Cape Townu.	Every train has both MetroPlus and Metro coaches; the MetroPlus coaches are always on the end of the train nearest Cape Town.	voz|voza	lex|lex	train|train	Svaki vlak ima i MetroPlus i Metro vagone. MetroPlus vagoni su uvijek smješteni na kraju vlaka koji je najbliži Cape Townu.	voz>vlak|voza>vlaka
flores-880	flores	Ovi zahtjevi često zavise od toga koje države je putnik posjetio ili koje namjerava posjetiti.	These requirements may often depend on what countries a traveller has visited or intends to visit.	namjerava	yat	intends	Ovi zahtjevi često zavise od toga koje države je putnik posjetio ili koje namerava posjetiti.	namjerava>namerava
flores-881	flores	Jedna od snažnih tačaka grada Charlotte u Sjevernoj Karolini je to što ima mnogo visokokvalitetnih mogućnosti za porodice.	One of strong points of Charlotte, North Carolina, is that it has an abundance of high-quality options for families.	porodice	lex	families	Jedna od snažnih tačaka grada Charlotte u Sjevernoj Karolini je to što ima mnogo visokokvalitetnih mogućnosti za obitelji.	porodice>obitelji
flores-882	flores	Stanovnici iz drugih područja obično navode prikladnost za porodice kao glavni razlog preseljenja, a posjetioci obično smatraju da je u ovom gradu lako uživati sa djecom.	Residents from other areas often cite family-friendliness as a primary reason for moving there, and visitors often find the city easy to enjoy with children around.	porodice	lex	family	Stanovnici iz drugih područja obično navode prikladnost za obitelji kao glavni razlog preseljenja, a posjetioci obično smatraju da je u ovom gradu lako uživati sa djecom.	porodice>obitelji
flores-884	flores	Porodice u Charlotteu obično ne koriste taksi, iako bi u određenim okolnostima mogli biti od koristi.	Taxis are not generally used by families in Charlotte, though they can be of some use in certain circumstances.	porodice	lex	families	Obitelji u Charlotteu obično ne koriste taksi, iako bi u određenim okolnostima mogli biti od koristi.	Porodice>Obitelji
flores-900	flores	Problem je u tome što je snijeg ljepljiv pa ga treba prodrmati da bi spao a ako malo snijega padne to može da povuče i ostatak za sobom.	The problem is that snow is sticky, so it needs some triggering to come down, and some snow coming down can be the triggering event for the rest.	snijeg	yat	snow	Problem je u tome što je sneg ljepljiv pa ga treba prodrmati da bi spao a ako malo snijega padne to može da povuče i ostatak za sobom.	snijeg>sneg
flores-901	flores	Ponekad je početni uzrok sunce koje zagrijava snijeg, ponekad dodatne snježne padavine, a ponekad drugi prirodni događaji, često ljudi.	Sometimes the original trigging event is the sun warming the snow, sometimes some more snowfall, sometimes other natural events, often a human.	snijeg	yat	snow	Ponekad je početni uzrok sunce koje zagrijava sneg, ponekad dodatne snježne padavine, a ponekad drugi prirodni događaji, često ljudi.	snijeg>sneg
flores-926	flores	Ako koristite dron, unaprijed provjerite šta smijete snimati, a za šta je potrebna dozvola ili dodatna licenca.	If using a drone, check well in advance as to what you are allowed to film and what permits or additional licensing are required.	unaprijed	yat	advance	Ako koristite dron, unapred provjerite šta smijete snimati, a za šta je potrebna dozvola ili dodatna licenca.	unaprijed>unapred
flores-928	flores	Danas se avionska putovanja veoma rijetko rezerviraju direktno putem aviokompanije bez prethodnog istraživanja i usporedbe cijena.	Nowadays air travel is only rarely booked directly through the airline without first searching and comparing prices.	avionska|rijetko|cijena	lex|yat|yat	travel,air|rarely|prices	Danas se avionska putovanja veoma retko rezerviraju direktno putem aviokompanije bez prethodnog istraživanja i usporedbe cena.	rijetko>retko|cijena>cena
flores-943	flores	Život i volontiranje u stranoj zemlji je odličan način da upoznate drugu kulturu, upoznate nove ljude, naučite o sebi, dobijete smisao perspektive i usvojite nove vještine.	Living and volunteering in a foreign country is a great way to get to know a different culture, meet new people, learn about yourself, get a sense of perspective and even gain new skills.	vještine	yat	skills	Život i volontiranje u stranoj zemlji je odličan način da upoznate drugu kulturu, upoznate nove ljude, naučite o sebi, dobijete smisao perspektive i usvojite nove veštine.	vještine>veštine
flores-945	flores	Vikinzi su koristili ruske plovne puteve da bi stigli do Crnog i Kaspijskog mora. Dijelovi ovih puteva se i dalje mogu koristiti. Provjerite trebaju li vam posebne dozvole koje je možda teško dobiti.	Vikings used the Russian waterways to get to the Black Sea and Caspian Sea. Parts of these routes can still be used. Check possible need for special permits, which may be difficult to get.	dijelovi	yat	parts	Vikinzi su koristili ruske plovne puteve da bi stigli do Crnog i Kaspijskog mora. Delovi ovih puteva se i dalje mogu koristiti. Provjerite trebaju li vam posebne dozvole koje je možda teško dobiti.	Dijelovi>Delovi
flores-956	flores	Nemojte zaboraviti uračunati dodatne troškove dodatnih viza, taksu na odlazak, prijevoz kopnom, itd. Za sva mjesta izvan Afrike.	Don't forget to add in the extra costs of additional visas, departure taxes, ground transportation, etc. for all those places outside of Africa.	prijevoz	yat	transportation	Nemojte zaboraviti uračunati dodatne troškove dodatnih viza, taksu na odlazak, prevoz kopnom, itd. Za sva mjesta izvan Afrike.	prijevoz>prevoz
flores-958	flores	Nijedno partnerstvo između aviokompanija ne pokriva sva tri okeanska prijelaza na Južnoj hemisferi (a SkyTeam ne pokriva ni jedan od prijelaza).	No airline alliance covers all three ocean crossings in the Southern Hemisphere (and SkyTeam covers none of the crossings).	prijelaza	yat	crossings	Nijedno partnerstvo između aviokompanija ne pokriva sva tri okeanska prelaza na Južnoj hemisferi (a SkyTeam ne pokriva ni jedan od prelaza).	prijelaza>prelaza
flores-965	flores	CIjeli distrikt nalazi se na UNESCO-ovom popisu svjetske baštine zbog jedinstvene kulturne i historijske vrijednosti, a vrijednosti nekretnina su među najvišim u državi.	The whole district is designated as a UNESCO World Heritage Site for its unique cultural and historical value, and its property values are among the highest of the country.	historijske|vrijednosti	lex|yat	historical|values	CIjeli distrikt nalazi se na UNESCO-ovom popisu svjetske baštine zbog jedinstvene kulturne i istorijske vrednosti, a vrednosti nekretnina su među najvišim u državi.	historijske>istorijske|vrijednosti>vrednosti
flores-969	flores	Dio njegovog šarma je nedostatak vidljivog korporativnog razvoja. Putevi, vozovi i čamci povezuju sela i automobili ne mogu doći do njih izvana.	Part of its charm is the lack of visible corporate development. Paths, trains and boats connect the villages, and cars cannot reach them from the outside.	vozovi	lex	trains	Dio njegovog šarma je nedostatak vidljivog korporativnog razvoja. Putevi, vlakovi i čamci povezuju sela i automobili ne mogu doći do njih izvana.	vozovi>vlakovi
flores-976	flores	Pomoćni jezici su umjetni ili izmišljeni jezici koji su kreirani s namjerom da potpomognu komunikaciju između ljudi koji bi u suprotnom imali poteškoća prilikom komuniciranja.	Auxiliary languages are artificial or constructed languages created with the intent of facilitating communication between peoples who would otherwise have difficulty communicating.	namjerom	yat	intent	Pomoćni jezici su umjetni ili izmišljeni jezici koji su kreirani s namerom da potpomognu komunikaciju između ljudi koji bi u suprotnom imali poteškoća prilikom komuniciranja.	namjerom>namerom
flores-984	flores	Kod ljudi je ukupno prijavljeno manje od hiljadu slučajeva, ali neki od njih bili su smrtni.	Fewer than a thousand cases have ever been reported in humans, but some of them have been fatal.	hiljadu	lex	thousand	Kod ljudi je ukupno prijavljeno manje od tisuću slučajeva, ali neki od njih bili su smrtni.	hiljadu>tisuću
flores-998	flores	Dr Ehud Ur, profesor medicine na Univerzitetu Dalhousie u Halifaxu, Nova Škotska i predsjednik kliničkog i naučnog odjeljenja Kanadske asocijacije za dijabetes, upozorio je da je istraživanje još uvijek u ranim danima.	Dr. Ehud Ur, professor of medicine at Dalhousie University in Halifax, Nova Scotia and chair of the clinical and scientific division of the Canadian Diabetes Association cautioned that the research is still in its early days.	univerzitetu	lex	university		
flores-1010	flores	USA Gymnastics podržava pismo Olimpijskog komiteta Sjedinjenih Država i prihvata apsolutnu potrebu da olimpijska porodica promovira sigurno okruženje za sve sportaše.	USA Gymnastics supports the United States Olympic Committee's letter and accepts the absolute need of the Olympic family to promote a safe environment for all of our athletes.	porodica	lex	family	USA Gymnastics podržava pismo Olimpijskog komiteta Sjedinjenih Država i prihvata apsolutnu potrebu da olimpijska obitelj promovira sigurno okruženje za sve sportaše.	porodica>obitelj
flores-1011	flores	Slažemo se s izjavom Olimpijskog i paraolimpijskog komiteta SAD-a (USOC) da se interesima naših sportaša i klubova te njihovih sportova može više doprinijeti kroz značajnu promjenu u našoj organizaciji umjesto kroz decertifikaciju.	We agree with the USOC's statement that the interests of our athletes and clubs, and their sport, may be better served by moving forward with meaningful change within our organization, rather than decertification.	promjenu	yat	change	Slažemo se s izjavom Olimpijskog i paraolimpijskog komiteta SAD-a (USOC) da se interesima naših sportaša i klubova te njihovih sportova može više doprinijeti kroz značajnu promenu u našoj organizaciji umjesto kroz decertifikaciju.	promjenu>promenu
flores-1012	flores	SAD Gimnastika podržava nezavisnu istragu koja bi mogla rasvijetliti kako je zlostavljanje čije su proporcije tako hrabro opisale žrtve Larryja Nassara moglo tako dugo ostati neotkriveno i da prihvati sve potrebne i odgovarajuće promjene.	USA Gymnastics supports an independent investigation that may shine light on how abuse of the proportion described so courageously by the survivors of Larry Nassar could have gone undetected for so long and embraces any necessary and appropriate changes.	promjene	yat	changes	SAD Gimnastika podržava nezavisnu istragu koja bi mogla rasvijetliti kako je zlostavljanje čije su proporcije tako hrabro opisale žrtve Larryja Nassara moglo tako dugo ostati neotkriveno i da prihvati sve potrebne i odgovarajuće promene.	promjene>promene
flores-1020	flores	Dvije pjesme iz filma, Audition (The Fools Who Dream) i City of Stars, su nominirane za najbolju originalnu pjesmu. Lionsgate studio je dobio 26 nominacija, što je više od bilo kojeg drugog studija.	Two songs from the movie, Audition (The Fools Who Dream) and City of Stars, received nominations for best original song. Lionsgate studio received 26 nominations — more than any other studio.	pjesme|pjesmu	yat|yat	songs,song|song	Dvije pesme iz filma, Audition (The Fools Who Dream) i City of Stars, su nominirane za najbolju originalnu pesmu. Lionsgate studio je dobio 26 nominacija, što je više od bilo kojeg drugog studija.	pjesme>pesme|pjesmu>pesmu
flores-1021	flores	U izjavi dostavljenoj kasno u nedjelju putem glasnogovornika, predsjednik Sjedinjenih Država Donald Trump najavio je da će trupe SAD-a napustiti Siriju.	Late on Sunday, the United States President Donald Trump, in a statement delivered via the press secretary, announced US troops would be leaving Syria.	nedjelju	yat	sunday	U izjavi dostavljenoj kasno u nedelju putem glasnogovornika, predsjednik Sjedinjenih Država Donald Trump najavio je da će trupe SAD-a napustiti Siriju.	nedjelju>nedelju
flores-1022	flores	Najava je uslijedila nakon telefonskog razgovora između Trumpa i turskog predsjednika Recepa Tayyipa Erdoğana.	The announcement was made after Trump had a phone conversation with Turkish President Recep Tayyip Erdoğan.	predsjednika	yat	president	Najava je uslijedila nakon telefonskog razgovora između Trumpa i turskog predsednika Recepa Tayyipa Erdoğana.	predsjednika>predsednika
flores-1041	flores	Duvall, koji je oženjen i ima dvoje odrasle djece, nije ostavio značajan utisak na Millera na kojeg se priča odnosila.	Duvall, who is married with two adult children, did not leave a big impression on Miller, to whom the story was related.	djece	yat	children	Duvall, koji je oženjen i ima dvoje odrasle dece, nije ostavio značajan utisak na Millera na kojeg se priča odnosila.	djece>dece
flores-1050	flores	Izvještaj je veoma kritičan prema skoro svakom aspektu sadašnje politike izvršne vlasti prema Iraku i traži hitan zaokret u smjeru politike.	The Report is highly critical of almost every aspect of the present policy of the Executive towards Iraq and it urges an immediate change of direction.	smjeru	yat	direction	Izvještaj je veoma kritičan prema skoro svakom aspektu sadašnje politike izvršne vlasti prema Iraku i traži hitan zaokret u smeru politike.	smjeru>smeru
flores-1053	flores	Svoju namjeru da se kandidira za predsjednika gđa Kirchner najavila je u Argentinskom teatru, na istoj lokaciji na kojoj je 2005. godine započela svoju kampanju za Senat, kao članica delegacije pokrajine Buenos Aires.	Mrs. Kirchner announced her intention to run for president at the Argentine Theatre, the same location she used to start her 2005 campaign for the Senate as member of the Buenos Aires province delegation.	predsjednika	yat	president	Svoju namjeru da se kandidira za predsednika gđa Kirchner najavila je u Argentinskom teatru, na istoj lokaciji na kojoj je 2005. godine započela svoju kampanju za Senat, kao članica delegacije pokrajine Buenos Aires.	predsjednika>predsednika
flores-1060	flores	Historičari su kritizirali dosadašnje politike FBI-ja zbog usmjeravanja resursa na slučajeve koji su lako rešivi, a posebno na slučajeve koji se odnose na ukradene automobile, s namjerom da se poveća stopa uspješnosti ove agencije.	Historians have criticized past FBI policies for focusing resources on cases which are easy to solve, especially stolen car cases, with the intent of boosting the agency's success rate.	namjerom	yat	intent	Historičari su kritizirali dosadašnje politike FBI-ja zbog usmjeravanja resursa na slučajeve koji su lako rešivi, a posebno na slučajeve koji se odnose na ukradene automobile, s namerom da se poveća stopa uspješnosti ove agencije.	namjerom>namerom
flores-1067	flores	Nakon sedmice poraza na izborima za Kongres, Bush je publici pričao o proširenju trgovine u Aziji.	After a week of losses in the midterm election, Bush told an audience about the expansion of trade in Asia.	sedmice	lex	week		
flores-1076	flores	Bushov portparol, Gordon Johndroe, rekao je da su napori Sjeverne Koreje „veliki korak usmjeren prema postizanju denuklearizacije Korejskog poluostrva koju je moguće provjeriti.“	"Bush spokesman Gordon Johndroe called North Korea's pledge ""a major step towards the goal of achieving the verifiable denuclearization of the Korean peninsula."""	sjeverne	yat	north	Bushov portparol, Gordon Johndroe, rekao je da su napori Severne Koreje „veliki korak usmjeren prema postizanju denuklearizacije Korejskog poluostrva koju je moguće provjeriti.“	Sjeverne>Severne
flores-1111	flores	Širenje epidemije podstaklo je vladu Indije da poduzme mjere poput raspoređivanja hvatača svinja u područjima koja su ozbiljno pogođena, podjele hiljada mreža protiv komaraca i prskanja pesticidima.	The outbreak has prompted the Indian government to undertake such measures as deployment of pig catchers in seriously affected areas, distributing thousands of mosquito curtains and spraying pesticides.	mjere|hiljada	yat|lex	measures|thousands	Širenje epidemije podstaklo je vladu Indije da poduzme mere poput raspoređivanja hvatača svinja u područjima koja su ozbiljno pogođena, podjele tisuća mreža protiv komaraca i prskanja pesticidima.	mjere>mere|hiljada>tisuća
flores-1142	flores	Prema finalnim rezultatima predsjedničkih i parlamentarnih izbora u Namibiji, aktuelni predsjednik, Hifikepunye Pohamba, ponovo je većinski izabran.	Final results from Namibian presidential and parliamentary elections have indicated that the incumbent president, Hifikepunye Pohamba, has been reelected by a large margin.	predsjedničkih	yat	presidential	Prema finalnim rezultatima predsedničkih i parlamentarnih izbora u Namibiji, aktuelni predsjednik, Hifikepunye Pohamba, ponovo je većinski izabran.	predsjedničkih>predsedničkih
flores-1147	flores	Medicinska humanitarna organizacija Mangola, Ljekari bez granica i Svjetska zdravstvena organizacija tvrde da je to najgora epidemija zabilježena u zemlji.	The medical charity Mangola, Medecines Sans Frontieres and the World Health Organisation say it is the worst outbreak recorded in the country.	svjetska	yat	world	Medicinska humanitarna organizacija Mangola, Ljekari bez granica i Svetska zdravstvena organizacija tvrde da je to najgora epidemija zabilježena u zemlji.	Svjetska>Svetska
flores-1177	flores	Posljednja utakmica u ovoj seriji održat će se sljedeće sedmice u Ellis Parku u Johannesburgu, kada će Springboksi igrati protiv Australije.	The final match of the series will take place at Ellis Park in Johannesburg next week, when the Springboks play Australia.	sedmice	lex	week		
flores-1179	flores	Od američkog Geološkog zavoda (USGS) i njegovog Nacionalnog informativnog centra za zemljotres nisu primljeni neposredni izvještaji o šteti.	No immediate reports of damage have been received by the United States Geological Survey (USGS) and its National Earthquake Information Center.	izvještaji	yat	reports	Od američkog Geološkog zavoda (USGS) i njegovog Nacionalnog informativnog centra za zemljotres nisu primljeni neposredni izveštaji o šteti.	izvještaji>izveštaji
flores-1213	flores	Kineska novinska agencija Xinhua ranije je izvijestila da je avion otet.	Earlier the Chinese news agency Xinhua reported a plane to be hijacked.	avion	lex	plane	Kineska novinska agencija Xinhua ranije je izvijestila da je zrakoplov otet.	avion>zrakoplov
flores-1214	flores	Kasniji izvještaji naveli su da je avion dobio prijetnju bombom i da je vraćen u Afganistan, sletjevši u Kandahar.	Later reports then stated the plane received a bomb threat and was diverted back to Afghanistan, landing in Kandahar.	avion	lex	plane	Kasniji izvještaji naveli su da je zrakoplov dobio prijetnju bombom i da je vraćen u Afganistan, sletjevši u Kandahar.	avion>zrakoplov
flores-1215	flores	U prvim izvještajima navodi se da je avion vraćen u Afganistan nakon što mu nije odobreno hitno slijetanje u Ürümqiju.	The early reports say the plane was diverted back to Afghanistan after being denied an emergency landing in Ürümqi.	izvještajima|avion	yat|lex	reports|plane	U prvim izveštajima navodi se da je zrakoplov vraćen u Afganistan nakon što mu nije odobreno hitno slijetanje u Ürümqiju.	izvještajima>izveštajima|avion>zrakoplov
flores-1218	flores	Ranije ove sedmice, u padu policijskog helikoptera tri osobe su poginule, a tri su povrijeđene.	Earlier this week, a police helicopter crash killed three people and wounded three more.	sedmice	lex	week		
flores-1219	flores	Prošli mjesec Iran je doživio najgoru avionsku katastrofu kada se avion koji je letio za Armeniju srušio, pri čemu je poginulo 168 ljudi.	Last month Iran saw its worst air disaster in years when an airliner heading to Armenia crashed, killing the 168 on board.	mjesec	yat	month	Prošli mesec Iran je doživio najgoru avionsku katastrofu kada se avion koji je letio za Armeniju srušio, pri čemu je poginulo 168 ljudi.	mjesec>mesec
flores-1223	flores	Turneju su otkazali jer se pjevač Steven Tyler povrijedio u padu s bine tokom nastupa 5. avgusta.	They have cancelled the tour after lead singer Steven Tyler was injured after he fell off stage while performing on August 5.	pjevač	yat	singer	Turneju su otkazali jer se pevač Steven Tyler povrijedio u padu s bine tokom nastupa 5. avgusta.	pjevač>pevač
flores-1228	flores	Poznati pjevači širom zemlje predstavili su badžan, ili posvećene pjesme, stopalima Shri Shyam.	Famous singers across the country presented bhajans, or devotional songs, to Shri Shyam's feet.	pjesme	yat	songs	Poznati pjevači širom zemlje predstavili su badžan, ili posvećene pesme, stopalima Shri Shyam.	pjesme>pesme
flores-1229	flores	Pjevač Sanju Sharma započeo je veče, a uslijedio je Jiai Shankar Choudhary. Predstavio je i chhappan bhog bhajan. U njegovoj pratnji bio je pjevač Raju Khandelwal.	Singer Sanju Sharma started the evening, followed by Jai Shankar Choudhary. esented the chhappan bhog bhajan as well. Singer, Raju Khandelwal was accompanying him.	pjevač	yat	singer	Pevač Sanju Sharma započeo je veče, a uslijedio je Jiai Shankar Choudhary. Predstavio je i chhappan bhog bhajan. U njegovoj pratnji bio je pjevač Raju Khandelwal.	Pjevač>Pevač
flores-1254	flores	Univerzitetski istraživači su rekli da dva jedinjenja reagiraju jedno s drugim i formiraju kristale koji mogu blokirati funkciju bubrega.	The two compounds react with one another to form crystals that may block kidney function, researchers at the university said.	univerzitetski	lex	university		
flores-1268	flores	Ukaova puška se zaglavila kada je bila uperena u glavu petog čovjeka. Schneider osjeća neprestanu bol, sljepoću u jednom oku, nedostaje mu dio lobanje, a lice mu je rekonstruisano titanijumom.	Uka's weapon failed whilst pointed at a fifth man's head. Schneider has ongoing pain, blindness in one eye, a missing section of skull and a face rebuilt from titanium.	čovjeka	yat	man	Ukaova puška se zaglavila kada je bila uperena u glavu petog čoveka. Schneider osjeća neprestanu bol, sljepoću u jednom oku, nedostaje mu dio lobanje, a lice mu je rekonstruisano titanijumom.	čovjeka>čoveka
flores-1286	flores	Profesorica Pamela Ferguson sa Univerziteta Dundee napominje da „izgleda da novinari zaista hodaju po tankoj liniji ako objavljuju fotografije osumnjičenih.“	"Professor Pamela Ferguson of the University of Dundee notes ""journalists do seem to be walking a dangerous line if publishing photos etc of suspects."""	univerziteta	lex	university		
flores-1296	flores	Prošli mjesec, predsjednička komisija predložila je da prethodni CEP podnese ostavku kao dio paketa mjera za kretanje države prema novim izborima.	Last month a presidential commission recommended the prior CEP's resignation as part of a package of measures to move the country towards new elections.	mjera	yat	measures	Prošli mjesec, predsjednička komisija predložila je da prethodni CEP podnese ostavku kao dio paketa mera za kretanje države prema novim izborima.	mjera>mera
flores-1301	flores	Prošle sedmice, METI je najavio da ga je Apple obavijestio o 34 dodatna slučaja pregrijavanja, za što kompanija navodi da „nije ozbiljno“.	"Last week, METI announced that Apple had informed it of 34 additional overheating incidents, which the company called ""non-serious."""	sedmice	lex	week		
flores-1302	flores	Ministarstvo je odgovorilo tako što je Appleovo odlaganje izvještaja nazvalo „zaista žalosnim“.	"The ministry responded by calling Apple's postponement of the report ""truly regrettable."""	izvještaja	yat	report	Ministarstvo je odgovorilo tako što je Appleovo odlaganje izveštaja nazvalo „zaista žalosnim“.	izvještaja>izveštaja
flores-1309	flores	Ranije je pušteno šest talaca, uključujući djecu, starije i fotografe s Filipina.	Six hostages, including the children and elderly, were released early, as were the Filipino photographers.	djecu	yat	children	Ranije je pušteno šest talaca, uključujući decu, starije i fotografe s Filipina.	djecu>decu
flores-1325	flores	Curtis Cooper, profesor matematike i kompjuterskih nauka na Univerzitetu u Centralnom Missouriju je 25. januara otkrio najveći poznati prosti broj.	Curtis Cooper, a mathematician and computer science professor at the University of Central Missouri, has discovered the largest known prime number to date on January 25.	univerzitetu	lex	university		
flores-1334	flores	Neće se uključiti nikakav dodatni prijevoz i nadzemni vozovi se neće zaustaviti na Wembleyu, a parkinzi za automobile i parkinzi za presjedanje na autobus nisu dostupni u blizini stadiona.	No extra transport is being put on and overground trains will not stop at Wembley, and car parking and park-and-ride facilities are unavailable at the ground.	vozovi	lex	trains	Neće se uključiti nikakav dodatni prijevoz i nadzemni vlakovi se neće zaustaviti na Wembleyu, a parkinzi za automobile i parkinzi za presjedanje na autobus nisu dostupni u blizini stadiona.	vozovi>vlakovi
flores-1341	flores	To se naziva pH-vrijednost hemijske supstance. Indikator možete napraviti korištenjem soka crvenog kupusa.	This is called a chemical's pH. You can make an indicator using red cabbage juice.	hemijske	lex	chemical	To se naziva pH-vrijednost kemijske supstance. Indikator možete napraviti korištenjem soka crvenog kupusa.	hemijske>kemijske
flores-1354	flores	Točak je promijenio svijet na nevjerovatne načine. Najvažnija stvar koju nam je točak obezbijedio je mnogo lakši i brži transport.	The wheel has changed the world in incredible ways. The biggest thing that the wheel has done for us is given us much easier and faster transportation.	promijenio|svijet	yat|yat	changed|world	Točak je promenio svet na nevjerovatne načine. Najvažnija stvar koju nam je točak obezbijedio je mnogo lakši i brži transport.	promijenio>promenio|svijet>svet
flores-1355	flores	Donio nam je voz, automobil i mnoge druge uređaje za prijevoz.	It has brought us the train, the car, and many other transportation devices.	voz	lex	train	Donio nam je vlak, automobil i mnoge druge uređaje za prijevoz.	voz>vlak
flores-1358	flores	Tajna njihovog uspjeha je koncept niše, specijalne vještine koju posjeduje svaka mačka i zbog čega se ne takmiči s drugima.	The secret to their success is the concept of the niche, a special job each cat holds that keeps it from competing with others.	uspjeha	yat	success	Tajna njihovog uspeha je koncept niše, specijalne vještine koju posjeduje svaka mačka i zbog čega se ne takmiči s drugima.	uspjeha>uspeha
flores-1361	flores	Žene su obično blisko povezane jedna sa drugom jer se radi o velikoj porodici sestara i kćerki.	The females are usually closely related to each other, being a large family of sisters and daughters.	porodici	lex	family	Žene su obično blisko povezane jedna sa drugom jer se radi o velikoj obitelji sestara i kćerki.	porodici>obitelji
flores-1371	flores	Prvobitna populacija se uopće nije promijenila, i dalje im trebaju prilagodbe kao i ranije.	The original population hasn't changed at all, they still need the same adaptations as before.	promijenila	yat	changed	Prvobitna populacija se uopće nije promenila, i dalje im trebaju prilagodbe kao i ranije.	promijenila>promenila
flores-1373	flores	Konačno, nakon hiljada ili čak miliona godina, dvije populacije će se toliko razlikovati da se neće moći nazvati istom vrstom.	Eventually, after thousands or even millions of years, the two populations will look so different that they can't be called the same species.	hiljada	lex	thousands	Konačno, nakon tisuća ili čak miliona godina, dvije populacije će se toliko razlikovati da se neće moći nazvati istom vrstom.	hiljada>tisuća
flores-1377	flores	Od biljaka gradimo kuće i pravimo odjeću. Većina namirnica koje jedemo su biljke. Bez biljaka životinje ne bi mogle preživjeti.	We make our houses from plants and make clothes from plants. Most foods that we eat are plants. Without plants, animals could not survive.	odjeću	yat	clothes	Od biljaka gradimo kuće i pravimo odeću. Većina namirnica koje jedemo su biljke. Bez biljaka životinje ne bi mogle preživjeti.	odjeću>odeću
flores-1384	flores	Stara rimska jela nisu mogla uključivati hranu koja je u Evropu došla iz Amerike ili Azije u kasnijim stoljećima.	Ancient Roman meals couldn't have included foods that came to Europe from America or from Asia in later centuries.	evropu	lex	europe	Stara rimska jela nisu mogla uključivati hranu koja je u Europu došla iz Amerike ili Azije u kasnijim stoljećima.	Evropu>Europu
flores-1392	flores	Veći dio života hebrejske porodice odvijao se na otvorenom.	Most of the life of the Hebrew family happened in the open air.	porodice	lex	family	Veći dio života hebrejske obitelji odvijao se na otvorenom.	porodice>obitelji
flores-1397	flores	Iako je svaka država bila „skandinavska“, postojalo je mnogo razlika između naroda, kraljeva, običaja i historije Danske, Švedske, Norveške i Islanda.	Though each country was 'Scandinavian', there were many differences between the people, kings, customs and history of Denmark, Sweden, Norway and Iceland.	historije	lex	history	Iako je svaka država bila „skandinavska“, postojalo je mnogo razlika između naroda, kraljeva, običaja i istorije Danske, Švedske, Norveške i Islanda.	historije>istorije
flores-1404	flores	Sjeverom Francuske vladali su Francuzi „višijevci“. To su bili Francuzi koji su 1940. godine sklopili mir s Nijemcima i sarađivali s okupatorima umjesto da se bore protiv njih.	"It was ruled by the ""Vichy"" French. These were French people who had made peace with the Germans in 1940 and worked with the invaders instead of fighting them."	umjesto	yat	instead	Sjeverom Francuske vladali su Francuzi „višijevci“. To su bili Francuzi koji su 1940. godine sklopili mir s Nijemcima i sarađivali s okupatorima umesto da se bore protiv njih.	umjesto>umesto
flores-1420	flores	Začetak Tajvana potiče još iz 15. vijeka kad su evropski mornari u prolazu zabilježili ime ostrva kao Ilha Formosa, ili lijepo ostrvo.	Taiwan beginning start way back in 15th century where European sailors passing by record the island’s name as Ilha Formosa, or beautiful island.	vijeka	yat	century	Začetak Tajvana potiče još iz 15. veka kad su evropski mornari u prolazu zabilježili ime ostrva kao Ilha Formosa, ili lijepo ostrvo.	vijeka>veka
flores-1427	flores	Na primjer, najčešći format statične slike na svijetu je 35 mm, koji je dominirao na kraju perioda analognog filma.	For example, the most common still image photography format in the world is 35mm, which was the dominant film size at the close of the analog film era.	primjer	yat	example	Na primer, najčešći format statične slike na svijetu je 35 mm, koji je dominirao na kraju perioda analognog filma.	primjer>primer
flores-1431	flores	Mnogi uobičajeni formati (naprimjer, porodica formata APS) jednaki su ili su približni ovom razmjeru proporcija.	Many common formats (APS family of formats, for example) are equal to or closely approximate this aspect ratio.	porodica	lex	family	Mnogi uobičajeni formati (naprimjer, obitelj formata APS) jednaki su ili su približni ovom razmjeru proporcija.	porodica>obitelj
flores-1434	flores	U tom periodu evropske historije, Katolička crkva, koja je postala bogata i moćna, našla se pod kontrolom.	During this period of European history, the Catholic Church, which had become rich and powerful, came under scrutiny.	historije	lex	history	U tom periodu evropske istorije, Katolička crkva, koja je postala bogata i moćna, našla se pod kontrolom.	historije>istorije
flores-1435	flores	Kršćanska religija je više od hiljadu godina povezivala evropske države uprkos različitim jezicima i običajima.	For over a thousand years the Christian religion had bound European states together despite differences in language and customs. I	hiljadu	lex	thousand	Kršćanska religija je više od tisuću godina povezivala evropske države uprkos različitim jezicima i običajima.	hiljadu>tisuću
flores-1438	flores	Centralni organ crkve je u Rimu više od hiljadu godina i zbog ove koncentracije moći i novca mnogi se pitaju da li se ovo pravilo poštuje.	The central authority of the church had been in Rome for over a thousand years and this concentration of power and money led many to question whether this tenet was being met.	hiljadu	lex	thousand	Centralni organ crkve je u Rimu više od tisuću godina i zbog ove koncentracije moći i novca mnogi se pitaju da li se ovo pravilo poštuje.	hiljadu>tisuću
flores-1447	flores	Stara Kina je imala jedinstven način prikazivanja različitih vremenskih perioda. Svaka faza u historiji Kine ili svaka porodica koja je bila na vlasti bila je prepoznatljiva dinastija.	Ancient China had a unique way of showing different time periods; each stage of China or each family that was in power was a distinctive dynasty.	porodica	lex	family	Stara Kina je imala jedinstven način prikazivanja različitih vremenskih perioda. Svaka faza u historiji Kine ili svaka obitelj koja je bila na vlasti bila je prepoznatljiva dinastija.	porodica>obitelj
flores-1450	flores	Tri kraljevstva bila su jedan od najkrvavijih perioda u historiji drevne Kine. Hiljade ljudi poginulo je boreći se za najviše mjesto u velikoj palači u Xi’anu.	The Three Kingdoms was one of the bloodiest eras in Ancient China’s history thousands of people died fighting to sit in the highest seat in the grand palace at Xi’an.	hiljade	lex	thousands	Tri kraljevstva bila su jedan od najkrvavijih perioda u historiji drevne Kine. Tisuće ljudi poginulo je boreći se za najviše mjesto u velikoj palači u Xi’anu.	Hiljade>Tisuće
flores-1453	flores	Isto važi i za vojsku, jer umjesto da se vojni činovi rangiraju na osnovu klase, sada se temelje na kalibru.	Same goes for the military because instead of army rankings being based on class they were now based on cailaber.	umjesto	yat	instead	Isto važi i za vojsku, jer umesto da se vojni činovi rangiraju na osnovu klase, sada se temelje na kalibru.	umjesto>umesto
flores-1485	flores	Kao što je Pariz poznat kao prijestolnica mode savremenog svijeta, Konstantinopolj je bio smatran modnom prijestolnicom feudalne Evrope.	In the manner that Paris is known as the fashion capital of the contemporary world, Constantinople was regarded as the fashion capital of feudal Europe.	prijestolnica|evrope	yat|lex	capital|europe	Kao što je Pariz poznat kao prestolnica mode savremenog svijeta, Konstantinopolj je bio smatran modnom prijestolnicom feudalne Europe.	prijestolnica>prestolnica|Evrope>Europe
flores-1492	flores	zapadna Evropa je pred kraj srednjeg vijeka počela da razvija vlastiti stil. jedno od najvećih razvoja tog vremena kao rezultat krstaških ratova je kada su ljudi počeli koristiti dugmad za pričvršćivanje odjeće.	towards the end of the Middle Ages western Europe began to develop their own style. one of the biggest developments of the time as a result of the crusades people began to use buttons to fasten clothing.	evropa	lex	europe	zapadna Europa je pred kraj srednjeg vijeka počela da razvija vlastiti stil. jedno od najvećih razvoja tog vremena kao rezultat krstaških ratova je kada su ljudi počeli koristiti dugmad za pričvršćivanje odjeće.	Evropa>Europa
flores-1496	flores	Potkulture okupljaju osobe istih svjetonazora koji smatraju da ih društveni standardi zanemaruju te im omogućavaju da razviju osjećaj identiteta.	Subcultures bring together like-minded individuals who feel neglected by societal standards and allow them to develop a sense of identity.	osjećaj	yat	sense	Potkulture okupljaju osobe istih svjetonazora koji smatraju da ih društveni standardi zanemaruju te im omogućavaju da razviju osećaj identiteta.	osjećaj>osećaj
flores-1503	flores	Smatra se da su ostale odgojile životinje. Za neke se smatra da su samostalno živjeli u divljini.	Others are alleged to have been brought up by animals; some are said to have lived in the wild on their own.	živjeli	yat	lived	Smatra se da su ostale odgojile životinje. Za neke se smatra da su samostalno živeli u divljini.	živjeli>živeli
flores-1507	flores	Pomoć može biti i virtualna i stvarna, drugim riječima, učitelj je jedan oblik pomoći ali takođe je i mali čovjek spajalica u Microsoft Officeu.	Scaffolds can be both virtual and real, in other words, a teacher is a form of scaffold but so is the little paperclip man in Microsoft Office.	čovjek	yat	man	Pomoć može biti i virtualna i stvarna, drugim riječima, učitelj je jedan oblik pomoći ali takođe je i mali čovek spajalica u Microsoft Officeu.	čovjek>čovek
flores-1511	flores	Smatramo da sistem udomljavanja Foster Care predstavlja sigurnu zonu za ovu djecu.	We perceive the Foster Care System to be a safety zone for these children.	djecu	yat	children	Smatramo da sistem udomljavanja Foster Care predstavlja sigurnu zonu za ovu decu.	djecu>decu
flores-1548	flores	Jedan od najzapaženijih novijih primjera ove prakse je sjevernoatlantska kampanja u Drugom svjetskom ratu. Amerikanci su pokušavali prebaciti vojnike i materijale preko Atlantskog okeana u cilju pružanja pomoći Britaniji.	One of the most noteworthy recent examples of this was the North Atlantic campaign of WWII. The Americans were trying to move men and materials across the Atlantic Ocean to help Britain.	primjera	yat	examples	Jedan od najzapaženijih novijih primera ove prakse je sjevernoatlantska kampanja u Drugom svjetskom ratu. Amerikanci su pokušavali prebaciti vojnike i materijale preko Atlantskog okeana u cilju pružanja pomoći Britaniji.	primjera>primera
flores-1550	flores	Da su Saveznici podbacili, Njemačka bi vjerovatno bila u stanju osvojiti Britaniju onako kako je osvojila ostatak Evrope.	Had the Allies failed, Germany probably would have been able to conquer Britain as it had the rest of Europe.	evrope	lex	europe	Da su Saveznici podbacili, Njemačka bi vjerovatno bila u stanju osvojiti Britaniju onako kako je osvojila ostatak Europe.	Evrope>Europe
flores-1563	flores	Ovo liči simptomatskom liječenju u mnogim slučajevima. Ali ako ne želimo samo privremeno rješenje, trebali bismo pronaći uzrok problema i ukloniti ih.	This is just like symptomatic treatment in many cases. However, if we do not only want a temporary solution, then we should find the root of the problems, and we should deactivate them.	rješenje	yat	solution	Ovo liči simptomatskom liječenju u mnogim slučajevima. Ali ako ne želimo samo privremeno rešenje, trebali bismo pronaći uzrok problema i ukloniti ih.	rješenje>rešenje
flores-1564	flores	Jasno je da se svijet prilično promijenio zbog naučnog i tehnološkog napretka čovječanstva i da su problemi postali veći zbog prenaseljenosti i ekstravagantnog načina života ljudi.	It is obvious enough that the world has changed much because of humankind's scientific and technological advancements, and problems have become greater because of overpopulation and mankind's extravagant lifestyle.	promijenio	yat	changed	Jasno je da se svijet prilično promenio zbog naučnog i tehnološkog napretka čovječanstva i da su problemi postali veći zbog prenaseljenosti i ekstravagantnog načina života ljudi.	promijenio>promenio
flores-1619	flores	Prije više hiljada godina, čovjek po imenu Aristarh rekao je da se Sunčev sistem kreće oko Sunca.	Thousands of years ago, a man called Aristarchus said that the Solar System moved around the Sun.	hiljada	lex	thousands	Prije više tisuća godina, čovjek po imenu Aristarh rekao je da se Sunčev sistem kreće oko Sunca.	hiljada>tisuća
flores-1632	flores	Ljudi od davnina znaju za osnovne hemijske elemente poput zlata, srebra i bakra jer se svi oni mogu pronaći u prirodi u izvornom obliku i mogu se relativno lako eksploatirati korištenjem primitivnih alata.	People have known about basic chemical elements such as gold, silver, and copper from antiquity, as these can all be discovered in nature in native form and are relatively simple to mine with primitive tools.	hemijske	lex	chemical	Ljudi od davnina znaju za osnovne kemijske elemente poput zlata, srebra i bakra jer se svi oni mogu pronaći u prirodi u izvornom obliku i mogu se relativno lako eksploatirati korištenjem primitivnih alata.	hemijske>kemijske
flores-1634	flores	Ovo je više bilo poput četiri stanja tvari (istim redoslijedom): čvrsto, tečno, plinovito i plazma, iako je imao i teoriju da se mijenjaju u nove supstance i grade ono što vidimo.	This was more like the four states of matter (in the same order): solid, liquid, gas, and plasma, though he also theorised that they change into new substances to form what we see.	mijenjaju	yat	change	Ovo je više bilo poput četiri stanja tvari (istim redoslijedom): čvrsto, tečno, plinovito i plazma, iako je imao i teoriju da se menjaju u nove supstance i grade ono što vidimo.	mijenjaju>menjaju
flores-1657	flores	Na drugom kraju spektra, jedan se pretvara u neprepoznatljivog pojedinca koji osjeća da on ili ona moraju promijeniti sve što je tim radio i učiniti to svojim.	At the other end of the spectrum, one morphs into an unrecognizable individual that feels he or she must change everything the team has been doing and make it their own.	osjeća	yat	feels	Na drugom kraju spektra, jedan se pretvara u neprepoznatljivog pojedinca koji oseća da on ili ona moraju promijeniti sve što je tim radio i učiniti to svojim.	osjeća>oseća
flores-1658	flores	Uostalom, vođa je na kraju taj koji nosi odgovornost i za uspjeh i za neuspjeh ekipe.	After all, the leader is ultimately responsible for the success and failure of the team.	uspjeh|neuspjeh	yat|yat	success|failure	Uostalom, vođa je na kraju taj koji nosi odgovornost i za uspeh i za neuspeh ekipe.	uspjeh>uspeh|neuspjeh>neuspeh
flores-1661	flores	Članovi virtuelnog tima često funkcioniraju kao kontakt tačka za svoju fizičke grupe.	Virtual team members often function as the point of contact for their immediate physical group.	tačka	lex	point	Članovi virtuelnog tima često funkcioniraju kao kontakt točka za svoju fizičke grupe.	tačka>točka
flores-1681	flores	Tehnologija nudi rješenje u vidu virtuelnih izleta. Studenti mogu pogledati artefakte u muzejima, posjetiti akvarij ili se diviti predivnoj umjetnosti dok sjede u razredu.	Technology offers the solution with virtual field trips. Students can look at museum artifacts, visit an aquarium, or admire beautiful art while sitting with their class.	rješenje	yat	solution	Tehnologija nudi rešenje u vidu virtuelnih izleta. Studenti mogu pogledati artefakte u muzejima, posjetiti akvarij ili se diviti predivnoj umjetnosti dok sjede u razredu.	rješenje>rešenje
flores-1690	flores	Južnije su smješteni Nijagarini vodopadi, a na sjeveru se nalazi neiskorištena prirodna ljepota Muskoke i drugih predjela.	Farther south is Niagara Falls and the north is home to the untapped natural beauty of the Muskoka and beyond.	sjeveru	yat	north	Južnije su smješteni Nijagarini vodopadi, a na severu se nalazi neiskorištena prirodna ljepota Muskoke i drugih predjela.	sjeveru>severu
flores-1698	flores	Evropski utjecaj i osvajanje kolonija počeli su u 15. stoljeću, kada je portugalski istraživač Vasco da Gama otkrio morsku rutu od Evrope do Indije.	European influence and colonialism began in the 15th century, as Portuguese explorer Vasco da Gama found the Cape Route from Europe to India.	evrope	lex	europe	Evropski utjecaj i osvajanje kolonija počeli su u 15. stoljeću, kada je portugalski istraživač Vasco da Gama otkrio morsku rutu od Europe do Indije.	Evrope>Europe
flores-1713	flores	Možete koristiti boda-boda (taksi na motociklu) da se krećete po Gomi. Standardna (lokalna) cijena za kratku vožnju je približno 500 kongoanskih franaka.	You can use boda-boda (motorcycle taxi) to get around Goma. The normal (local) price is ~500 Congolese Francs for the short ride.	cijena	yat	price	Možete koristiti boda-boda (taksi na motociklu) da se krećete po Gomi. Standardna (lokalna) cena za kratku vožnju je približno 500 kongoanskih franaka.	cijena>cena
flores-1720	flores	Park se prostire na 19.500 km² i podijeljen je na 14 različitih ekozona, pri čemu svaka od njih pruža podršku različitoj divljači.	The park covers 19,500 km² and is divided in 14 different ecozones, each supporting different wildlife.	podijeljen	yat	divided	Park se prostire na 19.500 km² i podeljen je na 14 različitih ekozona, pri čemu svaka od njih pruža podršku različitoj divljači.	podijeljen>podeljen
flores-1751	flores	Službena valuta Falklanda je falklandska funta (FKP), čija je vrijednost istovjetna vrijednosti jedne britanske funte (GBP).	The official Falklands currency is the Falkland pound (FKP) whose value is set equivalent to that of one British pound (GBP).	vrijednost	yat	value	Službena valuta Falklanda je falklandska funta (FKP), čija je vrednost istovjetna vrijednosti jedne britanske funte (GBP).	vrijednost>vrednost
flores-1758	flores	Zime mogu biti varljivo hladne: temperature rijetko padaju ispod tačke smrzavanja, ali zbog kombinacije vjetra i vlažnosti čini se da je hladnije nego što pokazuje termometar.	The winter can be deceptively chilly: temperatures rarely go below freezing, but the wind and humidity combine to make it feel colder than what the thermometer says.	rijetko|vjetra	yat|yat	rarely|wind	Zime mogu biti varljivo hladne: temperature retko padaju ispod tačke smrzavanja, ali zbog kombinacije vetra i vlažnosti čini se da je hladnije nego što pokazuje termometar.	rijetko>retko|vjetra>vetra
flores-1763	flores	Svake godine desetine posjetilaca se povrijede jer ne održavaju odgovarajuću udaljenost. Ove životinje su velike, divlje i potencijalno opasne. Zato im dajte prostora.	Each year, dozens of visitors are injured because they didn't keep a proper distance. These animals are large, wild, and potentially dangerous, so give them their space.	posjetilaca	yat	visitors	Svake godine desetine posetilaca se povrijede jer ne održavaju odgovarajuću udaljenost. Ove životinje su velike, divlje i potencijalno opasne. Zato im dajte prostora.	posjetilaca>posetilaca
flores-1764	flores	Pored toga, nemojte zaboraviti da mirisi privlače medvjede i druge divlje životinje, pa izbjegavajte nošenje ili kuhanje prehrambenih proizvoda koji mirišu i održavajte kamp čistim.	In addition, be aware that odors attract bears and other wildlife, so avoid carrying or cooking odorous foods and keep a clean camp.	kuhanje	h	cooking		
flores-1794	flores	Ako sjeverni Baltik prelazite zimi, provjerite poziciju kabine jer prolazak kroz led uzrokuje užasnu buku za one koji su najpogođeniji.	If crossing the Northern Baltic in winter, check the cabin location, as going through ice causes quite horrible noise for those most affected.	sjeverni	yat	northern	Ako severni Baltik prelazite zimi, provjerite poziciju kabine jer prolazak kroz led uzrokuje užasnu buku za one koji su najpogođeniji.	sjeverni>severni
flores-1795	flores	Krstarenja Sankt Peterburgom uključuju i vrijeme koje se provodi u gradu. Putnici na krstarenju izuzeti su od zahtjeva za vizu (pogledajte uvjete).	Saint Petersburg cruises include time in town. Cruise passengers are exempted from visa requirements (check the terms).	zahtjeva	yat	requirements	Krstarenja Sankt Peterburgom uključuju i vrijeme koje se provodi u gradu. Putnici na krstarenju izuzeti su od zahteva za vizu (pogledajte uvjete).	zahtjeva>zahteva
flores-1804	flores	Safari je možda najbolji turistički doživljaj u Africi i vrhunac za mnoge posjetioce.	Safaris are perhaps the greatest tourism draw in Africa and the highlight for many visitors.	posjetioce	yat	visitors	Safari je možda najbolji turistički doživljaj u Africi i vrhunac za mnoge posetioce.	posjetioce>posetioce
flores-1824	flores	Putnici koji putuju u zemlje u kojima su na snazi visoke stope poreza ponekad mogu uštedjeti značajan iznos novca, naročito na proizvode poput alkoholnih pića i duhana.	Travellers bound for countries with heavy taxation can sometimes save a considerable amount of money, especially on products such as alcoholic beverages and tobacco.	duhana	h	tobacco	Putnici koji putuju u zemlje u kojima su na snazi visoke stope poreza ponekad mogu uštedjeti značajan iznos novca, naročito na proizvode poput alkoholnih pića i duvana.	duhana>duvana
flores-1837	flores	Ali, ako se upotrebljava bez dodatnih kvalifikatora, termin obično označava hranu koja izvorno potječe iz centralnih i istočnih dijelova glavnog ostrva Jave.	But, if used without further qualifiers, the term tends to mean the food originally from the central and eastern parts of the main island Java.	dijelova	yat	parts	Ali, ako se upotrebljava bez dodatnih kvalifikatora, termin obično označava hranu koja izvorno potječe iz centralnih i istočnih delova glavnog ostrva Jave.	dijelova>delova
flores-1838	flores	Javanska kuhinja, koja je sada dostupna širom arhipelaga, sadrži niz jednostavno začinjenih jela. Dominantni okusi koje Javanci vole su kikiriki, čili, šećer (posebno šećer javanskog kokosa) i različiti aromatični začini.	Now widely available throughout the archipelago, Javanese cuisine features an array of simply seasoned dishes, the predominant flavorings the Javanese favor being peanuts, chillies, sugar (especially Javanese coconut sugar) and various aromatic spices.	kuhinja	h	cuisine		
flores-1845	flores	Usponi uključuju pogled s vrhova koji oduzima dah. Penjači iz svih dijelova svijeta stalno pronalaze nove rute kroz njegov beskrajni potencijal zidova.	Summits include breath-taking views from peaks. Climbers from all parts of the world are continually establishing new routes amongst its endless potential of walls.	dijelova	yat	parts	Usponi uključuju pogled s vrhova koji oduzima dah. Penjači iz svih delova svijeta stalno pronalaze nove rute kroz njegov beskrajni potencijal zidova.	dijelova>delova
flores-1854	flores	Evropa je relativno mali kontinent, ali s mnogo nezavisnih zemalja. U standardnim okolnostima, putovanje kroz više zemalja značilo bi da je potrebno više puta proći kroz proces vađenja vize i kontrolu pasoša.	Europe is a continent that is relatively small but with many independent countries. Under normal circumstances, travelling through multiple countries would mean having to go through visa applications and passport control multiple times.	evropa	lex	europe	Europa je relativno mali kontinent, ali s mnogo nezavisnih zemalja. U standardnim okolnostima, putovanje kroz više zemalja značilo bi da je potrebno više puta proći kroz proces vađenja vize i kontrolu pasoša.	Evropa>Europa
flores-1859	flores	Definicija ima geografske varijacije, gdje bi starosna granica mogla da bude kraća na mjestima kao što su Sjeverna Amerika nego u Evropi.	The definition has geographic variations, where the age limit might be shorter in places such as North America than in Europe.	evropi	lex	europe	Definicija ima geografske varijacije, gdje bi starosna granica mogla da bude kraća na mjestima kao što su Sjeverna Amerika nego u Europi.	Evropi>Europi
flores-1862	flores	Čak i tradicionalno, nisu svi Sámi bili uključeni u uzgoj irvasa u velikim razmjerima, nego su živjeli od ribolova, lova i sličnih aktivnosti, a irvase su uzgajali uglavnom kao životinje za vuču.	Even traditionally, though, not all Sámi have been involved in big scale reindeer husbandry, but lived from fishing, hunting and similar, having reindeer mostly as draft animals.	živjeli	yat	lived	Čak i tradicionalno, nisu svi Sámi bili uključeni u uzgoj irvasa u velikim razmjerima, nego su živeli od ribolova, lova i sličnih aktivnosti, a irvase su uzgajali uglavnom kao životinje za vuču.	živjeli>živeli
flores-1889	flores	Pokušaj ciljati negdje gdje nećeš ponovo biti uhvaćen ili, u zavisnosti od tvojih vještina i od toga da li si primijećen, možda ćeš htjeti čekati spašavanje.	Try aiming somewhere where you are not caught again or, depending on your skills and on whether you have been noticed, you might want to wait for rescue.	negdje	yat	somewhere	Pokušaj ciljati negde gdje nećeš ponovo biti uhvaćen ili, u zavisnosti od tvojih vještina i od toga da li si primijećen, možda ćeš htjeti čekati spašavanje.	negdje>negde
flores-1905	flores	Najviše planina na Antarktiku se nalaze u sjevernom dijelu Sentinel Rangea, nazvan Vinson masiv, čiji je vrh pod nazivom Mount Vinson visok 4892 m.	The northern part or Sentinel Range has Antarctica's highest mountains, the Vinson Massif, peaking at 4892 m Mount Vinson.	dijelu	yat	part	Najviše planina na Antarktiku se nalaze u sjevernom delu Sentinel Rangea, nazvan Vinson masiv, čiji je vrh pod nazivom Mount Vinson visok 4892 m.	dijelu>delu
flores-1922	flores	Neka krstarenja u svojim brošurama uključuju Berlin, Njemačka. Kao što vidite na mapi, Berlin nije ni u blizini mora te posjeta gradu nije uključena u cijenu krstarenja.	Some cruises feature Berlin, Germany in the brochures. As you can see from the map above Berlin is no where near the sea and a visit to the city is not included in the price of the cruise.	cijenu	yat	price	Neka krstarenja u svojim brošurama uključuju Berlin, Njemačka. Kao što vidite na mapi, Berlin nije ni u blizini mora te posjeta gradu nije uključena u cenu krstarenja.	cijenu>cenu
flores-1925	flores	Razumijevanje načina rada aviona i onoga što se dešava u toku leta nekima može pomoći da prevaziđu strah koji se zasniva na nepoznatom i nedostatku kontrole.	For some, understanding something about how aircraft work and what happens during a flight may help to overcome a fear which is based on the unknown or on not being in control.	aviona	lex	aircraft	Razumijevanje načina rada zrakoplova i onoga što se dešava u toku leta nekima može pomoći da prevaziđu strah koji se zasniva na nepoznatom i nedostatku kontrole.	aviona>zrakoplova
flores-1926	flores	Kurirske kompanije su dobro plaćene za brzo dostavljanje robe. Vrijeme je često od ključne važnosti za poslovne dokumente, robu ili rezervne dijelove potrebne za hitne popravke.	Courier companies are well paid for delivering things quickly. Frequently, time is very important with business documents, merchandise or spare parts for an urgent repair.	dijelove	yat	parts	Kurirske kompanije su dobro plaćene za brzo dostavljanje robe. Vrijeme je često od ključne važnosti za poslovne dokumente, robu ili rezervne delove potrebne za hitne popravke.	dijelove>delove
flores-1932	flores	Općenito govoreći, nema svrhe čak ni tražiti popuste za sjedišta u poslovnoj ili prvoj klasi za direktne letove od tačke A to tačke B.	Generally speaking, there is no point in even looking for discounts for business or first-class seats on direct flights from A to B.	tačke	lex	point	Općenito govoreći, nema svrhe čak ni tražiti popuste za sjedišta u poslovnoj ili prvoj klasi za direktne letove od točke A to točke B.	tačke>točke
flores-1933	flores	Aviokompanije dobro znaju da postoji određena grupa putnika koji su spremni puno platit kako bi negdje stigli brzo i udobno te i naplaćuju u skladu s tim.	Airlines know well that there is a certain core group of flyers who are willing to pay top dollar for the privilege of getting somewhere fast and in comfort, and charge accordingly.	negdje	yat	somewhere	Aviokompanije dobro znaju da postoji određena grupa putnika koji su spremni puno platit kako bi negde stigli brzo i udobno te i naplaćuju u skladu s tim.	negdje>negde
flores-1967	flores	Majorkanska kuhinja, kao i kuhinje iz sličnih područja Sredozemlja, počiva na hljebu, povrću i mesu (naročito svinjetini), a za sve upotrebljava maslinovo ulje.	Majorcan cuisine, like that of similar zones in the Mediterranean, is based on bread, vegetables and meat (specially pork), and uses olive oil throughout.	kuhinja|kuhinje	h|h	cuisine|cuisine		
ntrex-6	ntrex	Član skupštine iz političke stranke Plaid je rekao da skupina u cjelini “nije zadovoljna” i predložio je alternativne nazive.	"A Plaid AM said the group as a whole was ""not happy"" and has suggested alternatives."	cjelini	yat	whole	Član skupštine iz političke stranke Plaid je rekao da skupina u celini “nije zadovoljna” i predložio je alternativne nazive.	cjelini>celini
ntrex-9	ntrex	Skupštinska komisija koja trenutno radi na nacrtu zakona o uvođenju promjena imena je izjavila: “Konačnu odluku o opisima titula članova skupštine će, naravno, donijeti sami članovi.”	"The Assembly Commission, which is currently drafting legislation to introduce the name changes, said: ""The final decision on any descriptors of what Assembly Members are called will of course be a matter for the members themselves."""	promjena	yat	changes	Skupštinska komisija koja trenutno radi na nacrtu zakona o uvođenju promena imena je izjavila: “Konačnu odluku o opisima titula članova skupštine će, naravno, donijeti sami članovi.”	promjena>promena
ntrex-13	ntrex	Članovi skupštine navodno daju alternativne prijedloge, ali napori za postizanje konsenzusa bi mogli zadati glavobolje predsjedavajućem Elinu Jonesu, od kojeg se očekuje da preda nacrt zakona o promjenama u roku od nekoliko sedmica.	AMs are apparently suggesting alternative options, but the struggle to reach consensus could be a headache for the Presiding Officer, Elin Jones, who is expected to submit draft legislation on the changes within weeks.	promjenama|sedmica	yat|lex	changes|weeks	Članovi skupštine navodno daju alternativne prijedloge, ali napori za postizanje konsenzusa bi mogli zadati glavobolje predsjedavajućem Elinu Jonesu, od kojeg se očekuje da preda nacrt zakona o promenama u roku od nekoliko sedmica.	promjenama>promenama
ntrex-172	ntrex	Forenzička istraga je potvrdila da je prasac težak 550 libri nanio smrtne ozljede farmeru, navedeno je u izvještaju.	A forensic examination confirmed that the 550 pound hog had mauled the farmer to death, according to the report.	izvještaju	yat	report	Forenzička istraga je potvrdila da je prasac težak 550 libri nanio smrtne ozljede farmeru, navedeno je u izveštaju.	izvještaju>izveštaju
ntrex-176	ntrex	Životinja koja je usmrtila čovjeka nije ni pripadala Yuanu, niti njegovom rođaku.	The animal who killed the man did not belong to Yuan or his cousin.	čovjeka	yat	man	Životinja koja je usmrtila čoveka nije ni pripadala Yuanu, niti njegovom rođaku.	čovjeka>čoveka
ntrex-248	ntrex	Iz odjela su izjavili da zasluge pripadaju policijskoj radnoj grupi za bjegunce Luizijane, kriminalističkoj laboratoriji državne policije, policiji Southern univerziteta i stanovnicima oblasti koji su pomogli tokom istrage koja je dovela do hapšenja.	The department is crediting the Louisiana State Police fugitive task force, the state police crime lab, Southern University police and area citizens in assisting in the investigation leading to the arrest.	univerziteta	lex	university		
ntrex-284	ntrex	Prvi gol Dollyja Menge je osigurao pobjedu za Livingston	Dolly Menga's first goal for Livingston secured victory	pobjedu	yat	victory	Prvi gol Dollyja Menge je osigurao pobedu za Livingston	pobjedu>pobedu
ntrex-359	ntrex	Trump je izjavio da je Kavanaugh “pretrpio podlost i bijes” demokratske partije	Trump says Kavanaugh 'suffered, the meanness, the anger' of the Democratic Party	bijes	yat	anger	Trump je izjavio da je Kavanaugh “pretrpio podlost i bes” demokratske partije	bijes>bes
ntrex-367	ntrex	“Pet sedmica od najbitnijih izbora naših života.	"""Five weeks away from one of the most important elections in our lifetimes."	sedmica	lex	weeks		
ntrex-430	ntrex	“Vjerujem da je ‘ye’ najčešća riječ u Bibliji, a u Bibliji ona znači ‘ti’”, rekao je West ranije ove godine dok je raspravljao o naslovu albuma s radijskim voditeljem Big Boyem.	"""I believe 'ye' is the most commonly used word in the Bible, and in the Bible it means 'you,'"" West said earlier this year, discussing his album title with radio host Big Boy."	vjerujem	yat	believe	“Verujem da je ‘ye’ najčešća riječ u Bibliji, a u Bibliji ona znači ‘ti’”, rekao je West ranije ove godine dok je raspravljao o naslovu albuma s radijskim voditeljem Big Boyem.	Vjerujem>Verujem
ntrex-520	ntrex	Pet smo sedmica od najvažnijih izbora naših života.	Five weeks away from one of the most important elections in our lifetimes.	sedmica	lex	weeks		
ntrex-548	ntrex	Jeremy Corbyn je prošle sedmice tvrdio da laburistička partija treba da njeguje kulturu tolerancije.	Jeremy Corbyn claimed last week that the Labour party should foster a culture of tolerance.	sedmice	lex	week		
ntrex-815	ntrex	“Ali ja biram da NE nagrađujem nekoga (tako što ću kupovati njegovu muziku ili odjeću ili podržati njegovu “umjetnost”) za koga vjerujem da je prigrlio i širi ideologiju koja šteti mom društvu.	"""But I chose NOT to reward someone (by purchasing his music or clothing or supporting his ""art"") who I believe is embracing and spewing ideology that is harmful to my community."	odjeću|umjetnost|vjerujem	yat|yat|yat	clothing|art|believe	“Ali ja biram da NE nagrađujem nekoga (tako što ću kupovati njegovu muziku ili odeću ili podržati njegovu “umetnost”) za koga verujem da je prigrlio i širi ideologiju koja šteti mom društvu.	odjeću>odeću|umjetnost>umetnost|vjerujem>verujem
ntrex-819	ntrex	Nije prvi umjetnik koji je promijenio ime i prati stope Diddyja, koji je takođe poznat kao Puff Daddy, Puffy i P Diddy.	He is not the first artist to change their name and follows in the footsteps of Diddy, also known as Puff Daddy, Puffy and P Diddy.	umjetnik	yat	artist	Nije prvi umetnik koji je promijenio ime i prati stope Diddyja, koji je takođe poznat kao Puff Daddy, Puffy i P Diddy.	umjetnik>umetnik
ntrex-828	ntrex	U izjavi za Sunday Times Culture, Kit je rekao da vjeruje da je “nešto pošlo naopako” i zapitao se kako se nositi s problemom toksične mačo kulture u doba #MeToo.	Speaking to The Sunday Times Culture, Kit said he believes 'something's gone wrong' and questioned how to tackle the problem of toxic masculinity in the #MeToo era.	vjeruje	yat	believes	U izjavi za Sunday Times Culture, Kit je rekao da veruje da je “nešto pošlo naopako” i zapitao se kako se nositi s problemom toksične mačo kulture u doba #MeToo.	vjeruje>veruje
ntrex-832	ntrex	Kit vjeruje da je televizija možda dijelom odgovorna za širenje toksične mačo kulture zbog prikazivanja likova koji se predstavljaju kao muškarčine.	Kit believes television may be partly responsible for the rise in toxic masculinity thanks to its very masculine characters.	vjeruje	yat	believes	Kit veruje da je televizija možda dijelom odgovorna za širenje toksične mačo kulture zbog prikazivanja likova koji se predstavljaju kao muškarčine.	vjeruje>veruje
ntrex-853	ntrex	Studije procjenjuju da zbog konzervativnih shvatanja u zemlji, 70–90% muškaraca koji imaju spolne odnose s muškarcima na kraju stupe u brak sa ženama.	Because of the country's conservative values, studies have estimated that 70-90% of men who have sex with men will eventually marry women.	procjenjuju	yat	estimated	Studije procenjuju da zbog konzervativnih shvatanja u zemlji, 70–90% muškaraca koji imaju spolne odnose s muškarcima na kraju stupe u brak sa ženama.	procjenjuju>procenjuju
ntrex-892	ntrex	Njeni savjetnici iz obavještajne službe je informišu da su svi aktivni špijuni kompromitovani i da će morati da uposli nekog od penzionisanih.	Her intelligence advisers inform her that as every single active spy has been compromised, she will have to bring someone out of retirement.	obavještajne	yat	intelligence	Njeni savjetnici iz obaveštajne službe je informišu da su svi aktivni špijuni kompromitovani i da će morati da uposli nekog od penzionisanih.	obavještajne>obaveštajne
ntrex-913	ntrex	Kancelar opozicije John McDonnell je iskoristio konferenciju Laburističke partije prošle sedmice kako bi izložio svoje viđenje socijalističke revolucije u ekonomiji.	Shadow Chancellor John McDonnell used last week's Labour conference to flesh out his vision for a socialist revolution in the economy.	sedmice	lex	week		
ntrex-974	ntrex	Pedeset osam procenata birača koji će „vjerovatno” glasati u državi Massachusetts reklo je da se senatorka ne bi trebala kandidovati, prema anketi koju je proveo Centar za politička istraživanja Univerziteta Suffolk/list Boston Globe.	"Fifty-eight percent of ""likely"" Massachusetts voters said the senator should not run, according to the Suffolk University Political Research Center/Boston Globe poll."	univerziteta	lex	university		
ntrex-1068	ntrex	"Jedan od njegovih unuka, Michael Vann, rekao je da je „nevjerovatno simbolično"" to što je spomenik otkriven tačno 100 godina nakon podviga za koji je njegov djed dobio nagradu."	"One of his grandsons, Michael Vann, said it was ""brilliantly symbolic"" the stone would be revealed exactly 100 years on from his grandfather's award-winning feat."	tačno	lex	exactly	"Jedan od njegovih unuka, Michael Vann, rekao je da je „nevjerovatno simbolično"" to što je spomenik otkriven točno 100 godina nakon podviga za koji je njegov djed dobio nagradu."	tačno>točno
ntrex-1081	ntrex	"„Radi se o propisu vlade gdje stoji da je u 6 sati ujutro taj sadržaj neprimjeren, te su ga morali zamijeniti programom za djecu, "" rekao je Dave Schwartz, viši potpredsjednik Bellatora za marketing i komunikacije, na pitanje o prijenosu."	"""It's government regulation that at 6 a.m. that content was not suitable so they had to switch to children's programming, "" said Dave Schwartz, Bellator senior vice president of marketing and communication, when asked about the transmission."	potpredsjednik	yat	vice,president	"„Radi se o propisu vlade gdje stoji da je u 6 sati ujutro taj sadržaj neprimjeren, te su ga morali zamijeniti programom za djecu, "" rekao je Dave Schwartz, viši potpredsednik Bellatora za marketing i komunikacije, na pitanje o prijenosu."	potpredsjednik>potpredsednik
ntrex-1229	ntrex	Brexit: UK će zauvijek žaliti što je izgubila proizvođače automobila	Brexit: UK 'would forever regret' losing carmakers	zauvijek	yat	forever	Brexit: UK će zauvek žaliti što je izgubila proizvođače automobila	zauvijek>zauvek
ntrex-1230	ntrex	"UK će „zauvijek žaliti"" ako izgubi status svjetskog lidera u proizvodnji automobila nakon Brexita, rekao je poslovni sekretar Greg Clark."	"The UK ""would regret it forever"" if it lost its status as a world leader in car manufacturing after Brexit, Business Secretary Greg Clark has said."	zauvijek	yat	forever	"UK će „zauvek žaliti"" ako izgubi status svjetskog lidera u proizvodnji automobila nakon Brexita, rekao je poslovni sekretar Greg Clark."	zauvijek>zauvek
ntrex-1268	ntrex	Trump redovno odgovara na pitanja kad napušta Bijelu kuću ili kada učestvuje na otvorenim sjednicama ili na konferencijama za štampu prilikom posjeta zvaničnika.	Trump regularly takes questions when leaving the White House or participating in open sessions or press conferences with visiting dignitaries.	učestvuje|štampu	lex|lex	participating|press	Trump redovno odgovara na pitanja kad napušta Bijelu kuću ili kada sudjeluje na otvorenim sjednicama ili na konferencijama za štampu prilikom posjeta zvaničnika.	učestvuje>sudjeluje
ntrex-1269	ntrex	Samostalne konferencije za štampu su rijetkost.	Solo press conferences are rare.	štampu	lex	press		
ntrex-1299	ntrex	Procjenjuje se da 13% novosagrađenih nekretnina u Londonu kupuju osobe koje nemaju prebivalište u UK, zbog čega cijene rastu, a kupcima koji prvi put kupuju nekretinu postaje teže da postanu kućevlasnici.	An estimated 13 per cent of new-build London properties are bought by non-UK residents, driving up prices and making it harder for first-time buyers to get a foot on the housing ladder.	procjenjuje	yat	estimated	Procenjuje se da 13% novosagrađenih nekretnina u Londonu kupuju osobe koje nemaju prebivalište u UK, zbog čega cijene rastu, a kupcima koji prvi put kupuju nekretinu postaje teže da postanu kućevlasnici.	Procjenjuje>Procenjuje
ntrex-1323	ntrex	I Ross kaže da se sada osjeća ugodnije nego ikada tokom svoje igračke karijere u Clydeu, Hartlepoolu, Falkirku, St. Mirrenu i Hamilton Academicalu.	And Ross says he feels more comfortable now than he ever did during his playing career at Clyde, Hartlepool, Falkirk, St Mirren and Hamilton Academical.	osjeća	yat	feels	I Ross kaže da se sada oseća ugodnije nego ikada tokom svoje igračke karijere u Clydeu, Hartlepoolu, Falkirku, St. Mirrenu i Hamilton Academicalu.	osjeća>oseća
ntrex-1355	ntrex	Istraživanje provedeno od strane organizacije Digitalna svijest UK i Konferencije direktora i direktorki (HMC) nezavisnih škola, otkrilo je da je 40% djece od 11 do 18 godina imalo dva profila, dok je polovina njih priznala da ima privatne naloge.	"The research, by Digital Awareness UK and the Headmasters"" and Headmistresses"" Conference (HMC) of independent schools, found 40 per cent of 11 to 18-year-olds had two profiles, with half of those admitting to keeping private accounts."	svijest	yat	awareness	Istraživanje provedeno od strane organizacije Digitalna svest UK i Konferencije direktora i direktorki (HMC) nezavisnih škola, otkrilo je da je 40% djece od 11 do 18 godina imalo dva profila, dok je polovina njih priznala da ima privatne naloge.	svijest>svest
ntrex-1386	ntrex	Neko drugi je komentirao: „Ovo je smiješna reklama usmjerena na mame koje izdajaju mlijeko (često na radnom mjestu ili u toaletu) i osjećaju se kao „krave”.	"Another commented: ""This is a fun advert aimed at mums who pump (often in their workplaces or toilets) and feel like ""cows."""	osjećaju	yat	feel	Neko drugi je komentirao: „Ovo je smiješna reklama usmjerena na mame koje izdajaju mlijeko (često na radnom mjestu ili u toaletu) i osećaju se kao „krave”.	osjećaju>osećaju
ntrex-1389	ntrex	Koncept reklame zasniva se na saznanju da mnoge majke koje izdajaju mlijeko kažu da se osjećaju kao krave.	The concept behind the campaign is based on the insight that many women who breast-pump say they feel like cows.	osjećaju	yat	feel	Koncept reklame zasniva se na saznanju da mnoge majke koje izdajaju mlijeko kažu da se osećaju kao krave.	osjećaju>osećaju
ntrex-1425	ntrex	Moualem je iznio uslove Vlade Sirije za učešće u radu komiteta, rekavši da bi rad tog tijela trebalo ograničiti na „razmatranje članova trenutnog ustava” i upozorio na mogućnost vanjskog uplitanja.	"Moualem laid out conditions for the Syrian government's participation in the committee, saying the panel's work should be restricted ""to reviewing the articles of the current constitution,"" and warned against interference."	učešće	lex	participation		
ntrex-1682	ntrex	Kontrolor zračnog saobraćaja izgubio život kako bi osigurao da stotine putnika u avionu izbjegnu zemljotres.	Air Traffic Controller Dies To Ensure Hundreds On Plane Can Escape Earthquake	avionu	lex	plane	Kontrolor zračnog saobraćaja izgubio život kako bi osigurao da stotine putnika u zrakoplovu izbjegnu zemljotres.	avionu>zrakoplovu
ntrex-1709	ntrex	Lokalne plovilice su pomogle u spašavanju ostalih putnika i članova posade nakon što je avion pao u vodu u pokušaju da sleti na ostrvski aerodrom Chuuk.	Local boats helped rescue the other passengers and crew after the plane hit the water while trying to land at the Chuuk Island airport.	avion	lex	plane	Lokalne plovilice su pomogle u spašavanju ostalih putnika i članova posade nakon što je zrakoplov pao u vodu u pokušaju da sleti na ostrvski aerodrom Chuuk.	avion>zrakoplov
ntrex-1713	ntrex	I aviokompanija i američka mornarica su saopštile da je avion završio u laguni ne stigavši do piste.	The airline and the U.S. Navy both said the plane landed in the lagoon short of the runway.	avion	lex	plane	I aviokompanija i američka mornarica su saopštile da je zrakoplov završio u laguni ne stigavši do piste.	avion>zrakoplov
ntrex-1717	ntrex	Jaynes je rekao kako su se on i ostali uspjeli probiti do izlaza za slučaj opasnosti kroz vodu koja im je sezala do struka u avionu koji je tonuo.	Jaynes said he and others managed to wade through waist-deep water to the emergency exits on the sinking plane.	uspjeli|avionu	yat|lex	managed|plane	Jaynes je rekao kako su se on i ostali uspeli probiti do izlaza za slučaj opasnosti kroz vodu koja im je sezala do struka u zrakoplovu koji je tonuo.	uspjeli>uspeli|avionu>zrakoplovu
ntrex-1768	ntrex	Mislim da je on na uspjeh Paddingtona gledao na neki takav način.	I think he viewed Paddington's success sort of in that way.	uspjeh	yat	success	Mislim da je on na uspeh Paddingtona gledao na neki takav način.	uspjeh>uspeh
ntrex-1783	ntrex	Na kraju se gđa. Ednan-Laperouse, koja je sada bila u žalosti zbog smrti ćerke, ukrcala u avion zajedno sa ostalim putnicima, koji nisu ni sanjali kroz kakvu je muku ona prolazila.	Eventually Mrs Ednan-Laperouse, by now grieving for the loss of her daughter, boarded the plane alongside the other passengers - oblivious to the ordeal she was going through.	avion	lex	plane	Na kraju se gđa. Ednan-Laperouse, koja je sada bila u žalosti zbog smrti ćerke, ukrcala u zrakoplov zajedno sa ostalim putnicima, koji nisu ni sanjali kroz kakvu je muku ona prolazila.	avion>zrakoplov
ntrex-1823	ntrex	Velikoj većini prebjeglih sa sjevera na kraju bude ponuđeno državljanstvo Južne Koreje.	The vast majority of defectors from the North are eventually offered South Korean citizenship.	sjevera	yat	north	Velikoj većini prebjeglih sa severa na kraju bude ponuđeno državljanstvo Južne Koreje.	sjevera>severa
ntrex-1880	ntrex	Sirija je spremna” za povratak izbjeglica, izjavljuje ministar vanjskih poslova.	Syria 'ready' for refugees to return, says Foreign Minister	izbjeglica	yat	refugees	Sirija je spremna” za povratak izbeglica, izjavljuje ministar vanjskih poslova.	izbjeglica>izbeglica
ntrex-1881	ntrex	Sirija kaže da je spremna za dobrovoljni povratak izbjeglica i apeluje za pomoć u obnovi zemlje razorene ratom koji traje već više od sedam godina.	Syria says it's ready for the voluntary return of refugees and is appealing for help to rebuild the country devastated by a more than seven-year long war.	izbjeglica	yat	refugees	Sirija kaže da je spremna za dobrovoljni povratak izbeglica i apeluje za pomoć u obnovi zemlje razorene ratom koji traje već više od sedam godina.	izbjeglica>izbeglica
ntrex-1885	ntrex	Sada postoje svi uslovi za dobrovoljni povratak izbjeglica u zemlju koju su morali napustiti zbog terorizma i jednostranih ekonomskih mjera koje su bile usmjerene na njihov svakodnevni život i egzistenciju.	All conditions are now present for the voluntary return of refugees to the country they had to leave because of terrorism and the unilateral economic measures that targeted their daily lives and their livelihoods.	mjera	yat	measures	Sada postoje svi uslovi za dobrovoljni povratak izbjeglica u zemlju koju su morali napustiti zbog terorizma i jednostranih ekonomskih mera koje su bile usmjerene na njihov svakodnevni život i egzistenciju.	mjera>mera
ntrex-1911	ntrex	Pregrupirat ćemo se, radit ću s PGA-om Amerike i našim odborom Ryder kupa i krenut ćemo naprijed.	We'll regroup, I'll work with the PGA of America and our Ryder Cup Committee and we'll move forward.	naprijed	yat	forward	Pregrupirat ćemo se, radit ću s PGA-om Amerike i našim odborom Ryder kupa i krenut ćemo napred.	naprijed>napred
setimes_test-12	setimes_test	Zemljotres se osjetio u susjednim pokrajinama Tunceli, Bingol i Diyarbakir, izvještava turski dnevnik Hurriyet.	The quake was felt in the neighbouring provinces of Tunceli, Bingol and Diyarbakir, the Turkish daily Hurriyet reported.	susjednim	yat	neighbouring	Zemljotres se osjetio u susednim pokrajinama Tunceli, Bingol i Diyarbakir, izvještava turski dnevnik Hurriyet.	susjednim>susednim
setimes_test-18	setimes_test	"Iznad svega, to ukazuje na neuspjeh obrazovnih i sigurnosnih institucija u smislu rješavanja tog ozbiljnog problema koji počinje dostizati zabrinjavajuće proporcije,"" prokomentirao je Avni Bytyci iz nevladine organizacije INPO, jedne od malog broja organizacija koje se bave tim problemom."	"Above all, it is an indication of the failure of educational and security institutions to address this serious problem that is beginning to reach worrisome proportions,"" commented Avni Bytyci of the NGO INPO, one of the few organisations that has addressed the problem."	neuspjeh	yat	failure	"Iznad svega, to ukazuje na neuspeh obrazovnih i sigurnosnih institucija u smislu rješavanja tog ozbiljnog problema koji počinje dostizati zabrinjavajuće proporcije,"" prokomentirao je Avni Bytyci iz nevladine organizacije INPO, jedne od malog broja organizacija koje se bave tim problemom."	neuspjeh>neuspeh
setimes_test-38	setimes_test	Prema riječima direktora instituta Nemanje Damjanova, sredstva se koriste za kupovinu i postavljanje sofisticiranog digitalnog rendgenskog sistema.	According to institute head Nemanja Damjanov, the funds were being used for the purchase and installation of a sophisticated digital X-ray system.	riječima	yat	according	Prema rečima direktora instituta Nemanje Damjanova, sredstva se koriste za kupovinu i postavljanje sofisticiranog digitalnog rendgenskog sistema.	riječima>rečima
setimes_test-43	setimes_test	On je predstavljao Makedoniju na takmičenju za Pjesmu Evrovizije 2004, iste godine kad je imenovan za ambasadora dobre volje UNICEF-a.	He represented Macedonia in the 2004 Eurovision contest, the same year he was named a UNICEF Goodwill ambassador.	ambasadora	lex	ambassador		
setimes_test-48	setimes_test	Kako bi ispunila odrednice EU, Bugarska mora osigurati da udio energije iz energije vjetra, sunca i drugih zelenih izvora do 2020. dostigne 16% od bruto krajnje potrošnje energije u zemlji.	To meet EU specifications, Bulgaria must ensure that the share of energy generated from wind, solar and other green sources will reach 16% of the country's gross final energy consumption by 2020.	vjetra	yat	wind	Kako bi ispunila odrednice EU, Bugarska mora osigurati da udio energije iz energije vetra, sunca i drugih zelenih izvora do 2020. dostigne 16% od bruto krajnje potrošnje energije u zemlji.	vjetra>vetra
setimes_test-60	setimes_test	Alon Liel, bivši izraelski ambasador u Turskoj, slaže se da su izraelsko-turski odnosi u krizi.	Alon Liel, former Israeli ambassador to Turkey, agrees that Israeli-Turkish relations are in crisis.	ambasador	lex	ambassador		
setimes_test-86	setimes_test	Napadači, koji su uspjeli pobjeći nakon otvaranja vatre na policiju, bacili su eksplozivni materijal na autobus koji je prevozio stranačke aktiviste na jedan sastanak pred izbore 12. juna.	The attackers, who managed to escape after opening fire on police, threw explosives at the bus carrying party activists to a meeting ahead of the June 12th elections.	uspjeli	yat	managed	Napadači, koji su uspeli pobjeći nakon otvaranja vatre na policiju, bacili su eksplozivni materijal na autobus koji je prevozio stranačke aktiviste na jedan sastanak pred izbore 12. juna.	uspjeli>uspeli
setimes_test-100	setimes_test	Povjerenik EU za proširenje Olli Rehn stigao je u Sarajevo s oštrim upozorenjem političkim liderima Bosne i Hercegovine: ili će se krenuti naprijed sa zahtijevanim reformama ili će kandidatura zemlje za članstvo u EU biti stavljena na led.	EU Enlargement Commissioner Olli Rehn arrived in Sarajevo with a tough warning to Bosnia and Herzegovina's political leaders: push forward with required reforms or see the country's EU bid put on ice.	naprijed	yat	forward	Povjerenik EU za proširenje Olli Rehn stigao je u Sarajevo s oštrim upozorenjem političkim liderima Bosne i Hercegovine: ili će se krenuti napred sa zahtijevanim reformama ili će kandidatura zemlje za članstvo u EU biti stavljena na led.	naprijed>napred
setimes_test-114	setimes_test	Hrvatski predsjednik Stipe Mesić (lijevo) na pres-konferenciji s kosovskim predsjednikom Fatmirom Sejdiuom u petak (8. januar) u Prištini. [Getty Images]	Croatian President Stipe Mesic (left) holds a press conference with Kosovo President Fatmir Sejdiu in Pristina on Friday (January 8th). [Getty Images]	lijevo	yat	left	Hrvatski predsjednik Stipe Mesić (levo) na pres-konferenciji s kosovskim predsjednikom Fatmirom Sejdiuom u petak (8. januar) u Prištini. [Getty Images]	lijevo>levo
setimes_test-160	setimes_test	Kipar je podijeljen duž granica svog grčkog i turskog stanovništva još od 1964.	Cyprus has been divided along the boundaries of its Greek and Turkish populations since 1964.	podijeljen	yat	divided	Kipar je podeljen duž granica svog grčkog i turskog stanovništva još od 1964.	podijeljen>podeljen
setimes_test-197	setimes_test	Day je predstavio godišnji video-serijal o natjecanju Solarni desetoboj, koji pravi američka vlada, u okviru kog univerzitetski studenti iz 20 zemalja grade energetski efikasne kuće s naglaskom na solarnoj energiji.	Day presented the annual Solar Decathlon competition video series produced by the US government, in which university students from 20 countries build energy efficient houses with an emphasis on solar power.	univerzitetski	lex	university		
setimes_test-205	setimes_test	Finansijske institucije koje rade s velikim iznosima novca morat će unaprijediti svoje mjere sigurnosti.	Financial institutions that handle large sums of money will have to improve their security measures.	mjere	yat	measures	Finansijske institucije koje rade s velikim iznosima novca morat će unaprijediti svoje mere sigurnosti.	mjere>mere
setimes_test-210	setimes_test	Izaslanik EU Wolfgang Ischinger (sredina), američki posrednik Frank Wisner (lijevo) i Rus Alexander Botsan-Kharchenko na pres-konferenciji u ponedjeljak (3. decembar) u Beogradu. [Getty Images]	EU envoy Wolfgang Ischinger (centre), US mediator Frank Wisner (left) and Russia's Alexander Botsan-Kharchenko hold a press conference in Belgrade on Monday (December 3rd). [Getty Images]	lijevo	yat	left	Izaslanik EU Wolfgang Ischinger (sredina), američki posrednik Frank Wisner (levo) i Rus Alexander Botsan-Kharchenko na pres-konferenciji u ponedjeljak (3. decembar) u Beogradu. [Getty Images]	lijevo>levo
setimes_test-216	setimes_test	Članica Karmen Rivoseki Simić kaže da će RODA podržati Mesića, kako bi pomogla da se zakon o IVF-u izmijeni.	Member Karmen Rivoseki Simic, says RODA will back Mesic to help change the IVF law.	izmijeni	yat	change	Članica Karmen Rivoseki Simić kaže da će RODA podržati Mesića, kako bi pomogla da se zakon o IVF-u izmeni.	izmijeni>izmeni
setimes_test-224	setimes_test	Makedonski premijer Nikola Gruevski je stigao u trodnevnu posjetu Njemačkoj u ponedjeljak (16. oktobra) u nadi da će dobiti podršku Berlina za pristupanje njegove zemlje EU i NATO-u.	Macedonian Prime Minster Nikola Gruevski arrived on a three-day visit to Germany on Monday (October 16th) hoping to win Berlin's backing for his country's EU and NATO bids.	posjetu	yat	visit	Makedonski premijer Nikola Gruevski je stigao u trodnevnu posetu Njemačkoj u ponedjeljak (16. oktobra) u nadi da će dobiti podršku Berlina za pristupanje njegove zemlje EU i NATO-u.	posjetu>posetu
setimes_test-228	setimes_test	Eroglu je u aprilu pobijedio na predsjedničkim izborima, nakon što je porazio svog prethodnika Mehmeta Alija Talata. (Novinski centar UN-a, Novinska agencija Anadolu, World Bulletin, Cyprus Mail - 21/05/10)	Eroglu won the presidency in April defeating his predecessor Mehmet Ali Talat. (UN News Centre, Anadolu news agency, World Bulletin, Cyprus Mail - 21/05/10)	pobijedio	yat	won	Eroglu je u aprilu pobedio na predsjedničkim izborima, nakon što je porazio svog prethodnika Mehmeta Alija Talata. (Novinski centar UN-a, Novinska agencija Anadolu, World Bulletin, Cyprus Mail - 21/05/10)	pobijedio>pobedio
setimes_test-232	setimes_test	"""Računamo na to da ćemo do kraja svog predsjedavanja biti u mogućnosti iznijeti izvještaj s planom,"" rekla je Merkelova tokom svoje prošlosedmične posjete Kopenhagenu."	"""We count on being able to put forward a report towards the end of our presidency in which we present a plan,"" Merkel said during a visit to Copenhagen last week."	posjete	yat	visit	"""Računamo na to da ćemo do kraja svog predsjedavanja biti u mogućnosti iznijeti izvještaj s planom,"" rekla je Merkelova tokom svoje prošlosedmične posete Kopenhagenu."	posjete>posete
setimes_test-241	setimes_test	Dragnea je izjavio kako će njegovi glavni ciljevi biti unaprjeđenje javne bezbjednosti, između ostalog i u školama, i decentralizacija i reforma uprave.	Dragnea has said his main objectives will be to improve public safety, including in schools, and to decentralise and reform the administration.	bezbjednosti	yat	safety	Dragnea je izjavio kako će njegovi glavni ciljevi biti unaprjeđenje javne bezbednosti, između ostalog i u školama, i decentralizacija i reforma uprave.	bezbjednosti>bezbednosti
setimes_test-249	setimes_test	"Ross Wilson, američki ambasador u Turskoj, osudio je taj ""očiti akt terorizma"" usmjeren na Sjedinjene Države."	"Ross Wilson, US ambassador to Turkey, denounced the ""obvious act of terrorism"" aimed at the United States."	ambasador|usmjeren	lex|yat	ambassador|aimed	"Ross Wilson, američki ambasador u Turskoj, osudio je taj ""očiti akt terorizma"" usmeren na Sjedinjene Države."	usmjeren>usmeren
setimes_test-260	setimes_test	Naglašavajući važnost slobode govora, on je pozvao Ankaru da izmijeni ili poništi kontroverzni član krivičnog zakona koji je doveo do niza suđenja spisateljima i intelektualcima.	Stressing the importance of freedom of speech, he urged Ankara to change or annul a controversial penal code article that has led to a number of trials against writers and intellectuals.	izmijeni	yat	change	Naglašavajući važnost slobode govora, on je pozvao Ankaru da izmeni ili poništi kontroverzni član krivičnog zakona koji je doveo do niza suđenja spisateljima i intelektualcima.	izmijeni>izmeni
setimes_test-261	setimes_test	"Planeri Nabuccoa smatraju Azerbejdžan najsigurnijim izvorom, a ministar vanjskih poslova te zemlje Araz Azimov izjavio je u intervjuu od 29. januara da će se ove godine vjerovatno doći do ""rješenja""."	"Nabucco planners consider Azerbaijan the surest source, and the country's foreign minister, Araz Azimov, said in a January 29th interview that a ""solution"" is likely this year."	rješenja	yat	solution	"Planeri Nabuccoa smatraju Azerbejdžan najsigurnijim izvorom, a ministar vanjskih poslova te zemlje Araz Azimov izjavio je u intervjuu od 29. januara da će se ove godine vjerovatno doći do ""rešenja""."	rješenja>rešenja
setimes_test-265	setimes_test	"Moldavija bi trebala poštivati ""sve ustavne slobode"", kaže se u tom saopćenju za štampu."	"Moldova should respect ""all constitutional liberties"", the press release said."	štampu	lex	press		
setimes_test-284	setimes_test	Predsjednik Kosova Fatmir Sejdiu je izjavio da je njegova strana voljna učestvovati u daljnjim razgovorima, iako se o nezavisnosti ne može pregovarati.	Kosovo President Fatmir Sejdiu said that while independence is non-negotiable, his side is willing to participate in further talks.	učestvovati	lex	participate	Predsjednik Kosova Fatmir Sejdiu je izjavio da je njegova strana voljna sudjelovati u daljnjim razgovorima, iako se o nezavisnosti ne može pregovarati.	učestvovati>sudjelovati
setimes_test-299	setimes_test	Prema tom sporazumu, narednog mjeseca će se sastati Međuvladina konferencija (IGC) koja će izraditi nacrt Reformskog sporazuma kojim će se zamijeniti obiman ustav, koji je odbila većina glasača u Francuskoj i Holandiji.	Under the deal, an Inter-Governmental Conference (IGC) will convene next month to draft a Reform Treaty that will replace the bulky constitution, rejected by the majority of French and Dutch voters.	zamijeniti	yat	replace	Prema tom sporazumu, narednog mjeseca će se sastati Međuvladina konferencija (IGC) koja će izraditi nacrt Reformskog sporazuma kojim će se zameniti obiman ustav, koji je odbila većina glasača u Francuskoj i Holandiji.	zamijeniti>zameniti
setimes_test-322	setimes_test	Njegova izjava uslijedila je na državnom banketu u čast njegove gostujuće indijske kolegice Pratibhe Devisingh Patil.	His statement came at a state banquet in honour of his visiting Indian counterpart, Pratibha Devisingh Patil.	uslijedila	yat	came	Njegova izjava usledila je na državnom banketu u čast njegove gostujuće indijske kolegice Pratibhe Devisingh Patil.	uslijedila>usledila
setimes_test-347	setimes_test	"""Posjeta predsjednika Peresa bila je historijska, jer je to bila prva posjeta Rumuniji koju je do sad obavio predsjednik države Izrael,"" izjavio je za SETimes David Oren, izraelski ambasador u Bukureštu."	"""President Peres' visit was a historic one because it was the first visit ever made by a president of the state of Israel to Romania,"" David Oren, the Israeli ambassador in Bucharest, told SETimes."	ambasador	lex	ambassador		
setimes_test-357	setimes_test	"""Ta poruka je djelimično predstavljala reakciju na prijetnje ove grupe,"" izjavio je u srijedu jedan američki zvaničnik govoreći pod uslovom anonimnosti, kako navodi DPA."	"""The message was partially in response to the threats from this group,"" the DPA quoted a US official, speaking on condition of anonymity, as saying Wednesday."	djelimično	yat	partially	"""Ta poruka je delimično predstavljala reakciju na prijetnje ove grupe,"" izjavio je u srijedu jedan američki zvaničnik govoreći pod uslovom anonimnosti, kako navodi DPA."	djelimično>delimično
setimes_test-364	setimes_test	Tri zemlje sad mogu učestvovati u projektima FP7 i prijavljivati se za sredstva finansiranja za nauku i istraživanja.	The three countries can now participate in FP7 projects and apply for financing for science and research.	učestvovati	lex	participate	Tri zemlje sad mogu sudjelovati u projektima FP7 i prijavljivati se za sredstva finansiranja za nauku i istraživanja.	učestvovati>sudjelovati
setimes_test-367	setimes_test	"Općina Bitolj će sa svoje strane učestvovati sa 3,5 miliona eura,"" izjavio je za SETimes gradonačelnik Bitolja Vadimir Talevski."	"The Bitola municipality will participate by providing 3.5m euro,"" Bitola Mayor Vadimir Talevski told SETimes."	općina|učestvovati	lex|lex	municipality|participate	"Opština Bitolj će sa svoje strane sudjelovati sa 3,5 miliona eura,"" izjavio je za SETimes gradonačelnik Bitolja Vadimir Talevski."	Općina>Opština|učestvovati>sudjelovati
setimes_test-373	setimes_test	Prema riječima Dabarčićeve, SNSD i SDS razmatraju mogućnost povlačenja iz tekućih pregovora i od imenovanja svojih kandidata za najviše državne pozicije.	According to Dabarcic, the SNSD and the SDS are considering withdrawing from ongoing talks and nominating their candidates for top state posts.	riječima	yat	according	Prema rečima Dabarčićeve, SNSD i SDS razmatraju mogućnost povlačenja iz tekućih pregovora i od imenovanja svojih kandidata za najviše državne pozicije.	riječima>rečima
setimes_test-397	setimes_test	Grčki premijer Costas Karamanlis pozvao je ranije ovog mjeseca na prijevremene izbore 4. oktobra, okončavši višesedmične špekulacije. [Getty Images]	Greek Prime Minister Costas Karamanlis called for October 4th snap elections earlier this month, ending weeks of speculation. [Getty Images]	prijevremene	yat	elections	Grčki premijer Costas Karamanlis pozvao je ranije ovog mjeseca na prevremene izbore 4. oktobra, okončavši višesedmične špekulacije. [Getty Images]	prijevremene>prevremene
setimes_test-406	setimes_test	Njih dvojica održali su preko 70 sastanaka prije pauze zbog ovomjesečnih predsjedničkih izbora kiparskih Turaka, koje je nosilac funkcije Talat izgubio od nacionalističkog tvrdolinijaša Eroglua.	The two held more than 70 meetings before a break for this month's Turkish Cypriot presidential election, which the incumbent Talat lost to nationalist hardliner Eroglu.	predsjedničkih	yat	presidential	Njih dvojica održali su preko 70 sastanaka prije pauze zbog ovomjesečnih predsedničkih izbora kiparskih Turaka, koje je nosilac funkcije Talat izgubio od nacionalističkog tvrdolinijaša Eroglua.	predsjedničkih>predsedničkih
setimes_test-441	setimes_test	Prave prepreke su da će se domaći proizvođači između ostalog suočiti s nedovoljnim brojem opremljenih graničnih prijelaza, neadekvatno opremljenim laboratorijama za analizu i nedostatkom dozvola, koje su potrebne da bi izvozna roba ušla na tržište EU.	Real obstacles that the domestic manufacturers will face include an insufficient number of equipped border crossings, under-equipped analysis laboratories, and lack of licenses, which are required for exported goods to enter the EU market.	prijelaza	yat	border,crossings	Prave prepreke su da će se domaći proizvođači između ostalog suočiti s nedovoljnim brojem opremljenih graničnih prelaza, neadekvatno opremljenim laboratorijama za analizu i nedostatkom dozvola, koje su potrebne da bi izvozna roba ušla na tržište EU.	prijelaza>prelaza
setimes_test-465	setimes_test	Prijedlog za borbu protiv korupcije naišao na skepticizam u Srbiji	Proposal to fight corruption met with scepticism in Serbia	prijedlog	yat	proposal	Predlog za borbu protiv korupcije naišao na skepticizam u Srbiji	Prijedlog>Predlog
setimes_test-466	setimes_test	"Oni nemaju motivaciju da igraju za Kosovo, jer ne mogu učestvovati na međunarodnim takmičenjima i utakmicama, a što je još važnije, ne dobivaju poštovanje koje zaslužuju"", rekao je."	"They are discouraged from playing in Kosovo because they cannot participate in international competitions or matches, and, what is more important, they do not get the respect they deserve,"" he said."	učestvovati	lex	participate	"Oni nemaju motivaciju da igraju za Kosovo, jer ne mogu sudjelovati na međunarodnim takmičenjima i utakmicama, a što je još važnije, ne dobivaju poštovanje koje zaslužuju"", rekao je."	učestvovati>sudjelovati
setimes_test-498	setimes_test	"U saopćenju su namjerno izostavljeni termini ""islamski"" i ""islamski terorizam""."	The statement deliberately omitted the terms Islamic or Islamist terror.	namjerno	yat	deliberately	"U saopćenju su namerno izostavljeni termini ""islamski"" i ""islamski terorizam""."	namjerno>namerno
setimes_test-501	setimes_test	Što budu uže veze sa susjednim zemljama, to će biti kraći put Albanije do EU, kaže ministrica za integracije Arenca Trashani.	The closer the ties with neighbouring countries, the shorter Albania's path to the EU will be, says Integration Minister Arenca Trashani.	susjednim	yat	neighbouring,countries	Što budu uže veze sa susednim zemljama, to će biti kraći put Albanije do EU, kaže ministrica za integracije Arenca Trashani.	susjednim>susednim
setimes_test-554	setimes_test	Prema riječima eksperata, u Beogradu postoji strepnja u vezi toga šta bi Mladić mogao reći povodom učešća Srbije u ratu u BiH.	According to experts, there is trepidation in Belgrade about what Mladic may say concerning Serbia's participation in the BiH war.	učešća	lex	participation		
setimes_test-563	setimes_test	Kad je ACR prvobitno uzeo taj rudnik pod koncesiju, pojašnjava ona, Nikollaj i još jedan sindikalni lider, Tafe Koleci, organizirali su protest zahtijevajući povećanje rudarskih plaća -- početno za 30%, a onda i za dodatnih 50% -- kao i ulaganja u poboljšanje uslova rada.	When ACR first acquired the mine on concession, she explained, Nikollaj and fellow union leader Tafe Koleci organised a protest demanding increases in miners' salaries – initially by 30%, and then by an additional 50% -- as well as investments to improve working conditions.	zahtijevajući	yat	demanding	Kad je ACR prvobitno uzeo taj rudnik pod koncesiju, pojašnjava ona, Nikollaj i još jedan sindikalni lider, Tafe Koleci, organizirali su protest zahtevajući povećanje rudarskih plaća -- početno za 30%, a onda i za dodatnih 50% -- kao i ulaganja u poboljšanje uslova rada.	zahtijevajući>zahtevajući
setimes_test-568	setimes_test	Prijedlog izmjena na izborni zakon Makedonije odmosi se na nepravilnosti u glasanju, ovlašćenja Državne izborne komisije i finansiranje kampanja.	Proposed changes to Macedonia's election code address voting irregularities, capabilities of the State Election Commission and campaign funding.	izmjena	yat	changes	Prijedlog izmena na izborni zakon Makedonije odmosi se na nepravilnosti u glasanju, ovlašćenja Državne izborne komisije i finansiranje kampanja.	izmjena>izmena
