file	text	confidence
mly_1000110751498959_000.png	kuca	0.85
mly_1000110751498959_001.png	7	0.97
mly_1000110751498959_002.png	dska	0.74
mly_1001120940668793_000.png	P	0.99
mly_1002751984934007_001.png	hesp ,	0.52
mly_1003308426968528_000.png	Gornja Kustosii	0.96
mly_1003308426968528_004.png	nova]	0.57
mly_1003308426968528_005.png	Imax]_	0.48
mly_1003737988035850_000.png	CITY	0.98
mly_1003737988035850_001.png	[	0.46
mly_1003746713962646_000.png	Auto-0008b	0.88
mly_1003746713962646_003.png	13:52:24	0.57
mly_1003746713962646_004.png	033kmh	0.93
mly_1003746713962646_005.png	MIC OFF	0.76
mly_1003746713962646_006.png	BLACKUUE	0.99
mly_1003746713962646_007.png	DR750S-ZCHFHD	0.82
mly_1003746713962646_008.png	FHD	1.00
mly_1003846687458835_000.png	Auto €008b	0.44
mly_1003846687458835_001.png	2023	0.96
mly_1003846687458835_002.png	07-20	0.84
mly_1003846687458835_003.png	13:56 : 47	0.87
mly_1003846687458835_004.png	BZ4knh	0.54
mly_1003846687458835_005.png	MIC OFF	0.75
mly_1003846687458835_006.png	BLACKUUE DR750S-ZCHFHD	0.52
mly_1003846687458835_007.png	FHD	0.99
mly_1004124144055836_000.png	Auto-0008b	0.82
mly_1004124144055836_002.png	PULL	0.41
mly_1004124144055836_003.png	2023	0.98
mly_1004124144055836_005.png	818kih	0.41
mly_1004124144055836_006.png	MIC	0.79
mly_1004124144055836_007.png	UFT	0.76
mly_1004124144055836_008.png	BLACKUUE	0.61
mly_1005462600845475_001.png	novalijo	0.65
mly_1005462600845475_003.png	Popravci	1.00
mly_1005462600845475_004.png	OTKUPZLATA	0.40
mly_1005893493551735_000.png	P	1.00
mly_1006668549994293_000.png	Dinoil	0.45
mly_1006754020976557_000.png	038kmh	0.96
mly_1006754020976557_001.png	MIC OFF /NU	0.73
mly_1006754020976557_002.png	BLACKUE   DR9BOM-ICHUHD	0.45
mly_1006875544374972_000.png	'Labi	0.45
mly_1007660293959804_001.png	USEUM	0.99
mly_1007842460939719_001.png	1	0.90
mly_101098352493378_000.png	817knh	0.71
mly_101098352493378_001.png	MIC	0.75
mly_1011344666968384_000.png	2023/04/0220:38:17	0.99
mly_1011550960050053_003.png	189	0.64
mly_1011580169583380_000.png	HIC OFF /NU	0.66
mly_1011583466857599_001.png	2023-07-20	0.76
mly_1011583466857599_002.png	13:57:07	0.65
mly_1011583466857599_004.png	MIC OFF	0.87
mly_1012086753549064_000.png	Auto-0008b	0.77
mly_1012086753549064_002.png	2023-07-14 14:07 : 18	0.53
mly_1012086753549064_004.png	MIC OFF	0.85
mly_1012926346931244_000.png	4	0.85
mly_1012926346931244_001.png	{	0.99
mly_1013236612838636_000.png	2021	1.00
mly_1013236612838636_001.png	05-14 12:05:11	0.85
mly_1013236612838636_003.png	HDR	0.97
mly_1015149526706469_001.png	HIC OFF /NU	0.84
mly_1015149526706469_002.png	BLACKUE   DR9BOM-1CHUHD	0.46
mly_1016139241427119_000.png	eraye	0.43
mly_1016139241427119_003.png	SHOP	0.99
mly_1016311227554887_001.png	ŽUJA	0.51
mly_1016311227554887_003.png	PBIVATE	0.47
mly_1016311227554887_005.png	AtM	0.80
mly_1016311227554887_006.png	bankomat	1.00
mly_1016311227554887_007.png	95 515	0.83
mly_1016311227554887_010.png	2892!	0.57
mly_1016311227554887_011.png	+385	0.54
mly_1019483285623877_000.png	BAZAR	1.00
mly_1019483285623877_002.png	BAZAR	0.57
mly_1019633375232828_000.png	NIC UFF /NU	0.83
mly_1019656218827993_000.png	MIC OFF /NU	0.52
mly_1019953531870062_000.png	mala kuhinja	1.00
mly_1024796226851656_001.png	P	0.87
mly_1025005862470561_000.png	InfoBosnia	0.61
mly_1025005862470561_001.png	DREAM	1.00
mly_1025005862470561_002.png	BALKANS	0.99
mly_1025005862470561_004.png	TOURIST	1.00
mly_1025005862470561_005.png	INFORMATION	1.00
mly_1025005862470561_006.png	CENTRE	1.00
mly_1025005862470561_007.png	5	1.00
mly_1025005862470561_008.png	METERS	1.00
mly_1025005862470561_009.png	(	0.99
mly_1026217358057708_000.png	(STOP]	0.52
mly_1030932475472206_003.png	rana	0.93
mly_1031628312727451_000.png	PRI IA	0.48
mly_1031852977846989_000.png	1	0.77
mly_1031980278122272_000.png	Auto-0008b	0.95
mly_1031980278122272_002.png	07-14 13:57:Z2	0.62
mly_1031980278122272_003.png	a50kmh	0.43
mly_1031980278122272_004.png	MIC OFF	0.70
mly_1031980278122272_005.png	BLACKUUE DR750S-ZCH FHD-FHD	0.58
mly_1032840160964559_000.png	P	0.77
mly_1033195761814748_000.png	Auto-0008b	0.52
mly_1033195761814748_003.png	2024-08-09	0.72
mly_1033195761814748_004.png	11:02*34	0.48
mly_1033195761814748_005.png	013knvh	0.52
mly_1033195761814748_007.png	OFF	1.00
mly_1033195761814748_008.png	BLACKUUE   DR750S-ZCH FHD-FHD	0.47
mly_1035214978324735_000.png	(Pinac	0.43
mly_1036606274290869_002.png	BESPLATI	0.91
mly_1036606274290869_003.png	KONTROLA	0.98
mly_1037587635325693_000.png	8	0.98
mly_1038394573359437_000.png	P	0.85
mly_1039140966613744_000.png	zila	0.66
mly_1039140966613744_001.png	je 3	0.84
mly_1039140966613744_002.png	Ambasadel	0.77
mly_1039140966613744_003.png	mjesta	1.00
mly_1039152766799552_000.png	GRZELA	0.99
mly_1039317273823375_000.png	Gornji Grad	0.98
mly_1039317273823375_001.png	P	1.00
mly_1039317273823375_003.png	200 m	0.62
mly_1040785145239372_001.png	cistin podava	0.77
mly_1041129541621126_001.png	P	0.53
mly_1044314126732820_000.png	Auto-0008b	0.61
mly_1044314126732820_001.png	2823-07-20	0.79
mly_1044314126732820_002.png	13:51:48	0.78
mly_1044314126732820_003.png	041knh	0.55
mly_1044314126732820_004.png	MIC	0.52
mly_1044314126732820_006.png	BLACKUE	0.96
mly_1045440332722958_000.png	Coffee	0.61
mly_1046343606104777_001.png	HOMEQ	0.43
mly_1046606653386482_000.png	Auto-00086	0.64
mly_1046606653386482_003.png	019kih	0.87
mly_1046606653386482_004.png	MIC	0.60
mly_1046606653386482_005.png	UFF	0.85
mly_1048583607442051_000.png	ur	0.99
mly_1048583607442051_002.png	OMPUTERS	1.00
mly_1048583607442051_005.png	Prodair	0.69
mly_1048969754015819_000.png	1981	0.97
mly_1050203912567339_000.png	Auto-0008b;	0.44
mly_1050203912567339_001.png	UniCred	0.90
mly_1050203912567339_002.png	2023	0.95
mly_1050203912567339_004.png	0Z8kih	0.56
mly_1050203912567339_005.png	MIC OFF	0.78
mly_1050203912567339_006.png	BLACKUUE DR?50S-ZCHFHD-FHD	0.55
mly_1050203912567339_008.png	guma	0.99
mly_1050462270700860_000.png	Travanj	1.00
mly_1050509125475956_001.png	( 122	0.97
mly_1051541644026601_000.png	P	0.99
mly_1051541644026601_001.png	500 m	0.87
mly_1052054143041859_002.png	JYSK	0.97
mly_1052118282422542_000.png	2023/04/02	1.00
mly_1052118282422542_001.png	14:39:05	1.00
mly_1052963529857299_000.png	Jkn	0.82
mly_1052963529857299_001.png	MIC OFF /NU	0.70
mly_1053155087361264_000.png	ODEJA	0.75
mly_1053155087361264_002.png	našedon	0.61
mly_1055711636300570_000.png	P	0.87
mly_1057021087283552_000.png	P	1.00
mly_1058110386432365_000.png	MOBITEL	1.00
mly_1058110386432365_001.png	dm	0.53
mly_1058382471670242_000.png	P	0.99
mly_1059004521696787_000.png	STOP	1.00
mly_1061840607556166_001.png	OFFICE	0.98
mly_1061840607556166_004.png	KING	0.91
mly_1061840607556166_006.png	EXCURSIONS	0.69
mly_1061840607556166_007.png	TOURIST	1.00
mly_1061840607556166_008.png	ENIACNICA	0.80
mly_1062943615152473_001.png	MIC OFF /NU	0.66
mly_1063834129488813_000.png	8	0.63
mly_1064164070905104_000.png	Parf	0.43
mly_1064164070905104_001.png	5	0.96
mly_1064164070905104_003.png	190	0.46
mly_1064487057445889_000.png	2	0.74
mly_1064487057445889_001.png	053knh	0.59
mly_1064487057445889_002.png	MIC OFF /NU	0.74
mly_1064580700843695_000.png	521	0.56
mly_1064888111284804_000.png	Ikmh	0.52
mly_1064888111284804_001.png	NU	0.89
mly_1065771500613375_000.png	MIC UFF /NU	0.42
mly_1066948137547861_003.png	REALISTI	0.75
mly_1066948137547861_004.png	SHAKE	0.49
mly_1071370140135241_000.png	Anancial	0.82
mly_1071370140135241_002.png	l	0.62
mly_1071917050823794_000.png	APIO	0.50
mly_1074002663124564_000.png	Centar	1.00
mly_1074023520496849_001.png	5Om	0.43
mly_1074023520496849_002.png	40	1.00
mly_1074023520496849_003.png	PEDIKER	0.45
mly_1074677359722117_000.png	u	0.93
mly_1075769423840771_001.png	MIC OFF /NU	0.82
mly_1075857359572241_000.png	El	0.82
mly_1076593500520589_001.png	MIC OFF /NU	0.72
mly_107820195145156_000.png	046kmh	0.57
mly_107820195145156_001.png	MIC OFF /NU	0.58
mly_1078704989506548_000.png	244	0.71
mly_1079415066182475_000.png	848knh	0.55
mly_1079415066182475_001.png	HIC	0.81
mly_1083438010184818_000.png	8	0.92
mly_1083438010184818_001.png	2	0.97
mly_1086065332136332_001.png	2017/05/26	0.91
mly_1086334079632690_000.png	KNJIZARA SVJETLOST	0.75
mly_1086676411743176_001.png	CEVA	0.89
mly_1086772018483944_000.png	ALTAZAR	0.93
mly_1086772018483944_003.png	ENI PARTNER	0.99
mly_1087367649560103_000.png	@KNIIZARA SVJETLOST	0.61
mly_1088676871655665_000.png	(((	0.79
mly_1088676871655665_001.png	AUTOMATIC DOOR	0.86
mly_1088676871655665_003.png	BLACKUE   DR9BOM-1CHUHD	0.46
mly_1090240516072983_000.png	Uper	0.68
mly_1090825641988738_000.png	034kih	0.58
mly_1090825641988738_001.png	MIC OFF /NU	0.82
mly_1091580474700487_001.png	STANICA	0.71
mly_1091651041328506_001.png	PIZZA	0.64
mly_1091651041328506_002.png	CAFFE	1.00
mly_1092209562327788_002.png	Split	0.52
mly_1092305821725721_001.png	MIC OFF /NU	0.62
mly_109314534565484_002.png	"	0.88
mly_1093675804451813_001.png	OD POLIE	0.45
mly_1093675804451813_003.png	Do	0.40
mly_1093675804451813_004.png	STOLA	0.91
mly_1093675804451813_008.png	SVEZE	0.54
mly_1093850214433577_000.png	MIC UFF /NU	0.69
mly_1094427057732218_001.png	coboljsanc krvne slike	0.47
mly_1094427057732218_002.png	s manjenjc umora	0.73
mly_1094427057732218_004.png	uonicl	0.73
mly_1094427057732218_008.png	160m	0.78
mly_1094550381031176_000.png	065kmh	0.51
mly_1094550381031176_001.png	nIc	0.40
mly_1095883597570990_000.png	024kmh	0.52
mly_1095883597570990_001.png	MIC	0.64
mly_1096361815258162_000.png	a58knh	0.47
mly_1096361815258162_001.png	MIC OFF /NU	0.65
mly_1096474199906816_000.png	omlinar	0.78
mly_1097404361331731_001.png	MIC OFF /NU	0.72
mly_1097956741833103_000.png	056knh	0.65
mly_1097956741833103_001.png	MIC OFF /NU	0.76
mly_1098600857298858_000.png	Autocentar N	1.00
mly_1098600857298858_001.png	OSIGURANJE VOZILA	0.90
mly_1098600857298858_002.png	TEHNICKI PREGLED	0.91
mly_1098600857298858_003.png	ZAMJEI	0.90
mly_1098600857298858_004.png	GUMA	1.00
mly_1098600857298858_005.png	NAJPOVOLJNIJE CIJ	0.79
mly_1099099517598404_000.png	023kmh	0.63
mly_1099099517598404_001.png	MIC 0/NU	0.42
mly_1099284087260497_000.png	Croatla Boat Show	0.67
mly_1099581313860141_000.png	Na TEL;	0.44
mly_1099581313860141_001.png	UPRAVO	0.54
mly_1099581313860141_004.png	Do	0.85
mly_1099581313860141_007.png	CVJECARNICA	0.98
mly_1099581313860141_008.png	NCR	0.46
mly_1099581313860141_009.png	"LUCIJA"	0.91
mly_1099581313860141_010.png	Dostava	0.72
mly_1099581313860141_011.png	SVAKODNEVNA	0.41
mly_1099581313860141_012.png	549	1.00
mly_1099581313860141_014.png	STOL	0.98
mly_1099581313860141_015.png	PECE]	0.75
mly_110050971168428_000.png	MIC OFF /NU	0.65
mly_1100692858698796_000.png	BZORPUT	0.79
mly_1100692858698796_002.png	OVANJA	0.67
mly_1101667947005292_000.png	M stov	0.73
mly_1102354534157892_001.png	HIC OFF /NU	0.46
mly_1104148980075233_000.png	APOTEKA	0.96
mly_110431311127780_000.png	MIC UFF /NU	0.66
mly_1105008547501270_000.png	03Zkmh	0.62
mly_1105008547501270_001.png	/NU	0.62
mly_1106530459916037_000.png	QJEVSKA PIVARA da.	0.51
mly_1107203407165243_000.png	039kih	0.65
mly_1107203407165243_001.png	MIC OFF /NU	0.53
mly_1107993460426884_001.png	MIC OFF /NU	0.76
mly_1108577079627869_000.png	40	0.98
mly_1109376283674129_000.png	huc	0.87
mly_1110145533315366_000.png	STOP)	0.69
mly_1110667936100212_000.png	HIC OFF /NU	0.82
mly_1110810469383384_000.png	2	0.98
mly_1110810469383384_001.png	2	0.58
mly_1110810469383384_008.png	Bupek]	0.63
mly_1110810469383384_010.png	OŽIVLJAVA	0.81
mly_1110810469383384_011.png	OSJETILA	0.60
mly_1111972400031802_000.png	068knh	0.42
mly_1111972400031802_001.png	MIC OFF /NU	0.65
mly_1112032802618024_001.png	BLACKUE   DR9BOM-1CHUHD	0.46
mly_1112401646154840_000.png	devet	0.95
mly_1112651472955366_000.png	aviokante	0.51
mly_111297592054642_001.png	373-07-20	0.52
mly_111297592054642_002.png	13:53:10	0.80
mly_111297592054642_004.png	HIC	0.75
mly_111297592054642_005.png	OFF	1.00
mly_111297592054642_006.png	BLACKUUE DR750S-ZCHFHD-FHD	0.56
mly_1113079744061591_000.png	Ceresit	0.53
mly_1113907895766985_000.png	2021-05-11	0.93
mly_1113907895766985_001.png	21:38:44	0.97
mly_1113907895766985_003.png	HDR	1.00
mly_1114289959050831_000.png	Taxi	0.52
mly_1114289959050831_001.png	UPRIVO	0.42
mly_1114289959050831_002.png	PECENO	0.98
mly_1114289959050831_003.png	Do	0.60
mly_1114289959050831_006.png	POLI	0.75
mly_1114289959050831_007.png	OD	0.93
mly_1114289959050831_008.png	STOLA	0.59
mly_1114422368968431_000.png	MIC OFF /NU	0.53
mly_1114497665628596_000.png	MIC OFF /NU	0.70
mly_1115678487390761_002.png	4	0.43
mly_1116937812108878_000.png	30	1.00
mly_1116937812108878_001.png	Heineken	1.00
mly_1117167195459341_000.png	piteis	0.71
mly_1117772565395933_001.png	2017/05/26	0.69
mly_1117777829566619_000.png	Auto-0008b	0.67
mly_1117777829566619_001.png	2023-07-20	0.73
mly_1117777829566619_002.png	17:08:53	0.67
mly_1117777829566619_004.png	MIC OFF	0.44
mly_1117777829566619_005.png	BLACKUE DR750S-ZCHFHD-FHD	0.43
mly_1117874179248547_000.png	emmezeta	0.99
mly_1118053585352338_001.png	(	0.53
mly_1118191348688704_000.png	MIC OFF /NU	0.68
mly_1118191348688704_001.png	BLACKUE   DR9BBM-ICHUHD	0.41
mly_1118327155331571_000.png	5	0.59
mly_1118327155331571_002.png	2016/12/28	0.84
mly_1118422103410331_000.png	BLAU	0.95
mly_1118422103410331_001.png	melt	0.55
mly_1118422103410331_003.png	Lia	0.44
mly_1119311438574243_001.png	HIC OFF /NU	0.78
mly_1120435735126641_000.png	HIC OFF /NU	0.80
mly_1120521561759320_000.png	HIC	0.50
mly_112117431377381_000.png	vš)	0.46
mly_112117431377381_001.png	026kmh	0.65
mly_1121446468969792_001.png	MIC OFF /NU	0.81
mly_1121577975527874_000.png	018knh	0.73
mly_1122068942381572_001.png	039kih	0.85
mly_1122068942381572_002.png	MIC OFF /NU	0.79
mly_1122153475208507_001.png	048kmh	0.63
mly_1122153475208507_002.png	MIC OFF /NU	0.62
mly_1122423708808472_000.png	034kih	0.47
mly_1122423708808472_001.png	MIC OFF /NU	0.63
mly_1122423708808472_002.png	BLACKUE  DR9BOM-ICHUHD	0.47
mly_1123200852843129_000.png	NZUM	0.97
mly_1123200852843129_001.png	SHe	0.44
mly_1123200852843129_003.png	KONZU	0.92
mly_1123200852843129_005.png	OD POLJA	0.46
mly_1123585959428249_000.png	BLAU	0.73
mly_1123585959428249_001.png	LINE	1.00
mly_1124520764699133_000.png	MIC UFF /NU	0.58
mly_1124812798002901_001.png	Cental	0.99
mly_1124821202116080_000.png	015kih	0.62
mly_1124821202116080_001.png	MIC OFF /NU	0.60
mly_1124821202116080_002.png	BLACKUE DR9BOM-ICHUHD	0.53
mly_1125046337971327_003.png	BICIKLI	1.00
mly_1125046337971327_005.png	SERVIS	0.95
mly_1125046337971327_006.png	TREK	1.00
mly_1126298022012967_000.png	047kmh	0.70
mly_1126298022012967_001.png	MIC OFF /NU	0.67
mly_1126722101169684_001.png	HOTEL	0.75
mly_1127031668720228_000.png	073knh	0.66
mly_1127031668720228_001.png	MIC OFF /NU	0.76
mly_1127478145924253_000.png	vesehicur	0.53
mly_1127957704379452_000.png	2021	1.00
mly_1127957704379452_001.png	05-14 12:23:30	0.85
mly_1127957704379452_003.png	HDR	1.00
mly_1129523704219663_000.png	10110]	0.61
mly_1130104480824014_000.png	MIC UFF/NU	0.62
mly_1130104480824014_001.png	BLACKUUE DR9BOM-1CH/UHD	0.40
mly_1130152038302978_000.png	045kih	0.51
mly_1130152038302978_001.png	MIC OFF /NU	0.70
mly_1130152038302978_002.png	BLACKUE  DR9BOM-ICHUHD	0.43
mly_1130504275257372_000.png	56	0.50
mly_1131281010627932_000.png	Auto SA	0.50
mly_1131281010627932_002.png	0	0.56
mly_1131281010627932_004.png	KUCA	0.51
mly_1131519965095797_000.png	felicita	0.95
mly_1131613155487890_000.png	DENTE	1.00
mly_1131936700649763_000.png	2021-05-14 20	0.54
mly_1131936700649763_003.png	HDR	1.00
mly_1132263261450866_000.png	038knh	0.60
mly_1132263261450866_001.png	MIC OFF/NU	0.94
mly_1135555221473148_000.png	Bre	0.46
mly_1139149093163185_000.png	MIC	0.63
mly_1139385503296211_000.png	40	1.00
mly_1139634387517759_000.png	Bacanotjé	0.41
mly_1140543706668849_002.png	VILI	0.98
mly_1140543706668849_003.png	PEKARA(S	0.55
mly_1140543706668849_004.png	Profofo	0.83
mly_1140543706668849_006.png	PEKARAAS"	0.51
mly_1140882123025895_003.png	1	0.56
mly_1140968796371257_001.png	000	0.65
mly_1142339254178257_001.png	Tima-Irma	0.64
mly_1142711349487053_000.png	9507	0.57
mly_1143989817432852_000.png	HISI	0.72
mly_1143989817432852_002.png	Staropramen	0.88
mly_1143989817432852_003.png	IStars	0.82
mly_1146970459202606_000.png	RENT	0.99
mly_1147198615706121_002.png	DUBRAVICA	1.00
mly_1147198615706121_003.png	peciy	0.96
mly_1147380635774537_001.png	Guaco	1.00
mly_1147380635774537_002.png	Sabla	0.53
mly_1148137792266880_000.png	Trafika	0.51
mly_1148137792266880_001.png	do	0.91
mly_1148259382304513_000.png	ZELENA Pijaca	0.64
mly_1148457336401019_000.png	03Zknh	0.46
mly_1148457336401019_001.png	MIC OFF /NU	0.73
mly_1148620168965924_000.png	P	0.66
mly_1149420968865288_000.png	"ZRIMSK"M	0.42
mly_114962775018609_000.png	Auto-a0u8b	0.73
mly_114962775018609_001.png	2023-07-20	0.92
mly_114962775018609_002.png	13:52 : 56	0.48
mly_114962775018609_003.png	041knh	0.54
mly_114962775018609_004.png	MIC OFF	0.72
mly_114962775018609_005.png	BLACKUUE	0.69
mly_114962775018609_006.png	DR7583-ZCHFHD-FHD	0.45
mly_1149871482928719_001.png	MIC OFF /NU	0.73
mly_1149871482928719_002.png	BLACKUE DR9BOM-ICHUHD	0.43
mly_1149983729238166_001.png	MIC OFF /NU	0.79
mly_1150937675378900_000.png	KVL	0.99
mly_1151556042368106_000.png	40	1.00
mly_115156043968262_000.png	SREBRO	1.00
mly_115156043968262_001.png	(	0.98
mly_115156043968262_002.png	'permarket	0.65
mly_115156043968262_007.png	OTKUP	0.94
mly_1154631802278187_000.png	EURO	0.65
mly_1154631802278187_001.png	4Cardtiske Brigad	0.59
mly_1154631802278187_006.png	WWW.LAFCLUBHR	0.92
mly_115540057264800_000.png	049kmh	0.64
mly_1155949341907737_000.png	ELEKTROINSTALACIJE	1.00
mly_1155949341907737_001.png	459	1.00
mly_1155949341907737_002.png	98	1.00
mly_1155949341907737_003.png	KLIMATIZACIJE	1.00
mly_1155949341907737_004.png	GRIJANJA	0.91
mly_1155949341907737_005.png	PODNA	1.00
mly_1155949341907737_006.png	464€	0.41
mly_1155949341907737_008.png	www klimatizacija	0.56
mly_1155949341907737_009.png	+385	0.96
mly_1155949341907737_010.png	ŠVABO	0.58
mly_1155949341907737_011.png	JJA	0.54
mly_1155954251492522_001.png	RED	0.42
mly_1155954251492522_002.png	DUELO"	0.47
mly_1156087898152887_000.png	MiC UrF/NU	0.60
mly_115639403893667_000.png	2	0.52
mly_115639403893667_002.png	5	0.44
mly_1157257221625317_000.png	lups)	0.79
mly_1158263901266776_000.png	MIC UFF /NU	0.62
mly_1159643284554105_000.png	IBingo	0.49
mly_1160523664420387_000.png	MIC	0.58
mly_1161334221489596_000.png	Auto-8008b	0.64
mly_1161334221489596_001.png	2023	0.95
mly_1161334221489596_002.png	07-14 17:49:39	0.54
mly_1161334221489596_003.png	035kn h	0.42
mly_1161334221489596_004.png	HIC OFF	0.72
mly_1161758757624303_000.png	059kmh	0.56
mly_1161758757624303_001.png	MIc	0.89
mly_1161977304320440_002.png	N	0.95
mly_1164247920689381_001.png	Mobilno	0.91
mly_1164247920689381_005.png	centar	0.67
mly_1164315150686528_000.png	elobtou	0.41
mly_1165014402330113_000.png	24	1.00
mly_1165569055257230_000.png	Gym	0.96
mly_1165849518164751_000.png	04Skmh	0.74
mly_1165849518164751_001.png	MIC OFF /NU	0.67
mly_1167068243722399_000.png	TACO	0.99
mly_1167534807585764_000.png	039kmh	0.58
mly_1167534807585764_001.png	MIC OFF /NU	0.72
mly_1168810686916986_000.png	polil	0.83
mly_1168810686916986_001.png	upermarket	0.59
mly_1171136697600037_000.png	038knh	0.42
mly_1171136697600037_001.png	MIC OFF/NU	0.89
mly_1171411220220094_002.png	Bar95	0.72
mly_1171411220220094_003.png	Jana	0.99
mly_1171629840203210_000.png	Re	0.42
mly_1171629840203210_001.png	Salilas	0.47
mly_1171629840203210_004.png	VILLA	0.90
mly_1171629840203210_005.png	Sara"	0.61
mly_1171629840203210_007.png	Rooms	0.64
mly_1171629840203210_008.png	CaMe	0.45
mly_1171629840203210_009.png	SOBE	0.57
mly_1171635956617664_000.png	S2ar	0.46
mly_1172523883220258_000.png	APOTEKA	0.98
mly_1172879346469705_001.png	2018/91/20	0.43
mly_117321907344943_000.png	And	0.46
mly_117321907344943_003.png	optika	0.55
mly_117321907344943_004.png	BEZ _	0.48
mly_117321907344943_007.png	~vjerujusel	0.52
mly_1173812849750643_000.png	Purex	1.00
mly_1173812849750643_001.png	~DL	0.95
mly_1173812849750643_002.png	100 m	0.66
mly_1173812849750643_004.png	Ilica 201. Zagreb	0.41
mly_1173812849750643_007.png	PUR GERI	0.95
mly_1173957686362706_000.png	4621-05-11 17:16:51	0.61
mly_1173957686362706_001.png	064kmh	0.54
mly_1173957686362706_002.png	HDR	1.00
mly_1175555673843519_000.png	Centar	1.00
mly_1176340573200545_000.png	Gavranovic	1.00
mly_1177610169348856_000.png	PENNY	0.77
mly_1178517115944430_000.png	ELPI	0.74
mly_1180556129384333_000.png	019kmh	0.69
mly_1180556129384333_001.png	MIC OFF /NU	0.57
mly_1180670294088785_000.png	mandis PHARM `	0.40
mly_1182276393169801_002.png	Hvala Na	0.53
mly_1183368258758141_000.png	HIC OFF /NU	0.44
mly_1184103522610684_001.png	049kmh	0.52
mly_1184103522610684_002.png	MIC OFF /NU	0.78
mly_1184103522610684_003.png	BLACKUE   DR9BOM-1CH UHD	0.40
mly_1184513629075824_001.png	HIC OFF /NU	0.86
mly_118601650279107_000.png	MIC	0.96
mly_1186259561890569_002.png	ZEC	0.72
mly_1187459611696886_000.png	1	0.80
mly_1187459611696886_001.png	Apoteka	0.99
mly_1188218228284388_000.png	Nalo	0.73
mly_1188881182378126_000.png	(EP	0.63
mly_1189024869492363_000.png	5	0.66
mly_1189876815168157_000.png	CASIno	0.42
mly_1189910348105207_000.png	PEKARA T	0.57
mly_1190380638099346_000.png	BAI	0.50
mly_1190569951725220_000.png	10	0.98
mly_1191774898325388_000.png	P	0.59
mly_1191774898325388_002.png	o	0.84
mly_1192275654812213_000.png	[FINra	0.49
mly_1193529557741798_000.png	BIPA	0.97
mly_1193529557741798_001.png	41S	0.60
mly_1193529557741798_002.png	(30	0.41
mly_1193529557741798_003.png	40,	0.41
mly_1193544431083577_000.png	EP	0.97
mly_1193544431083577_001.png	MIc	0.51
mly_1193722788750419_001.png	BJ	0.96
mly_1196987850737381_001.png	almnpo	0.63
mly_1196987850737381_002.png	3A	0.97
mly_1197121610726785_000.png	Pldine	0.63
mly_1197442530709190_000.png	2021	1.00
mly_1197442530709190_001.png	05-12	0.92
mly_1197442530709190_002.png	16 :50:04	0.65
mly_1197442530709190_003.png	036kmh	0.66
mly_1197442530709190_004.png	HDR	1.00
mly_1197442530709190_005.png	BLACKUE   DR9BBS	0.51
mly_1197442530709190_006.png	1CH/ UHD	0.71
mly_1197568447343418_003.png	2017/92/20	0.41
mly_1197720634622255_001.png	VI	0.79
mly_1197720634622255_002.png	049knh	0.55
mly_1197720634622255_003.png	Hic OFF /NU	0.47
mly_119807640403436_000.png	P	0.91
mly_119807640403436_001.png	BE_CHIC	0.41
mly_119807640403436_002.png	817knh	0.77
mly_1198086190641394_000.png	MIC OFF /NU	0.59
mly_1198332060607265_000.png	WEZERO " 033 208 24	0.45
mly_1199370147483204_003.png	INOMA	0.41
mly_1199939898078099_001.png	TI	0.90
mly_1200634070796697_000.png	5	0.81
mly_1200888264560686_000.png	FRANC	1.00
mly_1201466336974212_001.png	12	0.68
mly_1202174407870788_002.png	MGA	0.86
mly_1202174407870788_005.png	MGAI MCA	0.52
mly_1202174407870788_009.png	GA	0.61
mly_1202174407870788_010.png	MGA	0.99
mly_1202662917443189_000.png	Auto-0008b	0.74
mly_1202662917443189_003.png	009km/h	0.70
mly_1202662917443189_004.png	MIC OFF	0.62
mly_1202662917443189_005.png	BLACKUUE  DRZSUS-ZCHFHD-FHD	0.46
mly_120371023965807_000.png	Utuu	0.46
mly_120371023965807_013.png	Abop	0.49
mly_120371023965807_015.png	Scope	0.93
mly_1204016490370038_000.png	Helnel	0.86
mly_1204016490370038_001.png	0	0.67
mly_1204038930105069_000.png	AJSA	0.99
mly_1204398649998137_002.png	Bers	0.99
mly_1205191476602365_000.png	180	0.58
mly_1205191476602365_003.png	7;	0.41
mly_1205228696602468_000.png	BESPLATNO STROJNO	0.98
mly_1205228696602468_001.png	NIJANSIRANJE BOJA	0.89
mly_1205228696602468_004.png	4l2	0.58
mly_1205228696602468_006.png	CAPAROL	0.69
mly_1205228696602468_007.png	Mixshop	0.82
mly_1205228696602468_008.png	BONDEX	0.91
mly_120527290622602_000.png	52	0.43
mly_120527290622602_001.png	Zag	0.54
mly_1207031903070312_002.png	MIC UFF /NU	0.50
mly_1207031903070312_003.png	BLACKUE   DR9BOM-1CH UHD	0.41
mly_1207454549696200_000.png	Terfz	0.58
mly_1208765627714611_000.png	o	0.64
mly_1209123366272620_000.png	MIC OFF /NU	0.70
mly_1210330486087489_002.png	corsa	0.63
mly_1211343730056371_001.png	MAR	0.54
mly_1212209129297564_000.png	MIC Ul F /NU	0.54
mly_1214670725616108_001.png	2018/12/17	0.54
mly_1215253488887825_000.png	MIC OFF /NU	0.73
mly_1215415056337894_000.png	014knh	0.85
mly_1215415056337894_001.png	MIC OFF /NU	0.68
mly_121592567704384_004.png	alqs	0.68
mly_1216449245980205_000.png	KONZUN	0.99
mly_1216449245980205_001.png	super Cmomere	0.53
mly_1216449245980205_002.png	KFC	1.00
mly_1218463622417870_002.png	HIC OFF /NU	0.77
mly_1218606336016085_000.png	SAOL	0.50
mly_1219139555193292_001.png	Ej@R	0.51
mly_1219371148521797_000.png	D	0.96
mly_1219371148521797_002.png	20#	0.50
mly_1219371148521797_003.png	2	0.57
mly_1221564501708198_000.png	COPYSERVIS	0.99
mly_1222708716605462_000.png	PURGERI	0.54
mly_1224183568344759_000.png	ERSTE	0.89
mly_1224183568344759_003.png	KLADENJE	0.75
mly_1224183568344759_008.png	SuperSpol	0.83
mly_1225132007968730_001.png	iene	0.45
mly_1225132007968730_005.png	muskorce	0.46
mly_1227461137661557_000.png	P	0.99
mly_1227461137661557_001.png	22R	0.43
mly_1227461137661557_002.png	2021-05-12	0.87
mly_1227461137661557_003.png	16:31:43	0.84
mly_1227461137661557_005.png	HDR	1.00
mly_1227736040978805_000.png	Almy	0.49
mly_1229728941566069_001.png	MIC OFF /NU	0.66
mly_1230802304223128_000.png	CASINO	0.93
mly_1231208481016260_000.png	'0A	0.55
mly_1231208481016260_001.png	HRVATSKI ZAVOD ZA TE	0.44
mly_1231208481016260_002.png	JESTE LI IKAI	0.77
mly_1231208481016260_004.png	SEMPER T 6	0.57
mly_1231208481016260_005.png	Bau	0.90
mly_1232173753864969_000.png	6	0.57
mly_1233331971124169_000.png	016knh	0.55
mly_1233331971124169_001.png	MIC OFF/NU	0.42
mly_1233417504593179_000.png	047knh	0.58
mly_1233417504593179_001.png	MIC OFF /NU	0.71
mly_123649759748607_002.png	Manizac)	0.43
mly_123649759748607_008.png	3:-	0.63
mly_1236596108218305_000.png	2	0.67
mly_1237124520090904_000.png	AJSA	1.00
mly_1237873450059938_000.png	Auto-0088b	0.43
mly_1237873450059938_001.png	2023	0.92
mly_1237873450059938_002.png	87-20 13:57:11	0.57
mly_1237873450059938_004.png	MIC OFF	0.79
mly_1237873450059938_005.png	BLACKUUE DR?50S-ZCHFHD-FHD	0.64
mly_1238754489914987_002.png	1NU	0.44
mly_124014549718188_001.png	MIC	0.68
mly_1243458306944749_001.png	MIC OFF /NU	0.70
mly_1244894593202964_000.png	ROATIA AIRLINES	0.95
mly_1246076626964410_000.png	oo	0.84
mly_1246949919683325_001.png	HIc OFF /NU	0.47
mly_1248650098885078_001.png	HIC OFF /NU	0.45
mly_1249534537337531_000.png	YBLACK	0.54
mly_1251147608615575_000.png	0Z1knh	0.47
mly_1251147608615575_001.png	MIL	0.60
mly_1251938161889539_000.png	054knh	0.66
mly_1251938161889539_001.png	MIC UFF /NU	0.57
mly_1253230028673995_000.png	national	1.00
mly_1253622935412043_002.png	NAJE	1.00
mly_1253622935412043_003.png	IMO	0.89
mly_1253856348982782_000.png	019knh	0.91
mly_1253856348982782_001.png	MIC OFF /NU	0.55
mly_1254181441898185_000.png	auto-0008b	0.58
mly_1254181441898185_002.png	T	0.73
mly_1254181441898185_003.png	2023	0.91
mly_1254181441898185_004.png	07-20	0.72
mly_1254181441898185_005.png	13:52:49	0.85
mly_1254181441898185_006.png	038knh	0.47
mly_1254181441898185_007.png	MIC OFF	0.74
mly_1254181441898185_008.png	BLACRUUE	0.80
mly_1254181441898185_009.png	DR750S-ZCHFHD-FHD	0.45
mly_1255439601539141_001.png	VIDEO	0.91
mly_1255439601539141_003.png	Goga	0.44
mly_1257309844689254_000.png	MIC OFF /NU	0.76
mly_1258633588119791_000.png	Auto-0008b	0.43
mly_1258633588119791_001.png	A	0.86
mly_1258633588119791_004.png	2023-07	0.80
mly_1258633588119791_005.png	14	1.00
mly_1258633588119791_006.png	14:15:14	1.00
mly_1258633588119791_008.png	MIC	0.58
mly_1258633588119791_009.png	OFF	1.00
mly_1258633588119791_010.png	BLACKUUE DR750S-ZCHFHD	0.43
mly_1258633588119791_011.png	FHD	1.00
mly_1258633588119791_014.png	ANIKA	0.86
mly_1260309428888108_000.png	HODŽIC	0.47
mly_1262599367468633_001.png	06	0.99
mly_1262835198080727_001.png	HIC OFF /NU	0.53
mly_1263366092057286_000.png	5	0.81
mly_126360473328789_000.png	26193	0.57
mly_1264690985358172_001.png	Obilazek	0.76
mly_1265437274631200_000.png	P	1.00
mly_1269312261651641_001.png	tris0	0.45
mly_1271209600425653_000.png	Auto-0ub8b	0.40
mly_1271209600425653_001.png	peT	0.41
mly_1271209600425653_002.png	2023-07-14 14:13:15	0.50
mly_1271209600425653_003.png	000km/h	0.46
mly_1271209600425653_004.png	MIC OFF	0.92
mly_1271209600425653_005.png	BLACKUUE DR750S-ZCHFHD	0.61
mly_1271209600425653_006.png	FHD	0.99
mly_1272020057937449_000.png	@ani	0.53
mly_1273127980959914_002.png	STORE	0.89
mly_1273707434865980_000.png	ce puno	0.92
mly_1274519013253660_000.png	BEBEK	0.63
mly_1276113949453107_000.png	MIC OFF /NU	0.71
mly_1279268947646045_001.png	GIs	0.58
mly_128004223360728_002.png	NTONIO COMMERCE	0.61
mly_1283668822030519_000.png	MIC	0.88
mly_1283860699747819_000.png	E	0.45
mly_1283860699747819_001.png	{	0.77
mly_128412435946735_003.png	Aeroplan	0.61
mly_128415619838316_000.png	Bolnica	0.46
mly_128415619838316_001.png	Horcegovina	0.56
mly_128415619838316_002.png	Pellegrino	1.00
mly_128415619838316_003.png	AUTOPREVOZ-BUS	0.86
mly_1285566216021082_001.png	KONZUM	0.45
mly_1285690386079077_000.png	MIC OFF /NU	0.75
mly_1285776121832372_000.png	H	0.88
mly_1285776121832372_001.png	Bolnica	1.00
mly_1285776121832372_002.png	50 m	0.78
mly_128598909262342_000.png	HA	0.60
mly_128598909262342_002.png	2017/05/16	0.69
mly_1286694956203661_008.png	tot	0.44
mly_1287893256070135_001.png	TAXI	0.98
mly_128804429555306_000.png	Dubrovnik	0.75
mly_128804429555306_002.png	Scil	0.49
mly_128979313259840_000.png	U	0.53
mly_1290643998511139_000.png	Auto-8008h'	0.46
mly_1290643998511139_001.png	2023-87-20	0.72
mly_1290643998511139_003.png	039ki/h	0.49
mly_1290643998511139_004.png	HIC OTF	0.45
mly_1290643998511139_005.png	BLACKUUE	0.60
mly_1290643998511139_006.png	DR750S~ZCHFHD-FHD	0.49
mly_1291693618512858_000.png	KIn	0.58
mly_1291693618512858_001.png	MIC OFF /NU	0.79
mly_1291693618512858_003.png	PRODAJNI	0.68
mly_1293862244341730_000.png	MIC	0.79
mly_1293909549345172_000.png	Gu	0.95
mly_1294619871496864_000.png	054knh	0.62
mly_1294619871496864_001.png	MIC OFF /NU	0.68
mly_1294619871496864_002.png	BLACKUE  DR9BOM-ICHUHD	0.43
mly_1295417104407746_000.png	Auto-80882	0.60
mly_1295417104407746_001.png	2023-07-20 17:13:25	0.45
mly_1295417104407746_002.png	056knh	0.46
mly_1295417104407746_003.png	HIC	0.40
mly_1295417104407746_004.png	OFF	0.99
mly_1295417104407746_005.png	BLACKUUE DR750S-ZCHFHD-FHD	0.64
mly_1295866362637930_000.png	ADMIRAL	0.99
mly_1297846064732439_000.png	okn	0.80
mly_1297846064732439_001.png	MIC OFF /NU	0.58
mly_1298365954389231_000.png	Auto-05086	0.48
mly_1298365954389231_001.png	2023-07-20	0.75
mly_1298365954389231_002.png	13:57:44	0.92
mly_1298365954389231_004.png	MIC	0.97
mly_1298365954389231_005.png	OFF	1.00
mly_1298365954389231_006.png	BLACKUUE DR750S-ZCHFHD-FHD	0.47
mly_1298470633902258_001.png	DRVA	1.00
mly_129886859085471_001.png	forouo	0.69
mly_1301140986946742_000.png	AK	0.45
mly_1302300597869829_000.png	PROSTOR	0.99
mly_1305989060157891_000.png	Heinzelova ulica	0.69
mly_1306657413079555_000.png	021knh	0.63
mly_1306657413079555_001.png	MIC OFT /NU	0.64
mly_130687042979467_000.png	PRAONICA	0.64
mly_1310723579459856_000.png	ŽELIM	0.99
mly_1310723579459856_001.png	ŽELIM	1.00
mly_1310723579459856_002.png	RuKU	0.41
mly_1313468680465868_000.png	CI	0.60
mly_1313468680465868_003.png	KEMIJSKA	1.00
mly_1316394127158646_000.png	TCJ	0.59
mly_131737908997388_004.png	Sk	0.51
mly_132155258875443_000.png	MIC OFF /NU	0.77
mly_1321565408347497_000.png	026kmh	0.75
mly_1321565408347497_001.png	MIC OFF /NU	0.58
mly_1322202082352215_001.png	MIC OFF /NU	0.72
mly_1323357011494025_001.png	DAN	0.99
mly_1323357011494025_002.png	KKFC	0.50
mly_1323357011494025_004.png	KFC	1.00
mly_132382208933419_000.png	ALDEN	0.98
mly_132382208933419_004.png	FIF)	0.47
mly_1323930594998409_000.png	Auto-8088b	0.53
mly_1323930594998409_004.png	MIC OFF	0.68
mly_1323930594998409_005.png	BLACKUUE DR750S-ZCHFHD-FHD	0.63
mly_1324295986420692_001.png	0	0.58
mly_1325004505170125_000.png	P	0.91
mly_1325004505170125_002.png	KOLE	0.70
mly_1327931617958346_000.png	10	0.99
mly_1327931617958346_001.png	1 nekretnine	0.65
mly_1327931617958346_004.png	(STARLING	0.45
mly_132806102216820_000.png	1	0.42
mly_1328479684430476_000.png	(STOP	0.52
mly_132958899415848_002.png	02	0.41
mly_132958899415848_003.png	NKD	0.85
mly_1329962384548576_001.png	P	1.00
mly_1329962384548576_002.png	P	0.91
mly_1330021310704214_001.png	2	0.44
mly_1332699127680818_000.png	auto-80086	0.47
mly_1332699127680818_002.png	033knvh	0.61
mly_1332699127680818_003.png	HIC OFF	0.93
mly_133287508826860_001.png	M	0.65
mly_133290902169931_001.png	'Digital	0.49
mly_1333811514159498_000.png	Auto 8088b	0.50
mly_1333811514159498_002.png	2023-87-20 13853:15	0.42
mly_1333811514159498_003.png	BZ4knh	0.60
mly_1333811514159498_004.png	HIC OFF	0.99
mly_1333811514159498_005.png	BLACKUE  DR750S-ZCHFHD-FHD	0.51
mly_1333811514159498_006.png	Omm	0.40
mly_1334042158778615_002.png	ere	0.56
mly_1335505055330201_000.png	ST	0.42
mly_1335505055330201_001.png	P	0.98
mly_1335590546822375_000.png	CEVABDZINICA	0.49
mly_1336006107416854_000.png	ROTA	0.97
mly_133680912043871_000.png	TOP	0.88
mly_1337053650603550_000.png	Auto-0088b	0.42
mly_1337053650603550_001.png	2024	1.00
mly_1337053650603550_002.png	08-09 11:08:00	0.77
mly_1337053650603550_003.png	014knh	0.73
mly_1337053650603550_004.png	HIC	0.79
mly_1337053650603550_005.png	OFF	0.98
mly_1337053650603550_006.png	BLACKUUE   DR750S-ZCHFHD-FHD	0.41
mly_1337376367249049_000.png	AMko	0.64
mly_1337802903786419_001.png	2023-07-20 13:49:59	0.49
mly_1337802903786419_004.png	BLACKUUE DR750S-ZCH FHD-FHD	0.41
mly_133823468787009_002.png	PE	0.64
mly_133823468787009_003.png	TAIE	0.46
mly_1338347543329855_001.png	donerka	0.72
mly_1339373927704690_002.png	P	0.97
mly_1339689234257424_000.png	MaxMara	1.00
mly_1341566107970227_000.png	2a	0.70
mly_1341566107970227_002.png	vise -	0.41
mly_1342751959999668_001.png	2023-07-20	0.69
mly_1342751959999668_002.png	14:80: 18	0.58
mly_1342751959999668_004.png	MIC OFF	0.97
mly_1342751959999668_005.png	BLACKUUE  DR750S-ZCHFHD-FHD	0.51
mly_1345261739284387_000.png	SRETAN	0.88
mly_134831472015366_002.png	1u	0.44
mly_1348864415971180_000.png	2023/04/08   12:18:56	0.79
mly_1349769410634366_000.png	P	1.00
mly_1349769410634366_001.png	P	1.00
mly_1350198748698681_000.png	MIC OFF /NU	0.78
mly_1350273448676368_000.png	Ixymedi	0.42
mly_1350273448676368_001.png	Smanji	0.81
mly_1350273448676368_003.png	MIC JFF /NU	0.43
mly_135176285312899_004.png	Wal	0.59
mly_1353163095068647_001.png	JUHANPROMET	0.88
mly_1353310146246182_000.png	30	1.00
mly_1353332975049636_000.png	2	0.81
mly_1353332975049636_001.png	7	1.00
mly_1353332975049636_004.png	6531-332	0.66
mly_1354365745182201_000.png	8372	0.71
mly_1354457532481171_000.png	HIC OFF /NU	0.70
mly_135588486254760_000.png	Auto-00086	0.63
mly_135588486254760_001.png	2023	0.54
mly_135588486254760_002.png	07-20	0.93
mly_135588486254760_003.png	13856 :59	0.75
mly_135588486254760_004.png	HIC UFF	0.40
mly_135588486254760_005.png	BLACKUUE	0.99
mly_135645031920331_000.png	IOBACCO	0.97
mly_1356549962152031_000.png	poso	0.42
mly_1357501362803944_000.png	DUMNISOVA	0.48
mly_1357501362803944_001.png	ULICA	1.00
mly_1357501362803944_003.png	?	0.63
mly_1358970087835985_001.png	Jeep	0.99
mly_135902905259843_000.png	NIC UFF /NU	0.52
mly_135925015156019_001.png	MIC JF /NU	0.41
mly_1359682504988863_001.png	81-	0.73
mly_136056845956228_000.png	P	0.75
mly_136056845956228_001.png	P	0.93
mly_1360700727631125_001.png	Your	0.50
mly_1360700727631125_002.png	MJENJACNICA	0.96
mly_1360700727631125_003.png	bere	0.92
mly_1360700727631125_004.png	EXCHANGE	0.90
mly_1360700727631125_006.png	[Chonge	0.76
mly_1362268309398516_000.png	P	0.99
mly_1363058035722503_004.png	IS	0.79
mly_1363058035722503_005.png	DECU !	0.61
mly_1363763605519779_000.png	Uvk uz	0.86
mly_1363763605519779_003.png	km	0.48
mly_1363763605519779_004.png	20 Kn	0.55
mly_1363763605519779_005.png	febe	0.63
mly_1365703200476061_000.png	MIC ULF/NU	0.50
mly_1366172040428466_000.png	Sarajevo	0.93
mly_1366172040428466_001.png	Dubrovnlk	0.81
mly_136738765109289_002.png	APLIKACIJA	0.69
mly_136936388453163_000.png	E	0.98
mly_1370804489951582_000.png	P	1.00
mly_1371171366592947_002.png	4	0.86
mly_1372796033372789_002.png	Korakldo	0.57
mly_137457742089844_001.png	MIC OFF /NU	0.44
mly_137517148388319_001.png	buaz	0.56
mly_1378559354148837_000.png	CORNARO	0.89
mly_1378789257225123_000.png	VOLQVC	0.56
mly_1378789257225123_001.png	NK	0.99
mly_1379518112972592_000.png	P	0.99
mly_1381005598913206_000.png	Pitur	0.54
mly_138106941701682_000.png	TOKIQ Sigurnost u pokretu	0.86
mly_138106941701682_001.png	TC	0.61
mly_1381264545892583_000.png	40	1.00
mly_1382317702168270_001.png	NIC OFF /NU	0.62
mly_138309528283725_000.png	RACIOXAL	0.73
mly_138378418235575_001.png	MIC UFF /NU	0.46
mly_1385219689453555_000.png	KL	0.42
mly_1385219689453555_001.png	GRIJANJE	0.56
mly_1385219689453555_002.png	vodovod =	0.52
mly_1385261865173715_001.png	Gebrüder Weiss	0.94
mly_138539765420250_000.png	HAPO	0.54
mly_138539765420250_001.png	DREAMS,	0.62
mly_138539765420250_003.png	RIGGER !	0.66
mly_138539765420250_004.png	BIGGER	0.96
mly_138543808262509_000.png	P	1.00
mly_138543808262509_001.png	P	0.72
mly_138652915945076_000.png	Auto-8008b	0.61
mly_138652915945076_001.png	2023	0.83
mly_138652915945076_002.png	07-20	0.71
mly_138652915945076_003.png	13:53: 12	0.59
mly_138652915945076_005.png	HIC OFT	0.51
mly_138652915945076_006.png	BLACKUUE DR750S-ZCHFHD-FHD	0.50
mly_1388506943133182_000.png	P	0.92
mly_1388506943133182_002.png	4	0.44
mly_1388921912357143_000.png	'KLIMATIZACIJA	0.81
mly_1388921912357143_002.png	vodovod	0.80
mly_1390241204811070_000.png	029knh	0.56
mly_1390241204811070_001.png	MIC OFF /NU	0.68
mly_1390632657969942_000.png	MIC UFF /NU	0.62
mly_1390995661261631_000.png	822	0.59
mly_139136628234744_000.png	MIC UrT /NU	0.44
mly_139240308215506_000.png	P	0.86
mly_1392429341815692_000.png	ance	1.00
mly_1394226457623953_000.png	Šahié	0.57
mly_1394226457623953_002.png	P	0.70
mly_1394425188079954_000.png	wwvnuic ba	0.54
mly_139471041465533_000.png	1	0.43
mly_1395998417444335_001.png	ZVJEI	0.46
mly_1395998417444335_003.png	INJAK	0.97
mly_1397264883994045_000.png	MIC OFF /NU	0.69
mly_1397306792304633_000.png	Exchan	0.49
mly_1397306792304633_001.png	2 0	0.94
mly_1397938610605230_000.png	MIC OFF /NU	0.51
mly_139890584799383_000.png	OKL	0.49
mly_139890584799383_001.png	MIC OFF /NU	0.76
mly_1399740883737389_001.png	Ziel	1.00
mly_1399740883737389_002.png	Rabljena !	0.87
mly_1399740883737389_003.png	vozila	0.68
mly_1400193010547305_000.png	2023/04/08	1.00
mly_1400193010547305_001.png	10: 39	0.74
mly_140070632469344_000.png	Auto-0088b	0.73
mly_140070632469344_001.png	2023-87-14	0.66
mly_140070632469344_002.png	14:15:50	0.94
mly_140070632469344_004.png	MIC OFF	0.91
mly_140070632469344_005.png	BLACKUUE DR?50S-ZCHFHD	0.53
mly_140070632469344_006.png	FHD	1.00
mly_140070632469344_007.png	Jana	1.00
mly_1401491000201887_000.png	elfrance	0.71
mly_1405246368087267_000.png	ACl_marina	0.42
mly_1405246368087267_001.png	1828	0.66
mly_1405246368087267_002.png	Sustipan	1.00
mly_1405246368087267_006.png	NATURAL	0.78
mly_1405246368087267_007.png	CARBONATED	1.00
mly_1405246368087267_008.png	Jamnica	0.67
mly_140760825027090_000.png	066knh	0.82
mly_1408543796145242_001.png	gorenje	0.93
mly_1410510889282053_001.png	Oganic	0.61
mly_1411014045899682_000.png	[ZALA	0.94
mly_1411014045899682_001.png	LOMBA	0.54
mly_1411014045899682_002.png	Dota	0.67
mly_1412734782490447_000.png	B 0	0.51
mly_1413602182675242_000.png	06Zkmh	0.41
mly_1413602182675242_001.png	MIC OFF /NU	0.71
mly_1413602182675242_002.png	BLACKWE DR9BOM-ICHUHD	0.53
mly_1414989648987643_002.png	Miele	1.00
mly_141736717875963_006.png	APLIKACIJA	0.61
mly_141742941272649_001.png	ALMIRA	1.00
mly_141742941272649_002.png	MIC OFF /NU	0.70
mly_141742941272649_004.png	'otdl Almire `	0.44
mly_141825834547752_000.png	MIC OFF /NU	0.50
mly_1419277015649050_000.png	038knh	0.66
mly_1419277015649050_001.png	MIC OFF/NU	0.68
mly_1420029955230785_000.png	Auto-00086	0.52
mly_1420029955230785_003.png	2023-07-20 13:52:57	0.44
mly_1420029955230785_004.png	04Zknh	0.46
mly_1420029955230785_005.png	MIC	0.93
mly_1420029955230785_006.png	BLACKUE DR750S-ZCH/FHD-FHD	0.46
mly_1420713912660498_006.png	MIC OFF /NU	0.81
mly_1421553441521972_002.png	Xoo	0.70
mly_1421840311504388_001.png	Will ONA	0.63
mly_1422768131414338_001.png	2016/12/28	0.77
mly_1423090776106809_000.png	2	0.92
mly_142322854524640_000.png	STELLA	1.00
mly_142322854524640_002.png	ARTOIS	0.96
mly_142322854524640_008.png	STELLA	0.55
mly_142322854524640_009.png	Artois	0.55
mly_142589824458179_000.png	Bevanda	0.41
mly_142589824458179_004.png	1503	1.00
mly_1426061954407389_000.png	BLACKUUE   DR9BOM-1CH UHD	0.42
mly_1426573444372047_000.png	C	0.65
mly_1428196124212931_002.png	046kmh	0.59
mly_1428536757989584_000.png	Auto-0808b	0.74
mly_1428536757989584_001.png	2023	0.76
mly_1428536757989584_002.png	07-Z0 13:53:56	0.65
mly_1428536757989584_004.png	MIC	0.88
mly_1428536757989584_005.png	OFF	0.95
mly_1428536757989584_006.png	BLACKUUE DR?50S-ZCHFHD-FHD	0.52
mly_1429592527823277_000.png	Auto-0008b	0.92
mly_1429592527823277_001.png	2023	0.94
mly_1429592527823277_002.png	07-14 13:57:42	0.76
mly_1429592527823277_003.png	6cknh	0.42
mly_1429592527823277_004.png	MIC	0.64
mly_1429592527823277_005.png	OFF	0.97
mly_1429592527823277_006.png	BLACKUUE  DR750S-ZCHFHD-FHD	0.69
mly_1430588451058353_000.png	Auto-00086	0.53
mly_1430588451058353_002.png	2023	0.88
mly_1430588451058353_003.png	07-14	0.77
mly_1430588451058353_004.png	14:08:44	0.54
mly_1430588451058353_005.png	036kmh	0.84
mly_1430588451058353_006.png	MIC OFF	0.82
mly_1430588451058353_007.png	BLACKUUE DR750S-ZCHFHD-FHD	0.71
mly_1430893327894735_001.png	G	0.88
mly_1430952011284798_000.png	MOBITEL	1.00
mly_143139707827330_000.png	TE	0.96
mly_143139707827330_003.png	ZANZI	0.99
mly_1432758750437417_000.png	VE	0.92
mly_1432758750437417_001.png	NAR	0.65
mly_1432789934530031_001.png	Moctap	0.75
mly_1432789934530031_003.png	Zenice	0.63
mly_1432789934530031_006.png	ioo0 m	0.44
mly_143368544481512_000.png	MIC UFF /NU	0.52
mly_1434106520505566_002.png	}	0.69
mly_1434106520505566_004.png	AM	0.56
mly_1434106520505566_005.png	AX	0.63
mly_1434106520505566_008.png	AA	0.66
mly_1434106520505566_010.png	YHNKA	0.48
mly_1434106520505566_011.png	2023-07-14	0.74
mly_1434106520505566_012.png	14:15:04	0.68
mly_1434106520505566_013.png	009kmh	0.54
mly_1434106520505566_014.png	MIC OFF	0.83
mly_1434106520505566_015.png	BLACKUUE DR2505-ZCHFHD	0.48
mly_1434106520505566_016.png	FHD	0.99
mly_1434106520505566_017.png	1	0.44
mly_143420574458432_001.png	4	0.89
mly_143420574458432_009.png	SKELN MONT]	0.57
mly_143579841124496_001.png	MIC	0.59
mly_1436311020573338_000.png	ZUBNI RENDGEN	0.63
mly_1436311020573338_001.png	30	0.68
mly_1438004238125070_000.png	No	0.75
mly_1441034223409376_000.png	Utrina	1.00
mly_1441499784474580_000.png	P	1.00
mly_144160917694150_000.png	063kmh	0.66
mly_144160917694150_001.png	MIL	0.50
mly_144291731009024_000.png	n	0.55
mly_144291731009024_001.png	MLRY	0.53
mly_1447062475644565_000.png	P	0.69
mly_1447302718936982_000.png	0Z1kmh	0.50
mly_1447417992464951_000.png	Auto-0008b	0.74
mly_1447417992464951_001.png	2023	0.58
mly_1447417992464951_002.png	07-14	0.89
mly_1447417992464951_003.png	18:00 : 12	0.77
mly_1447417992464951_005.png	HIC OFF	0.79
mly_1448023826043599_001.png	Si	0.93
mly_1448023826043599_002.png	V	0.93
mly_1448023826043599_003.png	2	0.83
mly_1448906512114740_002.png	cvolucia	0.65
mly_1449938692697769_000.png	A	0.82
mly_145005510976250_000.png	SALON NAMJESTAJA	0.46
mly_145005510976250_001.png	na 3000 m2	0.97
mly_145005510976250_002.png	DaLLAS	0.44
mly_145062751958886_000.png	Auto-0008b	0.66
mly_145062751958886_002.png	P	1.00
mly_145062751958886_005.png	MIC OFF	0.75
mly_145062751958886_006.png	BLACKUUE DR?50S-ZCHFHD-FHD	0.42
mly_1451643672919038_003.png	ShoP;	0.48
mly_1451817162105396_000.png	P	0.70
mly_1451817162105396_001.png	026kmh	0.45
mly_1451817162105396_002.png	MIC OFF /NU	0.51
mly_145182237623851_000.png	AUSPUH-VULKANTZER	0.63
mly_1452969905046253_000.png	MIC OFF /NU	0.74
mly_145421174222975_002.png	Hotel	0.51
mly_145421174222975_003.png	M	0.66
mly_145421174222975_005.png	MEPAM	0.92
mly_1456824496183603_001.png	to	1.00
mly_1456824496183603_002.png	Irs	0.97
mly_145707597536835_000.png	D	1.00
mly_145707597536835_001.png	HIPERMARKET	1.00
mly_145707597536835_002.png	Bingo	1.00
mly_145717844737235_001.png	Augusta Harambašiéa	0.90
mly_145787357466246_000.png	aZZknh	0.42
mly_1458192354700896_000.png	'ROSE	0.59
mly_1462877514353581_001.png	091 161 02 00	0.63
mly_1463501120998741_002.png	utoservis	0.86
mly_1463549495166300_000.png	Jok=f	0.47
mly_1463640314654261_002.png	rand	0.82
mly_1464091164481008_000.png	061kih	0.61
mly_1464091164481008_001.png	MIC OFF /NU	0.65
mly_1464091164481008_002.png	BLACKUE DR9BOM-ICHUHD	0.60
mly_146602774137622_000.png	K	0.71
mly_146619320810831_001.png	KO	0.76
mly_146657971309960_000.png	[Gornja	0.88
mly_146657971309960_004.png	Kustosija	0.95
mly_1466766957986630_002.png	Coffee	0.48
mly_146684940764656_001.png	30	1.00
mly_1468472883503396_003.png	CEVAPI	0.57
mly_146980944063163_000.png	Me	0.75
mly_146980944063163_003.png	QUIKSILVER	0.54
mly_147016770678234_000.png	NIC UFF /NU	0.40
mly_1470282056657236_000.png	MIC Urt /NU	0.45
mly_1472019767991337_000.png	H	0.85
mly_1472019767991337_001.png	Ybun	0.61
mly_1472019767991337_006.png	NASA	0.81
mly_1472455466855832_000.png	auto-0008b	0.77
mly_1472455466855832_001.png	2023	0.92
mly_1472455466855832_002.png	07-14 17:59.01	0.43
mly_1472455466855832_003.png	038knh	0.60
mly_1472455466855832_004.png	MIC	0.94
mly_1472455466855832_005.png	OFF	0.97
mly_1472455466855832_006.png	BLACKUE   DR750S-ZCHFHD-FHD	0.47
mly_1472480543664757_000.png	emmezeta	1.00
mly_1472480543664757_005.png	MERKURY	1.00
mly_1472480543664757_006.png	emmezeta	1.00
mly_1473256663054638_002.png	50 M	0.53
mly_1473256663054638_003.png	40	1.00
mly_1473256663054638_004.png	VOPDA	0.63
mly_1473792266305980_000.png	MIC OFF /NU	0.63
mly_1474695496221147_000.png	MIC UFF/NU	0.48
mly_1476604936046184_000.png	valolne	0.54
mly_147691360675140_000.png	NIC UFF /NU	0.68
mly_1477646459246255_002.png	2017/02/21	0.85
mly_1478402376200726_001.png	MIC OFF /NU	0.70
mly_1478924992750450_001.png	Tou	0.77
mly_1478924992750450_002.png	Addiko Bc	0.99
mly_1478924992750450_004.png	dm	1.00
mly_1478924992750450_005.png	URAR	1.00
mly_1478924992750450_006.png	dm	1.00
mly_1479846030520487_000.png	ATM	0.78
mly_1480053915665069_002.png	KONZUM	0.87
mly_148029657311455_001.png	175	1.00
mly_148029657311455_002.png	ON	0.58
mly_1481150365989130_000.png	Auto-0088b	0.60
mly_1481150365989130_002.png	07-20	0.78
mly_1481150365989130_003.png	13:56:5?	0.45
mly_1481150365989130_005.png	HIC OFF	0.56
mly_1481231053735544_000.png	A	0.75
mly_1481665942164840_000.png	[	1.00
mly_1481665942164840_001.png	PEGaZ	0.66
mly_1481665942164840_003.png	ACUA	0.41
mly_148340480950434_000.png	053knh	0.63
mly_148340480950434_001.png	MIC	0.89
mly_148354523964289_000.png	Mali ducan	0.63
mly_148354523964289_002.png	VEUKE	0.82
mly_148354523964289_003.png	stvari.	0.77
mly_1483927609748115_000.png	AIM	0.86
mly_1487452022021232_000.png	2023/04/02	1.00
mly_1487452022021232_001.png	14:36:01	1.00
mly_148791573859812_000.png	U	0.69
mly_148791573859812_001.png	UlAZ	0.41
mly_1488120658598525_000.png	Auto-00086	0.64
mly_1488120658598525_003.png	HIC	0.93
mly_1489831012945599_000.png	Paketzy	0.82
mly_149022637531174_000.png	uS	0.70
mly_149238608203563_000.png	Auto-8008b	0.71
mly_149238608203563_002.png	2023	0.97
mly_149238608203563_003.png	087-20	0.41
mly_149238608203563_004.png	17:06 : 54	0.75
mly_149238608203563_005.png	KnVn	0.56
mly_149238608203563_006.png	MIC OFF	0.55
mly_149238608203563_007.png	BLACKUUE DR750S-ZCH FHD-FHD	0.43
mly_1492550171549970_000.png	Auto	0.82
mly_1492550171549970_001.png	8008	0.86
mly_1492550171549970_003.png	031kmh	0.57
mly_1492550171549970_004.png	IC OFF	0.72
mly_1492550171549970_005.png	BLACKUUE	0.93
mly_149341317155507_001.png	STEAK HOUSE	0.61
mly_1493619654840784_000.png	037knh	0.55
mly_1493619654840784_001.png	MIC OFF /NU	0.80
mly_149377173824246_000.png	2	0.85
mly_149377173824246_001.png	A-4	0.80
mly_149377173824246_003.png	BILLY	0.60
mly_149377173824246_004.png	1	0.73
mly_1497598747238510_000.png	ENJOY	0.71
mly_149919977109863_000.png	9	0.75
mly_149919977109863_001.png	Cau	0.44
mly_149919977109863_003.png	backerei	0.49
mly_149919977109863_004.png	IBritamac	0.59
mly_149919977109863_005.png	Opkarnica	0.46
mly_149919977109863_006.png	Pekarnica	0.79
mly_149925560480802_000.png	HIC OFF /NU	0.45
mly_1500155168183573_001.png	M	0.99
mly_1505856341284461_000.png	1	0.48
mly_150590053715162_000.png	MIC OFF /NU	0.71
mly_150614070348453_000.png	20	1.00
mly_150614070348453_001.png	Zag	0.99
mly_150614070348453_002.png	Cer	0.99
mly_150614070348453_005.png	0-27	0.77
mly_1506470450291575_002.png	Telemach.	0.43
mly_150660500308242_000.png	dlpd	0.60
mly_150804490352573_000.png	MIC UFF /NU	0.66
mly_1509815791189515_000.png	Prehrana	0.89
mly_1509815791189515_001.png	P	0.73
mly_1509815791189515_002.png	86	0.88
mly_1511181473966119_001.png	P	0.91
mly_1511181473966119_002.png	PIVNICA	0.97
mly_1512658626209279_000.png	8372	1.00
mly_151293690230208_000.png	6	0.48
mly_151570954618126_000.png	B M	1.00
mly_151570954618126_001.png	1	0.70
mly_151570954618126_002.png	Fashion	0.81
mly_151570954618126_003.png	Dotn	0.46
mly_151570954618126_005.png	Lutrija	0.45
mly_1515834096918579_000.png	Imerkur	0.90
mly_1518288692400190_001.png	MIC OFF /NU	0.53
mly_1518791702395613_000.png	017knh	0.48
mly_1518791702395613_001.png	MIC OFF /NU	0.58
mly_1518791702395613_002.png	BLACKUEDR9BOM-1CHUHD	0.46
mly_1519274662338332_000.png	056kih	0.71
mly_1519274662338332_001.png	MIC OFF /NU	0.58
mly_1519343958871719_000.png	Auto-8u08b	0.42
mly_1519343958871719_003.png	HIC	0.54
mly_1519343958871719_004.png	UFF	0.47
mly_1519343958871719_005.png	BLACRUUE	0.83
mly_1519581541816584_000.png	30	0.85
mly_152038266924312_000.png	2	0.59
mly_152154973580765_001.png	2010/91/20	0.43
mly_1523441938990884_000.png	P	0.95
mly_1523441938990884_002.png	ME	0.99
mly_152632113498399_001.png	Mic	0.41
mly_1527006112325862_000.png	TE	0.86
mly_1527006112325862_001.png	COME	0.72
mly_1527574080967676_000.png	MIC OFF /NU	0.80
mly_1528578097931153_000.png	5	0.65
mly_1529931275130778_000.png	Cotfe	0.43
mly_1530095617943805_001.png	MIC OFF /NU	0.67
mly_1531413174415415_000.png	UI	0.42
mly_153184930104246_000.png	[EVER	0.40
mly_153184930104246_002.png	CaRE	0.44
mly_153184930104246_003.png	[PEOP	0.43
mly_1531854741710710_000.png	M	0.57
mly_153274686758950_002.png	ENMON	0.69
mly_1534025710136694_002.png	VRANAC	1.00
mly_1534351884742732_000.png	0	0.47
mly_1534817621715952_000.png	P	0.99
mly_1534817621715952_001.png	500 m	0.48
mly_1536830828119934_005.png	/ali Marulic	0.52
mly_1540049189531967_000.png	2021	1.00
mly_1540049189531967_003.png	HDR	1.00
mly_154076043266839_000.png	BP il	0.45
mly_154295410688639_000.png	8	0.42
mly_154295410688639_001.png	1	0.89
mly_1543846066182679_001.png	MIC OFF /NU	0.62
mly_1545904015617317_000.png	Woni _	0.43
mly_154606766572045_000.png	MY	0.42
mly_1546550642627100_000.png	Navolne	0.65
mly_1546550642627100_001.png	EKS	0.91
mly_1546550642627100_003.png	MIC OFF /NU	0.77
mly_1548987869361183_000.png	Rok	0.49
mly_154926259923632_002.png	Sava	0.99
mly_154926259923632_005.png	guMa	0.50
mly_1551342345443395_001.png	MIC OFF /NU	0.77
mly_1554422331786507_002.png	MIC OFF /NU	0.78
mly_1556388888645491_000.png	Tra	0.92
mly_1556388888645491_001.png	Autobus	0.82
mly_1556388888645491_002.png	Zeljeznicki kor	0.69
mly_155709353463179_000.png	250	1.00
mly_1558507645762155_001.png	Sustipan	0.97
mly_1558507645762155_003.png	CAREONATEDNATURALMMINERAL Water	0.48
mly_155876879879055_000.png	P	0.97
mly_155876879879055_001.png	2	0.91
mly_1560132828715926_000.png	046knh	0.52
mly_1560132828715926_001.png	MIC OFF /NU	0.58
mly_1560913191712258_000.png	AG	0.50
mly_1563256404274881_000.png	HI	0.44
mly_1564146117119747_000.png	LOUNGE)	0.41
mly_1565479148426502_000.png	PRI	1.00
mly_1565479148426502_001.png	Money	0.99
mly_1565479148426502_002.png	Exchange	0.97
mly_156628413109389_001.png	2010/12/28	0.74
mly_156777649737154_000.png	8	0.64
mly_156911080334926_002.png	Ahg	0.46
mly_156911080334926_004.png	1	0.72
mly_156911080334926_005.png	%	0.40
mly_1569163097958902_001.png	Presides	0.43
mly_156987916271926_000.png	'BPGil	0.48
mly_1570652766879318_000.png	KRVI	0.89
mly_1571883596504599_000.png	P	0.91
mly_1573605383694209_000.png	Uvák uz	0.80
mly_1573605383694209_002.png	130	0.47
mly_1573605383694209_003.png	3 km	0.99
mly_1573605383694209_004.png	20 kn	0.99
mly_1573605383694209_007.png	lebe	0.93
mly_1577443436339396_000.png	ViTAPHARM	0.51
mly_1579356000449929_000.png	4609	1.00
mly_1580121930436884_000.png	3	0.97
mly_1580121930436884_001.png	0	0.81
mly_158137569915759_001.png	RONZUM	0.62
mly_1583251048531344_000.png	UFF /NU	0.55
mly_1583721249119964_002.png	BLACKUE   DR9BBH-1CH UHD	0.43
mly_1585047831695029_001.png	Mucit	0.44
mly_1586474662194470_000.png	0Z6kmh	0.49
mly_1586474662194470_001.png	MIC OFF /NU	0.59
mly_1586474662194470_002.png	BLACKUE DR9BOM-ICHUHD	0.51
mly_1587194385189891_000.png	053kih	0.77
mly_1587194385189891_001.png	MIC OFF /NU	0.72
mly_1587194385189891_002.png	BLACKUE DR9BOM-ICHUHD	0.59
mly_158742986183045_001.png	epo	0.95
mly_158742986183045_004.png	OJILE	0.71
mly_1588048409663568_000.png	L	0.79
mly_1588048409663568_001.png	OFF	0.96
mly_1588048409663568_002.png	Wash , Dry $ Fold	0.41
mly_1588048409663568_003.png	Next day service	0.97
mly_1588048409663568_006.png	DROP	1.00
mly_1588048409663568_007.png	LAUNDRY	0.99
mly_1588048409663568_008.png	POINT	0.61
mly_1588688422188904_001.png	204638	0.97
mly_1589355592150210_000.png	ARMY	1.00
mly_1589355592150210_001.png	Shop	0.53
mly_1589564271809281_000.png	038knh	0.73
mly_1589564271809281_001.png	MIC OFF/NU	0.83
mly_1590741971258540_003.png	SALON	0.55
mly_159091806175686_001.png	MIc	0.71
mly_1591190388288805_000.png	2023/04/08 09:13:08	0.80
mly_159152006222122_001.png	supermarket	0.93
mly_159152006222122_003.png	komerc	1.00
mly_159152006222122_004.png	GENTAR	0.60
mly_159397979442059_000.png	2021	1.00
mly_159397979442059_001.png	05-14 12:15:06	0.79
mly_159397979442059_002.png	Judknh	0.73
mly_159397979442059_003.png	HDR	1.00
mly_1594356184862129_001.png	2	0.99
mly_1596770380516963_000.png	MIC UFF /NU	0.53
mly_1599291396931423_000.png	LR "PALMIA"	0.55
mly_159986579414761_000.png	MIC	0.53
mly_160013266071710_001.png	MIC OFF /NU	0.51
mly_1600760657889702_000.png	0,	0.56
mly_1600997476958313_000.png	2021	1.00
mly_1600997476958313_001.png	05-15 12:27: 10	0.70
mly_1600997476958313_002.png	056kmh	0.71
mly_1600997476958313_003.png	HDR	1.00
mly_160236753242680_000.png	8175	0.52
mly_1602981993425004_000.png	AQUAESTIL	0.93
mly_1603157619880109_000.png	mo	1.00
mly_1603157619880109_001.png	najbolje za gradnju	0.93
mly_1603157619880109_002.png	SECURITAS	0.94
mly_1603328260521600_000.png	033knh	0.58
mly_1603328260521600_001.png	MIC OFF/NU	0.93
mly_160509076026888_000.png	PLINA	0.96
mly_160509076026888_001.png	DA	0.92
mly_160509076026888_003.png	365	0.90
mly_160509076026888_004.png	DANA	0.71
mly_160509076026888_006.png	MIC UFF /NU	0.53
mly_1610410446252413_000.png	P	0.72
mly_1610410446252413_001.png	Pobs	0.46
mly_1610410446252413_002.png	nadonvat	0.46
mly_1610410446252413_006.png	MIC OFF /NU	0.75
mly_161072249269992_000.png	2021-05-11 17:17:19	0.80
mly_161072249269992_001.png	078kmh	0.71
mly_161072249269992_002.png	HDR	1.00
mly_1613886239017810_000.png	KBC Rebro	0.68
mly_1613886239017810_001.png	(STOP	0.63
mly_161442649320106_000.png	MIC OFF /NU	0.66
mly_1615862642649518_001.png	V	0.78
mly_1615862642649518_005.png	0	0.61
mly_1617423859539567_000.png	|	0.44
mly_1617423859539567_003.png	TRIPS -	0.88
mly_1617423859539567_008.png	pearlhr	0.48
mly_1618291442285008_000.png	P	0.90
mly_1618291442285008_002.png	MIC OFF /NU	0.82
mly_161994192473150_001.png	OND	0.92
mly_1620804431456344_001.png	HolidaY	0.46
mly_1621834991347016_000.png	MIC UFF/NU	0.45
mly_1621834991347016_001.png	BLACKUE   DR9BOM-1CHUHD	0.40
mly_162352582375120_000.png	'došli	0.69
mly_162352582375120_003.png	Dobro !	0.58
mly_162352582375120_004.png	Welcorie	0.60
mly_162470305695842_002.png	JOBACCO	0.54
mly_1630180454968299_000.png	PeristikATEDRAL	0.43
mly_1632405490571168_000.png	Auto-0088b	0.53
mly_1632405490571168_003.png	K4ye	0.50
mly_1632405490571168_004.png	2023-87-14 17:50:43	0.73
mly_1632405490571168_005.png	0A0knh	0.42
mly_1632405490571168_007.png	BLACKUUE	0.90
mly_1632405490571168_008.png	DR750S-ZCH FHD-FHD	0.42
mly_1632557253601800_001.png	MIC OFF /NU	0.59
mly_163282422396210_000.png	ZUME	0.62
mly_163282422396210_001.png	KONZUN	0.41
mly_163282849066306_001.png	P	0.99
mly_163765646120498_000.png	UTER	0.55
mly_163765646120498_002.png	satovi	0.91
mly_163799372219903_000.png	PANDORA	0.95
mly_163968642307816_000.png	)DUBRAVICA	0.72
mly_1641204149405973_000.png	Mele	0.50
mly_1641204149405973_003.png	Traje	1.00
mly_1641204149405973_004.png	Ca	0.51
mly_1643809259138113_000.png	MIC UFF /NU	0.49
mly_1645404745848214_000.png	40	1.00
mly_1645404745848214_001.png	P	0.61
mly_1645404745848214_002.png	ALA	0.59
mly_1645430479395999_000.png	Karlovacko	0.95
mly_1645881352970870_000.png	Addiko Bank	0.45
mly_164643582262760_000.png	re	0.67
mly_1646885492813626_000.png	04Zkih	0.49
mly_1646885492813626_001.png	MIC OFF /NU	0.87
mly_164709175880299_001.png	MIC OFF /NU	0.75
mly_1648429132024858_000.png	DPD	1.00
mly_1648429132024858_001.png	Paketna Dostava	0.93
mly_1648528392356134_000.png	Auto-0008b	0.65
mly_1648528392356134_002.png	2024	0.99
mly_1648528392356134_003.png	00	0.73
mly_1648528392356134_004.png	09710	0.73
mly_1648528392356134_005.png	48:39	0.63
mly_1648528392356134_006.png	knh	0.62
mly_1648528392356134_007.png	HIC OFF	0.73
mly_1648528392356134_009.png	FHD	1.00
mly_1648528392356134_010.png	Reljevo	0.93
mly_1648528392356134_011.png	Perebo	0.46
mly_164888272141254_000.png	C	0.80
mly_164888272141254_001.png	2	0.84
mly_164976055633090_000.png	MIC OFF /NU	0.43
mly_1650676649558558_000.png	Tai	0.92
mly_1652975041576559_000.png	TRON	0.88
mly_1652975041576559_001.png	INFORWIA	0.54
mly_165306955511188_002.png	S1	0.63
mly_165306955511188_004.png	nosi	0.40
mly_165458615509391_002.png	MIC OFF /NU	0.75
mly_1655722858331409_000.png	Cax	0.41
mly_1656187318810022_000.png	40	1.00
mly_165625405768117_000.png	eli	0.82
mly_1656854609035246_000.png	AOr	0.58
mly_1660226304374650_001.png	9Nz	0.42
mly_166106865516241_000.png	FAST FooD	0.52
mly_166106865516241_001.png	PA SA	0.52
mly_166106865516241_002.png	Tomato	0.74
mly_1661075974918660_000.png	Ro	0.43
mly_1661501861444235_000.png	HISTOKY	0.68
mly_1661948257334207_000.png	2021	1.00
mly_1661948257334207_001.png	05-14 16:09: 17	0.60
mly_1661948257334207_003.png	HDR	1.00
mly_1662456981234828_002.png	061kih	0.79
mly_1662456981234828_003.png	MIC OFF /NU	0.71
mly_1662456981234828_007.png	Tonus	0.95
mly_1662499493960990_000.png	ŠKOLA	1.00
mly_1662499493960990_001.png	SKOLA	0.55
mly_166306025424632_000.png	MIC OFF /NU	0.77
mly_166387718750369_000.png	MIC OFF /NU	0.67
mly_1664867750369027_002.png	AUU	0.61
mly_1664867750369027_003.png	BOBIS	0.99
mly_1666695514746398_001.png	1	0.68
mly_1666695514746398_002.png	cast	0.89
mly_1669213313936602_001.png	MIC OFF /NU	0.60
mly_167024132931247_000.png	P	0.96
mly_167024132931247_001.png	12	0.49
mly_167024132931247_003.png	0	0.84
mly_167043598653369_000.png	Coloseum Club	0.96
mly_1671718436541977_002.png	TISAK	0.78
mly_1671718436541977_003.png	KFC	1.00
mly_1671718436541977_005.png	Grecr	0.73
mly_1671718436541977_007.png	mig	0.74
mly_1671718436541977_009.png	KONZUM	1.00
mly_1671718436541977_010.png	KONZUH	0.72
mly_1671718436541977_011.png	Iarmacia	0.81
mly_1671718436541977_012.png	cican	0.54
mly_1671920326827824_000.png	omlinar	0.98
mly_1671995493491750_000.png	budite	0.81
mly_1673074600140149_000.png	Y	0.63
mly_1673074600140149_002.png	(	0.49
mly_1675660546592518_005.png	COPY	0.74
mly_1675660546592518_006.png	PRINT	0.68
mly_1675660546592518_007.png	COLOR	0.95
mly_1675660546592518_008.png	PRINI	0.61
mly_1675660546592518_009.png	UVEZI	0.91
mly_1675660546592518_011.png	MEHKI -	0.52
mly_1675660546592518_015.png	SPIRALNI	0.83
mly_1675744452998493_000.png	5om	0.41
mly_167638868622686_000.png	woG	0.46
mly_167638868622686_003.png	GIARHIV	0.89
mly_1677482016426392_000.png	dm	0.98
mly_1677482016426392_002.png	našoj prirodi	0.97
mly_1677482016426392_003.png	ank Intemational	0.55
mly_1679398122269363_001.png	Box	0.46
mly_1680413796075275_000.png	PROSTOR	0.99
mly_1680628232140502_000.png	2	0.60
mly_1682419885879804_001.png	FACE	0.48
mly_1682844922871526_001.png	ptotim	1.00
mly_1682844922871526_003.png	Optotim	0.83
mly_1683114408858717_001.png	Mobitela	0.42
mly_168344181843109_006.png	'predaje	0.73
mly_168393921878013_000.png	uregdzinica	0.97
mly_1684713275796774_000.png	40	1.00
mly_1685880648906501_000.png	0Z6kmh	0.49
mly_1685880648906501_001.png	MIC OFF /NU	0.77
mly_168590856197439_000.png	2023/04/08	1.00
mly_168590856197439_001.png	10:40:33	0.89
mly_168713595253863_000.png	Pegaz	0.75
mly_1688236985734440_000.png	"ngé	0.46
mly_1688236985734440_003.png	Curency	0.58
mly_169030841719427_000.png	FRIZ FACTORY	0.83
mly_169225381791282_000.png	MIC	0.66
mly_1694414454466060_001.png	MIC OFF /NU	0.75
mly_1695091975171467_000.png	BENKUS	0.63
mly_169521421843712_000.png	NIC UFF /NU	0.81
mly_1696190501630163_000.png	PRI 1A	0.42
mly_1696517870555080_000.png	P	0.99
mly_1696517870555080_001.png	P	1.00
mly_1696517870555080_002.png	Besplatan parking	0.62
mly_1697583477949567_000.png	ZAVRTNICA	0.91
mly_169802928363626_001.png	aL	0.57
mly_169802928363626_002.png	LG	0.99
mly_169802928363626_003.png	Jura	0.87
mly_169802928363626_004.png	POPREYCI	0.68
mly_169802928363626_005.png	T I M	0.61
mly_169802928363626_006.png	POPRAVCI	0.99
mly_169802928363626_007.png	ODJECE	0.95
mly_1699335684568490_000.png	P	1.00
mly_1699971550203046_001.png	MIC	0.76
mly_1701017580703403_000.png	Charlie Chaplin	0.92
mly_1701017580703403_002.png	vilinka	0.84
mly_1701017580703403_005.png	vilinko	0.45
mly_170154178713472_000.png	Postolar	0.91
mly_170154178713472_001.png	AUTOŠKOLI	0.69
mly_170210718250126_000.png	062knh	0.48
mly_1702225250199693_001.png	26	0.93
mly_1702225250199693_003.png	031knh	0.82
mly_1702225250199693_004.png	HIC	0.64
mly_1702225250199693_005.png	UFF	0.99
mly_1702225250199693_006.png	BLACKUUE	0.68
mly_1702784710518152_000.png	VITT	0.45
mly_170530968227431_000.png	(E	0.62
mly_170530968227431_001.png	kmh	0.87
mly_170530968227431_002.png	MIC OFF /NU	0.60
mly_170656888298768_000.png	te	1.00
mly_170656888298768_001.png	mach	1.00
mly_170656888298768_004.png	Ubih	0.57
mly_170656888298768_007.png	1360	0.99
mly_170656888298768_009.png	Sve z irgtedaju	0.52
mly_1708954722785880_001.png	Krok	0.62
mly_1708954722785880_002.png	Pacerota	0.64
mly_1708954722785880_003.png	100	0.52
mly_170951304930127_000.png	GABELINA	0.99
mly_171017411602854_000.png	MIC	0.87
mly_171017411602854_002.png	BLACKUE   DR9BOM-1CH UHD	0.42
mly_171115394896025_000.png	P	0.98
mly_171115394896025_001.png	KIDS	0.97
mly_171115394896025_003.png	orsav	0.72
mly_171115394896025_005.png	2017/0221	0.55
mly_1711770262350902_006.png	MANIJACI	0.54
mly_1711770262350902_007.png	a	0.44
mly_1712897922583648_000.png	STOP	0.89
mly_1713404565497473_000.png	CHoAn	0.42
mly_171675139157241_000.png	EKOPLUS	0.99
mly_171791398194933_000.png	MIC ULF/NU	0.55
mly_171791398194933_001.png	BLACKUUE   DR9BOM-1CHUHD	0.41
mly_1718978465825740_000.png	onoreno	0.70
mly_1719195578526227_000.png	Auto-8008b	0.60
mly_1719195578526227_001.png	2023-07-20	0.50
mly_1719195578526227_002.png	13:52: 49	0.79
mly_1719195578526227_004.png	HIC	0.57
mly_1719195578526227_005.png	U	0.88
mly_1719195578526227_006.png	BLACKUUE	0.88
mly_1719195578526227_007.png	DR750S-ZCHFHD-FHD	0.51
mly_172499648163070_000.png	CENTAR	0.98
mly_172632709166942_003.png	MIC OFF	0.73
mly_172632709166942_004.png	BLACKUUE	0.47
mly_172632709166942_005.png	LR  SuS-ZCHFHD-FHD	0.48
mly_1727134515083541_000.png	30	1.00
mly_1727658584311178_001.png	049kmh	0.86
mly_1727658584311178_002.png	MIC OFF /NU	0.72
mly_1727658584311178_003.png	BLACKWE DR9BOM-ICHUHD	0.41
mly_172880558720417_000.png	grara	0.51
mly_172957348064662_000.png	Tu	0.89
mly_172957348064662_005.png	SLf	0.41
mly_1730027787513255_002.png	07-20 13:54843	0.50
mly_1730027787513255_003.png	031knh	0.68
mly_1730027787513255_005.png	OFF	0.97
mly_1730027787513255_006.png	BLACRUUE	0.91
mly_1730027787513255_007.png	DR750S-ZCHFHD-FHD	0.52
mly_1730083893830272_000.png	pion	0.69
mly_1730155975013755_003.png	2023	0.65
mly_1730930481038817_003.png	MIC OFF /NU	0.61
mly_1731010401014868_000.png	Javna	0.81
mly_1734169767726016_000.png	service	0.96
mly_1734169767726016_001.png	Sorvlsgo	0.52
mly_1736843497315891_001.png	10	0.99
mly_1736843497315891_004.png	TVOJA |	0.91
mly_1736843497315891_005.png	ZA7	0.42
mly_173789384551675_001.png	NIC UFF /NU	0.71
mly_1740305246149345_001.png	Bershu	0.58
mly_174116451297695_000.png	MIC UFF /NU	0.56
mly_174138941274972_000.png	22	0.49
mly_1742229973798381_000.png	CORNARO	0.91
mly_174237174578184_001.png	Božo |	0.56
mly_174237174578184_003.png	Looro	0.97
mly_174237174578184_006.png	DUBRAVICA	0.68
mly_1742945205885904_000.png	te	1.00
mly_174313791226147_001.png	gZone	0.44
mly_174313791226147_006.png	musiq	0.76
mly_174407537792237_004.png	cevabazinica	0.65
mly_174407537792237_005.png	Hodžic ,	0.44
mly_1748560482550804_000.png	dm	0.99
mly_1749252418885965_001.png	SKO	0.77
mly_174947521199096_000.png	506€	0.57
mly_175201841158945_000.png	1	0.59
mly_175201841158945_002.png	20	1.00
mly_175201841158945_003.png	20	0.99
mly_1752206342462595_000.png	ORNAR	0.95
mly_1753209172470775_000.png	N	0.99
mly_1753209172470775_001.png	N	0.97
mly_1753209172470775_002.png	Pariing	0.79
mly_1753943808698680_000.png	088kn	0.51
mly_1753943808698680_001.png	MIC OFF /NU	0.54
mly_175614757795804_001.png	Stambeni	0.81
mly_175614757795804_003.png	nove	0.87
mly_175614757795804_004.png	generache	0.68
mly_175614757795804_005.png	Banka	1.00
mly_1756365891802145_000.png	40	0.99
mly_175746115517508_000.png	Auto	0.74
mly_175746115517508_001.png	2023-07-14 22:30:54	0.51
mly_175746115517508_002.png	865kmh	0.76
mly_175746115517508_003.png	MIC	0.90
mly_175746115517508_005.png	BLACKUE DR750S-ZCH FHD-FHD	0.49
mly_176291577739901_000.png	brc	1.00
mly_1764504597342293_000.png	Auto	0.96
mly_1764504597342293_002.png	2023-07-14 22:18:13	0.66
mly_1764504597342293_003.png	035kmh	0.94
mly_1764504597342293_004.png	MIC OFF	0.85
mly_1764504597342293_005.png	BLACKUUE DR750S-ZCHFHD	0.80
mly_1764504597342293_006.png	FHD	1.00
mly_176463234848044_001.png	MAKSIMILIJAN	0.80
mly_176463234848044_002.png	WA	0.58
mly_1766117497746180_006.png	l	0.51
mly_1766732911048839_000.png	22	0.58
mly_1769672953810438_000.png	DisKont FeNiKS	0.79
mly_177078774211158_000.png	MIC OFF /NU	0.43
mly_177289077610973_000.png	MESARA	0.85
mly_177289077610973_001.png	SEMIC	0.71
mly_177289077610973_006.png	CosNa	0.41
mly_177320907584201_005.png	EWe	0.66
mly_1773787166490569_000.png	039knh	0.57
mly_1773787166490569_001.png	MIC OFF/NU	0.52
mly_177551684171712_000.png	NIC UFF /NU	0.86
mly_177634484266126_001.png	HIC OFF /NU	0.72
mly_1776659123768150_000.png	P	0.97
mly_177671570813332_000.png	P	1.00
mly_177671570813332_001.png	{	0.44
mly_1776845575818875_000.png	P	0.86
mly_1776845575818875_001.png	LoSIER	0.43
mly_1778306682351625_001.png	Pekara	0.44
mly_177957244227693_000.png	Iiele	0.69
mly_178232910749748_000.png	^c	0.86
mly_178387460864867_001.png	MIC OFF /NU	0.64
mly_1784190198454558_000.png	2021	1.00
mly_1784190198454558_001.png	05-14	0.99
mly_1784190198454558_003.png	90	0.61
mly_1784190198454558_005.png	HDR	1.00
mly_1785451515738942_001.png	k	0.54
mly_1785451515738942_002.png	A-BI	0.63
mly_1785534589316283_001.png	090 164 0706	0.76
mly_1786938088940983_000.png	P	1.00
mly_178906034135528_000.png	MIC	0.69
mly_1790180524959681_000.png	STORE	0.68
mly_179066374687435_000.png	P	0.95
mly_1791157017980792_000.png	STOP	0.99
mly_179181367428939_000.png	MIC OFF /NU	0.84
mly_179459194619689_000.png	029kmh	0.67
mly_179459194619689_001.png	MIC OFF /NU	0.74
mly_179644193939498_000.png	VFC	0.99
mly_1801863393677927_001.png	017knh	0.42
mly_1801863393677927_002.png	MIC OFF /NU	0.69
mly_180214460662855_000.png	MIC OFF /NU	0.61
mly_180216230622183_000.png	P	1.00
mly_180216230622183_001.png	IBingo	0.44
mly_180336167318653_001.png	MTB CITY ROAD	0.97
mly_180444984338089_001.png	Pesacka .	0.45
mly_180538210643371_000.png	[CASIIN	0.62
mly_1808585325986905_000.png	Yeka	0.58
mly_1808585325986905_001.png	Jroqulcu	0.55
mly_1808807469281130_000.png	100 m	1.00
mly_180957080574185_003.png	0€	0.43
mly_180957080574185_005.png	DUNLOP	0.70
mly_180957080574185_007.png	FULDA	0.80
mly_180957080574185_008.png	icar	0.44
mly_180957080574185_009.png	Sava	1.00
mly_180962837143668_001.png	Mic	0.85
mly_1811267519034686_000.png	Miele	1.00
mly_1811267519034686_001.png	Miele	0.84
mly_181175550523796_002.png	banka	1.00
mly_181175550523796_003.png	Zagrebacka	0.70
mly_1814000552133905_000.png	2021	0.75
mly_1814000552133905_003.png	HDR	1.00
mly_1815330915959858_000.png	HISTC	0.57
mly_1815330915959858_001.png	57	1.00
mly_1815330915959858_003.png	Stars	1.00
mly_181646000540111_000.png	KAOS	0.91
mly_1816762226157857_000.png	4 '	0.46
mly_181864447145733_001.png	D	0.97
mly_1820352538141606_002.png	10	0.78
mly_1820352538141606_007.png	CRQATIA	0.48
mly_1820352538141606_008.png	KEE	0.94
mly_1820352538141606_009.png	CAU	0.94
mly_1820691254765339_000.png	MIc JlF/NU	0.53
mly_182366803723897_001.png	2021	1.00
mly_182366803723897_003.png	017knh	0.54
mly_182366803723897_004.png	HDR	1.00
mly_1826247021110450_000.png	2023/04/08	1.00
mly_1826247021110450_001.png	12:17:10	1.00
mly_182805113740202_000.png	NIC OFF /NU	0.65
mly_1829726474123183_000.png	044kmh	0.57
mly_1829726474123183_001.png	MIC OFF/NU	0.89
mly_182991063763415_001.png	emmezeta	1.00
mly_1829930027710461_001.png	Baj	1.00
mly_1830562391151603_000.png	2	0.61
mly_183562780291141_001.png	Nasletil	0.48
mly_183755473510785_000.png	0	0.43
mly_1839746499870775_002.png	048kmh	0.98
mly_1839746499870775_003.png	MIC OFF /NU	0.69
mly_184052190149428_001.png	P	0.99
mly_1845052385652988_000.png	MIC	0.66
mly_1845585319425362_000.png	4	0.45
mly_1846678425510654_001.png	Gabus	0.84
mly_1846678425510654_002.png	PACIFIK	1.00
mly_1846678425510654_004.png	UNON	0.52
mly_1847995162347763_001.png	MIC OFF /NU	0.58
mly_184921233511830_000.png	0	0.83
mly_1849540815428744_000.png	MIC OFF /NU	0.71
mly_185152866800684_000.png	4	0.73
mly_185152866800684_001.png	Nana	1.00
mly_1851744391662287_000.png	PEKARA	1.00
mly_1851744391662287_002.png	sale]	0.45
mly_185232213476772_000.png	a30kmh	0.43
mly_185232213476772_001.png	MIC	0.61
mly_1852834115402315_000.png	MATLIAS	0.47
mly_1852834115402315_001.png	INSTALACIJE	0.96
mly_1854378584740937_001.png	NIC UFF /NU	0.44
mly_185484636765088_000.png	NIC UFF /NU	0.56
mly_185484636765088_002.png	1	0.98
mly_1856141931244243_000.png	HUJKA	0.93
mly_1856658974509827_000.png	TRG	0.56
mly_1856658974509827_006.png	ZEPOH	0.57
mly_1864886034112123_000.png	PR	0.85
mly_186646306549703_000.png	P	1.00
mly_1871909503757312_001.png	TVORNIŽKC	0.41
mly_1871909503757312_003.png	Ja	0.45
mly_1873032380054803_000.png	40	1.00
mly_187532089891749_000.png	BUREGDZINICA	0.94
mly_1877550616075399_000.png	DisKont FeNiKS	0.84
mly_187784856427674_000.png	Ianz €	0.55
mly_1877949772372063_000.png	E	0.45
mly_1877949772372063_001.png	ST	0.44
mly_1878257872836590_000.png	KaZALISTE	0.48
mly_1878417878977261_000.png	saraievo	0.60
mly_188082599835884_000.png	MIC	0.85
mly_188103323043109_000.png	;	0.72
mly_188103323043109_002.png	B	0.93
mly_188143083192902_000.png	MIC OFF /NU	0.73
mly_188143083192902_001.png	BLACKUUE   DR9BOM-1CHUHD	0.48
mly_188368049788031_002.png	85	0.95
mly_1884554911701594_003.png	ngva	0.82
mly_1884554911701594_004.png	Prodavnica igrozaka	0.49
mly_1888698084920912_000.png	039knh	0.63
mly_1888698084920912_001.png	MIC OFF/NU	0.79
mly_188879316448010_000.png	Paroi	0.54
mly_1889849821878981_001.png	SBAG	0.49
mly_189472126360617_001.png	Credit	0.45
mly_1899626356870570_000.png	PULLGE	0.70
mly_1899626356870570_002.png	PULLGOCAR	0.70
mly_1900355850538044_000.png	NOEMI	0.70
mly_1902470273240984_000.png	Ffe	0.49
mly_190314502927833_000.png	HJOKER	0.41
mly_1903389523589460_000.png	EUA	0.83
mly_1903647386941850_000.png	(STOP	0.82
mly_1903647386941850_001.png	IZLAZ	0.99
mly_1903731286984156_000.png	ebe	0.91
mly_1904925913292885_000.png	041kih	0.56
mly_1904925913292885_001.png	MIC OFF /NU	0.75
mly_1904925913292885_002.png	BLACKUE  DR9BOM-ICHUHD	0.52
mly_191124529530267_000.png	MIC UFF /NU	0.46
mly_1913870652110066_001.png	MIC UFF /NU	0.77
mly_1913870652110066_002.png	BLACKUUE   DR9BOM-1CH UHD	0.40
mly_1914082668961725_000.png	auto-0008b	0.60
mly_1914082668961725_001.png	2023-07-20	0.73
mly_1914082668961725_002.png	14:00:21	0.62
mly_1914082668961725_003.png	036kmh	0.55
mly_1914082668961725_004.png	MIC	0.47
mly_1914082668961725_005.png	OFF	0.99
mly_191965706161695_003.png	HOTEL	1.00
mly_192004216109431_000.png	HIC OFF /NU	0.57
mly_1922467831242284_000.png	P	0.95
mly_192382136253462_001.png	20	0.50
mly_192401532715785_002.png	R	0.62
mly_192401532715785_003.png	s	0.87
mly_192401532715785_005.png	ONA	1.00
mly_192401532715785_007.png	20559	0.55
mly_1924988547661173_001.png	MIC OFF /NU	0.75
mly_1929129150596953_000.png	E	0.41
mly_1929129150596953_002.png	MIc	0.65
mly_1933165417229215_000.png	atolel	0.48
mly_1933365350146395_000.png	marker	0.90
mly_193381745967163_000.png	MIc UFF/NU	0.47
mly_193450665928255_001.png	016 26105	0.45
mly_193450665928255_004.png	1	0.40
mly_193507009258194_000.png	Sabié	0.44
mly_193652575911487_006.png	AUTHENT	0.75
mly_1937757610181386_000.png	MY	0.83
mly_193885489254665_001.png	SRC Salata	0.94
mly_1939361129812723_000.png	036kmh	0.70
mly_1939361129812723_001.png	MIC OFF/NU	0.94
mly_194090792600654_000.png	2021	1.00
mly_194090792600654_001.png	05-14	0.99
mly_194090792600654_002.png	20	0.45
mly_194090792600654_005.png	HDR	1.00
mly_194169392434384_002.png	CEVAEPZINICA	0.63
mly_194169392434384_005.png	PIZZA	0.89
mly_194169392434384_006.png	upermarker	0.73
mly_194207239197194_001.png	PECENO	0.81
mly_194309556264562_001.png	MJ	0.76
mly_194309556264562_003.png	TRGOVINA _	0.64
mly_194409259825501_000.png	ka	0.51
mly_1949220928868174_002.png	Wec	0.47
mly_194977259189048_000.png	2021	1.00
mly_194977259189048_001.png	05-12	0.70
mly_194977259189048_002.png	16:50:04	0.90
mly_194977259189048_003.png	036kmh	0.51
mly_194977259189048_004.png	HDR	1.00
mly_194977259189048_005.png	BLACKUE   DR90BS	0.42
mly_194977259189048_006.png	1CH/ UHD	0.51
mly_195167126305675_002.png	e	0.47
mly_1952842748409455_000.png	Ne zaboravi recia	0.50
mly_1952842748409455_001.png	Ne zabora	1.00
mly_1952842748409455_003.png	Op	0.87
mly_1952842748409455_004.png	lostig	0.47
mly_195489422420412_000.png	P	1.00
mly_1957523757728732_000.png	P	1.00
mly_1957523757728732_001.png	P	0.98
mly_1957523757728732_003.png	Ku	0.49
mly_1958428840998076_000.png	1	0.89
mly_195952465683807_000.png	437knh	0.64
mly_1960485614547465_000.png	Consul	0.99
mly_1963649747363853_000.png	039kmh	0.42
mly_1963649747363853_001.png	MIC OFF/NU	0.92
mly_1963945853757108_001.png	NIC	0.58
mly_1965739510613743_000.png	TISAK	0.61
mly_196690468968030_000.png	Jar	0.42
mly_1969465086989673_000.png	Gis	1.00
mly_197585982197025_001.png	NEŠKOVIC	0.68
mly_197585982197025_003.png	Callc	0.45
mly_197657748857089_001.png	MCDonald s	0.56
mly_197657748857089_003.png	Donalas	0.88
mly_1976910266019329_001.png	2023/04/08 09:09 : 13	0.53
mly_1977387115750646_001.png	1	0.41
mly_198044662045174_000.png	MIC OFF /NU	0.84
mly_1981014695625855_000.png	P	0.62
mly_1983443281816361_000.png	STOP	0.63
mly_1985655428251339_000.png	Eaa	0.50
mly_1985655428251339_001.png	7,5t	0.88
mly_1985655428251339_002.png	40	1.00
mly_1985655428251339_003.png	/	0.54
mly_1985655428251339_004.png	FER?1	0.53
mly_199013225871132_000.png	8knh	0.57
mly_199013225871132_001.png	MIC	0.79
mly_199013225871132_002.png	NU	0.97
mly_1991040421064923_000.png	12	0.95
mly_1991040421064923_001.png	OML	0.85
mly_1991040421064923_002.png	600	0.83
mly_1991040421064923_004.png	HIC UFF /NU	0.51
mly_1992348650922049_000.png	Inlernacional	0.61
mly_1992348650922049_001.png	Dom	0.65
mly_1992348650922049_003.png	Zenica	0.53
mly_1992348650922049_004.png	Sajmište	0.97
mly_1992348650922049_006.png	Smetovi	1.00
mly_1992348650922049_007.png	Muzej grada	0.88
mly_1994511247729945_000.png	skI	0.48
mly_1994511247729945_001.png	Ar	0.41
mly_1994511247729945_003.png	DOPUK	0.56
mly_199510645329769_000.png	NIC OFF /NU	0.83
mly_1997978544450956_000.png	OWETE	0.41
mly_1999738597317305_000.png	3"	0.54
mly_2000417373449003_000.png	2021	1.00
mly_2000417373449003_001.png	05-14 12: 14:18	0.40
mly_2000417373449003_003.png	HDR	1.00
mly_2002359324016085_001.png	Army	0.54
mly_200557898352900_001.png	KDS	0.99
mly_2006955856110366_000.png	NIC UFF /NU	0.72
mly_2006955856110366_002.png	Cntotran	0.59
mly_200697038383030_000.png	P	0.96
mly_2008802972607438_000.png	0	0.60
mly_2009963119541498_001.png	VLENILM	0.62
mly_2010861562418189_000.png	133A	0.53
mly_201091378520315_000.png	018knh	0.66
mly_201155581824036_000.png	BROJLER market	0.81
mly_201155581824036_002.png	Volino	0.63
mly_2012258149230174_000.png	1	0.76
mly_2012258149230174_001.png	CITY	0.93
mly_2012258149230174_002.png	4	0.98
mly_2014195219129755_001.png	apartment	0.66
mly_2015236699137649_000.png	30	1.00
mly_201527128485733_002.png	ulaz	0.84
mly_2015535845978197_000.png	tarna	0.95
mly_2015742115450580_001.png	2023-0?	0.52
mly_2015742115450580_002.png	20	0.94
mly_2015742115450580_003.png	13:52:52	0.50
mly_2015742115450580_006.png	BLACKUUE DR750S-ZCHFHD-FHD	0.43
mly_201685888877284_000.png	48	0.48
mly_2018330978314864_002.png	G	0.79
mly_2019720408192398_002.png	OTKUP	1.00
mly_2019720408192398_003.png	ISREBR	0.53
mly_202183154912843_000.png	HOTEL	1.00
mly_202245318393050_000.png	VART	0.65
mly_2026493467491536_000.png	MIC OFF /NU	0.62
mly_2032711460221288_000.png	MIC OFF /NU	0.62
mly_2033007410827204_000.png	96	0.50
mly_203357324805844_002.png	MIC UFF /NU	0.59
mly_203446201594137_000.png	30	0.99
mly_203446201594137_003.png	BiH	0.74
mly_2035498460339698_000.png	AUTO PRO	0.89
mly_2035498460339698_001.png	SISAK d.c	0.63
mly_2044146755735974_000.png	0	0.85
mly_2044146755735974_002.png	Gumi	0.46
mly_204495462129343_000.png	ST	0.76
mly_2050256339255712_000.png	Travanj	0.99
mly_206089447738713_000.png	Stofi	0.42
mly_2067990290022684_000.png	054knh	0.87
mly_206845260991865_008.png	DGRE	0.52
mly_207226717690609_001.png	DINA	0.48
mly_207306044366271_001.png	o	0.73
mly_207309107674557_000.png	P	0.46
mly_2074724603400524_000.png	CED	0.91
mly_2074724603400524_003.png	Acco	0.60
mly_2075158216377845_000.png	Centa	0.97
mly_2075158216377845_001.png	Hotel Marjan >	0.53
mly_207541778659038_000.png	RRMPUS	0.53
mly_207746624214883_001.png	70%	0.53
mly_2078602429200213_000.png	046knh	0.83
mly_2078602429200213_001.png	MIC OFF /NU	0.69
mly_2079663699093988_000.png	dm	1.00
mly_2080834242111871_000.png	VENDICIA	0.52
mly_2080834242111871_002.png	Gr	0.92
mly_209329994052575_002.png	Zepe	0.59
mly_209460061498093_000.png	051knh	0.59
mly_2094751848591684_000.png	IROSLERL	0.51
mly_2099418780655690_000.png	Bolt	1.00
mly_210571817353549_001.png	HIC UFF /NU	0.61
mly_210642757339518_000.png	clean	0.63
mly_210642757339518_001.png	cLean	0.81
mly_210642757339518_002.png	OTOKIC	0.46
mly_210642757339518_003.png	TOKIQ Sigumost u	0.50
mly_2109482976104905_001.png	MIC OFF /NU	0.41
mly_2109482976104905_002.png	BLACKUE   DR9BOM-1CHUHD	0.45
mly_211054934579505_000.png	P	0.65
mly_211787940417801_001.png	Ge	0.99
mly_2117960478783510_000.png	(STOF	0.42
mly_212591590416013_000.png	U	0.65
mly_212591590416013_001.png	UPIS	0.99
mly_212591590416013_002.png	TOKU	0.90
mly_2129689281274126_001.png	'U57716 SC	0.40
mly_213006823610060_000.png	'GREEN	0.56
mly_213006823610060_001.png	OIL	0.97
mly_213092020622304_004.png	KS	0.53
mly_213092020622304_008.png	lexy	0.87
mly_2131266160767016_000.png	PRI	0.98
mly_2131266160767016_007.png	Glovia	0.45
mly_2132352316927051_000.png	Vorel	0.67
mly_213389070214750_000.png	TC	0.96
mly_213389070214750_001.png	CCo	0.46
mly_213389070214750_002.png	(KIOSK+)	0.98
mly_2134245800114284_000.png	Auto-0008b	0.70
mly_2134245800114284_001.png	2023-07-20	0.68
mly_2134245800114284_002.png	13:57:06	0.49
mly_2134245800114284_003.png	023kmh	0.44
mly_2134245800114284_004.png	MIC	0.42
mly_2134245800114284_005.png	OFF	0.98
mly_2134245800114284_006.png	BLACKUUE DR750S-ZCHFHD-FHD	0.66
mly_213572485010980_001.png	2023-07-20	0.53
mly_213572485010980_002.png	13:52:54	0.81
mly_213572485010980_003.png	0Zknh	0.69
mly_213572485010980_004.png	HIC OFF	0.92
mly_213572485010980_005.png	BLACKUE  DR?50S-ZCHFHD-FHD	0.48
mly_2135924293463995_001.png	Oprostuy	0.43
mly_214357393788387_001.png	BOJE / LAKOVI	0.61
mly_214431876900546_002.png	Mc	0.58
mly_2145845732936391_005.png	1	0.96
mly_2145845732936391_006.png	1	0.52
mly_214971850065136_001.png	Mstra	0.96
mly_2150174881780387_000.png	{nibol	0.49
mly_2151608262014996_001.png	MaxMara	1.00
mly_2151608262014996_002.png	MaxMara	0.92
mly_215205320112223_000.png	P	0.98
mly_215205320112223_001.png	P	0.95
mly_215205320112223_002.png	23	0.55
mly_2152179021618283_000.png	CHARLOI	0.75
mly_215638283473617_000.png	MIC OFF /NU	0.73
mly_216058259908962_000.png	POŠTAnS	0.60
mly_216058259908962_001.png	BANYA	0.62
mly_216058326988099_001.png	2010/12/28	0.82
mly_2163051747865413_000.png	BOBTS	0.93
mly_2163051747865413_001.png	Travanj	1.00
mly_216610253228943_000.png	LagermaX	0.89
mly_216722263350031_000.png	HIC OFF /NU	0.66
mly_216772333334597_001.png	MIC OFF /NU	0.73
mly_216961520261856_001.png	'preskocitired za	0.81
mly_216961520261856_007.png	2021	1.00
mly_216961520261856_008.png	05-12 16	0.93
mly_216961520261856_010.png	HDR	1.00
mly_216970154400072_000.png	ternational	0.96
mly_217019809921583_000.png	hvala vam	0.68
mly_217199326562322_001.png	B A DEM	0.55
mly_217199326562322_003.png	8adem	0.41
mly_218038803464481_002.png	NIC UFF /NU	0.72
mly_218249617471748_000.png	Auto	0.78
mly_218249617471748_001.png	38b	0.84
mly_218249617471748_002.png	2023	0.75
mly_218249617471748_003.png	07-20 17:10:04	0.45
mly_218249617471748_004.png	884kmh	0.67
mly_218249617471748_005.png	MIC	0.95
mly_218249617471748_006.png	OFF	0.99
mly_218249617471748_007.png	BLACKUE   DR?50S-ZCH FHD-FHD	0.44
mly_218505623139402_000.png	P	0.97
mly_218638316458791_000.png	MIC OFF /NU	0.66
mly_218712389762583_001.png	MIC UFF /NU	0.68
mly_218724299717299_001.png	{	0.50
mly_2187493575511131_000.png	ATM	1.00
mly_2187493575511131_001.png	AT	0.96
mly_2192525887550997_007.png	Cla	0.40
mly_219691306334823_000.png	SAFET ZEC	0.46
mly_219691306334823_002.png	NIC UFF /NU	0.65
mly_219727719491434_000.png	18719	0.41
mly_219782426377077_001.png	(STOP	0.85
mly_219875936304902_000.png	MIC UFF /NU	0.59
mly_2198815548242394_001.png	18	0.56
mly_219915552929103_002.png	P	0.53
mly_219951289461485_001.png	nude	0.99
mly_220042569567193_000.png	inehe	0.46
mly_220053063268281_001.png	05-15 12:21:48	0.52
mly_220053063268281_002.png	057knh	0.41
mly_220053063268281_003.png	HDR	1.00
mly_220492196171112_000.png	super	0.72
mly_220492196171112_001.png	MK	0.85
mly_220492196171112_002.png	Kins	0.74
mly_220500666805716_000.png	049	0.90
mly_220620733198835_001.png	AUTOPRAONA	0.95
mly_2206297050228944_000.png	PEDIKERSA/	0.43
mly_2207601046041368_000.png	0	0.87
mly_2207601046041368_001.png	ulaz'	0.43
mly_220987562849032_000.png	hose	0.45
mly_220987562849032_001.png	NIC OFF /NU	0.83
mly_221355652796990_000.png	Orizon %	0.71
mly_221355652796990_002.png	LEhouse	1.00
mly_221355652796990_003.png	TEXTILE	0.49
mly_221355652796990_004.png	Lousa	0.66
mly_221355652796990_005.png	cond hand	1.00
mly_2215324358831137_000.png	food	0.55
mly_2215324358831137_001.png	'Toun	0.61
mly_2215324358831137_002.png	Day	0.80
mly_221536013636812_001.png	HIC OFF /NU	0.61
mly_221696203122347_000.png	2021-05-14 21:22:23	0.81
mly_221696203122347_002.png	HDR	0.99
mly_221866909742430_002.png	MesNICA	0.76
mly_222142302635126_003.png	UPRAVO	0.79
mly_222142302635126_004.png	PECENO	0.99
mly_222171626035686_001.png	MIC OFF /NU	0.55
mly_2224029081288099_000.png	036kmh	0.55
mly_222544475915843_001.png	bioierra	0.79
mly_222544475915843_003.png	biorena	0.62
mly_222651852613813_002.png	mares |	0.50
mly_222651852613813_003.png	GARMIN]	0.53
mly_222735719308401_000.png	MIC OFF /NU	0.87
mly_222792642631477_000.png	MIC UFF /NU	0.43
mly_222909005936590_000.png	MIC	0.93
mly_223204722774187_000.png	2021	1.00
mly_223204722774187_001.png	05-11 17:29:32	0.63
mly_223204722774187_003.png	HDR	1.00
mly_2232097337598347_000.png	HAILS	0.61
mly_2241720922635879_001.png	MIC	0.74
mly_224540542439502_000.png	MIC ULF /NU	0.41
mly_2249082239180551_001.png	GARIFUL	0.49
mly_225167909015658_000.png	NIC UFF /NU	0.74
mly_2252631118245332_000.png	029knh	0.49
mly_2252631118245332_001.png	MIC OFF/NU	0.81
mly_225376952317026_000.png	MIC OFF /NU	0.70
mly_225550705574736_000.png	EErka dobre hrane	0.45
mly_225550705574736_002.png	18	0.56
mly_225733922256819_001.png	Jahorina	0.99
mly_225733922256819_004.png	Lukavica	0.89
mly_225733922256819_005.png	Pale	1.00
mly_2259980604417805_002.png	0	0.41
mly_2259980604417805_003.png	SUPERDRY	1.00
mly_2259980604417805_004.png	LORIS	0.61
mly_2260268091076316_000.png	Wevin	0.64
mly_226677452242980_004.png	199	0.89
mly_226677452242980_005.png	1992	0.92
mly_226806395442990_000.png	Ita	0.71
mly_226888525869090_000.png	"s	0.51
mly_227320132064147_000.png	2r	0.42
mly_227378345822499_000.png	Centrotrans	0.64
mly_227777522043224_000.png	MIC OFF /NU	0.70
mly_227778522440493_000.png	KIDS	1.00
mly_227778522440493_001.png	P	1.00
mly_228190596549901_000.png	SKOLA	0.89
mly_2283337005440419_000.png	P	0.99
mly_2283337005440419_001.png	Parkiraliste "Gredeli"	0.53
mly_228696829018978_000.png	Buregdzinica (	0.70
mly_2288846057991317_001.png	CITY	0.99
mly_2291321721207288_000.png	0	0.94
mly_229220909060097_002.png	6036	0.48
mly_229405898946750_000.png	PFzCz	0.67
mly_229866092245266_000.png	P	0.62
mly_229866092245266_001.png	P	0.95
mly_230154032991724_001.png	LAST	0.51
mly_230883472138989_000.png	1	0.88
mly_2319504001844144_002.png	MAGNET	1.00
mly_2319504001844144_003.png	BAR	0.55
mly_2319504001844144_004.png	Caffe	0.59
mly_232190332005187_000.png	MIC OFF /NU	0.86
mly_2322317471461325_001.png	MIC OFF /NU	0.59
mly_232243598671452_002.png	silver	0.47
mly_232243598671452_003.png	horse	0.59
mly_232639626213147_000.png	2022/04/08 09:13:12	0.44
mly_2326663741407856_001.png	Pan	0.66
mly_233203936352203_001.png	OscAR"	0.44
mly_233212535257408_000.png	IRaiffeisen	0.48
mly_233212535257408_001.png	BANK	1.00
mly_2340334529651296_000.png	ema	0.98
mly_234518251808615_000.png	170	0.89
mly_234518251808615_001.png	HIC OFF /NU	0.48
mly_234649789174305_003.png	Fanin	0.46
mly_234649789174305_004.png	piyovara	0.46
mly_2347129595419883_001.png	HIC OFF /NU	0.67
mly_2355326131523962_000.png	Cro	0.88
mly_2355326131523962_001.png	Club	0.99
mly_235806308332044_002.png	09-07:16	0.44
mly_235916039165742_000.png	[PLANIGRAD	0.82
mly_236110108785080_001.png	Gravirane	0.61
mly_236144331644856_000.png	MIC OFF /NU	0.73
mly_236625536124737_000.png	5	0.53
mly_236625536124737_001.png	BUDGE7	0.57
mly_236992859429082_000.png	195	0.78
mly_2375872119863618_000.png	Y	0.74
mly_2375872119863618_005.png	5	0.40
mly_2385206994956721_000.png	le	0.52
mly_2387052211487088_001.png	PIN	1.00
mly_2387052211487088_002.png	PIKARMA	0.47
mly_238962821354088_000.png	P	0.85
mly_238962821354088_001.png	P	0.99
mly_2391389551360822_000.png	4	0.62
mly_239423342382306_000.png	Auto-0088b	0.57
mly_239423342382306_001.png	87-14	0.93
mly_239423342382306_002.png	14:85:20	0.86
mly_239423342382306_003.png	041knh	0.64
mly_239423342382306_004.png	MIC OFF	0.97
mly_239423342382306_005.png	BLACKUUE DR750S-ZCHFHD-FHD	0.47
mly_24032961356313320_000.png	Ravnice	0.50
mly_240370591743869_000.png	Znoš R	0.49
mly_240853007831651_000.png	Gabrika dobre hrane	0.50
mly_240853007831651_001.png	Dignel	0.81
mly_24106053929087958_001.png	CAFFE BAR FORZA	0.83
mly_241157031095468_000.png	China	0.82
mly_241157031095468_001.png	Shop	0.51
mly_2412475602255909_000.png	2023/04/08	1.00
mly_2412475602255909_001.png	16:02:43	0.92
mly_241299370835260_000.png	C	0.85
mly_241944657682488_002.png	'bude!	0.42
mly_241944657682488_003.png	'umki	0.43
mly_241944657682488_004.png	'pozobon	0.49
mly_242021804383423_002.png	50 m	0.85
mly_24235751602777802_000.png	405	0.78
mly_242564722064696_000.png	Auto-00086	0.43
mly_242564722064696_001.png	P	0.97
mly_242564722064696_002.png	2023	0.87
mly_242564722064696_004.png	019ki/h	0.62
mly_242564722064696_005.png	MIC OFF	0.65
mly_243647891796883_000.png	lesnin?	0.66
mly_243647891796883_001.png	vSS	0.81
mly_243783541900076_000.png	Auto-0008b	0.74
mly_243783541900076_001.png	2023-07-20	0.84
mly_243783541900076_002.png	13:56 : 46	0.62
mly_243783541900076_004.png	MIC	0.75
mly_243783541900076_005.png	OFF	0.99
mly_243810921302686_006.png	MIC OFF	0.87
mly_243810921302686_007.png	BLACKUUE DR750S-ZCHFHD-FHD	0.62
mly_243876431914374_001.png	2023-07	0.75
mly_243876431914374_003.png	027kih	0.60
mly_243876431914374_006.png	BLACKUUE  DR750S-ZCHFHD-FHD	0.58
mly_243955645031794_000.png	2023/04/0812:16:09	0.87
mly_244017894163387_001.png	MIC	0.95
mly_244088327460948_000.png	P	0.97
mly_245112228472040_000.png	Auto-8008b	0.55
mly_245112228472040_004.png	07-14 14:06 : 14	0.63
mly_245112228472040_005.png	835kih	0.56
mly_245112228472040_006.png	HIC OFF	0.66
mly_245112228472040_007.png	BLACKUUE DR750S-ZCHFHD-FHD	0.59
mly_245147498449562_000.png	Auto-00086	0.69
mly_245147498449562_002.png	2023	0.87
mly_245147498449562_003.png	07-14	0.90
mly_245147498449562_004.png	14885:13	0.45
mly_245147498449562_005.png	knh	0.54
mly_245147498449562_006.png	MIC OFF	0.65
mly_245147498449562_007.png	BLACKUUE	0.94
mly_245147498449562_008.png	DR750S-ZCHFHD-FHD	0.63
mly_245147498449562_009.png	NE	1.00
mly_245147498449562_010.png	NA	1.00
mly_245147498449562_011.png	KVALITEMT	0.43
mly_245542750649489_000.png	MESNICA	1.00
mly_245542750649489_002.png	MESNICA	0.97
mly_24560808486844741_000.png	ance	0.96
mly_24591864473775066_000.png	dollar	1.00
mly_24591864473775066_002.png	dollar	0.96
mly_246154533964140_000.png	2500+	0.61
mly_246336334828308_000.png	2023/04/02	1.00
mly_246336334828308_001.png	14:36: 30	0.64
mly_246708218308784_000.png	Auto-8008b	0.75
mly_246708218308784_001.png	2023	0.94
mly_246708218308784_003.png	048knh	0.42
mly_246708218308784_004.png	MIC	0.73
mly_246708218308784_005.png	OFF	1.00
mly_246708218308784_006.png	BLACKUUE DR750S-ZCHFHD-FHD	0.57
mly_246831930571461_000.png	MIC OFF /NU	0.70
mly_246926493851135_006.png	PCCIVO	0.42
mly_246926493851135_008.png	|	0.86
mly_247391127181155_000.png	"ZRIN ISKI"	0.55
mly_247437297178189_000.png	MIC OFF /NU	0.88
mly_247716710461860_000.png	(STOP	0.73
mly_248243893709969_001.png	2017/03/25	0.91
mly_248822304025608_000.png	40	1.00
mly_248822304025608_001.png	Cetin	1.00
mly_249139086912127_000.png	KONZUM	0.76
mly_2492565830930516_000.png	Soh	0.68
mly_249471380238649_001.png	Car	0.63
mly_249471380238649_002.png	FeRRY	0.40
mly_2503264199844445_000.png	Iírojachi Salon	0.48
mly_2503264199844445_001.png	Quru	0.68
mly_2503264199844445_002.png	FRIZER	0.70
mly_250495344509151_000.png	Auto-8088b	0.63
mly_250495344509151_002.png	17:08 : 58	0.56
mly_250495344509151_004.png	MIC	0.64
mly_250495344509151_005.png	OFF	0.99
mly_250669228004159_000.png	P	0.52
mly_251032286801584_000.png	MIC OFF /NU	0.71
mly_251032286801584_001.png	BLACKUE   DR9BOM-1CHUHD	0.43
mly_251254136744070_000.png	P	0.90
mly_251430490717560_000.png	P	0.97
mly_251430490717560_001.png	1150	0.98
mly_251614991341470_001.png	MIC OFF /NU	0.73
mly_251614991341470_002.png	BLACKUE  DR9BOM-ICHUHD	0.41
mly_2519544768342072_000.png	MIC OFF /NU	0.73
mly_2524003231396042_000.png	5	0.46
mly_2524914937653662_000.png	2021	1.00
mly_2524914937653662_001.png	05-14	0.99
mly_2524914937653662_002.png	16:08:09	0.99
mly_2524914937653662_004.png	HDR	1.00
mly_252685779985621_000.png	MIC OFF /NU	0.84
mly_252700190952576_000.png	Auto-0008b	0.47
mly_252700190952576_001.png	2823-07-28	0.50
mly_252700190952576_002.png	13:56 : 58	0.77
mly_252700190952576_004.png	MIC	0.91
mly_252700190952576_005.png	OFF	1.00
mly_252700190952576_006.png	BLACKUUE DR750S-ZCHFHD-FHD	0.63
mly_252884763286190_002.png	(88	0.47
mly_252946094398477_000.png	Dubrava	0.96
mly_252946094398477_001.png	Sesvete	1.00
mly_2531989123635347_000.png	Auto-008b	0.69
mly_2531989123635347_001.png	2023-87	0.58
mly_2531989123635347_003.png	014kih	0.43
mly_2531989123635347_004.png	MIC OFF	0.96
mly_2531989123635347_005.png	BLACKUE   DR750S-ZCHFHD-FHD	0.58
mly_2532807330349144_000.png	MIC OFF /NU	0.73
mly_253751179830852_000.png	marketi	0.97
mly_2537764339866073_000.png	clite	0.75
mly_254547557339656_000.png	Auto-0008b	0.67
mly_254547557339656_001.png	2023	0.96
mly_254547557339656_003.png	028kih	0.43
mly_254547557339656_004.png	MIC OFF	0.78
mly_254547557339656_005.png	BLACKUUE DR750S-ZCHFHD-FHD	0.55
mly_254619407220372_001.png	biskupa DUhA	0.43
mly_254679919677995_000.png	MIC	0.78
mly_2550912565108369_000.png	Stop	0.51
mly_255100640250667_001.png	osigu	0.60
mly_2552032668438926_000.png	Lt	0.45
mly_25544754455142401_001.png	ERIDAY	0.42
mly_255816192957684_001.png	MIC OFF /NU	0.90
mly_255816192957684_003.png	1	0.72
mly_25606267059019095_000.png	032kih	0.49
mly_25606267059019095_001.png	MIC OFF /NU	0.75
mly_2563457074042792_000.png	Neurot	0.58
mly_25683545298008213_000.png	G	0.69
mly_256883332851290_001.png	A	1.00
mly_256883332851290_002.png	POŠTANSI	0.97
mly_2569159666719694_003.png	Foto	0.52
mly_2569885433315139_000.png	PRESELILI	0.99
mly_2569885433315139_001.png	U NOVI	0.99
mly_2569885433315139_002.png	P	1.00
mly_2569885433315139_003.png	CENTAR KVATERNIK PL	1.00
mly_257095860652072_000.png	P	0.94
mly_2571203239996920_000.png	RITAM	0.99
mly_2571203239996920_002.png	Ijeta	0.99
mly_2571203239996920_005.png	Osjeti |	0.72
mly_25726098960317028_000.png	2026	0.92
mly_257437699471525_000.png	JC	0.42
mly_257655003682671_000.png	Auto-0808b	0.84
mly_257655003682671_001.png	2023	0.86
mly_257655003682671_002.png	07-Z0 13:53:56	0.48
mly_257655003682671_003.png	037knh	0.73
mly_257655003682671_004.png	MIC	0.80
mly_257655003682671_005.png	OFF	0.94
mly_257655003682671_006.png	BLACKUUE	0.59
mly_257655003682671_007.png	DRZ5US-ZCHFHD-FHD	0.54
mly_258445705981916_000.png	MARCAIN	1.00
mly_258445705981916_001.png	poa	0.63
mly_258906569363535_000.png	duean	0.43
mly_258906569363535_001.png	1	0.77
mly_2598120260481733_001.png	2010/91/20	0.67
mly_2598424203787132_003.png	pEHARA	0.44
mly_260403825834781_000.png	46	0.85
mly_2605001033126353_000.png	Skolska	0.99
mly_2605001033126353_001.png	Datrola	0.85
mly_2606645192962928_003.png	1	0.97
mly_2606645192962928_005.png	H25	0.51
mly_2606645192962928_006.png	Wepap)	0.49
mly_260988772418669_000.png	'80	0.79
mly_2610350686019107_000.png	049knh	0.68
mly_2610350686019107_001.png	HIc OEF /NU	0.47
mly_2617621968535149_002.png	5-54-08	0.66
mly_262037662001775_000.png	Ralmen	0.56
mly_262037662001775_001.png	Market	1.00
mly_2626790927621022_001.png	Super	1.00
mly_26347527551583476_000.png	TAK	0.53
mly_26347527551583476_002.png	ana	1.00
mly_263517675470852_003.png	plans'	0.41
mly_264313752104463_000.png	d13knh	0.56
mly_264313752104463_001.png	Mic	0.53
mly_2651437451820801_004.png	Mer	0.42
mly_265185938686806_000.png	MIC UFF /NU	0.44
mly_2654165081645613_000.png	[P	0.40
mly_2654165081645613_001.png	P	0.99
mly_265803076164772_000.png	Auto-8008b'	0.68
mly_265803076164772_002.png	2023	0.88
mly_265803076164772_003.png	07-26 13:52:43	0.49
mly_265803076164772_005.png	MIC OFF	0.69
mly_265803076164772_009.png	lecla	0.68
mly_2660095131038396_000.png	B0	0.44
mly_2660646927568454_002.png	282	0.46
mly_2660646927568454_003.png	D	1.00
mly_266279925204338_000.png	424	0.56
mly_266673959416640_001.png	2023-07-20	0.71
mly_266673959416640_002.png	17:08:44	0.78
mly_266673959416640_003.png	04Zkmh	0.78
mly_266673959416640_004.png	MIC OFF	0.66
mly_266673959416640_005.png	BLACKUUE	0.92
mly_266673959416640_007.png	FHD	1.00
mly_266725926095700_000.png	Auto-0088b	0.89
mly_266725926095700_001.png	2023-87-20	0.65
mly_266725926095700_002.png	17:08:57	0.51
mly_266725926095700_005.png	BLACKUE DRZ50S-ZCHFHD-FHD	0.46
mly_267095898534617_001.png	MIC OFF /NU	0.70
mly_26718511997780947_000.png	PRIMA	0.92
mly_26718511997780947_001.png	8	0.71
mly_2677131399084226_000.png	AERROPLAN	0.46
mly_2677131399084226_002.png	peosi	0.64
mly_2677131399084226_006.png	RAMIS `	0.67
mly_2678179035807865_000.png	PEKARA Inr	0.68
mly_268051981680609_000.png	PA	0.99
mly_268420632562953_000.png	Auto-0008b	0.58
mly_268420632562953_001.png	2023-07-20	0.70
mly_268420632562953_002.png	14:00:19	0.42
mly_268420632562953_003.png	037kmh	0.79
mly_268420632562953_004.png	MIC OFF	0.86
mly_268420632562953_005.png	BLACKUUE  DR756S-ZCHFHD-FHD	0.62
mly_268679946157659_002.png	PECENO	0.98
mly_268716855008558_000.png	2021	1.00
mly_268716855008558_001.png	05-14 20:06:58	0.94
mly_268716855008558_002.png	035knh	0.50
mly_268716855008558_003.png	HDR	1.00
mly_268879855846860_000.png	Auto-0008b	0.84
mly_268879855846860_002.png	Sa	0.97
mly_268879855846860_007.png	2023-07-20	0.67
mly_268879855846860_008.png	13:58:22	0.70
mly_268879855846860_009.png	801kmh	0.52
mly_268879855846860_010.png	MIC OFF	0.93
mly_268879855846860_011.png	BLACKUUE   DR750S-ZCH FHD-FHD	0.44
mly_268995928288548_003.png	2017/02722	0.49
mly_268995928288548_005.png	PlODINE	0.46
mly_269538979528078_000.png	023kmh	0.55
mly_269789194844665_000.png	MIC OFF /NU	0.62
mly_2699240640367504_000.png	MPOr   ANNECENTAR	0.71
mly_2702264630146643_001.png	OPT	0.87
mly_2702264630146643_002.png	telema	0.99
mly_270392911402797_000.png	L	0.44
mly_270392911402797_001.png	DRUG	0.74
mly_270392911402797_002.png	SPOMEN	0.67
mly_270392911402797_003.png	ODBOR	0.62
mly_270392911402797_004.png	NOR ~TRNIE'	0.50
mly_2704201026539018_000.png	'TICARNICA	0.82
mly_27080972644836799_000.png	JOKER?	0.82
mly_27080972644836799_003.png	JOKERO	0.55
mly_27080972644836799_006.png	GRATIS 3 SATA	0.59
mly_27080972644836799_008.png	2,On	0.58
mly_270881618090588_000.png	P	0.95
mly_271701097993294_000.png	26	0.43
mly_272086227977612_000.png	HIC UFF /NU	0.48
mly_272103814638640_000.png	PIZZERIA * CAFFE BAR ,SLASTICA"	0.56
mly_272291781270760_000.png	B	0.78
mly_273286821251024_000.png	2021-05-15 12:21830	0.60
mly_273286821251024_001.png	046knh	0.46
mly_273286821251024_002.png	HDR	1.00
mly_273447391123297_003.png	6	0.79
mly_273466011568690_001.png	025kmh	0.43
mly_273609527759549_001.png	KJankomir	0.54
mly_273609527759549_002.png	Ziunjak	0.47
mly_274735998608096_000.png	Auto-0008b	0.53
mly_274735998608096_001.png	2023-07-Z0	0.60
mly_274735998608096_002.png	13:58:59	0.75
mly_274735998608096_005.png	BLACKUUE	0.76
mly_274735998608096_006.png	~ZCHFHD-FHD	0.63
mly_2747824065509396_000.png	BABOS	0.88
mly_274933860901654_000.png	Baumit	0.88
mly_274933860901654_001.png	MIC	0.60
mly_275266107626374_003.png	Azeifgance	0.42
mly_275310798537721_000.png	Zagr	0.86
mly_275897205055034_000.png	Auto-0008b	0.47
mly_275897205055034_001.png	2023-07-Z0 13:55:55	0.51
mly_275897205055034_002.png	033km/h	0.43
mly_275897205055034_003.png	MIC	0.79
mly_275897205055034_005.png	BLACKUUE	0.46
mly_275897205055034_006.png	DR758S-ZCH FHD-FHD	0.54
mly_2761465754164568_002.png	nlna-stan	0.46
mly_2761659120764075_005.png	MOBI]	0.69
mly_2763660457220084_000.png	KUK	0.47
mly_276886460983964_000.png	STOP	0.73
mly_276930580799885_000.png	2e	0.51
mly_2778768045765113_002.png	P	0.83
mly_2778768045765113_003.png	75	0.53
mly_2778768045765113_004.png	SNIZENJE	0.44
mly_2778768045765113_008.png	[50;	0.50
mly_2778787932274980_000.png	023kih	0.47
mly_2778787932274980_001.png	MIC OFF /NU	0.59
mly_278369167293535_000.png	MIC UFF /NU	0.64
mly_278640233936128_000.png	018knh	0.67
mly_2788299934658739_001.png	HIC OFF /NU	0.67
mly_2788299934658739_002.png	BLACKUE DR9BOM-ICHUHD	0.59
mly_278836534262471_000.png	P	1.00
mly_2788938744769721_000.png	MIC OFF /NU	0.63
mly_2788938744769721_003.png	JJJ	0.56
mly_278980178060099_000.png	Auto-0008b	0.49
mly_278980178060099_001.png	(E"	0.47
mly_278980178060099_003.png	07-14	0.98
mly_278980178060099_004.png	14:06:21	0.65
mly_278980178060099_006.png	MIC OFF	0.62
mly_278980178060099_007.png	BLACKUUE	0.88
mly_278980178060099_008.png	DRZJ05-ZCHFHD-FHD	0.40
mly_279015730536917_001.png	2010/92/28	0.49
mly_2790465437930537_006.png	RECISTAR -	0.42
mly_2790465437930537_008.png	EUTANASIA	0.66
mly_2791974124450261_000.png	B	0.69
mly_2792474154337124_000.png	MIC OFF /NU	0.79
mly_2793861757456207_000.png	ALIA ISAKOVIC	0.44
mly_279867313873462_000.png	MIC OFF /NU	0.63
mly_279942083631794_001.png	VOSTAI	0.65
mly_279986067152547_001.png	1507	1.00
mly_280015723858201_000.png	SARAJEVSKA PIVARA dd.	0.60
mly_2802481056658605_002.png	ela	0.56
mly_2802944896706862_002.png	GeT	0.59
mly_280297557125966_000.png	éx	0.61
mly_2804485603101440_000.png	CEVABDZY	0.63
mly_2805128509707647_000.png	Hb	0.76
mly_280637833712318_000.png	Ilzon	0.46
mly_280732130377181_001.png	kajzerica	0.81
mly_2807459629518253_000.png	MIC OFF /NU	0.59
mly_281003140352799_001.png	Uka	1.00
mly_281003140352799_002.png	pandd	0.89
mly_281012083566125_001.png	DI	0.48
mly_281012083566125_002.png	8	0.87
mly_281012083566125_004.png	ueineken	0.60
mly_281098894527329_000.png	Auto-80080	0.65
mly_281098894527329_001.png	Za23-07	0.43
mly_281098894527329_003.png	13855.57	0.41
mly_281098894527329_005.png	HIC	0.72
mly_281098894527329_007.png	BLACKUUE   DR750S-ZCH FHD-FHD	0.41
mly_2811887779075778_003.png	2010/12/26	0.51
mly_2812423289072084_000.png	EKOR	0.53
mly_2815183625413592_000.png	50	1.00
mly_281624174772945_000.png	(spim	0.41
mly_281946671247322_000.png	Auto-80886	0.49
mly_281946671247322_001.png	'07-07-20 13:55:55	0.49
mly_281946671247322_002.png	033kmh	0.93
mly_281946671247322_003.png	MIC OFF	0.80
mly_2822444111237449_001.png	MIC OFF /NU	0.62
mly_2822444111237449_002.png	BLACKUE   DR9BOM-1CHUHD	0.43
mly_2824765127701320_000.png	P	0.64
mly_2825076001087169_001.png	Samoen	0.52
mly_283174020135197_000.png	f	0.61
mly_283174020135197_001.png	fast	0.77
mly_2832318280340519_000.png	Origl	0.64
mly_2832318280340519_001.png	~ye	0.47
mly_2837494289958949_000.png	Osim	1.00
mly_283874403468718_002.png	2,26	0.61
mly_283874403468718_003.png	2.26	0.99
mly_283943657758017_000.png	Centar	1.00
mly_2840064289582000_000.png	officia	0.52
mly_2840064289582000_001.png	dum:	0.45
mly_284181873344691_000.png	60	1.00
mly_284599753341148_000.png	banka	1.00
mly_2847769855444825_005.png	Eanka	0.57
mly_285209419748158_000.png	5>	0.41
mly_2852799221610080_001.png	05-15 11:51.31	0.56
mly_2852799221610080_002.png	017knh	0.58
mly_2852799221610080_003.png	HDR	1.00
mly_2853134771640578_000.png	059knh	0.82
mly_285341899803915_000.png	6	0.54
mly_285361127416769_000.png	Auto-8888b	0.45
mly_285361127416769_005.png	07-20 13:52:31	0.41
mly_285361127416769_006.png	04kmh	0.44
mly_285361127416769_008.png	OFF	0.99
mly_285469546399619_001.png	26	0.40
mly_2855870851396248_000.png	Mc UFF /NU	0.79
mly_285684559962949_000.png	MIC	0.95
mly_2858861724368152_004.png	CEV	0.98
mly_2859357107612670_000.png	P	0.86
mly_2859357107612670_001.png	Rez	0.81
mly_2859357107612670_002.png	GARAŽA - ULAZ	0.91
mly_2860575980872815_001.png	Spinut	0.48
mly_2860575980872815_003.png	distributer	0.71
mly_2860575980872815_004.png	kvalitete	0.99
mly_2860575980872815_005.png	091 2481 500	0.63
mly_2860575980872815_007.png	24	0.99
mly_2860575980872815_008.png	SATA	0.98
mly_2860575980872815_011.png	HORECA HR	0.48
mly_2860575980872815_012.png	WWW DISKONT HR	0.56
mly_2860649274153072_000.png	NIC OFF /NU	0.79
mly_286153956833579_000.png	235knh	0.41
mly_286153956833579_001.png	MIC OFF /NU	0.43
mly_2863725907177859_001.png	Za	0.49
mly_2863725907177859_002.png	66	0.49
mly_2863725907177859_003.png	ROPOLIS	0.99
mly_2863725907177859_004.png	Vje37 /	0.42
mly_286505176396848_001.png	2017/02/20	0.78
mly_286505176396848_002.png	970	0.44
mly_2870046349918735_000.png	Aulo	0.99
mly_287038693058598_000.png	3Om	0.45
mly_287038693058598_001.png	KONZUM	1.00
mly_2871377233100497_003.png	PAPIR	0.94
mly_2871776109736051_003.png	dve	1.00
mly_287204879788420_000.png	Peira Preradovica	0.44
mly_287220613114995_001.png	MIC UFF /NU	0.62
mly_2876409872676576_000.png	Pro-folo	0.79
mly_2876541862643773_000.png	MIC UFF /NU	0.58
mly_287756993255593_000.png	859kmh	0.48
mly_287773513901693_001.png	87-Z0 13:57.@	0.42
mly_287773513901693_003.png	MIC OFF	0.47
mly_287798269495169_001.png	2018/12/28	0.72
mly_2878222542570001_001.png	EUROMR	1.00
mly_2878222542570001_002.png	Aleja Hermanna	0.79
mly_2878222542570001_003.png	Mob:	0.93
mly_287842076156361_003.png	2017/221	0.46
mly_2878575369029884_000.png	026knh	0.67
mly_2878575369029884_001.png	MIC	0.71
mly_2878575369029884_002.png	NU	0.93
mly_287995256308378_000.png	istra voda	0.53
mly_287995256308378_001.png	Bistravoda	0.66
mly_287995256308378_002.png	RESTORAN	0.42
mly_2880345272234381_000.png	MIC UFF /NU	0.89
mly_288232109609734_001.png	Norug	0.46
mly_288232109609734_002.png	Pcur	0.63
mly_2884490335195977_001.png	KFC	0.86
mly_2887200258187844_000.png	2021	0.57
mly_2887200258187844_001.png	05-12	0.99
mly_2887200258187844_002.png	16:32:27	0.86
mly_2887200258187844_003.png	013kmh	0.73
mly_2887200258187844_004.png	HDR	1.00
mly_2887200258187844_006.png	1CH/ UHD	0.44
mly_2889129827995611_000.png	SCC	1.00
mly_2890035827937153_000.png	N	0.41
mly_2890035827937153_001.png	P	1.00
mly_2890035827937153_002.png	BeSPLATAN   CENTAR	0.40
mly_2890035827937153_003.png	2	0.93
mly_2890035827937153_004.png	REHABILITACIJU OVISNIK	0.82
mly_2890035827937153_006.png	ZAGREB : 01 / 29	0.61
mly_2890035827937153_008.png	RETO	0.99
mly_2890035827937153_009.png	CENTAR	0.98
mly_289251749408175_000.png	NAIVEST	0.60
mly_2892604457655790_001.png	VAuto.	0.58
mly_289262586016955_003.png	DEA	0.69
mly_289262586016955_004.png	Cvjeti	0.74
mly_289468212897586_000.png	ance	0.96
mly_2895056000744838_000.png	2021	1.00
mly_2895056000744838_001.png	05-14	0.98
mly_2895056000744838_002.png	28	0.51
mly_2895056000744838_003.png	25	1.00
mly_2895056000744838_005.png	HDR	1.00
mly_289648202867299_002.png	LADE	0.43
mly_289793579419803_000.png	Jobri	0.63
mly_2898081327188579_000.png	HIC	0.52
mly_2898240637130146_000.png	MIC UrF /NU	0.52
mly_2900210016835455_000.png	~	0.41
mly_2901329373460320_000.png	Prerutnina Ptuj	0.64
mly_290278485766309_001.png	guma	0.98
mly_290359389421945_000.png	6	0.84
mly_2903907446573743_002.png	NKD	0.97
mly_2904161949799154_000.png	NLB P	0.80
mly_290434942698687_001.png	2018/91/20	0.55
mly_290599592614428_000.png	Zenica	0.66
mly_290599592614428_001.png	Mostar	1.00
mly_290599592614428_002.png	Movo	0.55
mly_290599592614428_003.png	Hrasno	0.99
mly_290599592614428_004.png	Tuzla	1.00
mly_290599592614428_005.png	Sarajevo	0.62
mly_290599592614428_006.png	AS	0.52
mly_2910206219121344_000.png	037kmh	0.52
mly_2910206219121344_001.png	MIC OFF/NU	0.92
mly_2910758862601465_000.png	'STOP	0.81
mly_2911576509087863_001.png	40m	0.63
mly_2911576509087863_002.png	4Om	0.40
mly_2911576509087863_003.png	g	0.42
mly_291570236022930_000.png	MIC OFF /NU	0.46
mly_291623725926711_000.png	Apoteka	0.59
mly_291958960176867_000.png	Auto-00086	0.51
mly_291958960176867_002.png	14:06: 19	0.80
mly_291958960176867_004.png	MIC OFF	0.77
mly_292285185734181_000.png	HPE	0.51
mly_292285185734181_001.png	L(	0.57
mly_292285185734181_002.png	PAIRIZIA Pefe	0.53
mly_2923758537944893_000.png	HIC OFF /NU	0.48
mly_2923798714527180_000.png	MIC OfF/NU	0.56
mly_2928673147429723_000.png	Bef	0.41
mly_2928673147429723_001.png	03	0.92
mly_2928779640698659_000.png	P	0.98
mly_2928779640698659_001.png	MIC OFF /NU	0.66
mly_2929114650640844_001.png	1503	0.62
mly_2931153307125520_002.png	8	0.84
mly_2931878540360757_000.png	HIC UFF /NU	0.62
mly_2932975996992168_002.png	20%	0.94
mly_2932975996992168_004.png	cLean	0.85
mly_2935084540110581_000.png	HIT KIJIGA	0.41
mly_2935119340102587_007.png	rua	0.49
mly_2935119340102587_009.png	or	0.45
mly_2935119340102587_012.png	F	0.68
mly_2936506726668240_001.png	P	0.96
mly_2936506726668240_003.png	2016/12/17	0.56
mly_293660262328323_000.png	KONCAR	0.96
mly_293660262328323_006.png	Euro Daus	0.79
mly_2937924859830650_001.png	CEMIAR	0.47
mly_2938273999717538_000.png	MIC OFF /NU	0.83
mly_2938273999717538_001.png	BLACKUE   DR9BOM-1CHUHD	0.40
mly_2938559519757527_001.png	BLACKUUE   DR9BOM-ICH UHD	0.43
mly_293867875553402_000.png	MIC UFF /NU	0.55
mly_294028455392055_002.png	supermarket	1.00
mly_294028455392055_004.png	Komerc	0.85
mly_294114192194986_000.png	MIC OFF /NU	0.65
mly_2942986042652534_000.png	94	0.44
mly_2944081532508760_000.png	30	1.00
mly_2944997969159671_001.png	kono	0.50
mly_2946764492271252_001.png	MIC OFF /NU	0.75
mly_294725452151588_000.png	HOTEL	0.63
mly_294725452151588_001.png	86	1.00
mly_2947800565496968_002.png	70	0.99
mly_294855155440092_000.png	IICA	0.89
mly_294855155440092_002.png	JE	0.99
mly_294855155440092_003.png	Umbrella	0.94
mly_294855155440092_004.png	EKo	0.70
mly_2949498781950481_002.png	2016/12/28	0.72
mly_2949882761825957_000.png	MESNICA	0.99
mly_2950446825241060_000.png	1	0.53
mly_295122672154595_001.png	2017/02/21	0.78
mly_295289342043150_000.png	BANKOMAT	1.00
mly_295428868720237_000.png	MIC UFF /NU	0.47
mly_295582738932467_002.png	405|	0.41
mly_295632085606606_000.png	MIC OFF /NU	0.86
mly_295781812230883_000.png	alta	0.47
mly_295826778830428_001.png	MOTOREX	0.68
mly_295826778830428_002.png	obili	0.75
mly_295826778830428_003.png	vieruju	0.94
mly_2958835837683515_000.png	Pa	0.61
mly_295887012003707_001.png	SARAJEVO	0.51
mly_295916168837443_000.png	SFRVIS	0.89
mly_2959670987690836_000.png	guma	0.76
mly_2960257800913572_001.png	Fnny	0.44
mly_296123593291547_000.png	057kmh	0.66
mly_2962324910712442_001.png	nexc	0.76
mly_2963556723933781_000.png	Ofst	0.54
mly_296610185388625_002.png	SMARI	0.73
mly_296706428581177_000.png	'KO	0.78
mly_2967094240152006_000.png	Popn =	0.65
mly_296753865965633_000.png	[ERZA	0.55
mly_2967988010180713_000.png	056kmh	0.45
mly_2967988010180713_001.png	MIC OFF /NU	0.76
mly_2967988010180713_002.png	BLACKUE   DR9BOM-ICHUHD	0.49
mly_2968030310122203_002.png	9-50:18	0.71
mly_297049898760094_000.png	a	0.87
mly_297049898760094_002.png	KVALIFICIRAJ	0.98
mly_2971054863215672_000.png	MIC OFF /NU	0.84
mly_2971054863215672_001.png	BLACKUE   DR9BOM-1CH UHD	0.43
mly_2971766819812158_000.png	40	1.00
mly_297218785449730_000.png	Ii povezuješ. Ti biraš	0.70
mly_297218785449730_001.png	Samo najbolje	1.00
mly_297218785449730_002.png	Al najbolja mobilna	0.85
mly_297218785449730_003.png	fiksna mrezn	0.81
mly_297218785449730_004.png	AA	0.59
mly_2973781739531740_000.png	PRGMET	0.58
mly_2973781739531740_001.png	255	1.00
mly_297402268518477_000.png	PROCULIN	0.98
mly_297402268518477_002.png	bp	0.46
mly_297417936163404_003.png	HIC	0.81
mly_297417936163404_005.png	BLACKUUE  DR?5US-ZCHFHD-FHD	0.40
mly_297435355374576_000.png	25	1.00
mly_297718971977988_000.png	Djecji	0.98
mly_297718971977988_002.png	vrtic	1.00
mly_297718971977988_003.png	DVORAC"	0.97
mly_297718971977988_004.png	"CAROBV	0.61
mly_2978819592440551_000.png	ize	0.41
mly_2978819592440551_001.png	E	0.43
mly_2978819592440551_005.png	KONZUH	0.83
mly_2980675198884051_001.png	Officiall	0.47
mly_2980675198884051_002.png	Toua	0.58
mly_298466468439812_000.png	KONZUM	1.00
mly_298592358559100_000.png	dm	0.99
mly_298592358559100_001.png	BBi (entar	0.62
mly_2987023961520720_001.png	caffe_PENNY	0.56
mly_2987023961520720_003.png	nenny	1.00
mly_2987023961520720_004.png	enF	0.79
mly_2987023961520720_005.png	per	0.46
mly_2987023961520720_006.png	cafie	0.86
mly_298737801829124_004.png	JE	0.60
mly_298909565036796_000.png	More	0.82
mly_298909565036796_001.png	BRCKANJE	0.98
mly_2989653147981615_000.png	HIC UFF /NU	0.48
mly_299035262805312_000.png	Auto-0008b	0.44
mly_299035262805312_003.png	MIC OFF	0.58
mly_299035262805312_004.png	BLACKUUE DR750S-ZCHFHD-FHD	0.51
mly_2992712077616912_000.png	IMPQRIANNECE	0.82
mly_2993264964225336_000.png	(STOP	0.57
mly_2993264964225336_002.png	spoatske	0.41
mly_2993264964225336_004.png	SIL	0.70
mly_299596678433272_000.png	Cenerapw	0.84
mly_299596678433272_001.png	Slavinovici	0.70
mly_299596678433272_003.png	Tuzla	1.00
mly_299596678433272_004.png	Sepetari	1.00
mly_299816838450325_000.png	ITALIJANSKA	0.56
mly_299816838450325_001.png	MITEX	1.00
mly_299816838450325_003.png	2kinike	0.43
mly_299976815012865_000.png	MIC OFF /NU	0.42
mly_299997575399184_000.png	P	0.94
mly_300095065312087_000.png	026kmh	0.75
mly_300223598180338_001.png	PULA	0.65
mly_300223598180338_003.png	2017/03/10	0.52
mly_300354125090597_003.png	ncesiona	0.64
mly_3006275976363653_000.png	MIC OFF /NU	0.85
mly_3007830076017800_001.png	MoZZART	0.55
mly_3007830076017800_002.png	2023-87-20	0.85
mly_3007830076017800_003.png	13:52: 30	0.91
mly_3007830076017800_004.png	048kmh	0.53
mly_3007830076017800_005.png	MIC OFF	0.43
mly_3007830076017800_007.png	Kaziho	0.41
mly_300791725030073_000.png	NIC UFF/NU	0.49
mly_3008157722764826_001.png	FOTO CVF	0.93
mly_300900955012455_000.png	VEZA	0.66
mly_300900955012455_002.png	REFRESHING	1.00
mly_300900955012455_003.png	And	0.40
mly_300957818413317_000.png	Wz	0.43
mly_300979944858227_000.png	ZELENA	0.97
mly_300991021742420_000.png	HIC OFF /NU	0.48
mly_300997368146924_001.png	QD	0.55
mly_301091374845061_000.png	056kmh	0.71
mly_301091374845061_001.png	MIC UFF /NU	0.58
mly_3011636565784793_000.png	PekaRA Inn	0.41
mly_301293691511236_000.png	ACImarina_	0.65
mly_301293691511236_001.png	Galerija Mestront >	0.50
mly_301390698205909_000.png	EGA	0.99
mly_3018022531764303_000.png	2021	1.00
mly_3018022531764303_001.png	05-15	0.99
mly_3018022531764303_002.png	12: 26:57	0.68
mly_3018022531764303_003.png	058kmh	0.67
mly_3018022531764303_004.png	HDR	1.00
mly_3019257341642055_000.png	0	0.40
mly_302090411550848_000.png	MIC OFF /NU	0.66
mly_302117131970031_000.png	048kmh	0.63
mly_302117131970031_002.png	BLACRUUE  DR9BOM-1CHUHD	0.42
mly_302215554742634_000.png	0	0.98
mly_302254662203697_000.png	Auto-ab08b	0.47
mly_302254662203697_002.png	033kn]	0.55
mly_302254662203697_003.png	MIC UFF	0.54
mly_302254662203697_004.png	BLACKUUE DR?5US-ZCHFHD-FHD	0.50
mly_302416291549711_000.png	a26knh	0.51
mly_302538618601600_000.png	kmh	0.66
mly_302538618601600_001.png	MIC OFF /NU	0.60
mly_3029850717245280_000.png	MIC UFF /NU	0.63
mly_303022081277449_000.png	~Heineken	0.57
mly_303323298035845_001.png	9	0.52
mly_303393514594587_000.png	Michelin	0.56
mly_303393514594587_001.png	guma	0.95
mly_303492244623683_001.png	BICEVA	0.44
mly_303501571801747_000.png	045knh	0.47
mly_303501571801747_001.png	MIC €/NU	0.50
mly_3036374949945410_000.png	170217	0.59
mly_303776488069906_000.png	Saée	0.42
mly_3038678166361462_000.png	1	0.58
mly_3038678166361462_003.png	BuM	0.43
mly_303929411323702_001.png	^	0.84
mly_304577164469162_000.png	2	0.77
mly_304590941272648_000.png	MIC	0.50
mly_304677131281151_000.png	Centrotrans cen	0.49
mly_304677131281151_001.png	Mx	0.63
mly_304677131281151_002.png	sun	0.56
mly_304689911221204_001.png	[] >	0.50
mly_304689911221204_002.png	MHARK	0.43
mly_304695824606750_000.png	HIPFRN	0.65
mly_3049042698754780_000.png	[BUREGDŽINIC'	0.59
mly_304911667890182_000.png	KiDS	0.61
mly_3049293862005491_001.png	2017/09/25	0.49
mly_305024091075552_001.png	Miltary	0.54
mly_305042704572800_000.png	Mic UFF /NU	0.50
mly_305049037663225_000.png	2021	1.00
mly_305049037663225_001.png	05-14 20.03:41	0.72
mly_305049037663225_003.png	HDR	1.00
mly_305227134501793_000.png	<	0.49
mly_305862731041208_000.png	MIC UFF /NU	0.60
mly_305862731041208_001.png	BLACKUUE   DR9BOM-1CHUHD	0.41
mly_306019257902332_000.png	Ea	0.70
mly_306058598390452_000.png	Dominos Pizza	1.00
mly_306107788762473_000.png	Auto-8008t	0.65
mly_306107788762473_001.png	2023-07-11	0.45
mly_306107788762473_002.png	14:17:44	0.55
mly_306107788762473_004.png	HIC	0.88
mly_306107788762473_005.png	OFF	0.99
mly_306296795089864_001.png	50	0.96
mly_306296795089864_006.png	07-20	0.91
mly_306296795089864_007.png	13:53:50	0.79
mly_306296795089864_009.png	IC	0.83
mly_306296795089864_010.png	OFF	0.99
mly_306296795089864_011.png	BLACKUE	0.90
mly_306296795089864_012.png	DR?5ES-ZCHFHD-FHD	0.53
mly_306355221067854_000.png	Terrano	0.94
mly_3064937483736765_002.png	P	0.91
mly_3064937483736765_003.png	Šabié	0.63
mly_3065149100433246_000.png	25	1.00
mly_3065149100433246_002.png	20	0.81
mly_3065593426976586_000.png	BACRER=|	0.46
mly_306755231059083_002.png	(STOP	0.77
mly_306786754363718_000.png	== ==	0.52
mly_306876050795251_001.png	2017/02/25	0.52
mly_306905140927622_000.png	MIC OFF /NU	0.51
mly_307216910879338_000.png	Rult	0.61
mly_307286534310258_001.png	StUDENAC	0.42
mly_307497177692372_003.png	SPLTU	0.77
mly_3077336679103467_000.png	Pizzeria	0.69
mly_308000547585121_000.png	GVOPROM	0.74
mly_308113768248363_000.png	Auto-08081	0.48
mly_308113768248363_002.png	2023-07-20	0.61
mly_308113768248363_003.png	13:56: 24	0.59
mly_308113768248363_005.png	HIC OFF	0.82
mly_308113768248363_006.png	BLACKUE DR758S-ZCHFHD-FHD	0.72
mly_308113768248363_007.png	' PANEM	0.49
mly_308157680714621_001.png	123	1.00
mly_308164857544425_000.png	NIC UFF /NU	0.72
mly_308179817550411_000.png	Servis	0.95
mly_308640740834723_001.png	OA	0.89
mly_308727330863059_000.png	MIC UFF /NU	0.84
mly_308732667401245_000.png	2021-05-15	0.69
mly_308732667401245_001.png	12:27:09	0.89
mly_308732667401245_002.png	056kmh	0.60
mly_308732667401245_003.png	HDR	1.00
mly_308842534167264_002.png	1	0.79
mly_308859700628847_000.png	MARCAIN	0.98
mly_308859700628847_001.png	CANALI	0.63
mly_308868177422171_001.png	Bipa	0.46
mly_308885128224766_000.png	Auto-0888b'	0.40
mly_308885128224766_001.png	2023	0.68
mly_308885128224766_002.png	07-20 13:52:24	0.47
mly_308885128224766_003.png	033knh	0.82
mly_308885128224766_004.png	MIC OFF	0.95
mly_308885128224766_005.png	BLACKUUE DR750S-ZCHFHD-FHD	0.40
mly_3091055437951713_000.png	ING	0.42
mly_3091055437951713_001.png	TOTALNA	0.81
mly_3091055437951713_004.png	IgP	0.53
mly_309171490698717_000.png	SAPIQLOBANKA	0.70
mly_309247914187973_000.png	FIN	0.77
mly_309257634095783_000.png	Pr	0.49
mly_3094609714014514_000.png	ROX	0.94
mly_3094609714014514_002.png	ROX	0.65
mly_309564340750163_001.png	2010/91/20	0.64
mly_309663297266902_000.png	hadafia	0.50
mly_309663297266902_001.png	MIC	0.51
mly_309839727513513_000.png	MIC OFF /NU	0.65
mly_310237951076361_002.png	MIC OFF /NU	0.80
mly_310257733802047_001.png	2010/12/28	0.60
mly_310531310540901_000.png	NIC	0.70
mly_310600444355681_001.png	MIC OFF /NU	0.70
mly_310823858054481_000.png	Auto-80886	0.56
mly_310823858054481_002.png	043knh	0.77
mly_310823858054481_003.png	MIC	0.65
mly_310823858054481_004.png	OFF	0.91
mly_310823858054481_005.png	BLACKUUE DR?50S-ZCHFHD-FHD	0.51
mly_310980677060746_001.png	oGLASNA	0.43
mly_311015433962266_000.png	MIC UfF/NV	0.40
mly_311140707333470_000.png	2021	1.00
mly_311140707333470_001.png	05-14 12:13:39	0.84
mly_311140707333470_003.png	HDR	1.00
mly_311413403906694_000.png	711	0.97
mly_311413403906694_001.png	1	0.64
mly_3117509385075817_000.png	S	0.49
mly_311840753782054_000.png	d52knh	0.53
mly_312143173811478_000.png	STOP	0.61
mly_312332983826714_000.png	0	0.52
mly_312575083783123_000.png	BUIRUN	0.47
mly_312575083783123_001.png	DONER	0.86
mly_312665627109039_001.png	BOE	0.45
mly_3132162570429927_000.png	P	0.97
mly_313769457017169_000.png	M	0.66
mly_3141383549505431_000.png	CASI	0.99
mly_314151330211623_000.png	HIC OFF /NU	0.50
mly_314423543424279_000.png	TBE	0.72
mly_314425290287123_000.png	2021	1.00
mly_314425290287123_001.png	05-14	0.92
mly_314425290287123_003.png	20	0.68
mly_314425290287123_005.png	HDR	1.00
mly_3148915888709219_000.png	BoSCH	0.50
mly_314990513349227_003.png	YFC	0.43
mly_315112760134768_000.png	MIC UFF /NU	0.66
mly_315218869960953_000.png	SFRVIS	0.43
mly_315563520101216_001.png	FitB	0.71
mly_315798433243120_000.png	Taxi	0.60
mly_315798433243120_003.png	0	0.72
mly_315816514218121_000.png	auto	0.41
mly_315816514218121_002.png	2023-07-20	0.78
mly_315816514218121_003.png	17:06:59	0.86
mly_315816514218121_004.png	kmh	0.99
mly_315816514218121_005.png	MIC OFF	0.94
mly_315939023532068_000.png	MIC OFF /NU	0.69
mly_316316179891392_000.png	NZD	0.69
mly_316378199902559_002.png	0	0.91
mly_316378199902559_003.png	LN	0.59
mly_316403073273232_000.png	Aur	0.99
mly_316403073273232_002.png	Pekara	0.60
mly_316955293145956_003.png	VORKOUT	0.61
mly_317058466603222_000.png	MIC OFF /NU	0.69
mly_317058466603222_001.png	BLACKUUE   DR9BOM-ICHUHD	0.40
mly_317074910010970_002.png	BLACKUUE   DR9BOM-ICHUH	0.42
mly_317824243296292_000.png	MIC OFF /NU	0.80
mly_318198790642914_001.png	2023	0.83
mly_318198790642914_003.png	038km h	0.54
mly_318198790642914_004.png	HIC OFF	0.76
mly_318198790642914_005.png	BLACKUUE   DR750S-ZCH FHD-FHD	0.44
mly_318339963574659_000.png	089knh	0.76
mly_318339963574659_001.png	HIC	0.43
mly_318569059683473_000.png	047knh	0.61
mly_318569059683473_001.png	MIC	0.80
mly_318570689628653_002.png	mlinar	0.92
mly_318570689628653_003.png	Gabol	0.58
mly_318570689628653_006.png	POSTANS	0.99
mly_318570689628653_007.png	[	0.45
mly_318570689628653_010.png	Marko	0.40
mly_318668069669304_000.png	mliriar	0.80
mly_318772316621299_003.png	HIC OFF /NU	0.52
mly_318985453041857_000.png	2021	1.00
mly_318985453041857_001.png	05-14	0.99
mly_318985453041857_003.png	41	0.99
mly_318985453041857_005.png	HDR	1.00
mly_319457089551337_000.png	25 EUROHERC	0.98
mly_3194621384171295_000.png	Prin	1.00
mly_3194621384171295_001.png	Stug	0.49
mly_319575822954840_000.png	HIC JfF /NU	0.43
mly_319669706183259_000.png	Bunjo	1.00
mly_319669706183259_003.png	NJ	0.70
mly_319669706183259_004.png	T	0.89
mly_319669706183259_005.png	0.	0.98
mly_320020012842091_004.png	1	0.62
mly_3203014529920875_000.png	ZGoMp	0.47
mly_320517679439580_000.png	MIC	0.83
mly_3206138636247173_000.png	P	1.00
mly_3206138636247173_001.png	P	0.81
mly_320702229663107_000.png	MIC OFF /NU	0.58
mly_320832779985659_001.png	HIC OFF /NU	0.75
mly_320960389409791_001.png	te	1.00
mly_321533520570594_000.png	031knh	0.57
mly_321533520570594_001.png	MIC OFF /NU	0.68
mly_321570603540681_001.png	Bolnica	0.99
mly_321570603540681_002.png	Stadion	0.89
mly_321570603540681_006.png	13:52: 46	0.63
mly_321570603540681_008.png	MIC OFF	0.72
mly_321570603540681_009.png	BLACKUUE DR75S-ZCHFHD	0.61
mly_321570603540681_010.png	FHD	0.99
mly_321570603540681_011.png	Saralovo	0.83
mly_321638395980124_001.png	MIC OFF /NU	0.63
mly_321682536357124_000.png	MIC OFF /NU	0.57
mly_322318926879116_000.png	@H POSIA	0.54
mly_322318926879116_004.png	AUTOMATI	0.71
mly_322657595923285_000.png	NEAservis	0.55
mly_322657595923285_002.png	0	0.50
mly_322657595923285_004.png	4844	0.76
mly_322657595923285_005.png	444	0.44
mly_323149009165023_000.png	MIC OFF /NU	0.71
mly_323381852541273_001.png	2017/02/20	0.99
mly_323437490064574_008.png	Die	0.41
mly_323451235841806_000.png	MIC OFF /NU	0.49
mly_323804409131038_000.png	1	0.80
mly_323831745823448_000.png	te	1.00
mly_323831745823448_001.png	mac.	1.00
mly_323831745823448_006.png	1360	0.60
mly_324044962567448_000.png	esung	0.56
mly_324127549131642_000.png	Ucvac	0.47
mly_324127549131642_001.png	Kcara	0.63
mly_324186552586598_000.png	CAFFE & PIZZERIA	0.96
mly_324186552586598_001.png	PLAVI	0.63
mly_324294875786444_000.png	te	1.00
mly_324294875786444_001.png	50	0.99
mly_324294875786444_002.png	ve za izgradnju	0.46
mly_324294875786444_003.png	ivaš dom	0.99
mly_324294875786444_004.png	ZANZIBAR	0.74
mly_324294875786444_005.png	TEZOVE	0.86
mly_324544582485019_000.png	P	0.84
mly_324616569005857_008.png	oBe	0.57
mly_324616569005857_015.png	ULAz	0.95
mly_324616569005857_019.png	RUGA  VZATA	0.60
mly_324616569005857_020.png	ALU nosic	0.88
mly_325531785609963_001.png	{	0.85
mly_325531785609963_003.png	DUNLOF	0.57
mly_325531785609963_004.png	FULDA	1.00
mly_325531785609963_005.png	Sava	1.00
mly_325639825604989_000.png	PF,Cz	0.44
mly_325732419574875_000.png	COPYSERVIS	0.99
mly_325732419574875_003.png	FORMATI	0.82
mly_326583495666916_000.png	MIC OFF /NU	0.57
mly_326797106355276_000.png	Auto 80082	0.51
mly_326797106355276_001.png	2023	0.96
mly_326797106355276_002.png	07-20	0.71
mly_326797106355276_003.png	17:09: 17	0.57
mly_326797106355276_004.png	039kih	0.68
mly_326797106355276_005.png	MIC	0.59
mly_326797106355276_006.png	OFF	0.98
mly_326797106355276_007.png	BLACKUUE	0.90
mly_326797106355276_008.png	DR750S~ZCHFHD-FHD	0.45
mly_3268383573445895_000.png	Prehran	0.98
mly_326924868970280_000.png	HIC OFF /NU	0.81
mly_327030988753599_001.png	TEZO	0.85
mly_328076508664218_000.png	MIC OFF /NU	0.49
mly_328420508828033_000.png	MIC OFF /NU	0.50
mly_328456608623103_000.png	Zeleznic	0.82
mly_328554291943496_000.png	7	1.00
mly_329115758574710_000.png	Shop	0.64
mly_329115758574710_001.png	OuTLET	0.43
mly_329115758574710_002.png	WESTPORT	1.00
mly_329115758574710_003.png	WESTPORT	0.76
mly_329115758574710_005.png	BANKA	0.98
mly_329115758574710_006.png	Europa	0.51
mly_329115758574710_007.png	POSTANSKA	0.42
mly_3298957030207457_000.png	P	0.97
mly_329925165809391_000.png	HK	0.97
mly_329925165809391_003.png	70%	0.72
mly_329925165809391_004.png	058knh	0.43
mly_329925165809391_005.png	MIC OFF /NU	0.63
mly_330104851843308_000.png	2021-05-14	0.96
mly_330104851843308_001.png	16:07:04	0.85
mly_330104851843308_002.png	017kmh	0.74
mly_330104851843308_003.png	HDR	1.00
mly_331415896644538_000.png	048kmh	0.93
mly_331415896644538_001.png	MIC OFF /NU	0.65
mly_331627153287223_001.png	MIC OFF /NU	0.64
mly_331706459002633_000.png	o	0.43
mly_3317347525158693_002.png	051 17880	0.55
mly_3320526904866486_000.png	054knh	0.55
mly_3324354237881094_003.png	=oircoshs	0.53
mly_332920028346323_000.png	Iher	0.43
mly_332920028346323_003.png	askramar,	0.80
mly_332920028346323_006.png	Slagalica	0.79
mly_332920028346323_008.png	Hoz	0.60
mly_332996701544457_001.png	BLACKUUE   DR9BOM-1CHUHD	0.42
mly_332997348456894_001.png	PIN	0.79
mly_332997348456894_005.png	SCC	0.72
mly_333010484822913_000.png	P	0.98
mly_333010484822913_002.png	2017/02725	0.64
mly_334318238287460_000.png	MIC OFF /NU	0.62
mly_334377794874044_000.png	MIC OFF /NU	0.40
mly_334597119652067_001.png	TS	0.72
mly_3348014135492736_001.png	8	0.80
mly_335009608027502_001.png	HIC	0.48
mly_335354514624245_002.png	QUTLET	0.49
mly_335354514624245_003.png	WESTPORT	0.98
mly_336144654510090_000.png	[E	0.52
mly_336370927846391_003.png	REACH BEYOND	0.55
mly_336917317991537_000.png	MIC	0.65
mly_337002054509871_000.png	40	1.00
mly_3370573109712110_000.png	G	0.73
mly_337245798057483_000.png	MIC UFF /NU	0.47
mly_3376849679083807_000.png	Xr	0.58
mly_3377570752514245_000.png	LUKCIL	0.43
mly_3380203322132968_001.png	Opti	1.00
mly_338207371063379_000.png	NIC UFF /NU	0.56
mly_338245361461279_000.png	2.75	0.87
mly_338245361461279_003.png	1	0.90
mly_338665661712281_000.png	LUCKO [zapad]	0.44
mly_338665661712281_001.png	SESVEE	0.81
mly_338665661712281_003.png	Karovacka	0.52
mly_339388358519297_000.png	City Star	0.94
mly_339388358519297_001.png	Cily	0.67
mly_339931287724666_000.png	P	0.48
mly_339931287724666_001.png	Muk	0.42
mly_339931287724666_002.png	MIC OFF /NU	0.66
mly_3399752860278011_002.png	2023/04/08	1.00
mly_3399752860278011_003.png	16:00:43	0.99
mly_340214388210554_001.png	0133	0.57
mly_341409084003593_001.png	05-15 12:22:47	0.68
mly_341409084003593_003.png	HDR	0.94
mly_342892593859539_000.png	City DENT	0.72
mly_343875350542377_001.png	7a	0.70
mly_343958160491733_001.png	DöNER ž9	0.48
mly_343958160491733_003.png	ŽEK5	0.63
mly_344687024549328_000.png	Auto-80881	0.40
mly_344687024549328_001.png	2023-07-Z0 13:54:52	0.77
mly_344687024549328_002.png	033km/h	0.56
mly_344687024549328_004.png	UFF	0.80
mly_344687024549328_005.png	BLACRUUE DR750S-ZCH FHD-FHD	0.41
mly_346033776854084_000.png	HIC UFF /NU	0.42
mly_346259140234232_000.png	ZA VOZILA	0.97
mly_346259140234232_002.png	S DOZVOLOM	0.54
mly_346259140234232_003.png	TŽl - GREDELJ	0.87
mly_3463008483913130_000.png	Auto-0008b	0.43
mly_3463008483913130_001.png	2023-07-Z0 13:55:56	0.43
mly_3463008483913130_002.png	034kmh	0.69
mly_3463008483913130_003.png	MIC OFF	0.51
mly_3463008483913130_004.png	BLACKUE DR750S-ZCHFHD-FHD	0.68
mly_347081880145850_000.png	2021	1.00
mly_347081880145850_001.png	05-14 20	0.46
mly_347081880145850_003.png	01Aknh	0.46
mly_347081880145850_004.png	HDR	0.99
mly_3471536466333138_001.png	DRINKSS	0.59
mly_347561433447882_000.png	G A 0	0.68
mly_3476780572480895_000.png	SPORTSK	0.89
mly_3476780572480895_001.png	CENTAR	0.70
mly_3476780572480895_002.png	CAFFE	0.64
mly_3476780572480895_003.png	Bar	0.43
mly_3476780572480895_005.png	UT	0.71
mly_3476780572480895_008.png	FnEss	0.46
mly_3476780572480895_010.png	MASAZ	0.74
mly_3478582402243070_000.png	FE	0.89
mly_3483504531888051_002.png	kmh	0.76
mly_3483504531888051_003.png	MIC	0.63
mly_3483504531888051_004.png	OFF	0.94
mly_3483504531888051_005.png	BLACKUUE	0.80
mly_348385567739351_001.png	77	0.89
mly_3485251674913798_001.png	GARAZA - ULAZ	0.55
mly_348866036570979_002.png	DBZ	0.66
mly_348866036570979_003.png	RANSFERS	0.63
mly_3492750971039928_000.png	84	0.58
mly_3495697200693870_000.png	Auto-8008b'	0.46
mly_3495697200693870_002.png	2023-07-20 13:52:32	0.44
mly_3495697200693870_003.png	04 Iknh	0.83
mly_3495697200693870_004.png	HiC OFF	0.69
mly_349929193390642_000.png	30	1.00
mly_349929193390642_001.png	MIC OFF /NU	0.57
mly_3499698373464940_002.png	Pmativo	0.47
mly_3499698373464940_005.png	agens	1.00
mly_350342793113349_000.png	2021	1.00
mly_350342793113349_001.png	05-14 21:40:45	0.76
mly_350342793113349_003.png	HDR	1.00
mly_3505866983047273_000.png	lab	0.57
mly_350798260273916_000.png	50n0	0.50
mly_3509651509135927_000.png	BROJLER	0.89
mly_351554791226558_000.png	Lutrija	0.98
mly_351554791226558_001.png	Hrvarska	0.44
mly_352205310869032_000.png	dntonija	0.85
mly_352205310869032_002.png	našadom	0.56
mly_352429054146230_000.png	LJEKARN	0.94
mly_352479119846537_000.png	030kmh	0.52
mly_352479119846537_001.png	MIC OFF /NU	0.70
mly_3531802803723341_000.png	auto-0008b	0.66
mly_3531802803723341_003.png	034knh	0.41
mly_3531802803723341_005.png	OFF	0.90
mly_3531802803723341_006.png	BLACKUUE DR750S-ZCHFHD	0.78
mly_3531802803723341_007.png	FHD	0.99
mly_3531802803723341_011.png	0036316 322	0.54
mly_353243423692282_001.png	PG	0.70
mly_353243423692282_006.png	IC OFF /NU	0.64
mly_353930207344329_000.png	P	0.46
mly_353947029914450_000.png	48kmh	0.56
mly_353947029914450_001.png	MIC	0.87
mly_353947029914450_002.png	NU	0.88
mly_3548485465251933_000.png	LEGA	0.93
mly_355032050707069_007.png	GnAD	0.76
mly_355032050707069_009.png	ng-crad	0.57
mly_357211519308288_001.png	alta	0.87
mly_357273360555280_002.png	UKER	0.52
mly_357470700255010_001.png	Qur	0.55
mly_357470700255010_002.png	OPTIKA CURIN	0.99
mly_3580008648794671_001.png	IMIKA	0.99
mly_3580008648794671_003.png	MIC OFF /NU	0.53
mly_3580008648794671_005.png	Poliklinika	0.95
mly_358479643981838_001.png	2024-88-09	0.79
mly_358479643981838_002.png	10 : 48:39	0.50
mly_358479643981838_003.png	MIC	0.78
mly_359115095618949_001.png	05-15 12:21:51	0.70
mly_359115095618949_002.png	052knh	0.51
mly_359115095618949_003.png	HDR	0.91
mly_359583293864299_000.png	MAR	1.00
mly_359583293864299_002.png	MAR |	0.71
mly_359583293864299_003.png	MAR	0.76
mly_360929450195835_000.png	VIA	0.66
mly_360929450195835_001.png	UB	0.75
mly_360929450195835_002.png	KNIGF	0.77
mly_363134019333291_000.png	Lse	0.59
mly_363134019333291_002.png	SUN	0.45
mly_3641662282610626_002.png	(BUREGDZINICA	0.59
mly_365281826381917_000.png	Ix	0.95
mly_365281826381917_001.png	XRoiffeisen Bank	0.93
mly_365949804812548_000.png	te	1.00
mly_3661532033957694_001.png	MIC OFF /NU	0.73
mly_3664994707120510_000.png	ZARU	0.99
mly_3664994707120510_001.png	IGI	0.43
mly_3665506126894255_000.png	GRAEA	0.76
mly_3665506126894255_001.png	JIJE	0.68
mly_3667481810137044_000.png	038knh	0.52
mly_3667481810137044_001.png	MIC OFF/NU	0.85
mly_367309784658770_001.png	CLUB	0.80
mly_3673554732911885_002.png	HIC OFF /NU	0.60
mly_3675886585850842_000.png	Mic	0.83
mly_3675886585850842_001.png	UrT /NU	0.50
mly_368236051204242_000.png	Kupujm	0.99
mly_368236051204242_001.png	W GROUP	0.57
mly_368236051204242_003.png	457-358	0.46
mly_368581374508474_000.png	Kgr	0.42
mly_3686027688362069_000.png	Fe	0.42
mly_368655294502738_000.png	Jeonie;	0.56
mly_368655294502738_003.png	60	1.00
mly_368674581189300_002.png	Z	0.71
mly_3693796367588960_003.png	SEE	0.51
mly_369811347791121_000.png	222	0.45
mly_369831091107245_000.png	mlinar	1.00
mly_370387464399918_000.png	058knh	0.65
mly_370387464399918_001.png	MIC UFF /NU	0.66
mly_370420394385835_000.png	Pu	0.50
mly_370420394385835_002.png	PULLGBEAF	0.96
mly_370420394385835_003.png	PULL;	0.86
mly_370659932676900_000.png	036kmh	0.66
mly_370659932676900_001.png	HIC OFF /NU	0.62
mly_371820047474202_000.png	NLB	0.88
mly_3718293648418347_002.png	061knh	0.54
mly_3718293648418347_003.png	MIC OFF /NU	0.73
mly_3718293648418347_004.png	BLACKWEDR9BOM-ICHUHD	0.67
mly_3723647384411017_001.png	MIC UFF /NU	0.82
mly_372529394198857_000.png	MIc UFF /NU	0.61
mly_372937380821111_000.png	MIC UFF /NU	0.85
mly_3731526540424195_000.png	30	1.00
mly_373347685364559_000.png	Rad	0.47
mly_373347685364559_001.png	Po	0.44
mly_373347685364559_002.png	VJlka	0.40
mly_373699528133154_000.png	Pizza	0.96
mly_373699528133154_001.png	Dominos	0.97
mly_374112167261421_000.png	1.8 km	0.99
mly_374112167261421_001.png	1.8 km	0.93
mly_374126832312370_000.png	033kih	0.57
mly_374126832312370_001.png	MIc OFF /NU	0.50
mly_374600897284843_001.png	HIC UFF /NU	0.65
mly_374638983953359_000.png	MIC UFF /NU	0.47
mly_374980620573882_000.png	23	0.74
mly_374980620573882_004.png	226	0.99
mly_375133373859501_000.png	dklata	0.56
mly_375133373859501_002.png	KMu	1.00
mly_375133373859501_003.png	na prošlu godinu	0.52
mly_375133373859501_004.png	radiosarajevo ba	0.68
mly_375133373859501_006.png	inejdžer	0.64
mly_375133373859501_008.png	'M	0.65
mly_375133373859501_009.png	M	0.94
mly_375133373859501_010.png	dubokom sniegu nadcmak	0.57
mly_375133373859501_011.png	Sardiera	0.51
mly_375133373859501_012.png	SC	0.95
mly_375133373859501_014.png	marjiz	0.88
mly_375133373859501_015.png	178	0.99
mly_375133373859501_016.png	miliona	0.60
mly_375133373859501_017.png	odnozu	0.59
mly_3754466391482117_001.png	MIC OFF /NU	0.76
mly_375670893783366_000.png	PEGAZ	0.88
mly_375670893783366_002.png	ACUA	0.56
mly_3757708294358586_002.png	HIC OFF /NU	0.62
mly_375915393738587_000.png	Osim	0.99
mly_375915393738587_007.png	JGP	0.83
mly_3761487680794079_000.png	9knh	0.48
mly_3761487680794079_002.png	BLACKUE DR9BOM-ICHUHD	0.44
mly_376345438719219_000.png	6Breyer	0.90
mly_377525060251606_000.png	Luxe	1.00
mly_377525060251606_001.png	Cornaro	1.00
mly_377525060251606_002.png	Globo	1.00
mly_377525060251606_003.png	Park	0.85
mly_377761414684765_002.png	MIC OFF /NU	0.41
mly_3777910899154928_000.png	Auto-0008b	0.87
mly_3777910899154928_004.png	018kih	0.45
mly_3777910899154928_005.png	MIC OFF	0.58
mly_3777910899154928_006.png	BLACKUUE	0.82
mly_3777910899154928_007.png	DR750S-ZCHFHD-FHD	0.42
mly_3778098572465858_000.png	auto	0.59
mly_3778098572465858_001.png	2023-07-20	0.45
mly_3778098572465858_002.png	14:00 : 16	0.76
mly_3778098572465858_003.png	037knh	0.74
mly_3778098572465858_004.png	MIC	1.00
mly_3778098572465858_006.png	BLACKUUE DR750S-ZCHFHD	0.47
mly_3778098572465858_007.png	FHD	1.00
mly_377935525081677_000.png	047knh	0.69
mly_377935525081677_001.png	MIC OFF/NU	0.90
mly_378013707780490_001.png	P	0.98
mly_378128176822429_000.png	M	0.99
mly_3782956685368152_001.png	Co	0.92
mly_378563383483236_000.png	MIC UFF /NU	0.47
mly_378615620779309_000.png	HH	0.88
mly_378615620779309_002.png	HIC	0.93
mly_378666640136954_000.png	@i	0.41
mly_378903920151349_000.png	MIC OFF /NU	0.56
mly_380492210655784_000.png	H	0.60
mly_381394116480133_000.png	MIC OFF /NU	0.73
mly_381394116480133_001.png	BLACKUUE   DR9BOM-ICH UHD	0.44
mly_381401754858157_000.png	044knh	0.79
mly_381401754858157_001.png	MIC OFF/NU	0.84
mly_381763926466742_000.png	bh"	0.99
mly_381763926466742_001.png	NIC UFF /NU	0.68
mly_382283076472973_000.png	dm	1.00
mly_382283076472973_001.png	dni	0.55
mly_382283076472973_002.png	BBI (entar	0.67
mly_382289443059602_000.png	Stomatološka	0.96
mly_382289443059602_001.png	ordinacija	0.96
mly_3823359621047226_000.png	Zisel	0.60
mly_382381367632095_001.png	SP	0.96
mly_382381367632095_002.png	POnGR	0.47
mly_382477007251965_000.png	261	1.00
mly_383594129581942_000.png	MIC OFF /NU	0.71
mly_3845616498827511_001.png	25	0.97
mly_3845616498827511_003.png	2	1.00
mly_3847762658655437_000.png	oc ntz	0.56
mly_3847762658655437_001.png	Neskovic	0.71
mly_3847762658655437_004.png	JEN	0.87
mly_3847762658655437_005.png	IMA	0.53
mly_385067617330156_000.png	(STOP	0.73
mly_385196390935580_000.png	Zknh	0.61
mly_385584384430783_000.png	044knh	0.64
mly_385584384430783_001.png	MIC OFF/NU	0.61
mly_385584384430783_002.png	BLACKUE  DR9BOM-ICH UHD	0.45
mly_385660921083161_000.png	P	0.98
mly_385927530925044_000.png	031knh	0.95
mly_385927530925044_001.png	MIC OFF/NU	0.68
mly_386196966038396_001.png	opfl	0.50
mly_386481707068876_000.png	049kmh	0.48
mly_386481707068876_001.png	MIC OFF /NU	0.67
mly_386549884139428_001.png	MIC OFF /NU	0.88
mly_3866884443422603_000.png	Jors	0.49
mly_386821382367609_002.png	12257	0.57
mly_386908596564862_000.png	40	1.00
mly_386908596564862_001.png	Cen	0.49
mly_3870042919716873_000.png	MIC UFF /NU	0.62
mly_3870626923020995_000.png	U	0.66
mly_3870626923020995_001.png	4	0.89
mly_387207203301534_000.png	emme	1.00
mly_387207203301534_001.png	NAJVECI|	0.58
mly_387348099855353_000.png	P	1.00
mly_387348099855353_001.png	P	0.99
mly_3883366495312031_001.png	ema	0.93
mly_3887705834672291_002.png	YAMAR	0.65
mly_3889829484468428_000.png	MIC OFF /NU	0.57
mly_389824595525947_000.png	MIC OFF /NU	0.76
mly_3899119210195068_001.png	AQUAESIIL	0.69
mly_3899705193476166_000.png	0S	0.90
mly_3899705193476166_001.png	DEBOS	0.99
mly_3899705193476166_003.png	Debos	0.55
mly_390226772135375_000.png	MIC UFF /NU	0.68
mly_3904011869870228_000.png	PROsTGR	0.47
mly_390414021986881_001.png	2010/12/17	0.68
mly_390458115675482_000.png	2021-05-14 16:04:52	0.62
mly_390458115675482_001.png	031knh	0.65
mly_390458115675482_002.png	HDR	1.00
mly_3905274292903154_000.png	Miara	0.40
mly_3914564935317952_001.png	dm	0.97
mly_3914706871982139_000.png	0-24	0.91
mly_391475118530591_000.png	P	1.00
mly_391542965321332_000.png	P	0.98
mly_391542965321332_001.png	P	0.88
mly_3915729898493488_001.png	ANTONIO JANIGRC	0.51
mly_3915729898493488_002.png	1918.	0.74
mly_3915729898493488_003.png	1989.	0.99
mly_3915729898493488_005.png	PEDACCG	0.46
mly_3915729898493488_006.png	KONEERTNA DIEKCIA	0.41
mly_3916000531789045_000.png	52	0.66
mly_3916000531789045_001.png	7	0.55
mly_391671945323846_000.png	MIC UFF /NU	0.63
mly_3919216321547535_000.png	P	0.86
mly_391921831931086_001.png	{burge	0.51
mly_391946391914910_000.png	Zr	0.53
mly_391946391914910_001.png	Pu	0.70
mly_3921761081277155_000.png	Con	0.66
mly_3921788121236923_003.png	zepler	0.77
mly_392337002752010_000.png	ooo	0.50
mly_392867153302867_000.png	[IVETA	0.88
mly_392867153302867_004.png	Yeus	0.57
mly_392867153302867_012.png	[zida	0.63
mly_394608231866999_000.png	2021	0.71
mly_394608231866999_001.png	05-15 12:21:49	0.71
mly_394608231866999_002.png	056kmh	0.61
mly_394608231866999_003.png	HDR	0.98
mly_394989064902214_000.png	4UTOPLIN	0.55
mly_395126944938911_000.png	MIC OFF /NU	0.63
mly_3958607410920496_001.png	Aerodrom	1.00
mly_3958607410920496_002.png	Aepoapom	0.87
mly_3958607410920496_003.png	Dobrinja	0.85
mly_3958607410920496_004.png	Aobpuia	0.51
mly_3959873147436011_000.png	Al	0.93
mly_396131304784925_000.png	HIC OFF /NU	0.41
mly_3965746816807019_000.png	018knh	0.62
mly_3965746816807019_001.png	MIC UFF /NU	0.64
mly_3965746816807019_003.png	1CH/ UHD	0.63
mly_3967509026695792_002.png	BLACKUE   DR9BOM-1CHUHD	0.44
mly_3967599883347020_000.png	AUTOMATIC DOOR	0.65
mly_3967888336605633_002.png	kaizerica	0.80
mly_3969709316432118_000.png	Grand	0.88
mly_3972520432829566_000.png	MIC OFF /NU	0.72
mly_3975788715812093_001.png	5	0.54
mly_3976058422487375_001.png	MIC UFF /NU	0.50
mly_3977784075642184_001.png	Lune	0.50
mly_3984439284935259_000.png	Soin	0.42
mly_3984439284935259_003.png	kisellak	0.98
mly_3984439284935259_007.png	kiseljak	0.77
mly_3989589457785311_006.png	HZ	0.63
mly_3989589457785311_008.png	Spvo	0.44
mly_3992331890861305_000.png	MIC OFF /NU	0.81
mly_3992829920799067_000.png	BISTRA	0.50
mly_3992906614129212_001.png	MIC OFF /NU	0.61
mly_3994502180668684_000.png	sinkro	0.82
mly_399565617820813_000.png	40	1.00
mly_399923569838877_000.png	Lknh	0.54
mly_399923569838877_001.png	MIC OFF /NU	0.64
mly_3999487820120705_000.png	Qubroun	0.55
mly_3999933203375226_001.png	2ys	0.47
mly_4011400605758129_000.png	061knh	0.76
mly_4012107258850885_001.png	2010/91/20	0.75
mly_4017905251620741_000.png	047knh	0.59
mly_4018370934911802_000.png	NIC UFF /NU	0.58
mly_402014925724258_000.png	P	0.98
mly_402014925724258_002.png	2	0.50
mly_402014925724258_003.png	ŽE JEZARIJA	0.58
mly_402014925724258_004.png	ZONE	0.72
mly_402637237401531_000.png	MIC OFF /NU	0.63
mly_402959917333114_000.png	2.75	1.00
mly_402959917333114_003.png	00 00	0.41
mly_4033498973352889_003.png	INS	0.92
mly_4036075793138729_000.png	5,0	0.56
mly_4038225412965513_000.png	7981	0.44
mly_4038225412965513_001.png	MIC UFF /NU	0.73
mly_4039021189498080_000.png	En	0.62
mly_4039021189498080_001.png	LOCCITANE	0.88
mly_4039021189498080_002.png	PROVENCE	0.57
mly_405169297211971_000.png	IZLAZ	1.00
mly_405169297211971_001.png	ULAZ	0.94
mly_4067951566668170_000.png	Meg	1.00
mly_4071257809621420_000.png	MIC OFF /NU	0.69
mly_4086450704909703_000.png	aql	0.51
mly_4086450704909703_001.png	clr	0.83
mly_408945721731984_000.png	P ERR! N	0.42
mly_408945721731984_001.png	MARI	0.47
mly_408945721731984_002.png	#MAR;	0.84
mly_4089986247762827_000.png	Vispak	0.91
mly_4089986247762827_002.png	Dan	0.68
mly_4092937654062206_000.png	Ster	0.76
mly_4099316686772269_000.png	MIC OFF NU	0.58
mly_410395220649802_004.png	KUMATIZACIJA	0.59
mly_410395220649802_005.png	ŠVABO	1.00
mly_4109279979124389_000.png	Xstra	0.75
mly_411341696573590_000.png	Iica	0.56
mly_412126563154707_000.png	2021-05-12	0.75
mly_412126563154707_001.png	16:50:01	0.81
mly_412126563154707_002.png	036kmh	0.66
mly_412126563154707_003.png	HDR	1.00
mly_412126563154707_004.png	BLACKUE   DR9BS	0.70
mly_412126563154707_005.png	1CH/ UHD	0.59
mly_4132157423543748_000.png	MIC OFF /NU	0.81
mly_4137104459906409_000.png	TOP	0.64
mly_4137104459906409_004.png	4	1.00
mly_4137104459906409_008.png	2	0.95
mly_414224981269616_000.png	P	0.96
mly_4146923022033871_000.png	86	1.00
mly_414874347309711_000.png	40	1.00
mly_4149345208455801_000.png	MIC OFF /NU	0.67
mly_415110714858848_000.png	Be	0.41
mly_4151760624918020_000.png	Titova 36	0.83
mly_415176894347378_000.png	KONZUM	0.95
mly_415285927933688_001.png	BR	0.99
mly_415285927933688_002.png	0a	0.56
mly_4154880877902524_000.png	Tax	0.62
mly_4154880877902524_001.png	Iovine	0.41
mly_4154880877902524_002.png	iNovine	0.66
mly_416151137626555_000.png	036kmh	0.49
mly_416667302917755_000.png	MIC OFF /NU	0.64
mly_416786411165054_000.png	017kih	0.46
mly_416786411165054_001.png	MIC OFF /NU	0.76
mly_416786411165054_002.png	BLACKUE DR9BOM-ICHUHD	0.48
mly_417046948107095_001.png	MIC OFF /NU	0.68
mly_4172445446153433_000.png	80	0.72
mly_4172857599461317_000.png	Folafel	0.61
mly_4172857599461317_001.png	KOBRA	1.00
mly_417874181020858_001.png	817knh	0.58
mly_417874181020858_002.png	MIC OFF /NU	0.53
mly_4181008375294351_000.png	2021	1.00
mly_4181008375294351_001.png	05-12	0.93
mly_4181008375294351_002.png	16:39:57	0.76
mly_4181008375294351_004.png	HDR	1.00
mly_418203130409961_000.png	064knh	0.77
mly_418203130409961_001.png	HIC OFF /NU	0.87
mly_419453253913734_000.png	069kmh	0.56
mly_419867314146663_001.png	MIC OFF /NU	0.73
mly_420261422394879_000.png	JASAM	0.69
mly_420261422394879_003.png	2017/0526	0.48
mly_4202855023091823_000.png	Copbaika	0.42
mly_4209404699317245_004.png	0	0.47
mly_4209404699317245_006.png	brodorerker	0.57
mly_421097704027090_000.png	054ki h	0.55
mly_421097704027090_001.png	MIC OFF /NU	0.71
mly_421923097181307_001.png	3kmh	0.49
mly_422620720662880_000.png	GBreyer	0.68
mly_4236674269686057_000.png	41	0.70
mly_423798340182387_002.png	BLACKUE   DR9BBH-1CH UHD	0.42
mly_424939723724957_000.png	053kih	0.91
mly_424939723724957_001.png	MIC OFF /NU	0.50
mly_424939723724957_002.png	BLACKUE  DR9BOM-ICHUHD	0.52
mly_4251995924852901_000.png	HOTEL	1.00
mly_4251995924852901_001.png	86	1.00
mly_4261384427258084_000.png	MIC UFF /NU	0.76
mly_4273971062647768_000.png	BL ALOJZIJE STEPINAC	0.73
mly_4273971062647768_001.png	1898	1.00
mly_4273971062647768_002.png	1960	1.00
mly_4273971062647768_003.png	TEBL; KRALJU VJEKOVA KOME SVE	0.60
mly_4273971062647768_004.png	ŽIVI NEKA BUDE POSVECENA OVA	0.76
mly_4273971062647768_005.png	ZAVJETNA CRKVA	0.97
mly_4273971062647768_006.png	NJOME	1.00
mly_4273971062647768_007.png	NAŠ HRVATSKI NAROD!	0.89
mly_4273971062647768_009.png	CITAV	1.00
mly_428168139309376_000.png	FC	0.96
mly_428477813610180_000.png	047knh	0.73
mly_428477813610180_001.png	MIC OFF /NU	0.75
mly_429042949920181_000.png	019knh	0.60
mly_429042949920181_001.png	MIC OFF /NU	0.75
mly_429712773528345_001.png	Aut	1.00
mly_429712773528345_003.png	ptorad	0.75
mly_4297339310290632_000.png	MIC UFF /NU	0.46
mly_429924316205850_000.png	044kmh	0.43
mly_429924316205850_001.png	CIC OFF /NU	0.51
mly_429924316205850_002.png	BLACKUE   DR9BOM-1CHUHD	0.45
mly_430150859387617_000.png	038kmh	0.45
mly_430150859387617_002.png	BLACKUE   DR9BOM-1CH UHD	0.44
mly_430524109923156_000.png	04Zkih	0.42
mly_430524109923156_001.png	MIC OFF /NU	0.56
mly_4305444652820164_000.png	MIC OFF /NU	0.71
mly_432991637889797_000.png	HIC OFF /NU	0.68
mly_433076152794819_000.png	Zkmh	0.94
mly_433076152794819_001.png	MIC OFF /NU	0.44
mly_433076152794819_002.png	BLACKUE DR9BOM-ICHUHD	0.41
mly_433866718653020_000.png	P	1.00
mly_433866718653020_001.png	M	1.00
mly_433866718653020_003.png	MADISON	0.96
mly_433866718653020_005.png	MADISON	0.44
mly_434810665581331_002.png	MIC OFF/NU	0.93
mly_434954639541298_000.png	Asini	0.42
mly_434954639541298_002.png	11	0.63
mly_434991109645894_000.png	Stuoio	0.44
mly_435289265743928_000.png	018kmh	0.77
mly_435289265743928_001.png	MIC OFF /NU	0.83
mly_435332819015818_001.png	MIC OFF/NU	0.76
mly_4358416787721473_000.png	ABESINIJA	0.74
mly_436488002372135_002.png	MIC OFF/NU	0.66
mly_437313608821900_003.png	026knh	0.45
mly_437313608821900_004.png	MIC OFF/NU	0.88
mly_4376080222631669_000.png	40	1.00
mly_4381262705485424_000.png	ME	0.44
mly_438793495402795_001.png	MIC OFF /NU	0.52
mly_4392577667441755_000.png	H	0.85
mly_442210981738656_001.png	MIC OFF /NU	0.79
mly_4422146974540568_001.png	EBingo	0.74
mly_445974763781951_000.png	HUJKA	0.69
mly_447843237657138_005.png	MIC OFT /NU	0.56
mly_448286103222071_000.png	VICA	0.91
mly_448491554615953_000.png	ATM	1.00
mly_4489752281119523_000.png	aublji	0.53
mly_449345769534520_000.png	dent	0.58
mly_449703993640523_000.png	P	0.98
mly_450040427227660_000.png	P	0.89
mly_4505292912832909_001.png	cponalds	0.62
mly_451030040592249_000.png	033kmh	0.55
mly_451030040592249_001.png	MIC OFF /NU	0.71
mly_451492834243025_001.png	037kih	0.46
mly_451492834243025_002.png	MIC OFF /NU	0.75
mly_451899546639915_004.png	MIC OFF /NU	0.67
mly_4520117174669387_000.png	1507	1.00
mly_452654684260564_002.png	AHRovIc	0.47
mly_452654684260564_003.png	OTKUP	0.99
mly_452654684260564_004.png	ZLATA	0.94
mly_453013109125148_000.png	DIVAN	0.54
mly_453383000907512_002.png	fast money	0.45
mly_453786132390094_002.png	SERVIS* RENT	0.62
mly_453786132390094_007.png	SEZONA 2015/2016	0.99
mly_453786132390094_016.png	@	0.51
mly_454042833618978_000.png	053kmh	0.74
mly_454343168963697_000.png	KVL	0.98
mly_454343168963697_002.png	522	1.00
mly_455117925855572_000.png	ecco	0.99
mly_455117925855572_001.png	'hotel	0.87
mly_455117925855572_002.png	1	0.61
mly_4553125561383768_000.png	MIC OFF /NU	0.68
mly_4554554884573100_000.png	X	0.95
mly_455924675709316_001.png	Absolute	0.99
mly_456141285485846_000.png	SHOP	0.94
mly_456141285485846_001.png	MUŠKA MODA	0.64
mly_456141285485846_002.png	MA E R Z	0.51
mly_456141285485846_004.png	MUŠKA	1.00
mly_456141285485846_005.png	njegu pasa RUB	0.90
mly_456141285485846_006.png	MEYER	0.76
mly_456141285485846_007.png	RUBY	0.99
mly_456141285485846_009.png	Rascesljavanje	0.96
mly_456141285485846_010.png	Podrezivanie noktiu	0.66
mly_456582285601805_001.png	2018/11/26	0.92
mly_457183855382285_000.png	3	1.00
mly_457183855382285_001.png	Ikik	0.63
mly_457353925378141_001.png	2018/12/17	0.76
mly_458115225284385_000.png	056kmh	0.59
mly_458115225284385_001.png	MIC	0.49
mly_458398418603092_001.png	Astra	0.96
mly_458494945212935_000.png	VTE/	0.55
mly_458874142065033_000.png	"5	0.61
mly_458874142065033_004.png	2010/12/26	0.60
mly_459988091967551_000.png	DALLAC	0.75
mly_459988091967551_001.png	Bingo	0.60
mly_459988091967551_002.png	Blirg	0.69
mly_459988091967551_004.png	3000 m2	0.89
mly_459988091967551_005.png	1	0.74
mly_460104831732501_000.png	ban	1.00
mly_460327311926597_000.png	AUSPUH-VULKANIZER	0.86
mly_460520258379534_000.png	(STOP	0.95
mly_460526195231330_000.png	HIC UFF /NU	0.51
mly_460556558576036_000.png	PENNY	0.96
mly_460556558576036_002.png	focus	0.88
mly_460556558576036_003.png	ULAZ	1.00
mly_460556558576036_004.png	Tket	0.80
mly_461253498507210_001.png	HIC OFF /NU	0.51
mly_461801751779626_000.png	MIC	0.93
mly_461943251734409_002.png	cLa	0.51
mly_463178368119488_001.png	daruni	0.53
mly_463374801396105_001.png	Wwwamspo	0.58
mly_463833564913916_000.png	014knh	0.69
mly_463833564913916_001.png	MIC OFF /NU	0.76
mly_4640975272583226_000.png	NEBER	0.99
mly_464369815577869_000.png	Paket	0.49
mly_464559178181792_000.png	ultra	0.87
mly_464591187937116_001.png	2010/11/20	0.55
mly_464658011307550_000.png	ome	0.57
mly_465155242932447_000.png	TISAK	0.66
mly_465659632660910_000.png	01	0.96
mly_466144653090756_000.png	Cs	0.49
mly_466277927987479_000.png	50	0.99
mly_466277927987479_001.png	Figc	0.44
mly_466277927987479_002.png	te	1.00
mly_466277927987479_003.png	m	0.70
mly_466440329226789_000.png	025kmh	0.49
mly_466440329226789_001.png	HIC OFF /NU	0.46
mly_466542561101865_001.png	MIC UFF /NU	0.55
mly_466560356540657_000.png	013knh	0.62
mly_466560356540657_001.png	MIC OFF /NU	0.73
mly_466652687997276_001.png	Gaprilo	0.77
mly_466652687997276_002.png	95408	0.49
mly_467039624397079_000.png	APOTEKA	1.00
mly_467203047912943_000.png	MIc	0.62
mly_467256654506819_000.png	Tu	0.56
mly_467403951226821_000.png	MIC OrF /NU	0.53
mly_467552267844254_001.png	Cotpbanka	1.00
mly_467570900998250_003.png	TRAFIKA	0.99
mly_467570900998250_004.png	do 24	1.00
mly_467583415936777_001.png	MIC OFF /NU	0.73
mly_467583415936777_002.png	BLACKUE DR9BOM-ICHUHD	0.48
mly_467762934452824_000.png	4	0.44
mly_467762934452824_001.png	*	0.49
mly_467762934452824_002.png	#	0.97
mly_467781684323642_000.png	2asa	0.48
mly_467902771149240_000.png	Ov	0.59
mly_467902771149240_001.png	EA	0.81
mly_467902771149240_004.png	GIANNELLI	0.85
mly_467902771149240_007.png	36 39 105	0.64
mly_467952964456978_000.png	ZAGREBACKI	0.43
mly_468460141088178_002.png	PUL	0.81
mly_468460141088178_003.png	AR	0.72
mly_468633474217376_001.png	Brzo ce	0.64
mly_468633474217376_006.png	SAMI	0.95
mly_468633474217376_009.png	fokus	0.89
mly_468770534207477_002.png	Bar	0.44
mly_468772214400544_000.png	025kmh	0.44
mly_468772214400544_001.png	MIC UFF /NU	0.86
mly_468806877530730_001.png	2017/02722	0.60
mly_468929470849225_000.png	AQLOBANKA	0.92
mly_469074261052435_002.png	8f	0.74
mly_469074261052435_006.png	EKARa	0.48
mly_469074261052435_007.png	DOSTAVA 033/672-321	0.77
mly_469074261052435_008.png	Cevabdeinica	0.51
mly_469653220809442_000.png	FOTEI	0.41
mly_469697264250833_000.png	JET	0.96
mly_469697264250833_004.png	caffebar	0.49
mly_469697264250833_005.png	STAR	1.00
mly_469715507645220_000.png	068knh	0.86
mly_469715507645220_001.png	MIC	0.41
mly_4697671783579643_000.png	MIC UFF /NU	0.57
mly_4697671783579643_001.png	BLACKUUE   DR9BOM-1CH UHD	0.43
mly_470327484671134_000.png	04Sknh	0.49
mly_470327484671134_002.png	BLACRUE  DR9BOM-1CHUHD	0.44
mly_470660190808692_005.png	UVIJER	0.84
mly_470660190808692_007.png	{CENO	0.73
mly_470660190808692_009.png	CVJECARNICA	0.99
mly_470660190808692_010.png	Dostava	0.43
mly_470660190808692_013.png	SVIEŽE	0.98
mly_470708260856469_000.png	(Kiosk;	0.66
mly_470743347520411_000.png	les	0.97
mly_470953964238639_000.png	P	0.94
mly_471048970797372_001.png	IYSENI	0.47
mly_471048970797372_009.png	WSERVIS _	0.69
mly_471107090809182_000.png	telemach	1.00
mly_471107090809182_001.png	Tuzla	0.90
mly_471107090809182_005.png	Zenca	0.43
mly_471154514116876_000.png	YanILLA	0.41
mly_471317647505068_000.png	MIC UFF /NU	0.55
mly_4717634578251003_000.png	2021-05-14 20:06:58	0.64
mly_4717634578251003_001.png	035kmh	0.68
mly_4717634578251003_002.png	HDR	1.00
mly_471895765876945_000.png	03Sknh	0.42
mly_471895765876945_001.png	MIC OFF /NU	0.81
mly_472141894725121_002.png	LUX	0.73
mly_472194727399725_000.png	ATAcO	0.65
mly_472256797396746_003.png	Mk	0.91
mly_472256797396746_006.png	Von	0.40
mly_472712227385828_000.png	ŠIVAMO ZAVJESE PO MJ	0.64
mly_472790497976360_000.png	ARIMENS	0.41
mly_472852057279433_000.png	MIC OFF /NU	0.73
mly_472852057279433_001.png	BLACKUE   DR9BOM-1CH UHD	0.42
mly_472863520646837_000.png	C	0.81
mly_472996970594223_000.png	30	1.00
mly_472996970594223_001.png	20	0.42
mly_473152522280537_000.png	Auto-0008b	0.48
mly_473152522280537_003.png	reston	0.43
mly_473152522280537_005.png	202488-09	0.88
mly_473152522280537_006.png	10:59:11	0.84
mly_473152522280537_007.png	019kmh	0.71
mly_473152522280537_008.png	HIC	0.54
mly_473152522280537_009.png	OFF	1.00
mly_473152522280537_010.png	BLACKUE DR750S-ZCH FHD-FHD	0.47
mly_473152522280537_011.png	LAMPER	1.00
mly_473278017084602_003.png	Prehrana	1.00
mly_473278017084602_004.png	rana	0.96
mly_473299067060753_000.png	9	1.00
mly_473570987068317_002.png	BLACKUUE   DR9BOH-1CHUHD	0.40
mly_473638271015348_000.png	(E	0.83
mly_473638271015348_001.png	054knh	0.69
mly_473725667207181_000.png	VISPAK	0.58
mly_473978530554538_000.png	Jore	0.41
mly_473978530554538_001.png	Nihadom	0.98
mly_473978530554538_002.png	Alibegovicem	0.90
mly_473978530554538_003.png	MIC OFF /NU	0.72
mly_474020420480112_000.png	cem	0.49
mly_474020420480112_001.png	ypur	0.65
mly_474020420480112_002.png	MIC JFF /NU	0.49
mly_474020420480112_006.png	across [	0.45
mly_474020420480112_007.png	connecuion	0.58
mly_474026633864220_000.png	Plite	0.66
mly_474056383851096_004.png	Yledo]	0.56
mly_474067194021300_000.png	MARTIMEX	1.00
mly_474067194021300_003.png	CHANEL	1.00
mly_474392780310970_002.png	061,222	0.69
mly_474421740491893_000.png	HITKNJIGA	0.46
mly_474421740491893_002.png	P	0.83
mly_474916100235377_000.png	2021	0.46
mly_474916100235377_001.png	05-12	0.92
mly_474916100235377_002.png	16:50:12	1.00
mly_474916100235377_004.png	HDR	1.00
mly_475053190417427_000.png	GO	0.97
mly_475186987071831_000.png	P	0.59
mly_475572015532532_001.png	MIC OFF /NU	0.84
mly_475572015532532_002.png	BLACKUE   DR9BOM-1CHUHD	0.45
mly_475602020396451_000.png	Nula	0.99
mly_475602020396451_003.png	EUP!	0.42
mly_475650090594018_000.png	038knh	0.66
mly_475650090594018_003.png	Doc	0.87
mly_475833363630376_002.png	Yratnik	0.45
mly_476236646782267_000.png	044knh	0.73
mly_476236646782267_001.png	MIL	0.42
mly_476236646782267_002.png	Nu	0.58
mly_476300311467381_000.png	KONCAR	0.96
mly_476327916776328_000.png	#ŠKZ	0.62
mly_476408456966566_000.png	Cetina	0.67
mly_476846396852655_000.png	te	1.00
mly_476856566860327_001.png	OM	0.48
mly_476856566860327_002.png	d39knh	0.42
mly_476864636967129_000.png	stovi	0.85
mly_476897160194505_001.png	NIC UFF /NU	0.61
mly_477166313596776_000.png	IROCAL	0.77
mly_477166313596776_001.png	Mesnica	0.72
mly_477378876828043_000.png	MIC OFF /NU	0.54
mly_477507213570332_000.png	do	0.69
mly_4775525482533461_001.png	014knh	0.54
mly_478115726745781_000.png	triglav	0.77
mly_478137277042447_001.png	MIC	0.51
mly_478137277042447_002.png	NU	0.89
mly_479037989967756_001.png	BLACKUUE   DR9BOM-ICH UHD	0.41
mly_479223526492847_001.png	ENJOY	0.96
mly_479223526492847_003.png	Admiral	0.46
mly_479223526492847_004.png	[SPOSA]	0.63
mly_479569429945598_000.png	MIC	0.60
mly_480200636533135_000.png	MIC OFF /NU	0.69
mly_480208483248897_002.png	MIC OFF /NU	0.79
mly_4804322699594468_000.png	bh"	0.52
mly_4804322699594468_001.png	MIC OFF /NU	0.73
mly_480669939854185_001.png	1	0.95
mly_480669939854185_002.png	iNovine	0.94
mly_480897356445415_000.png	dm	0.98
mly_480897356445415_001.png	1	0.48
mly_480991643019785_000.png	MIC OFF /NU	0.72
mly_481061666447100_003.png	Fe	0.57
mly_481825136226832_000.png	MIC OFF /NU	0.66
mly_481892532999112_000.png	Tax	1.00
mly_482077143018826_000.png	STOP	0.68
mly_482208256361044_000.png	NIC UFF /NU	0.76
mly_482442064680222_000.png	kofer	0.41
mly_482485536329245_002.png	LJETNA	0.63
mly_482485536329245_003.png	BASTA	0.99
mly_482485536329245_006.png	MIC OFF /NU	0.66
mly_482681319621439_000.png	NIC UFF /NU	0.65
mly_482731296114427_000.png	NER	0.96
mly_483220009653846_000.png	HIC OFF /NU	0.69
mly_483816733984640_001.png	P	0.99
mly_483816733984640_003.png	visti	0.48
mly_483816733984640_004.png	{KEDONSKI MeRAK	0.51
mly_483816733984640_006.png	RESTORAN	0.59
mly_483911760744999_000.png	013kmh	0.47
mly_483911760744999_001.png	MIC OFF /NU	0.80
mly_483963722952737_000.png	Cornero	0.60
mly_484359129312682_000.png	MIC OFF /NU	0.63
mly_484921279411868_001.png	2010/91/20	0.66
mly_484946429287507_000.png	KING	0.93
mly_484946429287507_001.png	MIC OFF /NU	0.58
mly_485221589333401_000.png	Gae	0.45
mly_485285962681973_001.png	EE	0.43
mly_485402226240756_004.png	ns	0.69
mly_485402226240756_006.png	{cursions	0.46
mly_485789703877056_000.png	053kih	0.81
mly_485789703877056_001.png	HIC OFF /NU	0.88
mly_485789703877056_002.png	BLACKUE  DR9BOM-ICHUHD	0.52
mly_485981332711014_000.png	Policij?	0.75
mly_486117116177102_000.png	HIC UFF /NU	0.73
mly_4861306460574513_000.png	04Zkmh	0.42
mly_4861306460574513_001.png	MIC OFF /NU	0.67
mly_486234056034403_000.png	KONZUM	0.98
mly_486395657700919_000.png	Macia	0.60
mly_486801579300601_000.png	n	0.80
mly_486848605695117_001.png	PHAn '	0.57
mly_486947582511730_000.png	MIC OFF /NU	0.86
mly_486965070499710_001.png	MIC OFF /NU	0.69
mly_486965070499710_002.png	BLACKUE  DR9BOM-ICHUHD	0.49
mly_486979155825860_000.png	MESNLCA	0.50
mly_487237676029910_002.png	Gorazde	0.99
mly_487237676029910_003.png	Pale	1.00
mly_487452872405716_000.png	4	0.41
mly_487452872405716_002.png	7	0.78
mly_487586889221781_001.png	LIGRA	0.58
mly_487586889221781_002.png	Stambeni	1.00
mly_487586889221781_003.png	NAGRADNA !	0.61
mly_487655412480205_003.png	5215:7	0.48
mly_487798799197406_000.png	HIC OFF /NU	0.73
mly_487873045601550_000.png	CEVABDZINICA	0.88
mly_488275603533933_000.png	03Zknh	0.41
mly_488275603533933_001.png	MIC OFF /NU	0.72
mly_488439915748482_000.png	MIC	0.75
mly_488881772385094_000.png	Jtopaaona	0.52
mly_488881772385094_002.png	AUTOKLIME	0.98
mly_489192482317732_000.png	HIC UFF /NU	0.47
mly_489203852277530_001.png	PITI	0.78
mly_489214677271386_000.png	9	0.41
mly_489214677271386_001.png	Gs	0.96
mly_489649065819975_000.png	047knh	0.67
mly_490305639050075_001.png	NOA	0.97
mly_490357398832703_000.png	a18knh	0.64
mly_490357398832703_001.png	MIC OFF /NU	0.42
mly_490681948849826_000.png	Selidaene	0.42
mly_490729000460795_000.png	BIPA	1.00
mly_490850375448491_000.png	MIC OFF /NU	0.69
mly_490951532215284_002.png	GRANOFF	0.82
mly_490977758688807_000.png	MIC OFF /NU	0.81
mly_491617955491175_000.png	MIC UFF /NU	0.50
mly_492029471848062_000.png	MIC OFF /NU	0.71
mly_492033870240235_002.png	MAR	1.00
mly_492033870240235_003.png	MAR	1.00
mly_492088132019844_000.png	2021-05-14 21:22:24	0.67
mly_492088132019844_002.png	HDR	1.00
mly_492225165527858_001.png	MIC OFF /NU	0.67
mly_492376538631293_000.png	60	0.93
mly_492426955525912_000.png	DIVAN	0.89
mly_492555331796317_000.png	NIC UFF /NU	0.66
mly_492581545359730_000.png	2021	1.00
mly_492581545359730_001.png	05-14	0.98
mly_492581545359730_002.png	16:08:06	0.97
mly_492581545359730_004.png	HDR	1.00
mly_492999158794864_001.png	HOIl	0.51
mly_492999158794864_002.png	ph"	0.44
mly_492999158794864_003.png	MIC OFF /NU	0.51
mly_493071548601787_000.png	FACIFIK	0.79
mly_493071548601787_002.png	UNIC	0.43
mly_493071548601787_004.png	reklsvhimaterial	0.68
mly_493354238527515_000.png	HIC UFF/NU	0.61
mly_493476296567009_003.png	<	0.67
mly_493525011961406_000.png	MIC UFt /NU	0.45
mly_493752368437704_000.png	MARK	0.45
mly_493838195001495_000.png	MIC UFF /NU	0.52
mly_493838195001495_001.png	BLACKUE   DR9BOM-ICH UHD	0.42
mly_493902071950072_000.png	psta	0.92
mly_493902071950072_001.png	Exchar	0.97
mly_494416805082603_000.png	MIL	0.76
mly_494472285025533_001.png	2010/12/97	0.48
mly_494662581884380_003.png	(MAXIMARKET	0.86
mly_494662581884380_005.png	LUNARI	1.00
mly_494854188320909_000.png	PULLGBEAR	0.95
mly_494854188320909_001.png	Ear	0.49
mly_495134104871255_000.png	MIC UFF /NU	0.63
mly_495138036808634_000.png	Lf	0.50
mly_495522528251767_000.png	SCC	0.99
mly_496803593109140_000.png	Trajektne	0.78
mly_496803593109140_001.png	Rifeka	0.40
mly_496803593109140_002.png	Dubrovnik	0.98
mly_496803593109140_003.png	Centar	1.00
mly_496861326425807_000.png	[XENIA DESIGN	0.87
mly_496861326425807_001.png	A	0.98
mly_496861326425807_002.png	TEHNIKA	1.00
mly_496925564788467_000.png	40	1.00
mly_496925564788467_001.png	22	0.46
mly_497363941545507_002.png	60	1.00
mly_497602056145321_000.png	ROTA	0.90
mly_497956921353129_003.png	Fiibar	0.48
mly_497956921353129_004.png	(28%	0.73
mly_497996054958866_000.png	F	0.61
mly_498044616109974_000.png	GRA	0.84
mly_498131461385686_000.png	rsito	0.59
mly_498131461385686_002.png	Centar	0.75
mly_498131461385686_003.png	Stor	0.91
mly_498131461385686_005.png	Mobilno	0.63
mly_498131461385686_006.png	bankar	0.82
mly_498220381632895_000.png	2 sata	0.89
mly_498220381632895_001.png	15 km	0.54
mly_498524111495586_000.png	5	0.94
mly_498588991628282_000.png	042kmh	0.52
mly_498588991628282_001.png	MIC OFF /NU	0.79
mly_498845361308732_002.png	SVIEZE	0.43
mly_499069231230232_000.png	6	0.49
mly_499069231230232_002.png	1	0.41
mly_499069231230232_005.png	GAD	0.69
mly_499265826027653_000.png	auto-8008b	0.47
mly_499265826027653_001.png	2024	0.81
mly_499265826027653_003.png	011km/h	0.41
mly_499265826027653_004.png	MIC OFF	0.57
mly_499265826027653_005.png	BLACKUE   DR750S-ZCHFHD-FHD	0.66
mly_499355922687079_003.png	1	0.67
mly_499602197903337_000.png	'TVAK	0.49
mly_499980114755185_000.png	inovine	0.54
mly_500147627846694_000.png	OLCT	0.42
mly_500342181100417_000.png	725	0.48
mly_500588237732685_000.png	KRKA	1.00
mly_500852337719500_000.png	M	0.99
mly_500888895184895_000.png	Iveco	0.45
mly_500924724433413_001.png	2017/05/16	0.58
mly_501120747993043_000.png	VANI	0.99
mly_501137114420804_000.png	MIC OFF /NU	0.53
mly_501404492525385_004.png	RIZKE	0.71
mly_501411922509120_001.png	40	1.00
mly_501733044521244_002.png	2016/12/28	0.82
mly_502062847975821_000.png	ONITA	0.95
mly_502187956008087_000.png	Ože	0.99
mly_502208291888261_001.png	NU	0.95
mly_502686594112059_000.png	40	1.00
mly_502717684501714_000.png	PROSTOR	0.89
mly_502717684501714_001.png	Neketr	0.71
mly_502740967544524_002.png	EROHRC	0.63
mly_502784214245264_000.png	ATACO	0.58
mly_502784214245264_003.png	Tataco	0.50
mly_502824204258284_000.png	o	0.59
mly_502921648198835_000.png	Píz	0.41
mly_502921648198835_001.png	Pasta   Steat	0.72
mly_503285580842973_001.png	2018/12/17	0.58
mly_503854830860068_000.png	8	0.98
mly_504020924338848_002.png	~farmacia	0.95
mly_504067487432651_000.png	UDINE	0.88
mly_504131208108544_003.png	PSK	0.87
mly_505710703800990_000.png	IBingo	0.46
mly_506007360509697_003.png	2017/03/26	0.47
mly_506223237182680_000.png	Opcina	1.00
mly_506223237182680_002.png	ADAAL	0.49
mly_506719667018353_000.png	(STOP	0.97
mly_506859827392079_000.png	NIC UFF/NU	0.50
mly_506938163688257_001.png	Servis	0.89
mly_507096930336604_000.png	MIC OFF /NU	0.62
mly_508206347783065_000.png	P	1.00
mly_508219743665321_000.png	MIC UFF /NU	0.59
mly_508267753546091_001.png	UXURY OF	0.52
mly_508267753546091_004.png	22	0.74
mly_508426260203437_001.png	MIC UFF /NU	0.84
mly_508833193475312_000.png	rww autobus.hr	0.42
mly_508833193475312_001.png	PRCMET	0.51
mly_508833193475312_003.png	286	1.00
mly_509235946763105_003.png	2010/12/28	0.83
mly_510423686819802_003.png	Hop ,	0.44
mly_510423686819802_007.png	04	0.43
mly_510481543467667_002.png	VRA	0.99
mly_510518721821652_001.png	HIC OFF /NU	0.72
mly_511425231163595_000.png	Auto-0088b	0.60
mly_511425231163595_004.png	030kmh	0.62
mly_511425231163595_005.png	MIC OFF	0.79
mly_511425231163595_006.png	BLACKUUE  DR75BS-ZCHFHD-FHD	0.41
mly_511893433409730_000.png	FPE	0.45
mly_511893433409730_001.png	PATRIZIA PEPE	0.90
mly_511893433409730_002.png	Postans	0.58
mly_512026673142900_000.png	JP	0.42
mly_512026673142900_002.png	UKRASNE KOPCE	0.78
mly_512026673142900_005.png	;	0.63
mly_512067274418512_000.png	Auto-0008b	0.75
mly_512067274418512_001.png	2023-07-20	0.60
mly_512067274418512_002.png	13:56:56	0.50
mly_512067274418512_004.png	HIC OFF	0.63
mly_512156610229330_000.png	Mic UFF/NU	0.79
mly_512185079794824_000.png	AI	0.62
mly_512185079794824_001.png	[s	0.44
mly_512185079794824_002.png	Raspršit	0.44
mly_512185079794824_003.png	trer	1.00
mly_512185079794824_005.png	Prije upc	0.45
mly_512185079794824_007.png	dejstvima p	0.90
mly_512590426447349_004.png	Ora	1.00
mly_512590426447349_005.png	Marvie	0.62
mly_512590426447349_006.png	Pärk	0.56
mly_512590426447349_007.png	TME	0.70
mly_512609213632137_001.png	049kmh	0.57
mly_512609213632137_003.png	BLACKUUE   DR9BOM-1CHUHD	0.49
mly_514318369604826_000.png	MIC OFF /NU	0.79
mly_514549393728421_000.png	Coffee	1.00
mly_514549393728421_001.png	8	1.00
mly_515039139534139_000.png	JoKER	0.61
mly_515039139534139_002.png	HIC UFF /NU	0.68
mly_515110652864898_001.png	MIC UFF /NU	0.66
mly_515459952810671_000.png	te	1.00
mly_515459952810671_001.png	mach	0.93
mly_515459952810671_005.png	1360	0.99
mly_515796172908218_002.png	Kontrola	0.99
mly_515796172908218_004.png	Itrola	0.67
mly_515796172908218_005.png	zine	0.99
mly_515955892910980_000.png	MIC OFF /NU	0.52
mly_517684432578945_000.png	1	0.75
mly_518283370804359_000.png	Grou	0.99
mly_518359229527435_000.png	SUNRISE	0.72
mly_518384359295434_001.png	obucar	0.50
mly_518441625992279_001.png	2016/12/28	0.77
mly_518686279176640_000.png	2021-05-15 12:26:12	0.59
mly_518686279176640_001.png	038kmh	0.81
mly_518686279176640_002.png	HDR	1.00
mly_518836425812601_000.png	MIC UFF /NU	0.54
mly_518975592568342_000.png	MIC	0.66
mly_518992012812090_000.png	Ta	0.41
mly_519043422732674_000.png	047kmh	0.65
mly_519162132830976_000.png	2021	1.00
mly_519162132830976_001.png	05-14 12:15:03	0.61
mly_519162132830976_003.png	HDR	1.00
mly_519220322447449_000.png	MIC OFF /NU	0.62
mly_519274302575928_000.png	MIC OFF /NU	0.73
mly_519884569013975_001.png	2017/03/17	0.89
mly_520156668990877_000.png	Ic	0.71
mly_520336749346452_000.png	SBERBANK	0.94
mly_520573695764746_000.png	CITY	0.75
mly_520573695764746_003.png	BLACKUE   DR9BOM-ICHUHD	0.45
mly_520671155625207_000.png	Vo	0.74
mly_520743105868509_000.png	;	0.76
mly_520743105868509_001.png	SAFCT ZEC	0.52
mly_520882260991147_002.png	AR	0.61
mly_520882260991147_004.png	MAR	0.83
mly_520882260991147_005.png	AR	0.99
mly_520882260991147_007.png	MAR	0.84
mly_520882260991147_009.png	P	0.99
mly_520882260991147_010.png	MAR	0.78
mly_520882260991147_013.png	AR	0.87
mly_520882260991147_014.png	MAR	1.00
mly_520882260991147_017.png	TEHNIKA	0.78
mly_520882260991147_018.png	IAR;	0.69
mly_520882260991147_019.png	MAR	0.57
mly_520882260991147_020.png	HEMAR	0.46
mly_521233779061150_000.png	1 ~	0.62
mly_522111042296866_000.png	40	1.00
mly_522111042296866_001.png	IGARMIN	0.52
mly_522111042296866_002.png	{GARMIN	0.41
mly_522285098900430_000.png	0x	0.43
mly_522779685524912_000.png	2021-05-14 16:07:03	0.67
mly_522779685524912_001.png	817kmh	0.59
mly_522779685524912_002.png	HDR	1.00
mly_523020169565680_000.png	urosper	0.78
mly_523420882001923_000.png	MIC OFF /NU	0.74
mly_523518357334185_000.png	027knh	0.60
mly_523518357334185_001.png	MIC OFF /NU	0.78
mly_523518357334185_002.png	BLACKUE   DR9BOM-1CH UHD	0.40
mly_523570302116692_000.png	busincssh	0.82
mly_523570302116692_001.png	P	0.99
mly_523697095466725_000.png	uF	0.81
mly_523697095466725_002.png	MIC UFF /NU	0.60
mly_523922808989582_000.png	021knh	0.46
mly_523922808989582_001.png	MIC	0.71
mly_524024777189938_001.png	MIC OFF /NU	0.73
mly_524320631900356_002.png	RESTORAN	0.99
mly_524320631900356_003.png	8	0.91
mly_524425035584235_000.png	Serifovic	0.60
mly_524545855231727_000.png	MIC OFF /NU	0.68
mly_524736321867729_000.png	GRAFD	0.88
mly_524898928524057_000.png	MIC UFF /NU	0.49
mly_524924056789489_000.png	BRZA	0.84
mly_524924056789489_001.png	dostava	0.61
mly_525157982124165_000.png	86Zknh	0.45
mly_525157982124165_001.png	MIC OFF /NU	0.57
mly_525471381969338_002.png	TRANSPOR	0.88
mly_525668371941301_000.png	MIC	0.75
mly_525839591752719_001.png	MIC OFF /NU	0.62
mly_525846025138545_000.png	27	1.00
mly_525846025138545_001.png	2021-05-14 12:05:45	0.87
mly_525846025138545_003.png	HDR	1.00
mly_525846025138545_005.png	1CH/ UHD	0.51
mly_525934452118649_000.png	MIC UFF /NU	0.55
mly_526023341887474_000.png	MIC UFF /NU	0.54
mly_526420535027243_000.png	P	1.00
mly_526459576838372_001.png	031km }	0.54
mly_526459576838372_002.png	MIC OFF /NU	0.75
mly_526468025428803_000.png	"DULJEVIC"	0.94
mly_526648045370971_000.png	NIC OFF /NU	0.52
mly_526881080259806_000.png	046knh	0.62
mly_526881080259806_001.png	MIC OFF /NU	0.66
mly_526996181631229_000.png	NIC UFF /NU	0.46
mly_527073295315610_001.png	Kredit	0.60
mly_527073295315610_002.png	Express poslovnici	0.89
mly_527073295315610_003.png	Podignite ered	0.69
mly_527073295315610_005.png	Addiko Bank	0.76
mly_527073295315610_006.png	2021	1.00
mly_527073295315610_007.png	05-12 16	0.98
mly_527073295315610_008.png	HDR	1.00
mly_527073295315610_010.png	garazu	0.49
mly_527075261640444_000.png	Mic	0.55
mly_527291825314529_000.png	51	0.85
mly_5276537872394131_000.png	Woe	0.40
mly_5276537872394131_003.png	MRRINER	0.53
mly_5276537872394131_005.png	bolzn	0.59
mly_528196011507759_000.png	DROGERIJA	1.00
mly_528237886243644_000.png	P	0.97
mly_528487914822011_000.png	Chl	1.00
mly_528651380069138_001.png	'[CCE	0.40
mly_528789778146360_001.png	DOSTAVA	1.00
mly_528789778146360_002.png	KER	0.95
mly_528789778146360_003.png	Your	1.00
mly_528789778146360_004.png	Best	0.93
mly_528789778146360_005.png	Shopning	0.78
mly_528789778146360_006.png	Exnpr;	0.48
mly_528789778146360_007.png	JOKER	0.69
mly_528961576431957_001.png	MIC OFF /NU	0.67
mly_529283354899507_000.png	MIC UFF /NU	0.64
mly_529354754896776_001.png	2010/12/28	0.52
mly_529403924859371_000.png	30	1.00
mly_529751404823743_000.png	2021-05-12	0.94
mly_529751404823743_001.png	16: 46:01	0.79
mly_529751404823743_002.png	045kmh	0.47
mly_529751404823743_003.png	HDR	1.00
mly_5297683290293191_000.png	KRILO STAR	1.00
mly_529959868174275_001.png	8	0.66
mly_529988351784817_000.png	HIC OFF /NU	0.71
mly_531189266542304_001.png	MIC OFF /NU	0.54
mly_531649158204585_000.png	1	0.50
mly_532040977791071_000.png	Kartin	0.70
mly_532222716181410_000.png	019knh	0.73
mly_532222716181410_001.png	MIC OFF /NU	0.77
mly_532222716181410_002.png	BLACKUE   DR9BOM-1CHUHD	0.45
mly_532358181093278_000.png	Na	0.50
mly_532618018582123_001.png	oney	0.41
mly_532618018582123_002.png	Exchange	1.00
mly_532618018582123_003.png	6	0.72
mly_532618018582123_005.png	RENI	0.65
mly_532618018582123_008.png	Hdo	0.44
mly_533236538055714_003.png	VEADIMIR	0.62
mly_533246458708399_000.png	016knh	0.70
mly_533246458708399_003.png	DittaRosso	0.45
mly_534430088072397_000.png	TISAK	0.69
mly_534430088072397_001.png	Tisak	0.75
mly_534523881581081_000.png	30	1.00
mly_534523881581081_001.png	ZONA	0.93
mly_534794742797567_000.png	AMko	0.57
mly_534993304206141_000.png	2021	1.00
mly_534993304206141_001.png	05-14 26.03:41	0.71
mly_534993304206141_003.png	HDR	1.00
mly_535083308169420_000.png	emmezeta	0.98
mly_535194079358806_001.png	s	0.48
mly_535194079358806_002.png	Slatko?s	0.52
mly_535808216128016_001.png	S74	0.44
mly_535808216128016_002.png	"And	0.55
mly_535866399491099_000.png	ema	0.99
mly_535885864718230_000.png	TISAK	1.00
mly_535885864718230_001.png	TISAK	0.54
mly_535885864718230_003.png	EXCHANGE	0.61
mly_535936880729655_000.png	cm	0.47
mly_536255134068316_000.png	ROBOTSKA KoSILICA	0.71
mly_536255134068316_002.png	Roboticus metentus	0.99
mly_536255134068316_003.png	Automower	0.99
mly_536255134068316_004.png	Mähroboter	0.91
mly_536255134068316_008.png	93cm	0.86
mly_536255134068316_009.png	16kg	0.62
mly_536482321667811_000.png	kmh	0.94
mly_536482321667811_001.png	HIC	0.78
mly_536482321667811_002.png	NU	0.89
mly_536486067757008_000.png	MIC OFF /NU	0.61
mly_536486067757008_001.png	BLACKUUE   DR9BOM-ICH UHD	0.44
mly_536727070644252_001.png	2017/03/25	0.78
mly_537336404704292_000.png	0	0.88
mly_537336404704292_001.png	8	0.87
mly_537336404704292_003.png	Monev	0.65
mly_537336404704292_004.png	Exchange	0.99
mly_537336404704292_007.png	Tobacco	0.51
mly_537336404704292_010.png	8	0.60
mly_538749721236049_000.png	(stop	0.54
mly_538995344150775_000.png	MIC OFF /NU	0.55
mly_539600144093229_000.png	te	1.00
mly_539600144093229_001.png	okus	0.47
mly_539600144093229_003.png	WPAK	0.60
mly_539641480749196_001.png	APOTEKA	1.00
mly_5397291310315589_001.png	TICKETS	0.97
mly_539892037178893_000.png	MIC OFF /NU	0.68
mly_540098350320350_003.png	METROOLIS	0.74
mly_540098350320350_004.png	8	0.83
mly_540098350320350_005.png	5	0.42
mly_540098350320350_007.png	8	0.53
mly_540098350320350_008.png	1	0.43
mly_540098350320350_009.png	1	0.93
mly_540149594726754_003.png	AUTOPRAQ	0.83
mly_540373495337097_000.png	Foc	0.43
mly_541083430388305_000.png	telo21599888	0.69
mly_541083430388305_007.png	com	0.98
mly_541083430388305_008.png	balonizasve.	0.98
mly_542427160252097_000.png	MIC OFF /NU	0.77
mly_5432845450091160_000.png	dm	0.99
mly_544514553201762_001.png	MIC	0.97
mly_545632640146073_000.png	4	0.88
mly_545738107337297_001.png	NKD	1.00
mly_545753363600079_000.png	AM	0.50
mly_545753363600079_001.png	ATM	0.97
mly_546062550345472_000.png	ARN	0.94
mly_5466474743397368_000.png	1	0.81
mly_5466474743397368_001.png	P	0.98
mly_546724530221686_001.png	9knh	0.65
mly_546724530221686_002.png	NC	0.43
mly_546936891019799_001.png	@	0.76
mly_547615966240098_000.png	2021	1.00
mly_547615966240098_001.png	05-14	0.99
mly_547615966240098_002.png	28	0.42
mly_547615966240098_003.png	239	0.66
mly_547615966240098_005.png	HDR	1.00
mly_547657363288053_001.png	Rll	0.61
mly_547836757119754_000.png	P	0.98
mly_548186382836149_000.png	4	0.65
mly_548186382836149_001.png	244	0.73
mly_549503602700182_000.png	Votre	0.64
mly_549503602700182_003.png	123	1.00
mly_549915984575366_000.png	048knh	0.74
mly_549915984575366_001.png	HIC OFF /NU	0.68
mly_550092679318225_000.png	STOP	0.96
mly_550092679318225_001.png	TSAK	0.53
mly_5503210673053816_000.png	MIC	0.93
mly_551389971252874_000.png	egame	0.98
mly_551887069502531_000.png	30	1.00
mly_553356165635114_000.png	Fa	0.67
mly_554311032228060_000.png	2021	1.00
mly_554311032228060_001.png	05-12	0.99
mly_554311032228060_002.png	16:51:12	0.99
mly_554311032228060_003.png	kmh	0.83
mly_554311032228060_004.png	HDR	1.00
mly_555333173162800_000.png	SPARKA	1.00
mly_555333173162800_001.png	PPARKAS	0.58
mly_555525032927668_002.png	radiot	0.84
mly_555525032927668_004.png	RADIO BE	0.41
mly_557493370070484_001.png	PAPIR	0.70
mly_558893562165969_000.png	123	1.00
mly_558893562165969_001.png	Vutro	0.81
mly_558893562165969_003.png	HO	0.86
mly_558893562165969_004.png	R	0.64
mly_559374358782051_000.png	2021	1.00
mly_559374358782051_001.png	05-12 16:50:Zu	0.65
mly_559374358782051_003.png	HDR	1.00
mly_560002545388371_001.png	APOTEKA	1.00
mly_560002545388371_004.png	1	0.82
mly_560332931621209_000.png	MIC UFF /NU	0.63
mly_560377508642000_000.png	P	0.87
mly_561047589764687_000.png	MIC OFF /NU	0.76
mly_562294073396065_000.png	loceanmore	0.55
mly_562351808063767_002.png	07-06	0.49
mly_562351808063767_003.png	Zeder	0.67
mly_5626671690683847_000.png	APOTEKA	1.00
mly_562701495134674_000.png	UROHGRC	0.72
mly_562870939057879_000.png	P	0.45
mly_562899858010750_000.png	6	0.92
mly_562899858010750_001.png	Arlaan	0.63
mly_562899858010750_002.png	Bosrnal	0.42
mly_563383256098747_000.png	Terfanova	0.42
mly_564712862552288_002.png	PolarisSpllt com	0.65
mly_564946052658790_001.png	MIC OFF /NU	0.74
mly_565064373013073_000.png	HOMEO	0.68
mly_567088511361846_000.png	MIC OFF /NU	0.59
mly_568112480832623_000.png	Trajektna	1.00
mly_568112480832623_001.png	luka	0.78
mly_568112480832623_002.png	Centar 0	0.62
mly_5681582168549401_002.png	Apoteka	0.95
mly_568403050796508_001.png	MIC UFF /NU	0.49
mly_5685617408181423_000.png	tkmh	0.72
mly_5685617408181423_001.png	HIC	0.58
mly_569003404081870_000.png	MIC UFF /NU	0.46
mly_569531925405885_000.png	Pastering	0.94
mly_569602779097721_000.png	Airam Banka	0.57
mly_570226858508962_000.png	Vaš lije	0.65
mly_570226858508962_001.png	PVC	0.98
mly_570770855264833_001.png	2023	0.94
mly_570770855264833_002.png	07-14	0.55
mly_570770855264833_003.png	17:50:43	0.95
mly_570770855264833_005.png	Mic OFF	0.58
mly_571993991203079_000.png	dpd	0.72
mly_571993991203079_001.png	dpd	0.99
mly_5723208904385763_000.png	50%	0.94
mly_5723208904385763_001.png	Astra	0.90
mly_5723208904385763_002.png	SALE	1.00
mly_5730143480421321_001.png	2023-07-Z0 17:07:53	0.59
mly_5730143480421321_003.png	MIC	0.95
mly_5730143480421321_004.png	OFF	0.87
mly_5730143480421321_006.png	FHD	0.99
mly_574576363448406_000.png	te	1.00
mly_574576363448406_001.png	mach	1.00
mly_575346546780002_001.png	MIC UFF /NU	0.65
mly_575760633385961_002.png	Saravbos	0.41
mly_575760633385961_003.png	MIC OFF /NU	0.74
mly_576130048216897_001.png	MIC OFF /NU	0.64
mly_576734709995235_000.png	60	1.00
mly_576734709995235_001.png	Radarska	1.00
mly_576734709995235_002.png	kontrola	1.00
mly_577189738200395_000.png	UniCredit Bank	0.74
mly_577386079904896_000.png	Mercator	1.00
mly_577510550304525_002.png	Fabulas	0.45
mly_577904919847805_001.png	MIC OFF /NU	0.69
mly_578100153167246_002.png	#	0.49
mly_578100153167246_003.png	UPW	0.98
mly_5785194484854802_000.png	MIC OFF /NU	0.71
mly_578822320887211_000.png	Auto-0008b	0.74
mly_578822320887211_001.png	2023-87-14	0.63
mly_578822320887211_002.png	17:58 :49	0.70
mly_578822320887211_003.png	041km/h	0.46
mly_578822320887211_004.png	HIC	0.82
mly_578822320887211_005.png	OFF	0.99
mly_578822320887211_006.png	BLACKUE   DR?50S-ZCHFHD-FHD	0.53
mly_581276047878376_001.png	M8R	0.54
mly_581285856183107_000.png	'Ribola =	0.51
mly_581405487732857_000.png	052kmh	0.47
mly_581405487732857_001.png	MIC OFF /NU	0.71
mly_582243492740236_001.png	MIC	0.49
mly_582243492740236_005.png	CORNER	0.88
mly_583869875866767_001.png	BLACKUE   DR9BOM-1CHUHD	0.41
mly_585582757257684_000.png	aaa	0.41
mly_586989025597797_000.png	HIC OFF /NU	0.63
mly_5870990656252068_000.png	45	1.00
mly_5870990656252068_001.png	MIC UFF /NU	0.51
mly_587188892674403_000.png	NIC UFF /NU	0.64
mly_588890648764022_001.png	MIC OFF /NU	0.85
mly_589275836587705_006.png	Trgovacki sud	0.83
mly_590010865307846_000.png	15	0.96
mly_590131399713390_000.png	Auto-6008b	0.72
mly_590131399713390_001.png	2023-07-20	0.65
mly_590131399713390_002.png	13:56 : 48	0.81
mly_590131399713390_003.png	BZ4knh	0.58
mly_590131399713390_004.png	MIC OFF	0.68
mly_590131399713390_005.png	BLACKUUE DR?50S-ZCHFHD-FHD	0.54
mly_592152802155112_000.png	SCHO	0.40
mly_592274118842038_002.png	19 8	1.00
mly_592667985460048_001.png	Centar	0.97
mly_592667985460048_003.png	Sponsko	0.85
mly_592892979704329_000.png	EL TORO	0.76
mly_592892979704329_001.png	Tor	0.67
mly_593174813234749_000.png	M	0.94
mly_594159366243713_000.png	Auto-0088	0.61
mly_594159366243713_001.png	2023	0.95
mly_594159366243713_003.png	041knh	0.64
mly_594159366243713_004.png	TC OFF	0.52
mly_595753319796076_001.png	KNEZIJAI	0.54
mly_597200352262060_000.png	2023/04/08	0.73
mly_597200352262060_001.png	15:20:53	0.94
mly_597281545651191_002.png	07	0.60
mly_597281545651191_003.png	20	0.91
mly_597281545651191_004.png	17:06 :52	0.63
mly_597281545651191_005.png	knh	0.73
mly_597281545651191_006.png	MIC OFF	0.73
mly_597281545651191_007.png	BLACKUE	0.85
mly_597281545651191_009.png	FHD	0.97
mly_600110808057735_000.png	KCENT	0.74
mly_600229438264483_000.png	40	1.00
mly_600229438264483_002.png	ima.	0.83
mly_601066161288431_000.png	VAR	0.79
mly_601979924530148_001.png	U1	0.45
mly_602143614077554_000.png	MIC UFF /NU	0.72
mly_604270095216480_000.png	Auto-0088b	0.75
mly_604270095216480_001.png	2023	0.95
mly_604270095216480_002.png	07-14 17:58:55	0.61
mly_604270095216480_003.png	046km/h	0.74
mly_604270095216480_004.png	MIC	0.97
mly_604270095216480_006.png	BLACKUE   DR758S-ZCH FHD-FHD	0.41
mly_606292190772799_000.png	Bingo	0.61
mly_606743607075073_000.png	025knh	0.55
mly_606743607075073_001.png	MIC OFF /NU	0.60
mly_606743607075073_002.png	BLACRUUE  DR9BOM-ICHUHD	0.42
mly_606907647368025_002.png	2	1.00
mly_606907647368025_003.png	042	0.45
mly_607960673935562_000.png	Tasnion	0.42
mly_607984962068806_000.png	STELLA	1.00
mly_607984962068806_001.png	ARTOIS	0.98
mly_608610794580558_001.png	2023/04/08 12:19:46	0.64
mly_608668091352362_000.png	Auto-0808b	0.56
mly_608668091352362_001.png	2023-07-20 13:56:58	0.46
mly_608668091352362_002.png	021knh	0.40
mly_608668091352362_003.png	MIC OFF	0.62
mly_608668091352362_004.png	BLACKUUE DR750S-ZCHFHD-FHD	0.51
mly_608754837912164_000.png	Auto-80086	0.63
mly_608754837912164_001.png	P	0.46
mly_608754837912164_003.png	13:57: 16	0.64
mly_608754837912164_005.png	HIC	0.91
mly_608754837912164_006.png	OFF	0.83
mly_611114197974420_001.png	ROTA	0.98
mly_611114197974420_002.png	~Irma	0.92
mly_611114197974420_003.png	Tima	1.00
mly_611765266570145_000.png	068knh	0.51
mly_611765266570145_001.png	MIC OFE /NU	0.43
mly_613552541178707_000.png	JaVna	0.43
mly_613552541178707_001.png	p	0.50
mly_613552541178707_002.png	GARAŽA	0.94
mly_613552541178707_005.png	Praona	0.73
mly_613784869577864_000.png	talemach	0.85
mly_614809703253657_002.png	Fuka	0.94
mly_615158453079656_000.png	028knh	0.49
mly_615158453079656_001.png	MIC OFF /NU	0.58
mly_615489679850014_000.png	Coloseu	0.95
mly_615733452669398_000.png	Europcar	0.87
mly_615733452669398_001.png	MIC OFF /NU	0.65
mly_616195449776921_001.png	MIC OFF /NU	0.72
mly_616653012999780_002.png	Gzojn [	0.66
mly_616653012999780_004.png	Ad	0.85
mly_616653012999780_005.png	tinterijeri	0.85
mly_617896863799368_000.png	Auto-0008b	0.75
mly_617896863799368_001.png	2023	0.98
mly_617896863799368_002.png	07-14 17:58:50	0.56
mly_617896863799368_003.png	039knh	0.65
mly_617896863799368_004.png	HIC	0.81
mly_617896863799368_005.png	OFF	0.99
mly_618099129124477_000.png	Cvjetno	1.00
mly_618099129124477_001.png	SL Bre	0.44
mly_618099129124477_002.png	naselje	0.99
mly_618099129124477_003.png	Ljubljana	0.99
mly_618099129124477_004.png	ribor	1.00
mly_618099129124477_005.png	Centar	1.00
mly_618099129124477_006.png	Vrbik	0.98
mly_618099129124477_008.png	Karlov	0.70
mly_619122107018986_000.png	Auto-6008b5	0.69
mly_619122107018986_001.png	P	0.51
mly_619122107018986_002.png	2623	0.45
mly_619122107018986_003.png	07-20 13:55:52	0.62
mly_619122107018986_005.png	NIC OFF	0.41
mly_619122107018986_006.png	BLACKUE	0.91
mly_619122107018986_007.png	DR. sas-ZCHFHD-FHD	0.40
mly_619149506025632_000.png	kmh	0.99
mly_619635479435441_000.png	Tempe	0.54
mly_620067235618460_000.png	10	0.68
mly_620323896995053_000.png	F	0.46
mly_6208999729125549_000.png	MESNICA	0.86
mly_622387905830197_001.png	Advent	0.94
mly_622387905830197_002.png	Zagreb	1.00
mly_623015142911433_000.png	04Sknh	0.50
mly_625457286676601_001.png	aLca	0.64
mly_626291305272930_002.png	2	0.93
mly_627812161511605_000.png	Kalc	0.50
mly_627812161511605_001.png	Qeciz	0.40
mly_627812161511605_004.png	Dubrovnik	0.99
mly_627812161511605_005.png	GLS	0.94
mly_628045152448688_001.png	20	0.63
mly_628045152448688_002.png	07-20 14:07:51	0.59
mly_628045152448688_004.png	MIC OFF	0.54
mly_628242875828111_000.png	Auto-0808b	0.56
mly_628242875828111_001.png	2023	0.94
mly_628242875828111_003.png	B4Zkih	0.47
mly_628242875828111_004.png	HIC OFF	0.93
mly_628242875828111_005.png	BLACKUUE DR?5US-ZCHFHD-FHD	0.43
mly_628725139271972_000.png	Alui PVCstolarlla	0.41
mly_628725139271972_001.png	INNO PLAST	0.98
mly_628725139271972_007.png	Poweredby	0.92
mly_630881528856019_000.png	1	0.84
mly_632419265159413_000.png	P	0.97
mly_6324430124352946_000.png	00086	0.73
mly_6324430124352946_001.png	2023-07-Z0	0.52
mly_6324430124352946_002.png	13:55:56	0.59
mly_6324430124352946_003.png	039knh	0.56
mly_6324430124352946_004.png	MIC OFF	0.95
mly_6324430124352946_005.png	BLACKUE	0.61
mly_632904805578136_000.png	Auto-0008b	0.85
mly_632904805578136_001.png	2023	0.96
mly_632904805578136_002.png	07-14 17:55:36	0.60
mly_632904805578136_003.png	833knh	0.60
mly_632904805578136_004.png	HIC OFF	0.68
mly_633672895306841_000.png	Depco	0.64
mly_633672895306841_001.png	MAM	0.43
mly_634081067993357_000.png	ulaz	0.99
mly_634081067993357_001.png	2621	0.69
mly_634081067993357_002.png	05-12	0.91
mly_634081067993357_003.png	16:50:01	0.82
mly_634081067993357_004.png	036kmh	0.50
mly_634081067993357_005.png	HDR	1.00
mly_634081067993357_007.png	zostava	0.55
mly_634648694856500_000.png	~DOUBLETREE	0.51
mly_635308134408601_000.png	026knh	0.73
mly_635308134408601_003.png	MATERIJAL	0.91
mly_6367646086685677_000.png	Auto-8808	0.75
mly_6367646086685677_001.png	30	0.95
mly_6367646086685677_002.png	87-20	0.70
mly_6367646086685677_003.png	13:54:41	0.76
mly_6367646086685677_004.png	031knh	0.84
mly_6367646086685677_007.png	BLACKUUE	0.92
mly_6367646086685677_009.png	ZCHFHD	0.99
mly_6367646086685677_010.png	FHD	1.00
mly_637204638079727_000.png	B5; Banka	0.51
mly_637204638079727_001.png	elilsir	0.57
mly_637204638079727_002.png	ZELUDAC!	0.50
mly_637204638079727_003.png	GABATELLI	0.98
mly_637204638079727_004.png	Hookah bar Clile	0.63
mly_637204638079727_006.png	Jasmil	0.93
mly_637684034995906_000.png	Auto-0088b	0.60
mly_637684034995906_001.png	2023-87-20 13:51:59	0.50
mly_637684034995906_003.png	MIC OFF	0.87
mly_637684034995906_004.png	BLACKUUE DR750S-ZCHFHD-FHD	0.41
mly_638037575190581_000.png	smort	0.99
mly_638550137195762_000.png	016knh	0.73
mly_638550137195762_002.png	NU	0.84
mly_638635108227357_000.png	Auto-0008b	0.76
mly_638635108227357_001.png	35	0.65
mly_638635108227357_002.png	2023	0.84
mly_638635108227357_003.png	07-20	0.66
mly_638635108227357_004.png	14:06 :55	0.51
mly_638635108227357_005.png	028km/h	0.56
mly_638635108227357_006.png	MIC OFF	0.87
mly_638635108227357_007.png	BLACKUUE  DR750S-ZCH FHD-FHD	0.52
mly_639058564250441_000.png	Lis	0.52
mly_639058564250441_001.png	VRAPCE	0.85
mly_639986540218129_000.png	2021-05-14 12:05:21	0.86
mly_639986540218129_002.png	HDR	1.00
mly_639986540218129_004.png	1CH/ UHD	0.57
mly_642065441642570_000.png	PRODAJE SE	0.83
mly_6425513000902260_000.png	Auto-00081	0.44
mly_6425513000902260_001.png	2023-07-20	0.74
mly_6425513000902260_002.png	13:56 :35	0.65
mly_6425513000902260_003.png	01Zknh	0.64
mly_6425513000902260_004.png	MIC	0.71
mly_6425513000902260_005.png	OFF	1.00
mly_6425513000902260_006.png	BLACKUUE DR75S-ZCH FHD-FHD	0.67
mly_642681374656186_000.png	043kmh	0.75
mly_642732494663134_002.png	TEM	0.98
mly_6435049999874255_000.png	Auto-0088b	0.48
mly_6435049999874255_001.png	2023-07-20	0.73
mly_6435049999874255_002.png	13:57: 40	0.74
mly_6435049999874255_004.png	MIC OFF	0.69
mly_6435049999874255_006.png	FHD	1.00
mly_644278953670468_000.png	861knh	0.69
mly_644278953670468_001.png	MIC OFF /NU	0.73
mly_644278953670468_002.png	BLACKUE  DR9BOM-ICHUHD	0.50
mly_646519757531967_002.png	2023/04/08	1.00
mly_646519757531967_003.png	12:08:10	0.85
mly_648876819501942_001.png	L	0.90
mly_6495744303848876_000.png	Auto-0088b	0.49
mly_653499709180742_001.png	MIC OFF /NU	0.67
mly_653692346859735_003.png	POVINA	0.75
mly_654598389399663_000.png	sinkro	0.94
mly_655363636253773_000.png	Auto-08086	0.78
mly_655363636253773_001.png	2023	0.99
mly_655363636253773_002.png	07-11 14:08:58	0.49
mly_655363636253773_004.png	MIC OFF	0.75
mly_655363636253773_005.png	BLACKUUE	0.85
mly_655363636253773_006.png	DR750S-ZCHFHD-FHD	0.62
mly_656447196544206_000.png	to	0.60
mly_656447196544206_001.png	0088b	0.40
mly_656447196544206_002.png	2023	0.97
mly_656447196544206_004.png	13:56:11	0.72
mly_656447196544206_006.png	HIC OFF	0.66
mly_656447196544206_007.png	BLACKUE   DR750S-ZCH FHD-FHD	0.47
mly_657393708954410_000.png	P	0.96
mly_659029769197609_000.png	Auto-0088b	0.72
mly_659029769197609_001.png	2023	0.78
mly_659029769197609_002.png	07-20 17:09:59	0.54
mly_659029769197609_004.png	MIC OFF	0.73
mly_659029769197609_005.png	BLACKUE DR750S-ZCHFHD-FHD	0.57
mly_659264278513788_000.png	mlinar	0.54
mly_659940226189865_000.png	Auto	0.65
mly_659940226189865_002.png	2023-07-14 22:17:39	0.46
mly_659940226189865_004.png	MIC	0.92
mly_659940226189865_005.png	OFT	0.65
mly_659940226189865_006.png	BLACKUE   DR750S-ZCHFHD-FHD	0.42
mly_663173415686443_000.png	Auto-8088b	0.77
mly_663173415686443_003.png	2023-07-14	0.58
mly_663173415686443_004.png	14:15:01	0.76
mly_663173415686443_005.png	009kmh	0.44
mly_663173415686443_006.png	MIC OFF	0.79
mly_663173415686443_007.png	BLACKUUE DR750S-ZCHFHD-FHD	0.47
mly_663647498355738_001.png	04Sknh	0.41
mly_663647498355738_002.png	MIC OFF /NU	0.62
mly_663706455644260_000.png	venno	0.81
mly_665579857875145_000.png	[Kosa	0.66
mly_6666540543378249_000.png	PLAT	0.81
mly_666744278303826_001.png	2623-07	0.97
mly_666744278303826_002.png	20	0.91
mly_666744278303826_004.png	036knh	0.57
mly_666744278303826_005.png	MIC	0.67
mly_666744278303826_007.png	BLACKUE DRZ50S-ZCHFHD-FHD	0.43
mly_667874178226264_001.png	2023	0.93
mly_667874178226264_002.png	07-20	0.72
mly_667874178226264_003.png	13:58:59	0.57
mly_667874178226264_005.png	HIC OFF	0.83
mly_667874178226264_006.png	BLACKUUE DR750S-ZCHFHD-FHD	0.59
mly_668194154312570_000.png	250	1.00
mly_668241498544792_000.png	Auto-0008b	0.67
mly_668241498544792_003.png	MIC OFF	0.47
mly_668241498544792_004.png	BLACKUUE DR?5@S-ZCHFHD-FHD	0.44
mly_669243831945356_000.png	G	0.72
mly_671011453681857_001.png	126/146	0.44
mly_671172645069998_000.png	Auto-0088b	0.56
mly_671172645069998_003.png	ne8u	0.41
mly_671172645069998_004.png	2023-07-14 17:58:.59	0.42
mly_671172645069998_006.png	HIC OTF	0.53
mly_671172645069998_007.png	BLACKUUE DR750S-ZCHFHD	0.52
mly_671172645069998_008.png	FhD	0.77
mly_673397271320141_000.png	Auto-0088b	0.47
mly_673397271320141_001.png	2023	0.89
mly_673397271320141_002.png	07-14	0.55
mly_673397271320141_003.png	13:59:83	0.46
mly_673397271320141_005.png	MIC OFF	0.46
mly_673511254909639_001.png	05Zkinh	0.47
mly_673511254909639_002.png	MIC OFF /NU	0.66
mly_673511254909639_003.png	BLACKUE DR9BOM-ICHUHD	0.43
mly_675117803926541_000.png	40)	0.96
mly_675649309904040_001.png	NIC UFF /NU	0.70
mly_675783994411577_000.png	Auto-8008b	0.65
mly_675783994411577_001.png	2023-07-20	0.78
mly_675783994411577_002.png	13:59:p0	0.44
mly_675783994411577_004.png	HIC OFF	0.73
mly_675783994411577_005.png	BLACKUUE   DR750S-ZCHFHD-FHD	0.40
mly_675981327867504_000.png	Boris	0.97
mly_6761245567269377_002.png	2023	0.93
mly_6761245567269377_003.png	07-20	0.92
mly_6761245567269377_004.png	13:56 : 14	0.48
mly_6761245567269377_006.png	HIC	0.71
mly_6761245567269377_007.png	OTF	0.66
mly_6761245567269377_008.png	BLACKUUE	0.96
mly_676299727693716_002.png	87-20	0.49
mly_676299727693716_003.png	13:56: 56	0.64
mly_676299727693716_005.png	HIC	0.42
mly_676299727693716_006.png	OFF	0.99
mly_676299727693716_007.png	BLACKUUE	0.98
mly_676299727693716_008.png	DR25BS-ZCHFHD-FHD	0.42
mly_677630813395984_000.png	025kmh	0.49
mly_677630813395984_001.png	MIC OFF /NU	0.84
mly_678114076656863_001.png	MIC	0.48
mly_679559906483006_000.png	[zgot	0.57
mly_679559906483006_001.png	zgot	0.78
mly_679562446978042_000.png	JUDARNOST	0.56
mly_679562446978042_003.png	NDZAZNE	0.42
mly_680791873184170_001.png	40	0.60
mly_680791873184170_002.png	Vatrogasci	0.86
mly_680830028122120_000.png	Glavni	0.99
mly_680830028122120_001.png	olodvor	1.00
mly_680945840135770_000.png	KM	0.60
mly_681040736686598_000.png	Auto-0008b	0.72
mly_681040736686598_001.png	2023	0.92
mly_681040736686598_002.png	07-20	0.90
mly_681040736686598_003.png	17:08 : 47	0.56
mly_681040736686598_004.png	d38knh	0.46
mly_681040736686598_005.png	HIC OFF	0.64
mly_682320236790237_000.png	Glavni	1.00
mly_682320236790237_001.png	Kolodvor	1.00
mly_682949273826995_002.png	BLACKUE   DR9BBH-ICHUHD	0.42
mly_683966759403916_001.png	MIC OFF /NU	0.49
mly_683966759403916_002.png	BLACRUE   DR9BOM-1CHUHD	0.40
mly_686697153570389_000.png	P	0.94
mly_686697153570389_001.png	VEŠERA	0.99
mly_687763926712395_001.png	2023-07-20	0.65
mly_687763926712395_002.png	13:55:45	0.89
mly_687763926712395_004.png	MIC	0.96
mly_687763926712395_005.png	UFF	0.91
mly_687763926712395_006.png	BLACKUUE	0.86
mly_687763926712395_007.png	DR750S~ZCH/FHD-FHD	0.45
mly_688191200088215_000.png	dm	0.98
mly_688191200088215_001.png	dm	1.00
mly_691597811856290_001.png	MIC	0.54
mly_691869059813405_002.png	foberto	0.66
mly_695878442657303_000.png	OPREZ'	0.55
mly_696619741498955_000.png	054kmh	0.42
mly_698174974837169_000.png	Sh	0.44
mly_698525862315236_002.png	186	0.48
mly_698525862315236_003.png	156	0.98
mly_698525862315236_004.png	[99	0.61
mly_698525862315236_005.png	6n22	0.65
mly_6988400087856311_000.png	Auto-80081	0.54
mly_6988400087856311_003.png	2023-87-20	0.45
mly_6988400087856311_004.png	13:52: 46	0.46
mly_6988400087856311_006.png	MIC OFF	0.79
mly_700622908475604_000.png	P	0.93
mly_702536274316377_000.png	Intercar	0.60
mly_703309781266626_000.png	046kmh	0.66
mly_703525397935605_002.png	CENTER	0.96
mly_703845940869201_001.png	PIZZERIA	1.00
mly_7042033715824195_001.png	2023-07-20 13:52:47	0.44
mly_7042033715824195_002.png	039kmh	0.75
mly_7042033715824195_003.png	MIC OFF	0.49
mly_7042033715824195_004.png	BLACKUUE DR750S-ZCHFHD-FHD	0.54
mly_7043318962347958_000.png	2023/04/08	1.00
mly_7043318962347958_001.png	11 :51	0.92
mly_7043318962347958_002.png	46	1.00
mly_7058542837501883_000.png	Auto-00086	0.57
mly_7058542837501883_002.png	Pekarna	0.45
mly_7058542837501883_004.png	014kih	0.85
mly_7058542837501883_005.png	HIC	0.85
mly_7058542837501883_007.png	BLACKUUE  DR758S-ZCHFHD-FHD	0.44
mly_705941038320595_000.png	dom	1.00
mly_707931677812420_002.png	20 13:55:58	0.41
mly_707931677812420_004.png	MIC	0.59
mly_707931677812420_005.png	OFF	0.98
mly_707931677812420_006.png	BLACKUUE DR750S-ZCHFHD-FHD	0.47
mly_713183943161996_000.png	184	1.00
mly_713487524117336_001.png	MIC OFF /NU	0.86
mly_713723980553736_001.png	Veho	0.87
mly_717934336304483_000.png	P	0.93
mly_718385192845209_000.png	Be	1.00
mly_718385192845209_001.png	PULLSBEAR	0.54
mly_722544000925776_000.png	STOP	0.48
mly_723298695513731_000.png	2	0.75
mly_723948213038045_002.png	MIC OFF /NU	0.75
mly_725324985272273_002.png	MISOMiso	0.49
mly_725324985272273_003.png	KOVACKOYACKO	0.68
mly_725324985272273_005.png	DBis	0.66
mly_725324985272273_006.png	MISO	0.70
mly_725324985272273_009.png	Miso	0.44
mly_728736441421678_000.png	kmh	0.64
mly_728736441421678_003.png	e	0.46
mly_728991965034855_000.png	6	0.86
mly_728991965034855_001.png	CASINO	0.89
mly_7290307551029375_001.png	uper (	0.75
mly_7290307551029375_002.png	omerec	1.00
mly_7290307551029375_003.png	KFC	1.00
mly_729044925689575_000.png	2023/04/08. 15:20:21	0.65
mly_731745964169278_000.png	metropolls	0.96
mly_732061420768085_002.png	kruh	0.72
mly_732061420768085_003.png	pecivo	1.00
mly_733419955324052_001.png	Zo	0.49
mly_733524590649306_000.png	osin	0.53
mly_734030589209826_000.png	Boljakoy .	0.49
mly_735089867472779_000.png	026kmh	0.54
mly_735089867472779_001.png	MIC OFF /NU	0.76
mly_736220461642924_001.png	PE	0.41
mly_736220461642924_005.png	UFF	0.45
mly_736220461642924_006.png	BLACKTUE	0.64
mly_736220461642924_007.png	DR?50S-ZCHFHD-FHD	0.58
mly_737026691835577_000.png	046kmh	0.57
mly_737026691835577_001.png	MIC OFF /NU	0.53
mly_737628574037863_000.png	Bsstnk	0.57
mly_737628574037863_002.png	Manmutovac	0.93
mly_737906586902644_001.png	Osim JGS	0.66
mly_738096328525740_000.png	027knh	0.91
mly_738096328525740_001.png	MIC OFF /NU	0.56
mly_738096328525740_002.png	BLACKUE  DR9BOM-ICHUHD	0.42
mly_738229297978989_003.png	Antoil	0.65
mly_738609580829490_000.png	Dinoija	0.97
mly_739013456764787_000.png	UPRAVO	0.44
mly_739013456764787_001.png	256/84	0.43
mly_739013456764787_002.png	PECENO	0.97
mly_739013456764787_003.png	Xonlun	0.40
mly_739013456764787_005.png	HRVATSE	0.49
mly_739151557739813_000.png	OPTIKA CURIN	0.84
mly_739151557739813_009.png	CURIN	0.75
mly_740281461072991_002.png	P	0.85
mly_740281461072991_003.png	Stop	0.69
mly_7411668975525291_000.png	SALON	0.99
mly_7411668975525291_001.png	PSE	0.97
mly_741242922136276_001.png	ICU	0.67
mly_741522188044663_000.png	emmezeta	1.00
mly_741601043180325_001.png	fgay	0.57
mly_742372861866330_000.png	Pa	0.43
mly_742671641938889_000.png	Prehrana	0.99
mly_743793467164308_000.png	RESTAURANT	1.00
mly_745318800602081_001.png	KOMMERLING	0.92
mly_745318800602081_002.png	TROCAL	1.00
mly_745318800602081_003.png	Vaš lijepi svijet	0.89
mly_745318800602081_004.png	PVC prozora!	0.99
mly_748605132504438_001.png	Bingo	1.00
mly_748658471350949_002.png	BAG	0.73
mly_748907399108750_000.png	NiC UFF/NU	0.48
mly_749710302360129_000.png	J}	0.43
mly_750303485638131_000.png	MIC OFF /NU	0.62
mly_750803605585601_000.png	E	0.85
mly_751246238895166_000.png	PEKARA	1.00
mly_751368145827367_000.png	037kmh	0.90
mly_751678711244013_000.png	'buno	0.46
mly_751807348840315_000.png	'22	0.42
mly_751807348840315_002.png	MIC OFF /NU	0.62
mly_752783552104435_005.png	Sarajeusko	0.75
mly_753335165321433_000.png	TRG	0.91
mly_753335165321433_001.png	BANA	0.99
mly_753335165321433_002.png	JOSIPA	0.99
mly_753335165321433_003.png	JELACIGA	0.87
mly_753335165321433_006.png	101-1839	0.51
mly_753335165321433_007.png	11	1.00
mly_753335165321433_009.png	SPOMEN	0.96
mly_753335165321433_010.png	PROSINACKIM ŽRTVAMA	0.90
mly_753335165321433_011.png	5. XII . 1918.	0.53
mly_753335165321433_012.png	VOJNICI SLAVNE 25.	0.74
mly_753335165321433_013.png	53	1.00
mly_753335165321433_014.png	DOMOBR ANSKE PUKOVNIJE	0.88
mly_753335165321433_015.png	ODREDUJUCI SE JAVNO	0.73
mly_753335165321433_016.png	ZA	1.00
mly_753335165321433_017.png	SAMOSTALNU REPUBLIKU HRVATSKU	0.90
mly_753335165321433_018.png	UBIJENI SU	0.97
mly_753335165321433_019.png	STROJNICAMA	1.00
mly_753335165321433_020.png	OVE	1.00
mly_753335165321433_021.png	ZGRADE	1.00
mly_753335165321433_022.png	VJECNA	0.90
mly_753335165321433_023.png	IM	0.99
mly_753335165321433_024.png	SLAVA	0.99
mly_753335165321433_025.png	HVALA	1.00
mly_753335165321433_026.png	HRVATSKI DOMOBRAN	0.71
mly_753335165321433_028.png	UDRUGA	0.81
mly_753335165321433_029.png	RATNIH VETERANA ZAGREB	0.70
mly_753335165321433_031.png	2005	0.90
mly_753436802012846_000.png	PRENOCISTE	0.44
mly_753868630027172_000.png	035kmh	0.52
mly_754005842380517_002.png	urologiju	0.91
mly_754005842380517_003.png	Poliklinika	1.00
mly_7546472168739877_000.png	VEStok	0.43
mly_7546472168739877_003.png	034kmh	0.43
mly_7546472168739877_004.png	MIC OFF /NU	0.58
mly_755067788473771_000.png	Sit	1.00
mly_755067788473771_001.png	pite < pigze	0.51
mly_755175729215139_000.png	60	1.00
mly_755466100089777_001.png	MIC OFF /NU	0.82
mly_755466100089777_002.png	BLACKUE DR9BOM-ICHUHD	0.55
mly_756527421892450_000.png	500	0.98
mly_757134435897998_001.png	4	1.00
mly_757467590028224_000.png	F	0.48
mly_757710738223537_001.png	/	0.79
mly_757772238206195_000.png	GERRYVESER	0.46
mly_758023684903944_000.png	EsNICA	0.41
mly_758071574869642_000.png	40	1.00
mly_758121894879818_000.png	iNovine	0.90
mly_758121894879818_001.png	'evine	0.49
mly_758121894879818_002.png	HiPSY:	0.50
mly_758533536914656_000.png	UCENICKI	0.50
mly_758881741483757_000.png	SPLIT	0.96
mly_758881741483757_001.png	ToRCIDA	0.53
mly_758900604991659_002.png	Toi	0.81
mly_758900604991659_003.png	HISI	0.57
mly_759000352854415_001.png	Zrain |	0.48
mly_759000352854415_002.png	861kmh	0.53
mly_759000352854415_003.png	Hic OFF /NU	0.41
mly_759021460246227_000.png	Pet	0.40
mly_759021460246227_002.png	P	0.87
mly_759035693380225_001.png	srkni	0.90
mly_759035693380225_002.png	nesto	1.00
mly_759035693380225_003.png	snocoo	0.94
mly_759568450401491_001.png	5	0.93
mly_759677911407614_000.png	Eurol	0.42
mly_760530467952603_000.png	P	0.96
mly_760539344657813_000.png	HIC	0.58
mly_760855679123815_000.png	Auto-00886	0.47
mly_760855679123815_003.png	(STOP	0.92
mly_760855679123815_004.png	2023	0.97
mly_760855679123815_007.png	MIC OFF	0.75
mly_760855679123815_008.png	BLACKUUE	0.89
mly_760855679123815_009.png	DR7505-ZCHFHD-FHD	0.41
mly_760855679123815_010.png	8	0.58
mly_761259185123790_000.png	Roosler	0.52
mly_762115015323438_000.png	Radic	0.51
mly_763177217675772_000.png	1	0.51
mly_763409088917771_000.png	Auto-0088b	0.61
mly_763409088917771_001.png	2023-07-20 14:00:19	0.58
mly_763409088917771_002.png	037kmh	0.54
mly_763409088917771_003.png	MIC	0.87
mly_763409088917771_004.png	OFF	0.99
mly_764338389796142_000.png	znanje	0.96
mly_765183621478594_000.png	PAN	0.73
mly_765205207523346_002.png	TCA	0.71
mly_765836972299807_002.png	'BR	0.93
mly_765954617426205_000.png	'08	0.55
mly_765954617426205_001.png	0	0.89
mly_765954617426205_002.png	[BASAK	0.62
mly_7661365850590410_001.png	bnidure	0.46
mly_766865447355752_000.png	ARALEO	0.83
mly_767118735015638_000.png	LPOTEKA	0.55
mly_767430607255540_000.png	HOTEL Ho.	0.58
mly_767782900566510_000.png	MIC OFF /NU	0.49
mly_767884871944239_003.png	MIC OFF /NU	0.44
mly_768396555759269_002.png	METROPOLIS .	0.68
mly_768584207132816_001.png	2010/12/28	0.57
mly_769134000834331_000.png	dm	0.88
mly_769409743750494_000.png	MIC	0.59
mly_769778540386494_000.png	2021	1.00
mly_769778540386494_001.png	05-14	0.98
mly_769778540386494_002.png	16:01:33	0.93
mly_769778540386494_003.png	05Zkmh	0.47
mly_769778540386494_004.png	HDR	1.00
mly_770276581234105_000.png	2023/04/08	1.00
mly_770276581234105_001.png	16:03:43	0.96
mly_7705504139570527_000.png	halvat	0.79
mly_770629678998971_000.png	kera	0.42
mly_770629678998971_001.png	Pa	0.97
mly_770854533792599_000.png	B	1.00
mly_770854533792599_001.png	N	0.82
mly_770854533792599_002.png	UG	0.65
mly_770916928747518_002.png	Pleso	0.99
mly_771046550264107_000.png	HIC UFF /NU	0.51
mly_771218928136110_000.png	Auto-8008b	0.55
mly_771218928136110_002.png	2023	0.88
mly_771218928136110_003.png	07-20 13:57:11	0.45
mly_771218928136110_004.png	017knh	0.45
mly_771218928136110_005.png	MIC	0.89
mly_771218928136110_006.png	OFF	0.95
mly_771218928136110_007.png	BLACKUUE DR750S-ZCHFHD-FHD	0.46
mly_771284954358308_004.png	yamomoy _	0.44
mly_771506345204999_000.png	sup	0.61
mly_771506345204999_003.png	INO]	0.43
mly_771506345204999_005.png	ENGLI	1.00
mly_771506345204999_006.png	PERDRY @	0.91
mly_771506345204999_007.png	jGema	0.44
mly_772174710327564_003.png	ENJOY	0.93
mly_772969263369038_000.png	budi	0.41
mly_772969263369038_001.png	CoOL	0.40
mly_772969263369038_002.png	1	0.63
mly_773049673369752_003.png	EUREKA	0.79
mly_774218450149232_000.png	P	1.00
mly_774487077790137_000.png	Auto-8088b	0.87
mly_774487077790137_001.png	2023-07-20	0.79
mly_774487077790137_002.png	17:06:53	0.45
mly_774487077790137_003.png	knh	0.71
mly_774487077790137_004.png	MIC	0.68
mly_774487077790137_007.png	FHD	1.00
mly_774792983239394_000.png	MIC UFF/NU	0.64
mly_774798030068373_000.png	HIC OFF /NU	0.75
mly_774833039827545_000.png	P	0.89
mly_775073606890278_000.png	centar	0.42
mly_775230193383736_002.png	inu	0.54
mly_775230193383736_003.png	Gu	0.65
mly_775332990066172_001.png	Papir	0.58
mly_775449954885925_000.png	ZLATAR	0.95
mly_775578256465978_000.png	IWk	0.70
mly_776305283275199_000.png	p	0.80
mly_776305283275199_002.png	IMPORIANNE CENTAR	0.70
mly_776605999723535_000.png	NIC UFF /NU	0.58
mly_777806733871183_001.png	HIC OFF /NU	0.92
mly_777844059554910_000.png	2021-05-14	0.94
mly_777844059554910_002.png	038kmh	0.68
mly_777844059554910_003.png	HDR	1.00
mly_778126872842834_000.png	NFOFEN	0.45
mly_778126872842834_001.png	MIC OFF /NU	0.59
mly_778169084311665_000.png	Auto-0808b	0.62
mly_778169084311665_001.png	2023-07-14 13:57:34	0.62
mly_778169084311665_003.png	MIC OFF	0.50
mly_778609149462589_000.png	MIC OFF /NU	0.65
mly_778882034454140_000.png	40	0.99
mly_780219546020617_000.png	2021	0.99
mly_780219546020617_001.png	05-15	0.97
mly_780219546020617_002.png	12 : 26:58	0.50
mly_780219546020617_003.png	058kmh	0.66
mly_780219546020617_004.png	HDR	1.00
mly_780492822653836_001.png	EI	0.42
mly_780561639849261_000.png	IN	0.54
mly_780561639849261_001.png	A	0.94
mly_780561639849261_002.png	SECRET FOR EVER	1.00
mly_780561639849261_003.png	Europa 92	0.97
mly_780561639849261_005.png	Salsa	1.00
mly_780561639849261_006.png	SECRET	1.00
mly_780561639849261_007.png	PUSH	0.84
mly_780884670304019_000.png	039knh	0.80
mly_780884670304019_001.png	MIC OFF/NU	0.78
mly_781270962780707_000.png	1	0.93
mly_781349430149175_000.png	2023/04/0220:38:59	0.77
mly_781454069402543_000.png	MIC OFF /NU	0.67
mly_781737019397612_000.png	dm	1.00
mly_781765303678933_001.png	2023/04/08	0.94
mly_781765303678933_002.png	12:10:09	0.99
mly_782194285759391_000.png	M	0.81
mly_782194285759391_001.png	HoN	0.49
mly_782210629333641_000.png	P	0.99
mly_782665799050222_001.png	CAFFE BAR	0.58
mly_782665799050222_002.png	amfora	0.73
mly_782665799050222_007.png	Zdenka	0.99
mly_782966992819651_001.png	Vste	0.52
mly_783258660389374_000.png	043kmh	0.66
mly_783258660389374_001.png	MIC OFF/NU	0.72
mly_783320213350610_000.png	POMOZLBA	0.75
mly_783355958989547_000.png	SMo	0.44
mly_785328962119011_001.png	P	0.90
mly_785328962119011_002.png	P	0.99
mly_786049067224337_000.png	Q-[AUNDRY	0.45
mly_786049067224337_001.png	Praonica	0.72
mly_786263754519314_001.png	vjeruiusebe	0.50
mly_786710656526870_001.png	MIC OFF /NU	0.69
mly_786710656526870_002.png	BLACKUUE  DR9BOM-ICHUHD	0.44
mly_786765566787107_000.png	auto8008b	0.62
mly_786765566787107_001.png	2023-07-20 17:10:37	0.64
mly_786765566787107_002.png	034kmh	0.61
mly_786765566787107_003.png	HIC OFF	0.67
mly_786765566787107_004.png	BLACKUE DR750S-ZCH FHD-FHD	0.47
mly_786867723208453_000.png	208	0.88
mly_786873777245221_002.png	HoMe	0.55
mly_787115552643606_001.png	NKD	0.92
mly_787139242188999_001.png	Centar	0.93
mly_787139242188999_005.png	Zagreb	0.91
mly_787791311861233_000.png	MIC	0.91
mly_7880085025345402_000.png	naš	1.00
mly_7880085025345402_001.png	056kmh	0.41
mly_7880085025345402_002.png	MIC OFF /NU	0.71
mly_788515831782261_005.png	FQUK	0.42
mly_788734625113281_000.png	WWW	0.96
mly_788734625113281_001.png	autobus.hr	0.66
mly_789238011961245_000.png	604	0.73
mly_789239729595018_000.png	Auto-0008b	0.72
mly_789239729595018_001.png	2023-07-20	0.73
mly_789239729595018_002.png	14:88:20	0.80
mly_789239729595018_003.png	036kmh	0.85
mly_789239729595018_004.png	MIC OFF	0.68
mly_789490740289171_000.png	POTEVA	0.75
mly_789490740289171_001.png	BABIQACIJA	0.54
mly_789495189761859_000.png	028knh	0.66
mly_789495189761859_001.png	MIC OFF/NU	0.90
mly_789555015029658_001.png	Lasko	0.98
mly_789555015029658_003.png	Lsko	0.88
mly_789741593045989_003.png	0	0.55
mly_789741593045989_004.png	043kmh	0.75
mly_790094662856546_000.png	Uper	0.74
mly_790117178304569_001.png	HIC OFF /NU	0.64
mly_790352318287464_001.png	MIC OFF /NU	0.64
mly_790686040106151_000.png	DETOXCARE	0.89
mly_791071324879728_001.png	RIVER	0.50
mly_791394308188355_000.png	WC	0.90
mly_792227239619635_000.png	053kmh	0.89
mly_792227239619635_002.png	BLACKUE   DR9BOM-1CH UHD	0.42
mly_792581635538816_001.png	MIC OFF/NU	0.81
mly_792858828865660_001.png	MIC OFF/NU	0.93
mly_792881258989637_000.png	Auto-00886	0.55
mly_792881258989637_002.png	07-20 13:55:52	0.41
mly_792881258989637_004.png	MIC OFF	0.78
mly_792881258989637_005.png	BLACKUE	0.99
mly_7928837590549050_000.png	HIC OFF /NU	0.83
mly_793321352522991_000.png	?kmh	0.66
mly_793321352522991_001.png	MIC OFF /NU	0.81
mly_794111998144574_000.png	P	0.96
mly_794236214857142_000.png	NOA	0.51
mly_794236214857142_003.png	412214	0.41
mly_794248564623718_000.png	2021	1.00
mly_794248564623718_001.png	05-11	0.99
mly_794248564623718_002.png	21:38: 43	0.80
mly_794248564623718_004.png	HDR	1.00
mly_795113218937328_001.png	Pa	0.92
mly_795113218937328_003.png	13858:56	0.94
mly_795113218937328_004.png	019km/h	0.54
mly_795113218937328_005.png	HIC OFF	0.63
mly_795315907628633_000.png	sejari	1.00
mly_795315907628633_001.png	VDL PREMIUM	1.00
mly_795315907628633_002.png	PRE OWNED BUS	0.61
mly_795315907628633_004.png	vdlbuscenter corn	0.53
mly_795315907628633_005.png	Dimoos	0.40
mly_795398886495008_000.png	AM	1.00
mly_795758167812319_000.png	C	0.49
mly_795758167812319_002.png	Sava	0.80
mly_795758167812319_003.png	guma	0.59
mly_796020294624058_001.png	obucar	0.42
mly_796076804365935_000.png	P	0.63
mly_796076804365935_001.png	e MSTEL	0.42
mly_796548735774609_000.png	034knh	0.42
mly_796548735774609_001.png	MIC OFF /NU	0.64
mly_798737805215966_000.png	2023/04/08   12:11 :09	0.45
mly_799309461885862_001.png	2023-07-14	0.65
mly_799309461885862_002.png	14:85: 16	0.68
mly_799309461885862_003.png	kmh	0.85
mly_799309461885862_004.png	MIC OFF	0.49
mly_799309461885862_005.png	BLACKUUE DR750S-ZCHFHD-FHD	0.64
mly_800219817297219_000.png	5u	0.41
mly_800436930857082_000.png	1	0.49
mly_801452610498341_000.png	MIC	0.85
mly_801696037122449_000.png	52	0.57
mly_802439204675812_001.png	50)	0.59
mly_802439204675812_002.png	Razlomisce	0.42
mly_802439204675812_003.png	2023-07-20	0.96
mly_802439204675812_004.png	13846:55	0.50
mly_802439204675812_005.png	043kih	0.62
mly_802439204675812_006.png	MIC OFF	0.98
mly_802439204675812_007.png	BLACKUUE	0.91
mly_802439204675812_008.png	DR75S-ZCHFHD-FHD	0.58
mly_802690551249952_000.png	2023/04/08 12:12:43	0.87
mly_802789097316434_001.png	NDA	0.73
mly_802789097316434_005.png	MIC UFF /NU	0.66
mly_803333263895477_000.png	1	0.49
mly_803333263895477_001.png	[Sunce	0.94
mly_803333263895477_002.png	na	1.00
mly_803333263895477_004.png	kvarta	1.00
mly_803333263895477_005.png	Prehrana	1.00
mly_803372456956726_001.png	DC	0.45
mly_803372456956726_002.png	AC	0.99
mly_803696124633115_000.png	Auto-0008b	0.85
mly_803696124633115_001.png	2023-07	0.82
mly_803696124633115_002.png	20 17:08:54	0.77
mly_803696124633115_003.png	041kmh	0.68
mly_803696124633115_004.png	MIC	0.55
mly_803696124633115_005.png	OFT	0.97
mly_803696124633115_006.png	BLACKUUE  DR750S-ZCHFHD-FHD	0.42
mly_804092491355065_000.png	Auto-0008b	0.51
mly_804092491355065_003.png	MIC OFF	0.81
mly_804092491355065_004.png	BLACKUUE DR750S-ZCHFHD-FHD	0.69
mly_805459797071743_000.png	PAS	0.95
mly_805522207717302_000.png	[45	0.60
mly_805522207717302_001.png	106	0.54
mly_805522207717302_002.png	156	0.94
mly_805522207717302_003.png	199	0.75
mly_805805263688195_000.png	M	0.51
mly_805805263688195_001.png	MARVAE	0.53
mly_805944533687420_000.png	B:K.	0.81
mly_805944533687420_002.png	{0e	0.43
mly_806087546678811_001.png	'proda se	0.55
mly_806087546678811_003.png	uredaj	0.99
mly_806087546678811_004.png	fecan	0.50
mly_806087546678811_006.png	GGRee	0.70
mly_806297149149350_002.png	ledo)	0.72
mly_806624623594131_000.png	610	0.56
mly_806742830730989_000.png	2023/04/08   11:51:52	0.80
mly_806815796609286_001.png	Ivone	0.48
mly_806815796609286_002.png	Baird	0.50
mly_807552293212656_001.png	jorenje	0.47
mly_807568531733827_000.png	Redaw	0.54
mly_807853613453355_000.png	MIC UFF /NU	0.61
mly_808073879848206_002.png	Trafika	0.87
mly_808073879848206_003.png	do24	0.73
mly_808814215156964_000.png	2	0.97
mly_808900836701375_000.png	Zknn	0.82
mly_809034911447980_000.png	Pieso	0.45
mly_810460706538960_000.png	BROJLER	0.71
mly_810896196475483_000.png	NIC UFF /NU	0.49
mly_811053292838647_000.png	Pošta	0.89
mly_811053292838647_001.png	evlzlla	0.48
mly_811155023146589_000.png	EROPLAN	0.86
mly_812506689471689_000.png	sportplus	0.79
mly_812506689471689_001.png	Heineken	1.00
mly_812610036355797_000.png	MIC OFF /NU	0.81
mly_812659349622602_000.png	2021	0.99
mly_812659349622602_001.png	05-11 17:29:51	0.70
mly_812659349622602_002.png	028kmh	0.80
mly_812659349622602_003.png	HDR	1.00
mly_812659349622602_004.png	BLACKUUE   DR9BBS	0.54
mly_812659349622602_005.png	1CH/ UHD	0.61
mly_812688573597262_000.png	Auto0008b	0.44
mly_812688573597262_001.png	2023	0.98
mly_812688573597262_002.png	07-14 18:00:11	0.64
mly_812688573597262_004.png	HIC OFF	0.68
mly_813135102925271_000.png	KYNYALI	0.53
mly_813135102925271_001.png	P	0.96
mly_813364376865221_000.png	auto-8008b	0.51
mly_813364376865221_002.png	2023	0.97
mly_813364376865221_003.png	07-20 13:57:09	0.43
mly_813364376865221_004.png	018kmh	0.81
mly_813364376865221_005.png	MIC OFF	0.82
mly_813364376865221_006.png	BLACKUUE DR750S-ZCHFHD-FHD	0.67
mly_813466142621983_002.png	Novor	0.89
mly_814052476181095_000.png	MIC OFF /NU	0.62
mly_814153522844155_009.png	APLIkACIJA	0.40
mly_814360109500422_000.png	RACUNALA	0.97
mly_814791239165077_002.png	1267252	0.42
mly_815467812808283_000.png	046kmh	0.52
mly_815467812808283_001.png	MIC OFF /NU	0.66
mly_816172556650038_000.png	034kmh	0.74
mly_816172556650038_001.png	MIC OFF /NU	0.69
mly_816720905916555_000.png	kids	0.62
mly_816734092308308_001.png	05-14 21:39:22	0.65
mly_816734092308308_002.png	Jz3knh	0.55
mly_816734092308308_003.png	HDR	1.00
mly_816911942578678_000.png	SON	0.93
mly_8169701106412928_000.png	Nn	0.43
mly_817079705558466_000.png	60'	0.51
mly_817079705558466_001.png	PREM	0.50
mly_817298055834128_000.png	soom	0.73
mly_817310535856884_000.png	Duregdzinica M	0.45
mly_817337327035433_003.png	40	1.00
mly_817337327035433_004.png	1	0.72
mly_817337327035433_005.png	Baštjana	0.61
mly_817930029337931_000.png	STOP	0.65
mly_817930029337931_001.png	@SCH	0.54
mly_817930029337931_003.png	Miele	0.81
mly_818162613150391_000.png	Auto-0088b	0.75
mly_818162613150391_001.png	MKF	0.85
mly_818162613150391_002.png	202}	0.58
mly_818162613150391_003.png	07-20	0.82
mly_818162613150391_004.png	13:52:41	0.82
mly_818162613150391_005.png	041knh	0.48
mly_818162613150391_006.png	MIC OFF	0.84
mly_818393185759554_004.png	KLUE	0.50
mly_818393185759554_005.png	BIS	0.52
mly_818421735771222_000.png	MIC OFF /NU	0.66
mly_819108572041543_000.png	Tuclo	0.42
mly_819108572041543_001.png	Centar	0.55
mly_8192941264078085_001.png	AUTODIJELOVI	0.77
mly_819397829592442_003.png	HIC	0.81
mly_819397829592442_004.png	OFF	0.97
mly_819397829592442_005.png	BLACKUE DR?58S-ZCHFHD-FHD	0.49
mly_820574048817408_002.png	Uni   edit Bank	0.41
mly_820574048817408_004.png	BLACKUUE   DR9BOM-1CHUHD	0.47
mly_820802052166782_000.png	MIC UFF /NU	0.82
mly_820847822198064_000.png	MIC OFF /NU	0.84
mly_820867519486935_000.png	Auto-0008b	0.73
mly_820867519486935_003.png	MIC	0.58
mly_820867519486935_004.png	OFF	0.99
mly_820867519486935_005.png	BLACKUUE DR750S-ZCHFHD-FHD	0.65
mly_821797735084828_001.png	IZLAZ	0.85
mly_822096055355890_002.png	09-08246	0.42
mly_822282932554990_000.png	nuto	0.88
mly_822282932554990_002.png	2023-07-20	0.67
mly_822282932554990_005.png	HIC	0.73
mly_822282932554990_006.png	OFF	0.69
mly_822282932554990_007.png	BLACKUUE	0.97
mly_822282932554990_008.png	DRZ50S-ZCHFHD-FHD	0.44
mly_822282932554990_009.png	70s	0.44
mly_822450671692492_000.png	Day And	0.52
mly_822450671692492_002.png	Cruises	0.76
mly_822588202640388_000.png	Auto-00086	0.65
mly_822588202640388_002.png	2023	0.92
mly_822588202640388_003.png	07-20	0.57
mly_822588202640388_004.png	13:52: 40	0.45
mly_822588202640388_005.png	018kmh	0.49
mly_822588202640388_006.png	HIc OFF	0.54
mly_823252659158599_000.png	MiENJACNICP	0.46
mly_823252659158599_002.png	2023/04/08	0.75
mly_823252659158599_003.png	16:01	0.97
mly_823252659158599_004.png	42	0.46
mly_823910801806147_002.png	2010/12/17	0.57
mly_824012032409858_001.png	MIC OFF /NU	0.77
mly_824012032409858_002.png	BLACKUE  DR9BOM-ICHUHD	0.48
mly_824027843511189_001.png	brodomerkr	0.91
mly_824356626069584_000.png	Auto	0.85
mly_824356626069584_001.png	2023-07-14	0.73
mly_824356626069584_002.png	ZZ: 18:07	0.82
mly_824356626069584_003.png	039kmh	0.52
mly_824356626069584_004.png	BLACKUE  DR750S-ZCHFHD-FHD	0.52
mly_8247879908572859_000.png	P	0.88
mly_825394365053841_001.png	QJEILAKOVI	0.43
mly_825459905018790_000.png	40	1.00
mly_825993002456481_000.png	Auto-00086	0.45
mly_825993002456481_001.png	6	0.51
mly_825993002456481_005.png	2023	0.98
mly_825993002456481_006.png	87-14	0.91
mly_825993002456481_009.png	MIC	0.83
mly_825993002456481_010.png	UFF	0.55
mly_826127639574227_000.png	053kih	0.84
mly_826127639574227_001.png	HIC OFF /NU	0.70
mly_826127639574227_002.png	BLACKUE  DR9BOM-ICHUHD	0.45
mly_826425104686226_000.png	Ju	0.65
mly_826487877968936_000.png	lur	0.64
mly_826487877968936_001.png	Luna	0.87
mly_826548451289330_001.png	rket	0.95
mly_826548451289330_002.png	ULAZ	0.99
mly_826548451289330_003.png	Supermarket	0.99
mly_826548451289330_004.png	dobro	0.45
mly_826548451289330_005.png	PENNY	0.99
mly_826593085986396_001.png	024knh	0.41
mly_826593085986396_002.png	HIC OFF /NU	0.72
mly_826608999375710_000.png	024knh	0.65
mly_826608999375710_001.png	MIC OFF /NU	0.57
mly_826608999375710_003.png	slobostina	0.73
mly_826608999375710_004.png	Sopot	1.00
mly_827014364855538_000.png	ulaz	1.00
mly_827014364855538_001.png	9	0.88
mly_827014364855538_002.png	2021-05-12	0.91
mly_827014364855538_003.png	16:50:03	0.97
mly_827014364855538_004.png	038kmh	0.51
mly_827014364855538_005.png	HDR	1.00
mly_827014364855538_006.png	BLACKUE   DR9BBS	0.45
mly_827014364855538_007.png	1CH/ UHD	0.58
mly_827089110407493_002.png	Shopping	0.53
mly_827089110407493_004.png	MAll	0.42
mly_827566797965977_000.png	Bingo	1.00
mly_827642425696313_001.png	10	0.93
mly_827642425696313_004.png	2	0.55
mly_828125481124412_001.png	2016/12/28	0.49
mly_828235868057392_000.png	Iovtne	0.53
mly_828235868057392_001.png	inovine	0.47
mly_828260957789971_001.png	CAFFE BAR	0.58
mly_828260957789971_002.png	amfora	0.73
mly_828260957789971_007.png	Zdenka	0.99
mly_828676475136398_000.png	Auto-0008b	0.73
mly_828676475136398_001.png	2023-07-20	0.78
mly_828676475136398_002.png	14:80:20	0.62
mly_828676475136398_003.png	036kmh	0.83
mly_828676475136398_004.png	MIC OFF	0.57
mly_828676475136398_005.png	BLACKUUE DR75BS-ZCHFHD-FHD	0.58
mly_829705264562270_004.png	POLIICIJA	0.79
mly_829705627642431_000.png	KOZA	0.86
mly_829909940956338_001.png	OTPAL	0.47
mly_829909940956338_003.png	AUTC	0.96
mly_830075900950044_000.png	KEMOPROML	0.43
mly_830409365348624_001.png	Z023-07-14 17:58:56	0.60
mly_830409365348624_002.png	045kmh	0.57
mly_830409365348624_003.png	MIC OFF	0.91
mly_830409365348624_004.png	BLACKUUE   DR750S-ZCHFHD-FHD	0.56
mly_830417511159332_000.png	0	0.74
mly_832109648723428_000.png	017kmh	0.60
mly_832443474724082_000.png	Bknh	0.53
mly_832860050773927_000.png	ZORAVSTVENU	0.44
mly_833141441702573_000.png	Auto-0008b	0.72
mly_833141441702573_001.png	2023	0.86
mly_833141441702573_002.png	07-20	0.76
mly_833141441702573_003.png	13:57: 48	0.80
mly_833141441702573_006.png	OFF	0.99
mly_833141441702573_007.png	BLACKUUE DR750S-ZCHFHD-FHD	0.42
mly_833171640616818_000.png	GRANOFF	0.95
mly_833578540911480_000.png	MIC OFF /NU	0.80
mly_833624960573546_000.png	ATHOS	0.53
mly_833757887244771_000.png	MIC	0.59
mly_834031264999825_000.png	auto-8008b	0.51
mly_834031264999825_001.png	2023-07-14	0.81
mly_834031264999825_003.png	051knh	0.93
mly_834031264999825_004.png	MIC OFF	0.82
mly_835593927383209_001.png	1	0.98
mly_835593927383209_007.png	DINA	0.53
mly_836609790565434_001.png	740	0.59
mly_836609790565434_002.png	MIC OFF /NU	0.54
mly_836664196944069_003.png	RG	0.52
mly_836932773838447_000.png	MIC UFF /NU	0.73
mly_837038253567369_000.png	MIC UFF /NU	0.78
mly_837101127237479_000.png	018kmh	0.59
mly_837101127237479_001.png	MIC OFF /NU	0.76
mly_837388411173614_000.png	1	0.86
mly_837388411173614_001.png	P	0.92
mly_837388411173614_002.png	P	0.99
mly_837779227151274_000.png	MIC OrF /NU	0.62
mly_838384548252969_000.png	P	0.97
mly_839260064620101_000.png	0	0.41
mly_841548504747581_000.png	Auto-6p882	0.43
mly_841548504747581_001.png	8	0.42
mly_841548504747581_003.png	08-09	0.89
mly_841548504747581_004.png	11:08:58	0.88
mly_841548504747581_005.png	054knh	0.76
mly_841548504747581_006.png	MIC OFF	0.63
mly_841548504747581_007.png	BLACKUUE  DR?50S-ZCHFHD-FHD	0.57
mly_841548504747581_008.png	8	1.00
mly_8417344351615069_001.png	MIC OFF /NU	0.80
mly_841924568033956_000.png	Auto-8008b	0.82
mly_841924568033956_001.png	202	0.93
mly_841924568033956_002.png	00-09 11:07:50	0.50
mly_841924568033956_003.png	036knh	0.76
mly_841924568033956_004.png	MIC	0.65
mly_841924568033956_005.png	OFF	0.62
mly_842105057965435_000.png	hesp '	0.42
mly_842105057965435_001.png	GRADITEL] SVRATISTA	0.67
mly_842130487359958_000.png	LJEKA	1.00
mly_842130487359958_001.png	PEKARNA	1.00
mly_842309271260660_000.png	OKAF	0.97
mly_842971166292285_000.png	7	1.00
mly_843494136598670_000.png	P	0.91
mly_844455516170085_000.png	IEXTILE	0.51
mly_844485372816829_000.png	MIC UFF /NU	0.43
mly_845884473645176_000.png	@Islerg	0.47
mly_846769610402245_000.png	(MARKET	0.56
mly_847401379181363_000.png	Srand	0.80
mly_847401379181363_001.png	PIZZERIA]	0.58
mly_847401379181363_004.png	Lavica	0.53
mly_847742242522640_000.png	{	0.62
mly_847742242522640_001.png	1	0.77
mly_848487496711051_000.png	Auto €8880	0.42
mly_848487496711051_001.png	2023-07-20	0.44
mly_848487496711051_002.png	14:06 :50	0.72
mly_848487496711051_003.png	030km/h	0.44
mly_848487496711051_004.png	MIC OFF	0.83
mly_848487496711051_005.png	BLACKUUE DR750S-ZCH FHD-FHD	0.48
mly_848606899393613_001.png	Vas	0.93
mly_848606899393613_007.png	Western !	0.58
mly_848606899393613_011.png	tansfer	0.59
mly_849003979333223_000.png	NIC UFF /NU	0.65
mly_849685545893903_000.png	dm	0.99
mly_849685545893903_001.png	80/ (entar	0.69
mly_850615735490890_000.png	ALMY	1.00
mly_850625662846299_000.png	<Gornji Grad	0.92
mly_851292523111720_000.png	EUM	1.00
mly_851292523111720_001.png	CIDE	1.00
mly_853466701922292_000.png	MIC OFF /NU	0.59
mly_854423052088165_001.png	sportplus	0.70
mly_855721732244919_000.png	ortska kladionica	0.91
mly_855721732244919_003.png	OSIGURANJE	1.00
mly_855870658362493_000.png	25	1.00
mly_855870658362493_001.png	PRGMET	0.46
mly_855870658362493_002.png	2	1.00
mly_855906971691644_000.png	KONZUM	1.00
mly_856551339356199_001.png	Pinac	0.91
mly_856858978253283_002.png	VL	0.47
mly_856858978253283_003.png	xBIrF	0.44
mly_856858978253283_004.png	MIC OFF /NU	0.81
mly_857149821501767_001.png	CRo	0.59
mly_858633952969858_001.png	MIC OFF /NU	0.67
mly_859665947960026_000.png	korca	0.54
mly_859665947960026_001.png	P	0.95
mly_860237829460912_001.png	MIC OFF /NU	0.52
mly_860612902208241_000.png	4	0.91
mly_860665467874859_005.png	EHOP	0.84
mly_860665467874859_006.png	PWE	0.41
mly_861613788087310_000.png	{Mo	0.69
mly_861680481880686_001.png	rsehes	0.53
mly_862277928767657_000.png	Sey	0.45
mly_862389541298180_000.png	2021-05-14 21.31:48	0.60
mly_862389541298180_002.png	HDR	1.00
mly_862604890989082_000.png	MIC	0.50
mly_862604890989082_001.png	Nu	0.49
mly_862826465922572_000.png	(STOP	0.44
mly_862987354564703_000.png	Migra	0.77
mly_863005451684640_000.png	P	0.76
mly_863244772375889_000.png	isa	0.75
mly_863362641205134_000.png	HIC OFF /NU	0.76
mly_864094314141954_000.png	Ulica	0.89
mly_864094314141954_001.png	KA	0.95
mly_864094314141954_006.png	lJurisiceva	0.41
mly_864094314141954_007.png	POŠTANSI	0.98
mly_864152222340607_000.png	BOL	0.56
mly_864842147457445_000.png	P	0.99
mly_864842147457445_001.png	KARLA	0.99
mly_864842147457445_002.png	Ime	0.99
mly_864842147457445_003.png	%	0.54
mly_864842147457445_005.png	S1	0.44
mly_865378550859199_003.png	Crbcar	0.52
mly_865545991880436_000.png	P	1.00
mly_866362352155728_000.png	O1	0.48
mly_867438493852567_000.png	MIC OFF /NU	0.71
mly_868591471868767_000.png	106	0.82
mly_869302336982225_000.png	FRCX	1.00
mly_869553447250478_001.png	MIC Ulr/NU	0.42
mly_869668121755036_003.png	Ma	0.62
mly_869668121755036_004.png	WV	0.79
mly_870152514689122_000.png	Ap8	0.65
mly_870201936893786_000.png	6222	0.53
mly_871385291852913_000.png	034knh	0.77
mly_871385291852913_001.png	MIC OFF /NU	0.82
mly_872159227811049_000.png	P	1.00
mly_873730739849813_001.png	TY	0.99
mly_873730739849813_004.png	Beauty	0.99
mly_873730739849813_005.png	Cen-ar	0.89
mly_873730739849813_007.png	hitisa i alergija	0.99
mly_873730739849813_008.png	sustava;	0.51
mly_873730739849813_009.png	kolesterola i šecera _	0.46
mly_873730739849813_010.png	jetrom.	0.71
mly_873730739849813_012.png	Aloe vera gel	0.72
mly_873730739849813_014.png	alergija na	0.84
mly_873730739849813_015.png	no	1.00
mly_873730739849813_016.png	Bunce	0.41
mly_873730739849813_017.png	ekcema, uboda	0.95
mly_873730739849813_018.png	insekata	0.87
mly_873730739849813_019.png	tritisa	0.63
mly_873730739849813_021.png	288	1.00
mly_873730739849813_022.png	info tel:	0.87
mly_873730739849813_023.png	OGERIJA =	0.41
mly_873730739849813_024.png	CENTAR	0.98
mly_873730739849813_026.png	crnog	1.00
mly_873730739849813_027.png	kima	1.00
mly_873730739849813_028.png	porucamo	0.87
mly_873730739849813_029.png	kod:	1.00
mly_873730739849813_030.png	dišrog	0.49
mly_873730739849813_031.png	krvi,	0.77
mly_873730739849813_032.png	psonjazal	0.41
mly_873730739849813_033.png	hod	0.91
mly_873730739849813_034.png	kod:	1.00
mly_873730739849813_035.png	neurodermitis	0.51
mly_873730739849813_037.png	ostecene [	0.64
mly_873730739849813_039.png	i regeneracije [	0.46
mly_873730739849813_041.png	dephacie	0.48
mly_873730739849813_042.png	W_biofarmnr	0.50
mly_873730739849813_043.png	288_	0.59
mly_873730739849813_044.png	0800 =	0.53
mly_873926676494927_003.png	Jasna	0.66
mly_875110038020667_000.png	049knh	0.88
mly_875110038020667_001.png	MIC OFF/NU	0.48
mly_875374021403210_001.png	Cisti	0.99
mly_875374021403210_002.png	nanCarban	0.80
mly_875989562982176_001.png	00	0.74
mly_877215866201475_000.png	MIC OFF /NU	0.76
mly_878225590732595_000.png	046ki h	0.49
mly_878225590732595_001.png	MIC OFF /NU	0.70
mly_878225590732595_002.png	BLACKUE  DR9BOM-ICHUHD	0.43
mly_879861109275291_000.png	HIC OFF /NU	0.63
mly_879861109275291_001.png	BLACKUUE   DR9BOM-1CH UHD	0.41
mly_880566177156411_000.png	031knh	0.61
mly_880566177156411_001.png	MIC OFF/NU	0.89
mly_880774966803948_000.png	Auto-00086	0.61
mly_880774966803948_001.png	20	0.87
mly_880774966803948_002.png	87-20	0.57
mly_880774966803948_003.png	14:07:52	0.73
mly_880774966803948_004.png	023knh	0.41
mly_880774966803948_005.png	MIC	0.54
mly_880774966803948_006.png	OFF	0.98
mly_880774966803948_007.png	BLACKUUE DR?505-ZCHFHD-FHD	0.54
mly_881038520450285_000.png	KBC Rebro	1.00
mly_881038520450285_001.png	(ST	0.81
mly_881606780964314_000.png	samsonite	0.77
mly_881875787056337_002.png	ERI	0.96
mly_883052076880063_002.png	MIC OFF /NU	0.77
mly_883551821370277_000.png	{Ve	0.40
mly_883551821370277_001.png	C4	0.91
mly_883551821370277_004.png	Srali Jw	0.48
mly_883551821370277_005.png	zvoN	0.68
mly_883551821370277_008.png	ZUNZI	0.93
mly_884204572139769_001.png	Lalka	0.70
mly_885079245375721_000.png	NIC UFF /NU	0.68
mly_885424222189513_002.png	Plus	1.00
mly_886453002144311_000.png	OHERC	0.91
mly_8877042839057041_003.png	25	0.78
mly_8877042839057041_005.png	GPSZE	0.57
mly_8877042839057041_007.png	StX	0.73
mly_887745912006895_000.png	oria	0.56
mly_888543959351925_000.png	Auto-0088b	0.67
mly_888543959351925_002.png	13:53:14	0.75
mly_888543959351925_004.png	HIC	0.72
mly_888543959351925_005.png	UFT	0.84
mly_888543959351925_006.png	BLACKUUE	0.91
mly_888914529508251_000.png	6	0.52
mly_889749584935218_000.png	BECKS	0.58
mly_891019791455131_000.png	1	0.92
mly_891026242526944_000.png	Auto-0008b	0.58
mly_891026242526944_001.png	2023	0.94
mly_891026242526944_002.png	07-14	0.56
mly_891026242526944_003.png	17:55:39	0.95
mly_891026242526944_005.png	MIC OFF	0.73
mly_891026242526944_006.png	BLACKUE  DR750S-ZCH FHD-FHD	0.48
mly_891259118431213_000.png	P	0.51
mly_892895322996902_001.png	P	0.75
mly_892895322996902_007.png	Ljekarna	1.00
mly_893677258148930_001.png	u	0.72
mly_894235316136250_001.png	MIC OFF /NU	0.75
mly_895213474371932_001.png	Pla	0.87
mly_895409641132006_000.png	024knh	0.65
mly_895409641132006_001.png	MIC OFF /NU	0.79
mly_895458811299734_000.png	2	0.96
mly_896186406803076_000.png	1	0.92
mly_896394664258010_000.png	KONZUH	0.53
mly_896924130868105_001.png	2018/12/28	0.62
mly_897112399021501_001.png	MIC OFF /NU	0.56
mly_897288537517305_001.png	2	0.89
mly_897480395587837_000.png	ROK 0	0.53
mly_897734567738538_000.png	Policija	1.00
mly_898726348451975_000.png	5	0.85
mly_899338234354610_000.png	P	0.98
mly_899353920852392_003.png	2017/03/26	0.75
mly_899417308402715_001.png	MIC OFF /NU	0.49
mly_899818810797920_004.png	2016/92/28	0.48
mly_899918218086756_000.png	KVATERNIK	0.51
mly_899918218086756_003.png	notvello	0.92
mly_899918218086756_005.png	URAR	1.00
mly_899987062746546_000.png	0	0.43
mly_900196400760694_001.png	MIC OFF /NU	0.61
mly_900240597226405_002.png	KONZUM	0.97
mly_900240597226405_004.png	EBc	0.52
mly_900252614039972_000.png	MIC OFF /NU	0.63
mly_900371569828295_000.png	CL	0.46
mly_900825410696722_000.png	Banka	0.92
mly_902778433902052_000.png	EP	0.53
mly_903637660367104_000.png	033knh	0.75
mly_903637660367104_001.png	MIC OFF /NU	0.72
mly_905204230260572_000.png	2021	1.00
mly_905204230260572_001.png	05-12 16:50:22	0.98
mly_905204230260572_002.png	1?knh	0.65
mly_905204230260572_003.png	HDR	1.00
mly_905469407983851_000.png	03Zknh	0.55
mly_906118846623977_000.png	lavaz	0.67
mly_906627543231484_000.png	1	0.46
mly_906632233521562_000.png	057kmh	0.48
mly_906740796642711_000.png	P	0.99
mly_907245479841569_000.png	Organic	0.97
mly_907245479841569_001.png	[APOTEKA	0.54
mly_907577866504133_000.png	MIC	0.58
mly_908084114868759_000.png	Tima-Irma	0.72
mly_908108059760300_000.png	4	0.82
mly_908108059760300_001.png	6	0.69
mly_908108059760300_003.png	{	0.78
mly_908169426629687_001.png	2016/12/28	0.68
mly_908293766687125_000.png	D	0.99
mly_908293766687125_002.png	DEiCHMANN	0.40
mly_908781266637578_002.png	Baira	0.71
mly_908829927335997_001.png	033knh	0.58
mly_908829927335997_002.png	HIC OFF /NU	0.46
mly_908829927335997_007.png	DOBRODOŠEL	0.95
mly_909007296547402_000.png	2	0.56
mly_909027163272663_002.png	KLADIONIC	0.89
mly_909180700184823_000.png	APOTEKA	0.78
mly_909387913180982_002.png	Xstra	0.69
mly_909954506585627_004.png	kds	0.90
mly_909958194388301_000.png	Jknh	0.90
mly_909958194388301_001.png	MIC OFF /NU	0.58
mly_909958194388301_002.png	BLACKUE   DR9BOM-1CHUHD	0.42
mly_910173369527844_000.png	40	0.99
mly_910760992828383_000.png	MIC OFF /NU	0.71
mly_911077529981233_000.png	(STOP	0.91
mly_911859156939788_001.png	HIC OFF /NU	0.68
mly_911943232934639_002.png	5	0.88
mly_912127369363619_000.png	1222	0.59
mly_913092392807947_001.png	MIC OFF /NU	0.72
mly_913232139250614_004.png	APOTEKA	0.94
mly_913593825878547_000.png	MIC OFF /NU	0.81
mly_914002929332507_002.png	8	0.54
mly_914088723563674_000.png	1	0.58
mly_914088723563674_001.png	GRIJANJE	1.00
mly_914088723563674_002.png	Vodovod	0.46
mly_914809409075533_002.png	SALE	0.90
mly_914841202640150_000.png	cITY	0.51
mly_914841202640150_001.png	ONE	0.62
mly_914841202640150_004.png	CITY	0.85
mly_914841202640150_005.png	CENTER	0.55
mly_915179605991080_002.png	2017/01/13	0.56
mly_915560225894438_001.png	Sportplus	0.43
mly_915764755651228_000.png	IZLAZ	0.90
mly_916610512523091_002.png	2015/03/28	0.73
mly_917028849084092_000.png	Pun	1.00
mly_917028849084092_001.png	[pogodak	0.83
mly_917181582414217_001.png	RISPET	1.00
mly_917455358798983_000.png	MIC OFF /NU	0.43
mly_919138118878834_000.png	NEMOJTE MUCITI	0.87
mly_919138118878834_001.png	SAMI SEBE'	0.61
mly_919138118878834_003.png	Ickus	0.44
mly_919640065525646_000.png	MIC	0.57
mly_919640292221421_000.png	MIC UFF/NU	0.55
mly_920449550461533_001.png	CA;INO	0.85
mly_920578532114655_001.png	'LATIF	0.57
mly_921645265286406_000.png	MIC OFF /NU	0.80
mly_922340205285766_001.png	^	0.85
mly_922385068611464_003.png	{JOKER	0.43
mly_922485329755599_001.png	MIC OFF /NU	0.74
mly_922832287319608_001.png	HEN	0.83
mly_924000246070896_000.png	066knh	0.72
mly_924000246070896_001.png	MIC OFF /NU	0.68
mly_924489924784491_000.png	2821-05-14 21:39:38	0.59
mly_924489924784491_002.png	HDR	1.00
mly_924979346042417_002.png	MIC OFF /NU	0.69
mly_925744038265515_002.png	Money	1.00
mly_925744038265515_003.png	exchange	1.00
mly_925819094885173_000.png	Cucina	0.60
mly_925819094885173_001.png	%llama	0.64
mly_926220004839497_002.png	E/	0.87
mly_926243228218229_000.png	P@RT	0.87
mly_926243228218229_005.png	super	0.99
mly_926243228218229_006.png	arket	0.99
mly_926243228218229_009.png	@ENTAR	0.46
mly_926597508153620_000.png	MIC OFF /NU	0.42
mly_926894348107444_006.png	2015/02/28	0.49
mly_927428854746696_000.png	NIC UFF /NU	0.62
mly_927704401401015_003.png	247-00	0.42
mly_927951985436448_000.png	938kmh	0.50
mly_927951985436448_001.png	MIC OFI /NU	0.48
mly_927951985436448_002.png	BLACKUE   DR9BOM-1CHUHD	0.48
mly_928592921258042_000.png	HOTE	1.00
mly_928613996704824_000.png	'QUE	0.99
mly_928730227968761_001.png	JOGA	0.94
mly_929049690998483_000.png	HIPERMARIF	0.67
mly_929066657908030_000.png	Jm	0.43
mly_929066657908030_001.png	dm	1.00
mly_929735517570099_000.png	MIC OFF /NU	0.73
mly_930468584420440_000.png	fokus	1.00
mly_930847871039350_006.png	1111 1	0.45
mly_930847871039350_007.png	11711	0.50
mly_931776567397747_000.png	MIC OFF /NU	0.74
mly_932397994193650_000.png	Kus	0.62
mly_932397994193650_001.png	Supar	0.71
mly_932397994193650_002.png	MK	0.78
mly_932682638280186_000.png	Prchrana	0.43
mly_932759396199691_001.png	tAnG	0.74
mly_932759396199691_002.png	Sonezttin	0.46
mly_932759396199691_003.png	Ccol HF	0.51
mly_933399152881951_001.png	Vila	1.00
mly_933475860749030_001.png	PROET	0.65
mly_933475860749030_003.png	286	1.00
mly_933786068625057_001.png	RE	0.95
mly_934368993993547_000.png	Moj Dor	0.64
mly_934709064029504_000.png	HIC UFF/NU	0.56
mly_935330502714776_000.png	Jusebe	0.77
mly_935560727239050_005.png	WESTPORT	0.99
mly_935560727239050_006.png	WESTPORI	0.63
mly_935892084811629_000.png	Villa Hana	0.85
mly_935892084811629_003.png	Pansion	0.45
mly_935892084811629_004.png	Villa Arri	0.57
mly_936697743798367_007.png	Ek	0.77
mly_936756757160988_001.png	HEKARNA	0.53
mly_936875776854814_000.png	Hpb	0.51
mly_936875776854814_001.png	R	0.99
mly_937121353753869_001.png	HIC UFF /NU	0.52
mly_937766033639664_001.png	2017/02/22	0.42
mly_938165473394263_000.png	34	0.74
mly_938214603626582_000.png	MIC OFF /NU	0.74
mly_938409996935447_000.png	Euok	0.54
mly_938471670245564_001.png	2010/12/17	0.69
mly_938821073884045_001.png	2023	0.94
mly_938821073884045_002.png	87-20	0.71
mly_938821073884045_003.png	13:52:53	0.59
mly_938821073884045_005.png	MIC	0.53
mly_938821073884045_006.png	OFF	0.84
mly_938821073884045_007.png	BLACKUE	0.91
mly_938837180973559_000.png	Bolnica Merkur	0.74
mly_938949726697282_002.png	pbrodošlil	0.75
mly_939993043424287_001.png	30m	0.94
mly_939993043424287_002.png	06-22 h	0.84
mly_940014294688032_001.png	MUJANIC	0.97
mly_940032933451358_000.png	2021	1.00
mly_940032933451358_001.png	05-12	0.89
mly_940032933451358_002.png	16: 49:48	0.85
mly_940032933451358_003.png	039kmh	0.75
mly_940032933451358_004.png	HDR	1.00
mly_940032933451358_006.png	1CH/ UHD	0.55
mly_940374973169742_000.png	MIC OFF /NU	0.70
mly_940400396735629_000.png	RASHLADENA PI	0.44
mly_940400396735629_001.png	COLD DRINKS	0.88
mly_940400396735629_002.png	Mülle	1.00
mly_940400396735629_003.png	M	1.00
mly_940400396735629_004.png	DROGERIJA	0.95
mly_940400396735629_005.png	USPOREDITE NAŠ	1.00
mly_940799366775783_000.png	Javni	0.57
mly_942381266601275_000.png	'P	0.45
mly_942461069823041_000.png	MIC OFF /NU	0.68
mly_942461069823041_002.png	'Zagrebad	0.53
mly_943143390084145_000.png	Auto-0008b'	0.46
mly_943143390084145_002.png	03Zkih	0.45
mly_943143390084145_005.png	BLACKUUE DR750S-ZCHFHD-FHD	0.41
mly_943276019841098_000.png	2021-05-14	0.97
mly_943276019841098_001.png	16:04:57	0.85
mly_943276019841098_002.png	048knh	0.77
mly_943276019841098_003.png	HDR	1.00
mly_943441496489635_001.png	MIC UFF /NU	0.46
mly_9435919066421661_000.png	co	0.55
mly_943668146431971_000.png	MIC OFF /NU	0.45
mly_943876507479876_000.png	Aaba	0.45
mly_944090573087519_002.png	Fanily	0.68
mly_944139559695091_000.png	0	0.59
mly_944576558003799_000.png	P	0.99
mly_944576558003799_001.png	Policrja	0.65
mly_944741016312436_000.png	JOKER	0.99
mly_944950399672352_001.png	Lingu	0.95
mly_945161691452969_000.png	PARTMANI	0.97
mly_945609109442225_001.png	P	0.99
mly_945633397058415_001.png	029knh	0.48
mly_945633397058415_002.png	MIC OFF/NU	0.93
mly_945640496251600_002.png	2017/05/16	0.64
mly_945851429512050_000.png	Sabic	0.50
mly_945901074049528_000.png	Husba	0.40
mly_945942014239542_000.png	01Sknh	0.71
mly_945942014239542_001.png	MIC OFF /NU	0.72
mly_946211240660464_002.png	014knh	0.53
mly_946211240660464_003.png	MIC OFF /NU	0.56
mly_946211240660464_005.png	JM	0.43
mly_946213369447697_000.png	Secni	0.49
mly_946765946153303_004.png	EXCHA	0.96
mly_946915169456841_002.png	2016/12/28	0.85
mly_947193493001534_002.png	2023-07-14 14:06 : 14	0.49
mly_947193493001534_003.png	035kmh	0.56
mly_947193493001534_004.png	MIC OFF	0.49
mly_947742541290931_003.png	TOURS	0.94
mly_947967222412419_000.png	2021-05-12	0.77
mly_947967222412419_001.png	16:50:05	0.91
mly_947967222412419_002.png	03Zkmh	0.41
mly_947967222412419_003.png	HDR	1.00
mly_947967222412419_004.png	BLACKUE   DR9BS	0.70
mly_947967222412419_005.png	1CH/ UHD	0.59
mly_948145135974868_000.png	MIC UFF /NU	0.62
mly_948145135974868_001.png	BLACKUE DR9BOM-ICHUHD	0.49
mly_948395685811610_000.png	ekdini	0.45
mly_948432712665302_000.png	P	0.82
mly_949272708090389_000.png	ŽUJA	0.68
mly_949311892277853_000.png	058knh	0.74
mly_949311892277853_001.png	MIC OFF /NU	0.73
mly_949741087796125_002.png	+21	0.64
mly_949945135773495_000.png	^	0.41
mly_949945135773495_002.png	PEKARA	1.00
mly_949945135773495_004.png	TRANZIT]	0.49
mly_949945135773495_005.png	AUIOL	0.47
mly_950387025771399_000.png	GLU	0.96
mly_950422372387570_000.png	2021	1.00
mly_950422372387570_001.png	05-12 16:50:32	0.92
mly_950422372387570_003.png	HDR	1.00
mly_950576682423643_000.png	Fil	0.88
mly_950656082438568_000.png	JOKEP	0.60
mly_950656082438568_004.png	2 0702	0.59
mly_951100232393911_000.png	2021	1.00
mly_951100232393911_001.png	05-14	0.99
mly_951100232393911_002.png	16:04: 40	0.95
mly_951100232393911_004.png	HDR	1.00
mly_951151048965698_000.png	MARVI	0.87
mly_951176525695605_001.png	HIC OFF /NU	0.75
mly_951277095632404_001.png	DINAMOVI	0.95
mly_951299345630952_001.png	Ja	0.54
mly_951299345630952_002.png	MNIPERJ	0.41
mly_951383329768086_000.png	(HR)	0.94
mly_952054583971207_000.png	ARCHIE	0.97
mly_952054583971207_003.png	DujAm	0.71
mly_952081472310820_000.png	HOIEL	0.95
mly_952157002510316_000.png	auto-0008b	0.55
mly_952157002510316_001.png	2023-07-20	0.65
mly_952157002510316_002.png	13:56:38	0.93
mly_952157002510316_003.png	018kmh	0.48
mly_952157002510316_004.png	MIC OFF	0.56
mly_952157002510316_005.png	BLACKUUE DR750S-ZCHFHD-FHD	0.55
mly_953002622660386_001.png	2023	0.97
mly_953002622660386_002.png	07-14 17:54:12	0.57
mly_953002622660386_004.png	HIC	0.94
mly_953002622660386_005.png	OFF	0.95
mly_953002622660386_006.png	BLACKUUE   DR750S-ZCHFHD-FHD	0.45
mly_953323502956153_001.png	MIC OFF/NU	0.56
mly_954328741843486_002.png	049kmh	0.88
mly_954328741843486_003.png	MIC OFF /NU	0.58
mly_954328741843486_005.png	6	0.62
mly_954514952039574_000.png	0	0.63
mly_954514952039574_001.png	C	0.75
mly_954514952039574_003.png	FAZLA	0.76
mly_954514952039574_004.png	73	0.52
mly_954514952039574_012.png	Pitkica	0.42
mly_954637481936660_000.png	HIC OFF /NU	0.61
mly_954848433397412_000.png	Dre	0.81
mly_954848433397412_002.png	INOMA	1.00
mly_954848433397412_004.png	HOME	1.00
mly_954848433397412_005.png	SUPERDRYS	0.42
mly_954848433397412_006.png	ENGLISH	1.00
mly_955191781907249_000.png	te	1.00
mly_955191781907249_001.png	ma(	0.51
mly_955191781907249_007.png	1360	0.79
mly_955617208315152_000.png	MIC OFF /NU	0.61
mly_955702530374861_001.png	AD RLA N	0.58
mly_956104825792420_000.png	P	0.99
mly_956104825792420_001.png	24	0.93
mly_957098907185195_000.png	TATTOO	0.51
mly_957287068353272_001.png	TOYOTA	1.00
mly_957287068353272_003.png	B	0.99
mly_957287068353272_004.png	U	1.00
mly_957287068353272_005.png	NO	0.58
mly_957969642965761_000.png	ema	0.87
mly_958504716321312_000.png	Ici	0.70
mly_958504716321312_002.png	MIC OFF /NU	0.65
mly_958746784956470_000.png	MIC OFF /NU	0.77
mly_958958011520815_000.png	HIC UFF /NU	0.51
mly_958999274911667_001.png	MIC	0.55
mly_959219448258040_001.png	No	0.77
mly_959219448258040_002.png	1	0.99
mly_959219448258040_004.png	WENJACNICA	0.98
mly_959219448258040_005.png	EXCHANGE	1.00
mly_959219448258040_006.png	CHAN	0.66
mly_959219448258040_007.png	OTKUP	1.00
mly_959219448258040_008.png	) CoMMISSION	0.52
mly_959245101515629_000.png	MIC OFF /NU	0.65
mly_959813341516950_001.png	WC	1.00
mly_959858156517134_000.png	8	0.69
mly_959895973216032_000.png	MAy	0.56
mly_959904889843728_000.png	TISAK	1.00
mly_959904889843728_001.png	TOBACCO	0.79
mly_959904889843728_003.png	Spuddy	0.86
mly_959904889843728_004.png	Jana	1.00
mly_959904889843728_006.png	Jana	0.99
mly_959904889843728_007.png	TISAK	0.92
mly_959904889843728_008.png	Tisak	0.75
mly_960602451352642_000.png	POSTANS	0.96
mly_961145307987490_003.png	243	0.45
mly_961475161254922_000.png	MIC OFF /NU	0.70
mly_961635555224022_000.png	NJE	0.64
mly_961999884611959_001.png	2018/91/20	0.50
mly_962034159186265_001.png	ENERGY	1.00
mly_962034159186265_002.png	CENTAR	1.00
mly_962034159186265_003.png	TEM	0.50
mly_962375734515906_000.png	7	0.67
mly_962397066300834_001.png	telemach	0.67
mly_962397066300834_002.png	kur	1.00
mly_962408561253729_001.png	MOSS	0.61
mly_962408561253729_002.png	fashion	0.50
mly_963128864491545_000.png	Dan	0.97
mly_963128864491545_006.png	Glorua	0.50
mly_963987514283568_000.png	4x4	0.91
mly_964483257627412_001.png	Bik	0.43
mly_966737084095399_000.png	MIC UFF /NU	0.48
mly_966737084095399_001.png	BLACKUE   DR9BOM-1CH UHD	0.47
mly_966905757701680_000.png	Auto-0088b	0.51
mly_966905757701680_002.png	2023-07	0.86
mly_966905757701680_003.png	20	0.74
mly_966905757701680_004.png	13:52:56	0.58
mly_966905757701680_005.png	041knh	0.88
mly_966905757701680_006.png	HIC OFF	0.60
mly_966905757701680_007.png	BLACKUE DR750S-ZCH FHD-FHD	0.46
mly_967002987402844_000.png	KIDS	0.72
mly_967386441440401_001.png	HIC OFF /NU	0.41
mly_967739247311663_000.png	PULD	0.52
mly_967831257767075_000.png	Auto-8008b	0.58
mly_967831257767075_001.png	2023-07-20	0.58
mly_967831257767075_002.png	13:56: 27	0.76
mly_967831257767075_004.png	MIC	0.86
mly_967831257767075_005.png	OFF	0.67
mly_967831257767075_006.png	BLACKWUE	0.60
mly_967831257767075_008.png	FHD	1.00
mly_967992287363058_001.png	NIC	0.45
mly_968916928975865_001.png	Ipt	0.81
mly_969297267160284_001.png	Klovicevi DvoRi	0.46
mly_970293699072415_000.png	KONZC	0.48
mly_970576108843441_001.png	1	0.59
mly_970722033695454_000.png	2021	1.00
mly_970722033695454_001.png	05-14	0.84
mly_970722033695454_005.png	HDR	1.00
mly_970779484041566_000.png	Auto-0008b	0.71
mly_970779484041566_001.png	2023-07*20 13:55	0.44
mly_970779484041566_002.png	46	1.00
mly_970779484041566_003.png	036knv	0.46
mly_970779484041566_005.png	OFF	1.00
mly_970779484041566_006.png	BLACKUUFE	0.60
mly_970779484041566_007.png	DR750S-ZCHFHD-FHD	0.58
mly_970865490320843_000.png	MIC OFF /NU	0.55
mly_971920170014813_000.png	DoK	0.76
mly_971920170014813_001.png	GRIE	0.53
mly_972152142196268_000.png	ERSTE	0.63
mly_972513808550565_000.png	Sift sop	0.64
mly_972513808550565_001.png	Savenirs	0.53
mly_972513808550565_002.png	Mano	0.95
mly_972617504619684_000.png	P	0.91
mly_972617504619684_002.png	CFNTAR	0.93
mly_972617504619684_004.png	PEKARNICA   Dobrojutr	0.48
mly_972617504619684_005.png	erfeind]	0.60
mly_972938746810786_001.png	MIC UFF /NU	0.45
mly_972938746810786_004.png	8	0.49
mly_973041007338877_000.png	Auto 80082	0.44
mly_973041007338877_001.png	2023-07-20 17:89:15	0.49
mly_973041007338877_002.png	039kmh	0.92
mly_973041007338877_003.png	HIC OFF	0.57
mly_973041007338877_004.png	BLACKUE   DR?50S-ZCH FHD-FHD	0.51
mly_973398158019473_000.png	ema	0.99
mly_974073300035954_000.png	KEMOPROM	0.97
mly_974662410103105_000.png	56knh	0.49
mly_974662410103105_001.png	MIC	0.62
mly_975374586564493_000.png	MRHIV	0.65
mly_975673303201769_000.png	te	1.00
mly_975673303201769_001.png	mac	0.98
mly_976116243197439_001.png	2016/12/28	0.64
mly_976480801389375_001.png	NPOS	0.58
mly_977171217669890_000.png	ema	1.00
mly_977878086284894_000.png	30	1.00
mly_977878086284894_001.png	ZONA	0.52
mly_977878086284894_005.png	alca	0.86
mly_978192607150068_001.png	MIC OFF /NU	0.81
mly_978308109728073_001.png	MIC	0.77
mly_978418977920138_000.png	brodomcrkur	0.83
mly_978418977920138_003.png	brodomerkur	0.58
mly_979002260445507_000.png	034ki h	0.48
mly_979002260445507_001.png	MIC OFF /NU	0.64
mly_979884125070912_000.png	Bijei	0.75
mly_980050141261760_001.png	@ 2	0.58
mly_980335776106582_000.png	Oér 0	0.42
mly_980335776106582_001.png	9}	0.52
mly_981050442663008_000.png	2021	1.00
mly_981050442663008_001.png	05-11 17:26: 17	0.63
mly_981050442663008_003.png	HDR	1.00
mly_9815469118495099_000.png	Auto-0008b	0.83
mly_9815469118495099_001.png	2023	0.94
mly_9815469118495099_002.png	07-14	0.91
mly_9815469118495099_003.png	13:56:03	0.57
mly_9815469118495099_005.png	MIC OFF	0.76
mly_9815469118495099_006.png	BLACKUUE DR756S-ZCHFHD-FHD	0.55
mly_982513989450933_000.png	Auto-00086	0.57
mly_982513989450933_002.png	07-20	0.88
mly_982513989450933_003.png	14:08:23	0.78
mly_982513989450933_004.png	014kmh	0.57
mly_982513989450933_005.png	MIC OFF	0.87
mly_982800529157363_000.png	MESNICA	0.99
mly_982800529157363_003.png	STKAR	0.71
mly_982800529157363_005.png	1	0.47
mly_982800529157363_006.png	ZELEMA	0.88
mly_984250476253105_001.png	2023/04/08	0.71
mly_984250476253105_002.png	09 : 16:12	0.79
mly_984567525685195_000.png	8	0.94
mly_984962903201526_001.png	MIC OFF/NU	0.72
mly_985615972185495_000.png	JUB	0.64
mly_985853695897014_006.png	MIC OFF	0.94
mly_985853695897014_007.png	BLACKUUE DR750S-ZCHFHD-FHD	0.52
mly_985977980103159_003.png	03,02	0.54
mly_985977980103159_004.png	ana	0.54
mly_986548686205917_000.png	004kih	0.65
mly_986548686205917_001.png	MIC OFF /NU	0.69
mly_986548686205917_002.png	BLACKUE  DR9BOM-ICHUHD	0.46
mly_986654252527310_000.png	2023/04/08   12:13:09	0.70
mly_988106442745383_002.png	0800 0003	0.57
mly_988326369284450_000.png	Auto-0008b	0.62
mly_988326369284450_001.png	2023-07-20 13:56:39	0.63
mly_988326369284450_003.png	MIC OFF	0.91
mly_988326369284450_004.png	BLACKUUE DR750S-ZCHFHD-FHD	0.69
mly_989142769239122_000.png	2	0.65
mly_989887272649174_000.png	048kih	0.62
mly_989887272649174_001.png	HIC OFF /NU	0.65
mly_989887272649174_002.png	BLACKUE DR9BOM-ICHUHD	0.56
mly_990474901357053_000.png	ALMY	1.00
mly_990474901357053_002.png	AlMY	0.73
mly_990573546521467_003.png	E	0.96
mly_991185223572477_000.png	0 , WINE	0.54
mly_991185223572477_001.png	TOBACCO	0.66
mly_991560988117165_000.png	P56kmh	0.49
mly_991560988117165_001.png	MIC OFE/NU	0.58
mly_992358167963378_000.png	otrepštine	0.88
mly_992388922455333_000.png	013km h	0.48
mly_992388922455333_001.png	MIC OFF /NU	0.63
mly_992594107160137_002.png	"sccondo	0.89
mly_993446445829055_000.png	9	0.90
mly_993446445829055_001.png	04Skmh	0.61
mly_993446445829055_002.png	MIC OFF /NU	0.58
mly_993833908287975_002.png	nuic ba	0.58
mly_993853994486488_000.png	NIC UFF /NU	0.51
mly_993927261145302_001.png	VIP	0.97
mly_994420945585703_001.png	HIC OFF /NU	0.47
mly_994420945585703_002.png	BLACKUE   DR9BOM-1CHUHD	0.46
mly_9961222473962284_000.png	P	0.97
mly_9961222473962284_001.png	P	1.00
mly_9961222473962284_002.png	SPAR	0.58
mly_996216927872767_001.png	0	1.00
mly_996216927872767_006.png	dije ovi	0.86
mly_996216927872767_007.png	QUkreso	0.57
mly_9962611240492527_000.png	Operetaha	0.52
mly_996381806153478_000.png	Anrioue	0.95
mly_996381806153478_003.png	CBI	0.66
mly_997377624132401_001.png	CAMAC, ŠTAPOVI,	0.59
mly_997377624132401_002.png	RiBARENJEi	0.50
mly_997377624132401_003.png	plarma	0.60
mly_997419218266480_000.png	Auto-0008b	0.90
mly_997419218266480_001.png	lecla	0.76
mly_997419218266480_002.png	2023-07-20 13:52:43	0.54
mly_997419218266480_004.png	MIC OFF	0.81
mly_997419218266480_005.png	BLACKUUE DR750S-ZCHFHD-FHD	0.47
mly_997419218266480_006.png	cleda	0.41
