file	source_title	license	artist	url
1._Road_sign_in_Yugoslavia.png	File:1. Road sign in Yugoslavia.png	CC BY-SA 4.0	<a href="//commons.wikimedia.org/w/index.php?title=User:Velikistrumpf&amp;action=edit&amp;redlink=1" class="new" title="	https://upload.wikimedia.org/wikipedia/commons/6/6d/1._Road_sign_in_Yugoslavia.png?utm_source=commons.wikimedia.org&utm_campaign=imageinfo&utm_content=original
2._Road_sign_in_Yugoslavia.png	File:2. Road sign in Yugoslavia.png	CC BY-SA 4.0	<a href="//commons.wikimedia.org/w/index.php?title=User:Velikistrumpf&amp;action=edit&amp;redlink=1" class="new" title="	https://upload.wikimedia.org/wikipedia/commons/1/1a/2._Road_sign_in_Yugoslavia.png?utm_source=commons.wikimedia.org&utm_campaign=imageinfo&utm_content=original
2019_Eyof_sign1.jpg	File:2019 Eyof sign1.jpg	CC BY 4.0	<a href="//commons.wikimedia.org/wiki/User:%C5%A0emsi-begBrankovi%C4%87" title="User:Šemsi-begBranković">Šemsi-begBranko	https://upload.wikimedia.org/wikipedia/commons/1/19/2019_Eyof_sign1.jpg?utm_source=commons.wikimedia.org&utm_campaign=imageinfo&utm_content=original
3._Road_sign_in_Yugoslavia.png	File:3. Road sign in Yugoslavia.png	CC BY-SA 4.0	<a href="//commons.wikimedia.org/w/index.php?title=User:Velikistrumpf&amp;action=edit&amp;redlink=1" class="new" title="	https://upload.wikimedia.org/wikipedia/commons/c/cb/3._Road_sign_in_Yugoslavia.png?utm_source=commons.wikimedia.org&utm_campaign=imageinfo&utm_content=original
3oktobar_vrbanja_most_moreno_locatelli4_(10066878446).jpg	File:3oktobar vrbanja most moreno locatelli4 (10066878446).jpg	CC BY-SA 2.0	<a rel="nofollow" class="external text" href="https://www.flickr.com/people/52213034@N03">OneWorldSEE</a>	https://upload.wikimedia.org/wikipedia/commons/5/59/3oktobar_vrbanja_most_moreno_locatelli4_%2810066878446%29.jpg?utm_source=commons.wikimedia.org&utm_campaign=imageinfo&utm_content=original
4._Road_sign_in_Yugoslavia.png	File:4. Road sign in Yugoslavia.png	CC BY-SA 4.0	<a href="//commons.wikimedia.org/w/index.php?title=User:Velikistrumpf&amp;action=edit&amp;redlink=1" class="new" title="	https://upload.wikimedia.org/wikipedia/commons/5/57/4._Road_sign_in_Yugoslavia.png?utm_source=commons.wikimedia.org&utm_campaign=imageinfo&utm_content=original
5._Road_signs_in_Yugoslavia.png	File:5. Road signs in Yugoslavia.png	CC BY-SA 4.0	<a href="//commons.wikimedia.org/w/index.php?title=User:Velikistrumpf&amp;action=edit&amp;redlink=1" class="new" title="	https://upload.wikimedia.org/wikipedia/commons/9/9a/5._Road_signs_in_Yugoslavia.png?utm_source=commons.wikimedia.org&utm_campaign=imageinfo&utm_content=original
A_plaque_dedicated_to_British_and_Serbian_cooperation,_Banja_Luka.jpg	File:A plaque dedicated to British and Serbian cooperation, Banja Luka.jpg	CC BY-SA 4.0	<table class="toccolours" style="width:100%; margin-top:10px;" cellpadding="2">

<tbody><tr class="plainlinks">
<td alig	https://upload.wikimedia.org/wikipedia/commons/5/5d/A_plaque_dedicated_to_British_and_Serbian_cooperation%2C_Banja_Luka.jpg?utm_source=commons.wikimedia.org&utm_campaign=imageinfo&utm_content=original
Alija_Izetbegovic_Gravestone.JPG	File:Alija Izetbegovic Gravestone.JPG	CC BY-SA 3.0	<a href="//commons.wikimedia.org/wiki/User:J_budissin" title="User:J budissin">Julian Nyča</a>	https://upload.wikimedia.org/wikipedia/commons/3/3d/Alija_Izetbegovic_Gravestone.JPG?utm_source=commons.wikimedia.org&utm_campaign=imageinfo&utm_content=original
Andrićgrad,_Višegrad_018.jpg	File:Andrićgrad, Višegrad 018.jpg	CC BY-SA 4.0	<a href="//commons.wikimedia.org/wiki/User:%D0%92%D0%B0%D0%BD%D0%B8%D0%BB%D0%B8%D1%86%D0%B0" title="User:Ванилица">Ванил	https://upload.wikimedia.org/wikipedia/commons/b/bf/Andri%C4%87grad%2C_Vi%C5%A1egrad_018.jpg?utm_source=commons.wikimedia.org&utm_campaign=imageinfo&utm_content=original
Andrićgrad,_Višegrad_048.jpg	File:Andrićgrad, Višegrad 048.jpg	CC BY-SA 4.0	<a href="//commons.wikimedia.org/wiki/User:%D0%92%D0%B0%D0%BD%D0%B8%D0%BB%D0%B8%D1%86%D0%B0" title="User:Ванилица">Ванил	https://upload.wikimedia.org/wikipedia/commons/1/19/Andri%C4%87grad%2C_Vi%C5%A1egrad_048.jpg?utm_source=commons.wikimedia.org&utm_campaign=imageinfo&utm_content=original
Andrićgrad010.JPG	File:Andrićgrad010.JPG	CC BY-SA 4.0	<a href="//commons.wikimedia.org/wiki/User:IvanaMadzarevic" title="User:IvanaMadzarevic">IvanaMadzarevic</a>	https://upload.wikimedia.org/wikipedia/commons/8/82/Andri%C4%87grad010.JPG?utm_source=commons.wikimedia.org&utm_campaign=imageinfo&utm_content=original
Avtovac,_krávy_na_silnici.jpg	File:Avtovac, krávy na silnici.jpg	CC BY 3.0	I would appreciate <a href="//commons.wikimedia.org/wiki/Special:EmailUser/Aktron" title="Special:EmailUser/Aktron">bein	https://upload.wikimedia.org/wikipedia/commons/2/22/Avtovac%2C_kr%C3%A1vy_na_silnici.jpg?utm_source=commons.wikimedia.org&utm_campaign=imageinfo&utm_content=original
BA_road_sign_III-135.svg	File:BA road sign III-135.svg	CC BY-SA 4.0	<a href="//commons.wikimedia.org/w/index.php?title=User:Gigillo83&amp;action=edit&amp;redlink=1" class="new" title="User	https://upload.wikimedia.org/wikipedia/commons/5/59/BA_road_sign_III-135.svg?utm_source=commons.wikimedia.org&utm_campaign=imageinfo&utm_content=original
BA_road_sign_III-136.svg	File:BA road sign III-136.svg	CC BY-SA 4.0	<a href="//commons.wikimedia.org/w/index.php?title=User:Gigillo83&amp;action=edit&amp;redlink=1" class="new" title="User	https://upload.wikimedia.org/wikipedia/commons/0/02/BA_road_sign_III-136.svg?utm_source=commons.wikimedia.org&utm_campaign=imageinfo&utm_content=original
BA_road_sign_III-137.svg	File:BA road sign III-137.svg	CC BY-SA 4.0	<a href="//commons.wikimedia.org/wiki/User:%E0%B8%A1%E0%B8%AD%E0%B8%87%E0%B9%82%E0%B8%81%E0%B9%80%E0%B8%A5%E0%B8%B5%E0%B	https://upload.wikimedia.org/wikipedia/commons/2/2b/BA_road_sign_III-137.svg?utm_source=commons.wikimedia.org&utm_campaign=imageinfo&utm_content=original
BA_road_sign_III-79.svg	File:BA road sign III-79.svg	CC BY-SA 4.0	<a href="//commons.wikimedia.org/w/index.php?title=User:Gigillo83&amp;action=edit&amp;redlink=1" class="new" title="User	https://upload.wikimedia.org/wikipedia/commons/a/a8/BA_road_sign_III-79.svg?utm_source=commons.wikimedia.org&utm_campaign=imageinfo&utm_content=original
BA_road_sign_III-81.svg	File:BA road sign III-81.svg	CC BY-SA 4.0	<a href="//commons.wikimedia.org/w/index.php?title=User:Gigillo83&amp;action=edit&amp;redlink=1" class="new" title="User	https://upload.wikimedia.org/wikipedia/commons/7/7e/BA_road_sign_III-81.svg?utm_source=commons.wikimedia.org&utm_campaign=imageinfo&utm_content=original
BA_road_sign_III-82.svg	File:BA road sign III-82.svg	CC BY-SA 4.0	<a href="//commons.wikimedia.org/w/index.php?title=User:Gigillo83&amp;action=edit&amp;redlink=1" class="new" title="User	https://upload.wikimedia.org/wikipedia/commons/2/2a/BA_road_sign_III-82.svg?utm_source=commons.wikimedia.org&utm_campaign=imageinfo&utm_content=original
BA_road_sign_III-83.svg	File:BA road sign III-83.svg	CC BY-SA 4.0	<a href="//commons.wikimedia.org/w/index.php?title=User:Gigillo83&amp;action=edit&amp;redlink=1" class="new" title="User	https://upload.wikimedia.org/wikipedia/commons/5/54/BA_road_sign_III-83.svg?utm_source=commons.wikimedia.org&utm_campaign=imageinfo&utm_content=original
BA_road_sign_III-84.1.svg	File:BA road sign III-84.1.svg	CC BY-SA 4.0	<a href="//commons.wikimedia.org/wiki/User_talk:Gigillo83" title="User talk:Gigillo83">Gigillo83</a>	https://upload.wikimedia.org/wikipedia/commons/6/68/BA_road_sign_III-84.1.svg?utm_source=commons.wikimedia.org&utm_campaign=imageinfo&utm_content=original
BA_road_sign_III-84.2.svg	File:BA road sign III-84.2.svg	CC BY-SA 4.0	<a href="//commons.wikimedia.org/w/index.php?title=User:Gigillo83&amp;action=edit&amp;redlink=1" class="new" title="User	https://upload.wikimedia.org/wikipedia/commons/a/ab/BA_road_sign_III-84.2.svg?utm_source=commons.wikimedia.org&utm_campaign=imageinfo&utm_content=original
BA_road_sign_III-85.1.svg	File:BA road sign III-85.1.svg	CC BY-SA 4.0	<a href="//commons.wikimedia.org/w/index.php?title=User:Gigillo83&amp;action=edit&amp;redlink=1" class="new" title="User	https://upload.wikimedia.org/wikipedia/commons/7/7e/BA_road_sign_III-85.1.svg?utm_source=commons.wikimedia.org&utm_campaign=imageinfo&utm_content=original
BA_road_sign_III-85.2.svg	File:BA road sign III-85.2.svg	CC BY-SA 4.0	<a href="//commons.wikimedia.org/w/index.php?title=User:Gigillo83&amp;action=edit&amp;redlink=1" class="new" title="User	https://upload.wikimedia.org/wikipedia/commons/c/c3/BA_road_sign_III-85.2.svg?utm_source=commons.wikimedia.org&utm_campaign=imageinfo&utm_content=original
BA_road_sign_III-86.svg	File:BA road sign III-86.svg	CC BY-SA 4.0	<a href="//commons.wikimedia.org/wiki/User:%E0%B8%A1%E0%B8%AD%E0%B8%87%E0%B9%82%E0%B8%81%E0%B9%80%E0%B8%A5%E0%B8%B5%E0%B	https://upload.wikimedia.org/wikipedia/commons/6/6b/BA_road_sign_III-86.svg?utm_source=commons.wikimedia.org&utm_campaign=imageinfo&utm_content=original
BA_road_sign_III-87.svg	File:BA road sign III-87.svg	CC BY-SA 4.0	<a href="//commons.wikimedia.org/w/index.php?title=User:Gigillo83&amp;action=edit&amp;redlink=1" class="new" title="User	https://upload.wikimedia.org/wikipedia/commons/5/5f/BA_road_sign_III-87.svg?utm_source=commons.wikimedia.org&utm_campaign=imageinfo&utm_content=original
BA_road_sign_III-89.svg	File:BA road sign III-89.svg	CC BY-SA 4.0	<a href="//commons.wikimedia.org/w/index.php?title=User:Gigillo83&amp;action=edit&amp;redlink=1" class="new" title="User	https://upload.wikimedia.org/wikipedia/commons/3/34/BA_road_sign_III-89.svg?utm_source=commons.wikimedia.org&utm_campaign=imageinfo&utm_content=original
BA_road_sign_IV-7.svg	File:BA road sign IV-7.svg	CC BY-SA 4.0	<a href="//commons.wikimedia.org/wiki/User:%E0%B8%A1%E0%B8%AD%E0%B8%87%E0%B9%82%E0%B8%81%E0%B9%80%E0%B8%A5%E0%B8%B5%E0%B	https://upload.wikimedia.org/wikipedia/commons/3/3c/BA_road_sign_IV-7.svg?utm_source=commons.wikimedia.org&utm_campaign=imageinfo&utm_content=original
Banja_Luka_Wikivoyage_banner.png	File:Banja Luka Wikivoyage banner.png	CC BY-SA 3.0	<a href="//commons.wikimedia.org/wiki/User:Tonka" title="User:Tonka">User:Tonka</a>	https://upload.wikimedia.org/wikipedia/commons/6/66/Banja_Luka_Wikivoyage_banner.png?utm_source=commons.wikimedia.org&utm_campaign=imageinfo&utm_content=original
Banja_Luka_Wikivoyage_banner2.jpg	File:Banja Luka Wikivoyage banner2.jpg	CC BY-SA 3.0	<a href="//commons.wikimedia.org/wiki/User:Tonka" title="User:Tonka">User:Tonka</a>	https://upload.wikimedia.org/wikipedia/commons/6/67/Banja_Luka_Wikivoyage_banner2.jpg?utm_source=commons.wikimedia.org&utm_campaign=imageinfo&utm_content=original
BanjalukaPartneriTabla.JPG	File:BanjalukaPartneriTabla.JPG	CC BY-SA 3.0	<a href="https://en.wikipedia.org/wiki/sr:User:SergiPopescou" class="extiw" title="w:sr:User:SergiPopescou">SergiPopesco	https://upload.wikimedia.org/wikipedia/commons/f/f6/BanjalukaPartneriTabla.JPG?utm_source=commons.wikimedia.org&utm_campaign=imageinfo&utm_content=original
Belgrade,_Yugoslavia,_1973_-_newly_installed_parking_meters.jpg	File:Belgrade, Yugoslavia, 1973 - newly installed parking meters.jpg	Public domain	<bdi><a href="https://en.wikipedia.org/wiki/en:Yoichi_Okamoto" class="extiw" title="w:en:Yoichi Okamoto"><span title="Am	https://upload.wikimedia.org/wikipedia/commons/3/36/Belgrade%2C_Yugoslavia%2C_1973_-_newly_installed_parking_meters.jpg?utm_source=commons.wikimedia.org&utm_campaign=imageinfo&utm_content=original
Blagaj,_hrad_pagebanner.jpg	File:Blagaj, hrad pagebanner.jpg	CC BY 3.0	I would appreciate <a href="//commons.wikimedia.org/wiki/Special:EmailUser/Aktron" title="Special:EmailUser/Aktron">bein	https://upload.wikimedia.org/wikipedia/commons/b/b2/Blagaj%2C_hrad_pagebanner.jpg?utm_source=commons.wikimedia.org&utm_campaign=imageinfo&utm_content=original
Blagovac,_2023.02.05.jpg	File:Blagovac, 2023.02.05.jpg	CC BY-SA 4.0	<a href="//commons.wikimedia.org/w/index.php?title=User:Niegodzisie&amp;action=edit&amp;redlink=1" class="new" title="Us	https://upload.wikimedia.org/wikipedia/commons/c/ce/Blagovac%2C_2023.02.05.jpg?utm_source=commons.wikimedia.org&utm_campaign=imageinfo&utm_content=original
Blagovac_plate.jpg	File:Blagovac plate.jpg	CC BY-SA 4.0	<a href="//commons.wikimedia.org/w/index.php?title=User:Niegodzisie&amp;action=edit&amp;redlink=1" class="new" title="Us	https://upload.wikimedia.org/wikipedia/commons/6/67/Blagovac_plate.jpg?utm_source=commons.wikimedia.org&utm_campaign=imageinfo&utm_content=original
Blizanci,_vinohrady.jpg	File:Blizanci, vinohrady.jpg	CC BY 3.0	I would appreciate <a href="//commons.wikimedia.org/wiki/Special:EmailUser/Aktron" title="Special:EmailUser/Aktron">bein	https://upload.wikimedia.org/wikipedia/commons/b/ba/Blizanci%2C_vinohrady.jpg?utm_source=commons.wikimedia.org&utm_campaign=imageinfo&utm_content=original
Board_of_Republika_Srpska.JPG	File:Board of Republika Srpska.JPG	Public domain	<a href="https://de.wikipedia.org/wiki/User:MoserB" class="extiw" title="de:User:MoserB">MoserB</a> at <a class="externa	https://upload.wikimedia.org/wikipedia/commons/d/d1/Board_of_Republika_Srpska.JPG?utm_source=commons.wikimedia.org&utm_campaign=imageinfo&utm_content=original
Bobanova_Draga05812.JPG	File:Bobanova Draga05812.JPG	CC BY-SA 3.0	<a href="//commons.wikimedia.org/wiki/User:Quahadi" title="User:Quahadi">Anto</a> (<a href="//commons.wikimedia.org/wiki	https://upload.wikimedia.org/wikipedia/commons/5/58/Bobanova_Draga05812.JPG?utm_source=commons.wikimedia.org&utm_campaign=imageinfo&utm_content=original
Bobovac_1.jpg	File:Bobovac 1.jpg	CC BY-SA 4.0	<a href="//commons.wikimedia.org/wiki/User:AnToni" title="User:AnToni">AnToni</a>	https://upload.wikimedia.org/wikipedia/commons/4/4b/Bobovac_1.jpg?utm_source=commons.wikimedia.org&utm_campaign=imageinfo&utm_content=original
Bobovac_city_plan_(official_document).jpg	File:Bobovac city plan (official document).jpg	CC BY-SA 4.0	<a href="//commons.wikimedia.org/wiki/User:AnToni" title="User:AnToni">AnToni</a>	https://upload.wikimedia.org/wikipedia/commons/c/c4/Bobovac_city_plan_%28official_document%29.jpg?utm_source=commons.wikimedia.org&utm_campaign=imageinfo&utm_content=original
Borci,_Bosnia_and_Herzegovina.jpg	File:Borci, Bosnia and Herzegovina.jpg	CC BY-SA 4.0	<a href="//commons.wikimedia.org/w/index.php?title=User:Senad.sabovic&amp;action=edit&amp;redlink=1" class="new" title="	https://upload.wikimedia.org/wikipedia/commons/5/5a/Borci%2C_Bosnia_and_Herzegovina.jpg?utm_source=commons.wikimedia.org&utm_campaign=imageinfo&utm_content=original
BosOtoka-most.jpg	File:BosOtoka-most.jpg	Public domain	No machine-readable author provided. <a href="//commons.wikimedia.org/wiki/User:Zumbulka~commonswiki" title="User:Zumbul	https://upload.wikimedia.org/wikipedia/commons/7/7d/BosOtoka-most.jpg?utm_source=commons.wikimedia.org&utm_campaign=imageinfo&utm_content=original
Bosanska_Krupa_(3)_(cropped).jpg	File:Bosanska Krupa (3) (cropped).jpg	CC BY-SA 4.0	<a href="//commons.wikimedia.org/wiki/User:Golden_Bosnian_Lily" title="User:Golden Bosnian Lily">Golden Bosnian Lily</a>	https://upload.wikimedia.org/wikipedia/commons/3/35/Bosanska_Krupa_%283%29_%28cropped%29.jpg?utm_source=commons.wikimedia.org&utm_campaign=imageinfo&utm_content=original
Bosnia_Huskovici_Sign_Trajkovski_Memorial.JPG	File:Bosnia Huskovici Sign Trajkovski Memorial.JPG	CC BY-SA 3.0	<a href="//commons.wikimedia.org/wiki/User:Mazbln" title="User:Mazbln">Mazbln</a>	https://upload.wikimedia.org/wikipedia/commons/7/7e/Bosnia_Huskovici_Sign_Trajkovski_Memorial.JPG?utm_source=commons.wikimedia.org&utm_campaign=imageinfo&utm_content=original
Bosnia_IMG_9558_pale_south.JPG	File:Bosnia IMG 9558 pale south.JPG	CC BY-SA 3.0	<a href="//commons.wikimedia.org/wiki/User:Bjoertvedt" title="User:Bjoertvedt">Bjoertvedt</a>	https://upload.wikimedia.org/wikipedia/commons/7/70/Bosnia_IMG_9558_pale_south.JPG?utm_source=commons.wikimedia.org&utm_campaign=imageinfo&utm_content=original
Bosnia_IMG_9562_srpska_border_sarajevo-pale.JPG	File:Bosnia IMG 9562 srpska border sarajevo-pale.JPG	CC BY-SA 3.0	<a href="//commons.wikimedia.org/wiki/User:Bjoertvedt" title="User:Bjoertvedt">Bjoertvedt</a>	https://upload.wikimedia.org/wikipedia/commons/d/dd/Bosnia_IMG_9562_srpska_border_sarajevo-pale.JPG?utm_source=commons.wikimedia.org&utm_campaign=imageinfo&utm_content=original
Bosnia_and_Herzegovina_Apr-30-2012_106_(7156126146).jpg	File:Bosnia and Herzegovina Apr-30-2012 106 (7156126146).jpg	CC BY 2.0	<a rel="nofollow" class="external text" href="https://www.flickr.com/people/39206951@N08">CJ</a>	https://upload.wikimedia.org/wikipedia/commons/1/18/Bosnia_and_Herzegovina_Apr-30-2012_106_%287156126146%29.jpg?utm_source=commons.wikimedia.org&utm_campaign=imageinfo&utm_content=original
Bosnia_and_Herzegovina_Railroad_Crossbuck.png	File:Bosnia and Herzegovina Railroad Crossbuck.png	CC BY-SA 4.0	<a href="//commons.wikimedia.org/w/index.php?title=User:Devon_Rushing&amp;action=edit&amp;redlink=1" class="new" title="	https://upload.wikimedia.org/wikipedia/commons/4/46/Bosnia_and_Herzegovina_Railroad_Crossbuck.png?utm_source=commons.wikimedia.org&utm_campaign=imageinfo&utm_content=original
Bosnia_and_Herzegovina_WV_banner.jpg	File:Bosnia and Herzegovina WV banner.jpg	CC BY 2.0	<a rel="nofollow" class="external text" href="https://www.flickr.com/people/27813593@N00">Brian Eager</a> from Livno, Bo	https://upload.wikimedia.org/wikipedia/commons/4/44/Bosnia_and_Herzegovina_WV_banner.jpg?utm_source=commons.wikimedia.org&utm_campaign=imageinfo&utm_content=original
Bosnia_and_Herzegovina-02247_(10481287506).jpg	File:Bosnia and Herzegovina-02247 (10481287506).jpg	CC BY-SA 2.0	<bdi><a href="https://www.wikidata.org/wiki/Q122977591" class="extiw" title="d:Q122977591"><span title="photographer">De	https://upload.wikimedia.org/wikipedia/commons/a/a8/Bosnia_and_Herzegovina-02247_%2810481287506%29.jpg?utm_source=commons.wikimedia.org&utm_campaign=imageinfo&utm_content=original
Bosnia_and_Herzegovina_traffic_sign_III-126.png	File:Bosnia and Herzegovina traffic sign III-126.png	CC BY 3.0	<a href="//commons.wikimedia.org/wiki/User:%D0%92%D0%B0%D0%B7%D0%BE%D0%B2%D0%B8%D0%BA110" title="User:Вазовик110">Вазови	https://upload.wikimedia.org/wikipedia/commons/1/15/Bosnia_and_Herzegovina_traffic_sign_III-126.png?utm_source=commons.wikimedia.org&utm_campaign=imageinfo&utm_content=original
Bosnian_Road_Sign.png	File:Bosnian Road Sign.png	CC0	<a href="//commons.wikimedia.org/w/index.php?title=User:DarisTheRoadSign&amp;action=edit&amp;redlink=1" class="new" titl	https://upload.wikimedia.org/wikipedia/commons/5/53/Bosnian_Road_Sign.png?utm_source=commons.wikimedia.org&utm_campaign=imageinfo&utm_content=original
Bosnian_war_collateral.JPG	File:Bosnian war collateral.JPG	CC BY-SA 3.0	<a href="//commons.wikimedia.org/wiki/User:Queerbubbles" title="User:Queerbubbles">Queerbubbles</a>	https://upload.wikimedia.org/wikipedia/commons/c/cc/Bosnian_war_collateral.JPG?utm_source=commons.wikimedia.org&utm_campaign=imageinfo&utm_content=original
Bradina.JPG	File:Bradina.JPG	CC BY-SA 4.0	<a href="//commons.wikimedia.org/wiki/User:Viki%C3%A7izer" title="User:Vikiçizer">Vikiçizer</a>	https://upload.wikimedia.org/wikipedia/commons/6/6e/Bradina.JPG?utm_source=commons.wikimedia.org&utm_campaign=imageinfo&utm_content=original
Brčko_banner.jpg	File:Brčko banner.jpg	CC BY-SA 4.0	<a href="//commons.wikimedia.org/w/index.php?title=User:Desertmountainfox&amp;action=edit&amp;redlink=1" class="new" tit	https://upload.wikimedia.org/wikipedia/commons/7/7a/Br%C4%8Dko_banner.jpg?utm_source=commons.wikimedia.org&utm_campaign=imageinfo&utm_content=original
Buiobuione-Border-between-Bosnia-and_-Herzegovina-and_-Republika_Srpska.jpg	File:Buiobuione-Border-between-Bosnia-and -Herzegovina-and -Republika Srpska.jpg	CC BY-SA 4.0	<a href="//commons.wikimedia.org/wiki/User:Buiobuione" title="User:Buiobuione">Buiobuione</a>	https://upload.wikimedia.org/wikipedia/commons/1/14/Buiobuione-Border-between-Bosnia-and_-Herzegovina-and_-Republika_Srpska.jpg?utm_source=commons.wikimedia.org&utm_campaign=imageinfo&utm_content=original
Bulevar_Mladena_Stojanovica_Banja_Luka.jpg	File:Bulevar Mladena Stojanovica Banja Luka.jpg	CC BY-SA 4.0	Rade Nagraisalović	https://upload.wikimedia.org/wikipedia/commons/a/a2/Bulevar_Mladena_Stojanovica_Banja_Luka.jpg?utm_source=commons.wikimedia.org&utm_campaign=imageinfo&utm_content=original
CIMG4588_(8691636213).jpg	File:CIMG4588 (8691636213).jpg	CC BY 2.0	<a rel="nofollow" class="external text" href="https://www.flickr.com/people/27813593@N00">Brian Eager</a> from Livno, Bo	https://upload.wikimedia.org/wikipedia/commons/4/41/CIMG4588_%288691636213%29.jpg?utm_source=commons.wikimedia.org&utm_campaign=imageinfo&utm_content=original
CIMG4604_(1600x1200)_(8691679105).jpg	File:CIMG4604 (1600x1200) (8691679105).jpg	CC BY 2.0	<a rel="nofollow" class="external text" href="https://www.flickr.com/people/27813593@N00">Brian Eager</a> from Livno, Bo	https://upload.wikimedia.org/wikipedia/commons/9/94/CIMG4604_%281600x1200%29_%288691679105%29.jpg?utm_source=commons.wikimedia.org&utm_campaign=imageinfo&utm_content=original
Celebici.JPG	File:Celebici.JPG	CC BY-SA 4.0	<a href="//commons.wikimedia.org/wiki/User:Viki%C3%A7izer" title="User:Vikiçizer">Vikiçizer</a>	https://upload.wikimedia.org/wikipedia/commons/4/43/Celebici.JPG?utm_source=commons.wikimedia.org&utm_campaign=imageinfo&utm_content=original
Crkva_sv_Mitra_Ravno_04.jpg	File:Crkva sv Mitra Ravno 04.jpg	CC BY 4.0	<a href="//commons.wikimedia.org/wiki/User:MaGa" title="User:MaGa"><font color="Grey"><b>Ma</b></font></a><font color="#	https://upload.wikimedia.org/wikipedia/commons/8/8d/Crkva_sv_Mitra_Ravno_04.jpg?utm_source=commons.wikimedia.org&utm_campaign=imageinfo&utm_content=original
Cyrillic_scratched_out_on_a_road_sign_in_Bosnia.jpg	File:Cyrillic scratched out on a road sign in Bosnia.jpg	CC BY-SA 2.0	<a rel="nofollow" class="external text" href="https://www.flickr.com/people/68877611@N00">Peretz Partensky</a> from San 	https://upload.wikimedia.org/wikipedia/commons/f/fc/Cyrillic_scratched_out_on_a_road_sign_in_Bosnia.jpg?utm_source=commons.wikimedia.org&utm_campaign=imageinfo&utm_content=original
Devetina,_Polish_cemetery_9.jpg	File:Devetina, Polish cemetery 9.jpg	CC BY-SA 4.0	<a href="//commons.wikimedia.org/w/index.php?title=User:Niegodzisie&amp;action=edit&amp;redlink=1" class="new" title="Us	https://upload.wikimedia.org/wikipedia/commons/b/bb/Devetina%2C_Polish_cemetery_9.jpg?utm_source=commons.wikimedia.org&utm_campaign=imageinfo&utm_content=original
Direction_sign_BiH_Autoput_alt01.svg	File:Direction sign BiH Autoput alt01.svg	Public domain	<a href="//commons.wikimedia.org/wiki/User:Rl91" title="User:Rl91">Rl91</a>	https://upload.wikimedia.org/wikipedia/commons/b/b4/Direction_sign_BiH_Autoput_alt01.svg?utm_source=commons.wikimedia.org&utm_campaign=imageinfo&utm_content=original
Direction_sign_BiH_Autoput_alt02.svg	File:Direction sign BiH Autoput alt02.svg	Public domain	<a href="//commons.wikimedia.org/wiki/User:Rl91" title="User:Rl91">Rl91</a>	https://upload.wikimedia.org/wikipedia/commons/2/25/Direction_sign_BiH_Autoput_alt02.svg?utm_source=commons.wikimedia.org&utm_campaign=imageinfo&utm_content=original
Direction_sign_BiH_alt01.svg	File:Direction sign BiH alt01.svg	Public domain	<a href="//commons.wikimedia.org/wiki/User:Rl91" title="User:Rl91">Rl91</a>	https://upload.wikimedia.org/wikipedia/commons/6/6b/Direction_sign_BiH_alt01.svg?utm_source=commons.wikimedia.org&utm_campaign=imageinfo&utm_content=original
Direction_sign_BiH_alt02.svg	File:Direction sign BiH alt02.svg	Public domain	<a href="//commons.wikimedia.org/wiki/User:Rl91" title="User:Rl91">Rl91</a>	https://upload.wikimedia.org/wikipedia/commons/c/c2/Direction_sign_BiH_alt02.svg?utm_source=commons.wikimedia.org&utm_campaign=imageinfo&utm_content=original
Direction_sign_to_Old_city_of_Kljuc.jpg	File:Direction sign to Old city of Kljuc.jpg	CC BY 2.0	<a rel="nofollow" class="external text" href="https://www.flickr.com/people/49984903@N00">Brenda Annerl</a>	https://upload.wikimedia.org/wikipedia/commons/5/54/Direction_sign_to_Old_city_of_Kljuc.jpg?utm_source=commons.wikimedia.org&utm_campaign=imageinfo&utm_content=original
Donji_Svilaj_village_sign.JPG	File:Donji Svilaj village sign.JPG	CC BY-SA 3.0	<table class="toccolours" style="width:100%; margin-top:10px;" cellpadding="2">

<tbody><tr class="plainlinks">
<td alig	https://upload.wikimedia.org/wikipedia/commons/9/96/Donji_Svilaj_village_sign.JPG?utm_source=commons.wikimedia.org&utm_campaign=imageinfo&utm_content=original
Dupovci-Bosna-Hersek.JPG	File:Dupovci-Bosna-Hersek.JPG	CC0	<a href="//commons.wikimedia.org/wiki/User:Viki%C3%A7izer" title="User:Vikiçizer">Vikiçizer</a>	https://upload.wikimedia.org/wikipedia/commons/5/59/Dupovci-Bosna-Hersek.JPG?utm_source=commons.wikimedia.org&utm_campaign=imageinfo&utm_content=original
Džemaludin_Čaušević_Sarajevo.jpg	File:Džemaludin Čaušević Sarajevo.jpg	CC BY 3.0	Vrtleška225	https://upload.wikimedia.org/wikipedia/commons/f/f0/D%C5%BEemaludin_%C4%8Cau%C5%A1evi%C4%87_Sarajevo.jpg?utm_source=commons.wikimedia.org&utm_campaign=imageinfo&utm_content=original
Editing_Wikipedia_Workshop_in_Visegrad_-_76.JPG	File:Editing Wikipedia Workshop in Visegrad - 76.JPG	CC BY-SA 4.0	<a href="//commons.wikimedia.org/wiki/User:%D0%88%D0%B5%D0%BB%D0%B5%D0%BD%D0%B0_%D0%9F%D1%80%D0%BE%D0%B4%D0%B0%D0%BD%D0%	https://upload.wikimedia.org/wikipedia/commons/e/eb/Editing_Wikipedia_Workshop_in_Visegrad_-_76.JPG?utm_source=commons.wikimedia.org&utm_campaign=imageinfo&utm_content=original
Entrance_in_Bosnia_and_Herzegovina_from_Croatia.jpg	File:Entrance in Bosnia and Herzegovina from Croatia.jpg	CC BY-SA 4.0	<a href="//commons.wikimedia.org/wiki/User:Smooth_O" title="User:Smooth O">Smooth_O</a> (<a href="//commons.wikimedia.or	https://upload.wikimedia.org/wikipedia/commons/c/c0/Entrance_in_Bosnia_and_Herzegovina_from_Croatia.jpg?utm_source=commons.wikimedia.org&utm_campaign=imageinfo&utm_content=original
Entrance_to_Bosnia_and_Herzegovina_at_Brod.jpg	File:Entrance to Bosnia and Herzegovina at Brod.jpg	CC BY-SA 2.0	<a rel="nofollow" class="external text" href="https://www.flickr.com/people/51036193@N00">Saskia van de Nieuwenhof</a> f	https://upload.wikimedia.org/wikipedia/commons/9/98/Entrance_to_Bosnia_and_Herzegovina_at_Brod.jpg?utm_source=commons.wikimedia.org&utm_campaign=imageinfo&utm_content=original
Entrance_to_Zenica.jpg	File:Entrance to Zenica.jpg	CC BY-SA 3.0	<a href="//commons.wikimedia.org/w/index.php?title=User:Edin_the&amp;action=edit&amp;redlink=1" class="new" title="User:	https://upload.wikimedia.org/wikipedia/commons/c/cd/Entrance_to_Zenica.jpg?utm_source=commons.wikimedia.org&utm_campaign=imageinfo&utm_content=original
Exit_from_Vrapčići.jpg	File:Exit from Vrapčići.jpg	CC BY-SA 4.0	<a href="//commons.wikimedia.org/wiki/User:Smooth_O" title="User:Smooth O">Smooth_O</a> (<a href="//commons.wikimedia.or	https://upload.wikimedia.org/wikipedia/commons/2/27/Exit_from_Vrap%C4%8Di%C4%87i.jpg?utm_source=commons.wikimedia.org&utm_campaign=imageinfo&utm_content=original
Eyof_2019_sign.jpg	File:Eyof 2019 sign.jpg	CC BY-SA 4.0	<a href="//commons.wikimedia.org/wiki/User:Smooth_O" title="User:Smooth O">Smooth O</a>	https://upload.wikimedia.org/wikipedia/commons/4/4f/Eyof_2019_sign.jpg?utm_source=commons.wikimedia.org&utm_campaign=imageinfo&utm_content=original
Ferhadija_street_sign.jpg	File:Ferhadija street sign.jpg	CC BY-SA 2.0	<a rel="nofollow" class="external text" href="https://www.flickr.com/people/21137616@N03">David Bailey</a> from Pristina	https://upload.wikimedia.org/wikipedia/commons/d/d5/Ferhadija_street_sign.jpg?utm_source=commons.wikimedia.org&utm_campaign=imageinfo&utm_content=original
Folk_history_of_Bosnia_and_Herzegovina.jpg	File:Folk history of Bosnia and Herzegovina.jpg	CC BY-SA 4.0	<a href="//commons.wikimedia.org/w/index.php?title=User:Ezra_Ida&amp;action=edit&amp;redlink=1" class="new" title="User:	https://upload.wikimedia.org/wikipedia/commons/4/44/Folk_history_of_Bosnia_and_Herzegovina.jpg?utm_source=commons.wikimedia.org&utm_campaign=imageinfo&utm_content=original
Foča_banner.jpg	File:Foča banner.jpg	CC BY-SA 4.0	<a href="//commons.wikimedia.org/w/index.php?title=User:Blue_Bird_80&amp;action=edit&amp;redlink=1" class="new" title="U	https://upload.wikimedia.org/wikipedia/commons/b/b6/Fo%C4%8Da_banner.jpg?utm_source=commons.wikimedia.org&utm_campaign=imageinfo&utm_content=original
Gavrilo_Princip_plaque_1960s.png	File:Gavrilo Princip plaque 1960s.png	Public domain	Roland Jansson, press photographer, DN	https://upload.wikimedia.org/wikipedia/commons/6/6e/Gavrilo_Princip_plaque_1960s.png?utm_source=commons.wikimedia.org&utm_campaign=imageinfo&utm_content=original
Gavrilo_Princip_steps_and_plaque.jpg	File:Gavrilo Princip steps and plaque.jpg	CC BY 2.0	<a rel="nofollow" class="external text" href="https://www.flickr.com/people/92968967@N00">xinem</a> from GR, USA	https://upload.wikimedia.org/wikipedia/commons/7/79/Gavrilo_Princip_steps_and_plaque.jpg?utm_source=commons.wikimedia.org&utm_campaign=imageinfo&utm_content=original
Gašnica_(Gradiška).jpg	File:Gašnica (Gradiška).jpg	CC BY-SA 4.0	<a href="//commons.wikimedia.org/wiki/User:PetarM" title="User:PetarM">Petar Milošević</a>	https://upload.wikimedia.org/wikipedia/commons/8/8f/Ga%C5%A1nica_%28Gradi%C5%A1ka%29.jpg?utm_source=commons.wikimedia.org&utm_campaign=imageinfo&utm_content=original
Gobelje_133914.jpg	File:Gobelje 133914.jpg	CC BY-SA 4.0	<a href="//commons.wikimedia.org/w/index.php?title=User:Niegodzisie&amp;action=edit&amp;redlink=1" class="new" title="Us	https://upload.wikimedia.org/wikipedia/commons/f/f4/Gobelje_133914.jpg?utm_source=commons.wikimedia.org&utm_campaign=imageinfo&utm_content=original
Gorazde-Ustikolina_M20_IMG_0605.JPG	File:Gorazde-Ustikolina M20 IMG 0605.JPG	CC BY-SA 4.0	<a href="//commons.wikimedia.org/wiki/User:Bjoertvedt" title="User:Bjoertvedt">Bjoertvedt</a>	https://upload.wikimedia.org/wikipedia/commons/9/98/Gorazde-Ustikolina_M20_IMG_0605.JPG?utm_source=commons.wikimedia.org&utm_campaign=imageinfo&utm_content=original
Goražde_Wikivoyage_pagebanner_(cropped).png	File:Goražde Wikivoyage pagebanner (cropped).png	CC BY-SA 4.0	Door Julian Nyča - Eigen werk, CC BY-SA 4.0, <a class="external free" href="https://commons.wikimedia.org/w/index.php?cu	https://upload.wikimedia.org/wikipedia/commons/7/72/Gora%C5%BEde_Wikivoyage_pagebanner_%28cropped%29.png?utm_source=commons.wikimedia.org&utm_campaign=imageinfo&utm_content=original
Gradnja_palače_Bata_v_Ljubljani,_jeseni_1940,_foto_Miran_Pavlin.png	File:Gradnja palače Bata v Ljubljani, jeseni 1940, foto Miran Pavlin.png	Public domain	<bdi><a href="https://www.wikidata.org/wiki/Q65967591" class="extiw" title="d:Q65967591"><span title="Slovenian photogra	https://upload.wikimedia.org/wikipedia/commons/1/1a/Gradnja_pala%C4%8De_Bata_v_Ljubljani%2C_jeseni_1940%2C_foto_Miran_Pavlin.png?utm_source=commons.wikimedia.org&utm_campaign=imageinfo&utm_content=original
Groblje_Sjekose_(3).jpg	File:Groblje Sjekose (3).jpg	CC BY 3.0	<a href="//commons.wikimedia.org/wiki/User:MaGa" title="User:MaGa"><span style="color: Grey;"><b>Ma</b></span></a><span 	https://upload.wikimedia.org/wikipedia/commons/f/f8/Groblje_Sjekose_%283%29.jpg?utm_source=commons.wikimedia.org&utm_campaign=imageinfo&utm_content=original
Groblje_dede_Lepe_Radić_(očeva_strana_Vojo)_u_Bistrici.jpg	File:Groblje dede Lepe Radić (očeva strana Vojo) u Bistrici.jpg	CC BY-SA 4.0	<a href="//commons.wikimedia.org/wiki/User:PetarM" title="User:PetarM">Petar Milošević</a>	https://upload.wikimedia.org/wikipedia/commons/f/f1/Groblje_dede_Lepe_Radi%C4%87_%28o%C4%8Deva_strana_Vojo%29_u_Bistrici.jpg?utm_source=commons.wikimedia.org&utm_campaign=imageinfo&utm_content=original
Grude-ulaz_zapad01250.jpg	File:Grude-ulaz zapad01250.jpg	CC BY-SA 3.0	<a href="//commons.wikimedia.org/wiki/User:Quahadi" title="User:Quahadi">Anto</a> (<a href="//commons.wikimedia.org/wiki	https://upload.wikimedia.org/wikipedia/commons/c/c5/Grude-ulaz_zapad01250.jpg?utm_source=commons.wikimedia.org&utm_campaign=imageinfo&utm_content=original
HAMZA2024.jpg	File:HAMZA2024.jpg	CC0	<a href="//commons.wikimedia.org/w/index.php?title=User:Edisdj&amp;action=edit&amp;redlink=1" class="new" title="User:Ed	https://upload.wikimedia.org/wikipedia/commons/f/fd/HAMZA2024.jpg?utm_source=commons.wikimedia.org&utm_campaign=imageinfo&utm_content=original
Hastahana_02.jpg	File:Hastahana 02.jpg	CC BY-SA 4.0	<a href="//commons.wikimedia.org/wiki/User:Smooth_O" title="User:Smooth O">Smooth O</a>	https://upload.wikimedia.org/wikipedia/commons/7/7b/Hastahana_02.jpg?utm_source=commons.wikimedia.org&utm_campaign=imageinfo&utm_content=original
Hreša_125713.jpg	File:Hreša 125713.jpg	CC BY-SA 4.0	<a href="//commons.wikimedia.org/w/index.php?title=User:Niegodzisie&amp;action=edit&amp;redlink=1" class="new" title="Us	https://upload.wikimedia.org/wikipedia/commons/8/8b/Hre%C5%A1a_125713.jpg?utm_source=commons.wikimedia.org&utm_campaign=imageinfo&utm_content=original
Hrob_nedzada_ibrisimovice_2015.jpg	File:Hrob nedzada ibrisimovice 2015.jpg	CC BY-SA 4.0	<a href="//commons.wikimedia.org/w/index.php?title=User:Mattan&amp;action=edit&amp;redlink=1" class="new" title="User:Ma	https://upload.wikimedia.org/wikipedia/commons/4/41/Hrob_nedzada_ibrisimovice_2015.jpg?utm_source=commons.wikimedia.org&utm_campaign=imageinfo&utm_content=original
Humacka_ploca_01.jpg	File:Humacka ploca 01.jpg	CC BY 4.0	<a href="//commons.wikimedia.org/wiki/User:MaGa" title="User:MaGa"><font color="Grey"><b>Ma</b></font></a><font color="#	https://upload.wikimedia.org/wikipedia/commons/d/dd/Humacka_ploca_01.jpg?utm_source=commons.wikimedia.org&utm_campaign=imageinfo&utm_content=original
Humacka_ploca_02.png	File:Humacka ploca 02.png	CC BY 4.0	<a href="//commons.wikimedia.org/wiki/User:MaGa" title="User:MaGa"><span style="color: Grey;"><b>Ma</b></span></a><span 	https://upload.wikimedia.org/wikipedia/commons/6/6b/Humacka_ploca_02.png?utm_source=commons.wikimedia.org&utm_campaign=imageinfo&utm_content=original
Info_Atik_džamija.jpg	File:Info Atik džamija.jpg	CC0	<a href="//commons.wikimedia.org/wiki/User:Emin_Tarahija" title="User:Emin Tarahija">Emin Tarahija</a>	https://upload.wikimedia.org/wikipedia/commons/3/31/Info_Atik_d%C5%BEamija.jpg?utm_source=commons.wikimedia.org&utm_campaign=imageinfo&utm_content=original
Information_board_in_Jajce.jpg	File:Information board in Jajce.jpg	CC BY-SA 4.0	<a href="//commons.wikimedia.org/wiki/User:Adam_Harangoz%C3%B3" title="User:Adam Harangozó">Adam Harangozó</a>	https://upload.wikimedia.org/wikipedia/commons/1/1c/Information_board_in_Jajce.jpg?utm_source=commons.wikimedia.org&utm_campaign=imageinfo&utm_content=original
Izlaz_iz_Kupresa01676.jpg	File:Izlaz iz Kupresa01676.jpg	CC BY-SA 3.0	<a href="//commons.wikimedia.org/wiki/User:Quahadi" title="User:Quahadi">Anto</a> (<a href="//commons.wikimedia.org/wiki	https://upload.wikimedia.org/wikipedia/commons/1/1e/Izlaz_iz_Kupresa01676.jpg?utm_source=commons.wikimedia.org&utm_campaign=imageinfo&utm_content=original
Jajce_banner.png	File:Jajce banner.png	CC BY-SA 2.5	Made by Konrad Zielinski, son of <a href="//commons.wikimedia.org/wiki/User:Julo" title="User:Julo">Julo</a>	https://upload.wikimedia.org/wikipedia/commons/6/61/Jajce_banner.png?utm_source=commons.wikimedia.org&utm_campaign=imageinfo&utm_content=original
JuIlijaš2.jpg	File:JuIlijaš2.jpg	CC BY-SA 3.0	<a href="//commons.wikimedia.org/wiki/User:Ziegler175" title="User:Ziegler175">Ziegler175</a>	https://upload.wikimedia.org/wikipedia/commons/f/fd/JuIlija%C5%A12.jpg?utm_source=commons.wikimedia.org&utm_campaign=imageinfo&utm_content=original
Kapelica_i_groblje_sv_Ilije_Pecina_(2).jpg	File:Kapelica i groblje sv Ilije Pecina (2).jpg	CC BY 4.0	<a href="//commons.wikimedia.org/wiki/User:MaGa" title="User:MaGa"><font color="Grey"><b>Ma</b></font></a><font color="#	https://upload.wikimedia.org/wikipedia/commons/2/2c/Kapelica_i_groblje_sv_Ilije_Pecina_%282%29.jpg?utm_source=commons.wikimedia.org&utm_campaign=imageinfo&utm_content=original
Kaursko_groblje_03.jpg	File:Kaursko groblje 03.jpg	CC BY-SA 3.0	<a href="//commons.wikimedia.org/wiki/User:J_budissin" title="User:J budissin">Julian Nyča</a>	https://upload.wikimedia.org/wikipedia/commons/c/cb/Kaursko_groblje_03.jpg?utm_source=commons.wikimedia.org&utm_campaign=imageinfo&utm_content=original
Kazandziluk_09.jpg	File:Kazandziluk 09.jpg	CC BY-SA 4.0	<a href="//commons.wikimedia.org/w/index.php?title=User:11sasapus11&amp;action=edit&amp;redlink=1" class="new" title="Us	https://upload.wikimedia.org/wikipedia/commons/3/3d/Kazandziluk_09.jpg?utm_source=commons.wikimedia.org&utm_campaign=imageinfo&utm_content=original
Kosača-fort-Ljubuški002208.JPG	File:Kosača-fort-Ljubuški002208.JPG	CC BY-SA 3.0	<a href="//commons.wikimedia.org/wiki/User:Quahadi" title="User:Quahadi">Anto</a> (<a href="//commons.wikimedia.org/wiki	https://upload.wikimedia.org/wikipedia/commons/0/08/Kosa%C4%8Da-fort-Ljubu%C5%A1ki002208.JPG?utm_source=commons.wikimedia.org&utm_campaign=imageinfo&utm_content=original
Kosača-fort-Ljubuški02207.JPG	File:Kosača-fort-Ljubuški02207.JPG	CC BY-SA 3.0	<a href="//commons.wikimedia.org/wiki/User:Quahadi" title="User:Quahadi">Anto</a> (<a href="//commons.wikimedia.org/wiki	https://upload.wikimedia.org/wikipedia/commons/2/21/Kosa%C4%8Da-fort-Ljubu%C5%A1ki02207.JPG?utm_source=commons.wikimedia.org&utm_campaign=imageinfo&utm_content=original
Kosača-fort-Ljubuški02209.JPG	File:Kosača-fort-Ljubuški02209.JPG	CC BY-SA 3.0	<a href="//commons.wikimedia.org/wiki/User:Quahadi" title="User:Quahadi">Anto</a> (<a href="//commons.wikimedia.org/wiki	https://upload.wikimedia.org/wikipedia/commons/9/9b/Kosa%C4%8Da-fort-Ljubu%C5%A1ki02209.JPG?utm_source=commons.wikimedia.org&utm_campaign=imageinfo&utm_content=original
Kosača-fort-Ljubuški02210.JPG	File:Kosača-fort-Ljubuški02210.JPG	CC BY-SA 3.0	<a href="//commons.wikimedia.org/wiki/User:Quahadi" title="User:Quahadi">Anto</a> (<a href="//commons.wikimedia.org/wiki	https://upload.wikimedia.org/wikipedia/commons/4/4a/Kosa%C4%8Da-fort-Ljubu%C5%A1ki02210.JPG?utm_source=commons.wikimedia.org&utm_campaign=imageinfo&utm_content=original
Kosača-fort-Ljubuški02211.JPG	File:Kosača-fort-Ljubuški02211.JPG	CC BY-SA 3.0	<a href="//commons.wikimedia.org/wiki/User:Quahadi" title="User:Quahadi">Anto</a> (<a href="//commons.wikimedia.org/wiki	https://upload.wikimedia.org/wikipedia/commons/6/66/Kosa%C4%8Da-fort-Ljubu%C5%A1ki02211.JPG?utm_source=commons.wikimedia.org&utm_campaign=imageinfo&utm_content=original
Kosača-fort-ljubuški02123.JPG	File:Kosača-fort-ljubuški02123.JPG	CC BY-SA 3.0	<a href="//commons.wikimedia.org/wiki/User:Quahadi" title="User:Quahadi">Anto</a> (<a href="//commons.wikimedia.org/wiki	https://upload.wikimedia.org/wikipedia/commons/6/67/Kosa%C4%8Da-fort-ljubu%C5%A1ki02123.JPG?utm_source=commons.wikimedia.org&utm_campaign=imageinfo&utm_content=original
Kotorsko,_odbočka.jpg	File:Kotorsko, odbočka.jpg	CC BY 3.0	I would appreciate <a href="//commons.wikimedia.org/wiki/Special:EmailUser/Aktron" title="Special:EmailUser/Aktron">bein	https://upload.wikimedia.org/wikipedia/commons/4/49/Kotorsko%2C_odbo%C4%8Dka.jpg?utm_source=commons.wikimedia.org&utm_campaign=imageinfo&utm_content=original
Kozara_Banner.JPG	File:Kozara Banner.JPG	CC BY-SA 3.0	<a href="//commons.wikimedia.org/w/index.php?title=User:Darko_Gavric&amp;action=edit&amp;redlink=1" class="new" title="U	https://upload.wikimedia.org/wikipedia/commons/a/a2/Kozara_Banner.JPG?utm_source=commons.wikimedia.org&utm_campaign=imageinfo&utm_content=original
Kozarska_Dubica_-_ulaz.jpg	File:Kozarska Dubica - ulaz.jpg	Public domain	<a href="https://en.wikipedia.org/wiki/sr:User:Milos14" class="extiw" title="w:sr:User:Milos14">Milos14</a> at <a href="	https://upload.wikimedia.org/wikipedia/commons/b/b4/Kozarska_Dubica_-_ulaz.jpg?utm_source=commons.wikimedia.org&utm_campaign=imageinfo&utm_content=original
Kralja_Tvrtka_-_panoramio.jpg	File:Kralja Tvrtka - panoramio.jpg	CC BY 3.0	<a rel="nofollow" class="external text" href="https://web.archive.org/web/20161030122659/http://www.panoramio.com/user/2	https://upload.wikimedia.org/wikipedia/commons/7/7d/Kralja_Tvrtka_-_panoramio.jpg?utm_source=commons.wikimedia.org&utm_campaign=imageinfo&utm_content=original
Kreuzung_bihac_nov_05.JPG	File:Kreuzung bihac nov 05.JPG	CC BY-SA 3.0	Armin Kneip	https://upload.wikimedia.org/wikipedia/commons/7/77/Kreuzung_bihac_nov_05.JPG?utm_source=commons.wikimedia.org&utm_campaign=imageinfo&utm_content=original
Križanje-Vitez09345.JPG	File:Križanje-Vitez09345.JPG	CC BY-SA 3.0	<a href="//commons.wikimedia.org/wiki/User:Quahadi" title="User:Quahadi"><span style="color: Red;"><b>Quahadi</b></span>	https://upload.wikimedia.org/wikipedia/commons/4/47/Kri%C5%BEanje-Vitez09345.JPG?utm_source=commons.wikimedia.org&utm_campaign=imageinfo&utm_content=original
Krunidbeno_mjesto_bosanskih_kraljeva_1.jpg	File:Krunidbeno mjesto bosanskih kraljeva 1.jpg	CC BY-SA 4.0	<a href="//commons.wikimedia.org/wiki/User:Zavi%C4%8Dajac" title="User:Zavičajac">Zavičajac</a>	https://upload.wikimedia.org/wikipedia/commons/3/3f/Krunidbeno_mjesto_bosanskih_kraljeva_1.jpg?utm_source=commons.wikimedia.org&utm_campaign=imageinfo&utm_content=original
Kruševo_Brdo_-_tabla_u_mosta.jpg	File:Kruševo Brdo - tabla u mosta.jpg	CC BY 4.0	<a href="//commons.wikimedia.org/wiki/User:Kahoun" title="User:Kahoun">David Kahoun</a>	https://upload.wikimedia.org/wikipedia/commons/d/de/Kru%C5%A1evo_Brdo_-_tabla_u_mosta.jpg?utm_source=commons.wikimedia.org&utm_campaign=imageinfo&utm_content=original
Kupres-ulaz01715.jpg	File:Kupres-ulaz01715.jpg	CC BY-SA 3.0	<a href="//commons.wikimedia.org/wiki/User:Quahadi" title="User:Quahadi">Anto</a> (<a href="//commons.wikimedia.org/wiki	https://upload.wikimedia.org/wikipedia/commons/9/9e/Kupres-ulaz01715.jpg?utm_source=commons.wikimedia.org&utm_campaign=imageinfo&utm_content=original
Landmine_warning_banner.jpg	File:Landmine warning banner.jpg	CC BY-SA 2.0	<a rel="nofollow" class="external text" href="https://www.flickr.com/people/59442036@N08">William John Gauthier</a>	https://upload.wikimedia.org/wikipedia/commons/b/bf/Landmine_warning_banner.jpg?utm_source=commons.wikimedia.org&utm_campaign=imageinfo&utm_content=original
Ljubuški-ulaz.jpg	File:Ljubuški-ulaz.jpg	CC BY 3.0	<a href="//commons.wikimedia.org/wiki/User:Quahadi" title="User:Quahadi">Anto</a> (<a href="//commons.wikimedia.org/wiki	https://upload.wikimedia.org/wikipedia/commons/2/2b/Ljubu%C5%A1ki-ulaz.jpg?utm_source=commons.wikimedia.org&utm_campaign=imageinfo&utm_content=original
M16_(Bosnien-Herzegowina).jpg	File:M16 (Bosnien-Herzegowina).jpg	CC BY-SA 4.0	<a href="//commons.wikimedia.org/w/index.php?title=User:LAV02&amp;action=edit&amp;redlink=1" class="new" title="User:LAV	https://upload.wikimedia.org/wikipedia/commons/9/97/M16_%28Bosnien-Herzegowina%29.jpg?utm_source=commons.wikimedia.org&utm_campaign=imageinfo&utm_content=original
M2-Neum-DSCN1154.JPG	File:M2-Neum-DSCN1154.JPG	Public domain	<a href="//commons.wikimedia.org/wiki/User:BIL" title="User:BIL">BIL</a>	https://upload.wikimedia.org/wikipedia/commons/9/97/M2-Neum-DSCN1154.JPG?utm_source=commons.wikimedia.org&utm_campaign=imageinfo&utm_content=original
Magribija_01.jpg	File:Magribija 01.jpg	CC BY-SA 4.0	<a href="//commons.wikimedia.org/wiki/User:Smooth_O" title="User:Smooth O">Smooth O</a>	https://upload.wikimedia.org/wikipedia/commons/5/5e/Magribija_01.jpg?utm_source=commons.wikimedia.org&utm_campaign=imageinfo&utm_content=original
Mahala_Inner_Bosnian_Border.JPG	File:Mahala Inner Bosnian Border.JPG	CC BY 3.0	<a href="//commons.wikimedia.org/wiki/User:J_budissin" title="User:J budissin">Julian Nyča</a>	https://upload.wikimedia.org/wikipedia/commons/d/de/Mahala_Inner_Bosnian_Border.JPG?utm_source=commons.wikimedia.org&utm_campaign=imageinfo&utm_content=original
Mariborski_šolarji_na_poti_iz_šole_1956.jpg	File:Mariborski šolarji na poti iz šole 1956.jpg	Public domain	Unknown author<span style="display: none;">Unknown author</span>	https://upload.wikimedia.org/wikipedia/commons/5/50/Mariborski_%C5%A1olarji_na_poti_iz_%C5%A1ole_1956.jpg?utm_source=commons.wikimedia.org&utm_campaign=imageinfo&utm_content=original
Martin_Brod_Street_Sign.jpg	File:Martin Brod Street Sign.jpg	CC BY-SA 3.0	<a href="//commons.wikimedia.org/wiki/User:J_budissin" title="User:J budissin">Julian Nyča</a>	https://upload.wikimedia.org/wikipedia/commons/9/95/Martin_Brod_Street_Sign.jpg?utm_source=commons.wikimedia.org&utm_campaign=imageinfo&utm_content=original
Mate-Boban-street01276.JPG	File:Mate-Boban-street01276.JPG	Public domain	<a href="//commons.wikimedia.org/wiki/User:Quahadi" title="User:Quahadi">Quahadi</a>	https://upload.wikimedia.org/wikipedia/commons/5/5a/Mate-Boban-street01276.JPG?utm_source=commons.wikimedia.org&utm_campaign=imageinfo&utm_content=original
Mate-boban-Grude01277.JPG	File:Mate-boban-Grude01277.JPG	Public domain	<a href="//commons.wikimedia.org/wiki/User:Quahadi" title="User:Quahadi">Quahadi</a>	https://upload.wikimedia.org/wikipedia/commons/9/9c/Mate-boban-Grude01277.JPG?utm_source=commons.wikimedia.org&utm_campaign=imageinfo&utm_content=original
Medjugorge_2.jpg	File:Medjugorge 2.jpg	CC BY-SA 4.0	<a href="//commons.wikimedia.org/wiki/User:LBM1948" title="User:LBM1948">LBM1948</a>	https://upload.wikimedia.org/wikipedia/commons/6/61/Medjugorge_2.jpg?utm_source=commons.wikimedia.org&utm_campaign=imageinfo&utm_content=original
Medjugorje_3.jpg	File:Medjugorje 3.jpg	CC BY-SA 4.0	<a href="//commons.wikimedia.org/wiki/User:LBM1948" title="User:LBM1948">LBM1948</a>	https://upload.wikimedia.org/wikipedia/commons/4/49/Medjugorje_3.jpg?utm_source=commons.wikimedia.org&utm_campaign=imageinfo&utm_content=original
Međugorje_Banner.jpg	File:Međugorje Banner.jpg	CC BY-SA 4.0	<a href="//commons.wikimedia.org/w/index.php?title=User:PiotrGurgul&amp;action=edit&amp;redlink=1" class="new" title="Us	https://upload.wikimedia.org/wikipedia/commons/7/71/Me%C4%91ugorje_Banner.jpg?utm_source=commons.wikimedia.org&utm_campaign=imageinfo&utm_content=original
Mis_Irbina_Street_in_Sarajevo_01.jpg	File:Mis Irbina Street in Sarajevo 01.jpg	CC BY-SA 4.0	<a href="//commons.wikimedia.org/wiki/User:BuhaM" title="User:BuhaM">BuhaM</a>	https://upload.wikimedia.org/wikipedia/commons/a/ac/Mis_Irbina_Street_in_Sarajevo_01.jpg?utm_source=commons.wikimedia.org&utm_campaign=imageinfo&utm_content=original
Mostar,_casco_antiguo_4.jpg	File:Mostar, casco antiguo 4.jpg	CC BY-SA 4.0	<a href="//commons.wikimedia.org/wiki/User:LBM1948" title="User:LBM1948">LBM1948</a>	https://upload.wikimedia.org/wikipedia/commons/1/1e/Mostar%2C_casco_antiguo_4.jpg?utm_source=commons.wikimedia.org&utm_campaign=imageinfo&utm_content=original
Mostar,_casco_antiguo_5.jpg	File:Mostar, casco antiguo 5.jpg	CC BY-SA 4.0	<a href="//commons.wikimedia.org/wiki/User:LBM1948" title="User:LBM1948">LBM1948</a>	https://upload.wikimedia.org/wikipedia/commons/a/ab/Mostar%2C_casco_antiguo_5.jpg?utm_source=commons.wikimedia.org&utm_campaign=imageinfo&utm_content=original
Mostar_Old_Bridge_banner.jpg	File:Mostar Old Bridge banner.jpg	CC BY-SA 2.0	<bdi><a href="https://www.wikidata.org/wiki/Q122977591" class="extiw" title="d:Q122977591"><span title="photographer">De	https://upload.wikimedia.org/wikipedia/commons/b/bc/Mostar_Old_Bridge_banner.jpg?utm_source=commons.wikimedia.org&utm_campaign=imageinfo&utm_content=original
Mostar_banner.jpg	File:Mostar banner.jpg	CC BY-SA 3.0	<ul><li><a href="//commons.wikimedia.org/wiki/File:Mostar_Old_Town_Panorama_2007.jpg" title="File:Mostar Old Town Panora	https://upload.wikimedia.org/wikipedia/commons/4/48/Mostar_banner.jpg?utm_source=commons.wikimedia.org&utm_campaign=imageinfo&utm_content=original
Mostar_bridge_banner.jpg	File:Mostar bridge banner.jpg	CC BY 2.0	Alistair Young <a rel="nofollow" class="external free" href="https://www.flickr.com/photos/ajy/">https://www.flickr.com/	https://upload.wikimedia.org/wikipedia/commons/1/1d/Mostar_bridge_banner.jpg?utm_source=commons.wikimedia.org&utm_campaign=imageinfo&utm_content=original
Mostar_signs.JPG	File:Mostar signs.JPG	CC BY-SA 4.0	<a href="//commons.wikimedia.org/wiki/User:Viki%C3%A7izer" title="User:Vikiçizer">Vikiçizer</a>	https://upload.wikimedia.org/wikipedia/commons/4/42/Mostar_signs.JPG?utm_source=commons.wikimedia.org&utm_campaign=imageinfo&utm_content=original
Nekropola3.jpg	File:Nekropola3.jpg	CC BY-SA 4.0	<a href="//commons.wikimedia.org/w/index.php?title=User:Gifaa5&amp;action=edit&amp;redlink=1" class="new" title="User:Gi	https://upload.wikimedia.org/wikipedia/commons/c/c5/Nekropola3.jpg?utm_source=commons.wikimedia.org&utm_campaign=imageinfo&utm_content=original
Neum_road.jpg	File:Neum road.jpg	CC BY-SA 4.0	<a href="//commons.wikimedia.org/wiki/User:Viki%C3%A7izer" title="User:Vikiçizer">Vikiçizer</a>	https://upload.wikimedia.org/wikipedia/commons/1/15/Neum_road.jpg?utm_source=commons.wikimedia.org&utm_campaign=imageinfo&utm_content=original
Not_Wet,_Bosnia_(3801779595).jpg	File:Not Wet, Bosnia (3801779595).jpg	CC BY-SA 2.0	<a rel="nofollow" class="external text" href="https://www.flickr.com/people/68877611@N00">Peretz Partensky</a> from San 	https://upload.wikimedia.org/wikipedia/commons/f/ff/Not_Wet%2C_Bosnia_%283801779595%29.jpg?utm_source=commons.wikimedia.org&utm_campaign=imageinfo&utm_content=original
Novi_trg_Bihac_(cropped).jpg	File:Novi trg Bihac (cropped).jpg	CC BY 3.0	<a href="https://en.wikipedia.org/wiki/User:FaceOffic" class="extiw" title="en:User:FaceOffic">FaceOffic</a> (<a href="h	https://upload.wikimedia.org/wikipedia/commons/1/17/Novi_trg_Bihac_%28cropped%29.jpg?utm_source=commons.wikimedia.org&utm_campaign=imageinfo&utm_content=original
Novo_Gorazde_Road_Sign.JPG	File:Novo Gorazde Road Sign.JPG	CC BY-SA 4.0	<a href="//commons.wikimedia.org/wiki/User:J_budissin" title="User:J budissin">Julian Nyča</a>	https://upload.wikimedia.org/wikipedia/commons/8/87/Novo_Gorazde_Road_Sign.JPG?utm_source=commons.wikimedia.org&utm_campaign=imageinfo&utm_content=original
Odstranjevanje_tramvajskih_tirov_z_ljubljanskih_ulic_1959.jpg	File:Odstranjevanje tramvajskih tirov z ljubljanskih ulic 1959.jpg	Public domain	Unknown author<span style="display: none;">Unknown author</span>	https://upload.wikimedia.org/wikipedia/commons/3/32/Odstranjevanje_tramvajskih_tirov_z_ljubljanskih_ulic_1959.jpg?utm_source=commons.wikimedia.org&utm_campaign=imageinfo&utm_content=original
Old_Bridge,_Stara_Ćuprija_bridge,_Konjic.jpg	File:Old Bridge, Stara Ćuprija bridge, Konjic.jpg	CC BY-SA 4.0	<a href="//commons.wikimedia.org/wiki/User:Luistxo" title="User:Luistxo">Luistxo Fernandez</a>	https://upload.wikimedia.org/wikipedia/commons/a/ad/Old_Bridge%2C_Stara_%C4%86uprija_bridge%2C_Konjic.jpg?utm_source=commons.wikimedia.org&utm_campaign=imageinfo&utm_content=original
Old_driver's_license_of_Yugoslavia_-_page_26-27.jpg	File:Old driver's license of Yugoslavia - page 26-27.jpg	Public domain	Yugoslavia	https://upload.wikimedia.org/wikipedia/commons/e/e5/Old_driver%27s_license_of_Yugoslavia_-_page_26-27.jpg?utm_source=commons.wikimedia.org&utm_campaign=imageinfo&utm_content=original
OpstinaCelinac.jpg	File:OpstinaCelinac.jpg	Public domain	<a href="//commons.wikimedia.org/w/index.php?title=User:CaffeCelinac&amp;action=edit&amp;redlink=1" class="new" title="U	https://upload.wikimedia.org/wikipedia/commons/b/b9/OpstinaCelinac.jpg?utm_source=commons.wikimedia.org&utm_campaign=imageinfo&utm_content=original
Pešurići_–_cemetery_2.jpg	File:Pešurići – cemetery 2.jpg	CC BY-SA 3.0	<a href="//commons.wikimedia.org/wiki/User:J_budissin" title="User:J budissin">Julian Nyča</a>	https://upload.wikimedia.org/wikipedia/commons/6/6a/Pe%C5%A1uri%C4%87i_%E2%80%93_cemetery_2.jpg?utm_source=commons.wikimedia.org&utm_campaign=imageinfo&utm_content=original
Pešurići_–_cemetery_3.jpg	File:Pešurići – cemetery 3.jpg	CC BY-SA 3.0	<a href="//commons.wikimedia.org/wiki/User:J_budissin" title="User:J budissin">Julian Nyča</a>	https://upload.wikimedia.org/wikipedia/commons/f/f1/Pe%C5%A1uri%C4%87i_%E2%80%93_cemetery_3.jpg?utm_source=commons.wikimedia.org&utm_campaign=imageinfo&utm_content=original
Pešurići_–_cemetery_4.jpg	File:Pešurići – cemetery 4.jpg	CC BY-SA 3.0	<a href="//commons.wikimedia.org/wiki/User:J_budissin" title="User:J budissin">Julian Nyča</a>	https://upload.wikimedia.org/wikipedia/commons/5/54/Pe%C5%A1uri%C4%87i_%E2%80%93_cemetery_4.jpg?utm_source=commons.wikimedia.org&utm_campaign=imageinfo&utm_content=original
Photo-tour_Novi_Grad_-_Participants_13.jpg	File:Photo-tour Novi Grad - Participants 13.jpg	CC BY-SA 4.0	<a href="//commons.wikimedia.org/wiki/User:Bojana_Wiki_PG" title="User:Bojana Wiki PG">Bojana Wiki PG</a>	https://upload.wikimedia.org/wikipedia/commons/e/e8/Photo-tour_Novi_Grad_-_Participants_13.jpg?utm_source=commons.wikimedia.org&utm_campaign=imageinfo&utm_content=original
Ploča_Kulina_bana.jpg	File:Ploča Kulina bana.jpg	CC0	<a href="//commons.wikimedia.org/w/index.php?title=User:Alenmahovic&amp;action=edit&amp;redlink=1" class="new" title="Us	https://upload.wikimedia.org/wikipedia/commons/c/cb/Plo%C4%8Da_Kulina_bana.jpg?utm_source=commons.wikimedia.org&utm_campaign=imageinfo&utm_content=original
Podgreda_–_ruins_01.jpg	File:Podgreda – ruins 01.jpg	CC BY-SA 4.0	<a href="//commons.wikimedia.org/wiki/User:J_budissin" title="User:J budissin">Julian Nyča</a>	https://upload.wikimedia.org/wikipedia/commons/4/41/Podgreda_%E2%80%93_ruins_01.jpg?utm_source=commons.wikimedia.org&utm_campaign=imageinfo&utm_content=original
Pogled_na_Nevesinjsko_polje_i_Velež.jpg	File:Pogled na Nevesinjsko polje i Velež.jpg	CC BY-SA 4.0	<a href="//commons.wikimedia.org/w/index.php?title=User:ASVITIC&amp;action=edit&amp;redlink=1" class="new" title="User:A	https://upload.wikimedia.org/wikipedia/commons/a/ae/Pogled_na_Nevesinjsko_polje_i_Vele%C5%BE.jpg?utm_source=commons.wikimedia.org&utm_campaign=imageinfo&utm_content=original
Prapratnica,_příjezd_do_obce.jpg	File:Prapratnica, příjezd do obce.jpg	CC BY 3.0	I would appreciate <a href="//commons.wikimedia.org/wiki/Special:EmailUser/Aktron" title="Special:EmailUser/Aktron">bein	https://upload.wikimedia.org/wikipedia/commons/6/6a/Prapratnica%2C_p%C5%99%C3%ADjezd_do_obce.jpg?utm_source=commons.wikimedia.org&utm_campaign=imageinfo&utm_content=original
Precrtana_ćirilica,_Sarajevo.jpg	File:Precrtana ćirilica, Sarajevo.jpg	CC BY-SA 4.0	<table class="toccolours" style="width:100%; margin-top:10px;" cellpadding="2">

<tbody><tr class="plainlinks">
<td alig	https://upload.wikimedia.org/wikipedia/commons/0/03/Precrtana_%C4%87irilica%2C_Sarajevo.jpg?utm_source=commons.wikimedia.org&utm_campaign=imageinfo&utm_content=original
Prešernova_cesta_v_Ljubljani,_avgust_1966_(4).jpg	File:Prešernova cesta v Ljubljani, avgust 1966 (4).jpg	Public domain	<bdi><a href="https://www.wikidata.org/wiki/Q35225847" class="extiw" title="d:Q35225847"><span title="photographer">Marj	https://upload.wikimedia.org/wikipedia/commons/7/7c/Pre%C5%A1ernova_cesta_v_Ljubljani%2C_avgust_1966_%284%29.jpg?utm_source=commons.wikimedia.org&utm_campaign=imageinfo&utm_content=original
Privalj-raskrižje08631.JPG	File:Privalj-raskrižje08631.JPG	CC BY-SA 3.0	<a href="//commons.wikimedia.org/wiki/User:Quahadi" title="User:Quahadi">Quahadi</a>	https://upload.wikimedia.org/wikipedia/commons/a/a3/Privalj-raskri%C5%BEje08631.JPG?utm_source=commons.wikimedia.org&utm_campaign=imageinfo&utm_content=original
Putokaz2.jpg	File:Putokaz2.jpg	CC BY-SA 4.0	Rade Nagraisalović	https://upload.wikimedia.org/wikipedia/commons/e/ed/Putokaz2.jpg?utm_source=commons.wikimedia.org&utm_campaign=imageinfo&utm_content=original
Putokaz_za_manastir_Krupu.jpg	File:Putokaz za manastir Krupu.jpg	CC BY-SA 4.0	Rade Nagraisalović	https://upload.wikimedia.org/wikipedia/commons/f/ff/Putokaz_za_manastir_Krupu.jpg?utm_source=commons.wikimedia.org&utm_campaign=imageinfo&utm_content=original
Radmilja_2.jpg	File:Radmilja 2.jpg	CC BY-SA 3.0	<a href="//commons.wikimedia.org/wiki/User:Bizutage" title="User:Bizutage">Bizutage</a>	https://upload.wikimedia.org/wikipedia/commons/d/d3/Radmilja_2.jpg?utm_source=commons.wikimedia.org&utm_campaign=imageinfo&utm_content=original
Razglednica_Maribora_1963.jpg	File:Razglednica Maribora 1963.jpg	Public domain	Unknown author<span style="display: none;">Unknown author</span>	https://upload.wikimedia.org/wikipedia/commons/1/16/Razglednica_Maribora_1963.jpg?utm_source=commons.wikimedia.org&utm_campaign=imageinfo&utm_content=original
Repúblika_Srpska_(33219967290).jpg	File:Repúblika Srpska (33219967290).jpg	CC BY 2.0	<a rel="nofollow" class="external text" href="https://www.flickr.com/people/68937570@N00">Javier Leiva</a> from Vic, Bar	https://upload.wikimedia.org/wikipedia/commons/9/95/Rep%C3%BAblika_Srpska_%2833219967290%29.jpg?utm_source=commons.wikimedia.org&utm_campaign=imageinfo&utm_content=original
Rijeka_bosna.JPG	File:Rijeka bosna.JPG	CC BY-SA 4.0	<a href="//commons.wikimedia.org/wiki/User:Viki%C3%A7izer" title="User:Vikiçizer">Vikiçizer</a>	https://upload.wikimedia.org/wikipedia/commons/7/7e/Rijeka_bosna.JPG?utm_source=commons.wikimedia.org&utm_campaign=imageinfo&utm_content=original
Road_Sign_Mostar_Entry.jpg	File:Road Sign Mostar Entry.jpg	CC BY-SA 4.0	<a href="//commons.wikimedia.org/w/index.php?title=User:Crv&amp;action=edit&amp;redlink=1" class="new" title="User:Crv (	https://upload.wikimedia.org/wikipedia/commons/1/1a/Road_Sign_Mostar_Entry.jpg?utm_source=commons.wikimedia.org&utm_campaign=imageinfo&utm_content=original
Road_bridge_-_panoramio_(1445).jpg	File:Road bridge - panoramio (1445).jpg	CC BY 3.0	<a rel="nofollow" class="external text" href="https://web.archive.org/web/20161016191828/http://www.panoramio.com/user/3	https://upload.wikimedia.org/wikipedia/commons/2/22/Road_bridge_-_panoramio_%281445%29.jpg?utm_source=commons.wikimedia.org&utm_campaign=imageinfo&utm_content=original
Road_sign_before_a_roundabout_in_Dubrave_Gornje,_Živinice,_BIH_(2019).jpg	File:Road sign before a roundabout in Dubrave Gornje, Živinice, BIH (2019).jpg	CC BY-SA 4.0	<a href="//commons.wikimedia.org/wiki/User:Sebleouf" title="User:Sebleouf">Sebleouf</a>	https://upload.wikimedia.org/wikipedia/commons/7/77/Road_sign_before_a_roundabout_in_Dubrave_Gornje%2C_%C5%BDivinice%2C_BIH_%282019%29.jpg?utm_source=commons.wikimedia.org&utm_campaign=imageinfo&utm_content=original
Road_signs,_Sarajevo.jpg	File:Road signs, Sarajevo.jpg	CC BY-SA 3.0	<a href="//commons.wikimedia.org/wiki/User:Smooth_O" title="User:Smooth O">Smooth_O</a> (<a href="//commons.wikimedia.or	https://upload.wikimedia.org/wikipedia/commons/f/f0/Road_signs%2C_Sarajevo.jpg?utm_source=commons.wikimedia.org&utm_campaign=imageinfo&utm_content=original
Road_to_Baljevac_-_panoramio.jpg	File:Road to Baljevac - panoramio.jpg	CC BY 3.0	<a rel="nofollow" class="external text" href="https://web.archive.org/web/20161017144626/http://www.panoramio.com/user/1	https://upload.wikimedia.org/wikipedia/commons/a/af/Road_to_Baljevac_-_panoramio.jpg?utm_source=commons.wikimedia.org&utm_campaign=imageinfo&utm_content=original
Rušenje_starega_Hotela_Slon_leta_1937.jpg	File:Rušenje starega Hotela Slon leta 1937.jpg	Public domain	<bdi><a href="https://www.wikidata.org/wiki/Q30304490" class="extiw" title="d:Q30304490">Peter Naglič</a></bdi>	https://upload.wikimedia.org/wikipedia/commons/7/7e/Ru%C5%A1enje_starega_Hotela_Slon_leta_1937.jpg?utm_source=commons.wikimedia.org&utm_campaign=imageinfo&utm_content=original
Sarajevo_201102_(5456726770).jpg	File:Sarajevo 201102 (5456726770).jpg	CC BY-SA 2.0	<a rel="nofollow" class="external text" href="https://www.flickr.com/people/63004467@N00">Dayou_X</a> from Kawasaki, Jap	https://upload.wikimedia.org/wikipedia/commons/4/46/Sarajevo_201102_%285456726770%29.jpg?utm_source=commons.wikimedia.org&utm_campaign=imageinfo&utm_content=original
Sarajevo_Bijela_Tabija_banner.jpg	File:Sarajevo Bijela Tabija banner.jpg	CC BY 3.0	I would appreciate <a href="//commons.wikimedia.org/wiki/Special:EmailUser/Aktron" title="Special:EmailUser/Aktron">bein	https://upload.wikimedia.org/wikipedia/commons/3/3a/Sarajevo_Bijela_Tabija_banner.jpg?utm_source=commons.wikimedia.org&utm_campaign=imageinfo&utm_content=original
Sarajevo_Bosnie_Herzegovine_O_(137558147).jpeg	File:Sarajevo Bosnie Herzegovine O (137558147).jpeg	CC BY 3.0	<div class="fn value">
<a rel="nofollow" class="external text" href="https://500px.com/sergentsarah">Sarah Wattouat</a><	https://upload.wikimedia.org/wikipedia/commons/3/3f/Sarajevo_Bosnie_Herzegovine_O_%28137558147%29.jpeg?utm_source=commons.wikimedia.org&utm_campaign=imageinfo&utm_content=original
Sarajevo_Dr-Fetaha-Becirbegovica_2011-11-03_(3).jpg	File:Sarajevo Dr-Fetaha-Becirbegovica 2011-11-03 (3).jpg	CC BY-SA 4.0	<a href="//commons.wikimedia.org/wiki/User:My-wiki-photos" title="User:My-wiki-photos">Milan Suvajac</a>	https://upload.wikimedia.org/wikipedia/commons/2/25/Sarajevo_Dr-Fetaha-Becirbegovica_2011-11-03_%283%29.jpg?utm_source=commons.wikimedia.org&utm_campaign=imageinfo&utm_content=original
Sarajevo_May_2020_04.jpg	File:Sarajevo May 2020 04.jpg	CC BY-SA 4.0	<a href="//commons.wikimedia.org/wiki/User:Smooth_O" title="User:Smooth O">Smooth O</a>	https://upload.wikimedia.org/wikipedia/commons/4/49/Sarajevo_May_2020_04.jpg?utm_source=commons.wikimedia.org&utm_campaign=imageinfo&utm_content=original
Sarajevo_May_2020_08.jpg	File:Sarajevo May 2020 08.jpg	CC BY-SA 4.0	<a href="//commons.wikimedia.org/wiki/User:Smooth_O" title="User:Smooth O">Smooth O</a>	https://upload.wikimedia.org/wikipedia/commons/f/fa/Sarajevo_May_2020_08.jpg?utm_source=commons.wikimedia.org&utm_campaign=imageinfo&utm_content=original
Sarajevo_May_2020_16.jpg	File:Sarajevo May 2020 16.jpg	CC BY-SA 4.0	<a href="//commons.wikimedia.org/wiki/User:Smooth_O" title="User:Smooth O">Smooth O</a>	https://upload.wikimedia.org/wikipedia/commons/8/86/Sarajevo_May_2020_16.jpg?utm_source=commons.wikimedia.org&utm_campaign=imageinfo&utm_content=original
Sarajevo_Mehmed_Spaho_Gravestone.JPG	File:Sarajevo Mehmed Spaho Gravestone.JPG	CC BY-SA 3.0	<a href="//commons.wikimedia.org/wiki/User:J_budissin" title="User:J budissin">Julian Nyča</a>	https://upload.wikimedia.org/wikipedia/commons/d/de/Sarajevo_Mehmed_Spaho_Gravestone.JPG?utm_source=commons.wikimedia.org&utm_campaign=imageinfo&utm_content=original
Sarajevo_Old_Orthodox_Church_Glagolitic_Stone.JPG	File:Sarajevo Old Orthodox Church Glagolitic Stone.JPG	CC BY-SA 4.0	<a href="//commons.wikimedia.org/wiki/User:Dans" title="User:Dans">Dans</a>	https://upload.wikimedia.org/wikipedia/commons/5/5d/Sarajevo_Old_Orthodox_Church_Glagolitic_Stone.JPG?utm_source=commons.wikimedia.org&utm_campaign=imageinfo&utm_content=original
Sarajevo_Visit_(6097600384).jpg	File:Sarajevo Visit (6097600384).jpg	CC BY-SA 2.0	<a rel="nofollow" class="external text" href="https://www.flickr.com/people/21137616@N03">David Bailey</a> from Laktasi,	https://upload.wikimedia.org/wikipedia/commons/6/68/Sarajevo_Visit_%286097600384%29.jpg?utm_source=commons.wikimedia.org&utm_campaign=imageinfo&utm_content=original
Sarajevo_Visit_(6098792275).jpg	File:Sarajevo Visit (6098792275).jpg	CC BY-SA 2.0	<a rel="nofollow" class="external text" href="https://www.flickr.com/people/21137616@N03">David Bailey</a> from Laktasi,	https://upload.wikimedia.org/wikipedia/commons/7/72/Sarajevo_Visit_%286098792275%29.jpg?utm_source=commons.wikimedia.org&utm_campaign=imageinfo&utm_content=original
Sarajevo_banner.jpg	File:Sarajevo banner.jpg	CC BY 3.0	I would appreciate <a href="//commons.wikimedia.org/wiki/Special:EmailUser/Aktron" title="Special:EmailUser/Aktron">bein	https://upload.wikimedia.org/wikipedia/commons/4/4a/Sarajevo_banner.jpg?utm_source=commons.wikimedia.org&utm_campaign=imageinfo&utm_content=original
Sarajevo,_Bistrik,_označení_ulice.jpg	File:Sarajevo, Bistrik, označení ulice.jpg	CC BY 3.0	I would appreciate <a href="//commons.wikimedia.org/wiki/Special:EmailUser/Aktron" title="Special:EmailUser/Aktron">bein	https://upload.wikimedia.org/wikipedia/commons/b/b4/Sarajevo%2C_Bistrik%2C_ozna%C4%8Den%C3%AD_ulice.jpg?utm_source=commons.wikimedia.org&utm_campaign=imageinfo&utm_content=original
Sarajevo,_roh_ulice.jpg	File:Sarajevo, roh ulice.jpg	CC BY 3.0	I would appreciate <a href="//commons.wikimedia.org/wiki/Special:EmailUser/Aktron" title="Special:EmailUser/Aktron">bein	https://upload.wikimedia.org/wikipedia/commons/7/75/Sarajevo%2C_roh_ulice.jpg?utm_source=commons.wikimedia.org&utm_campaign=imageinfo&utm_content=original
Sarajevo-banner1.jpg	File:Sarajevo-banner1.jpg	CC BY-SA 4.0	<a href="//commons.wikimedia.org/wiki/User:Atsirlin" title="User:Atsirlin">Atsirlin</a>	https://upload.wikimedia.org/wikipedia/commons/0/00/Sarajevo-banner1.jpg?utm_source=commons.wikimedia.org&utm_campaign=imageinfo&utm_content=original
Sarajevo-banner2.jpg	File:Sarajevo-banner2.jpg	CC BY-SA 4.0	<a href="//commons.wikimedia.org/wiki/User:Atsirlin" title="User:Atsirlin">Atsirlin</a>	https://upload.wikimedia.org/wikipedia/commons/4/46/Sarajevo-banner2.jpg?utm_source=commons.wikimedia.org&utm_campaign=imageinfo&utm_content=original
Sarajevo-banner3.jpg	File:Sarajevo-banner3.jpg	CC BY-SA 3.0	<a rel="nofollow" class="external text" href="https://www.panoramio.com/user/1545900?with_photo_id=59951750">AwOiSoAk Ka	https://upload.wikimedia.org/wikipedia/commons/6/65/Sarajevo-banner3.jpg?utm_source=commons.wikimedia.org&utm_campaign=imageinfo&utm_content=original
Sarajevo_memorial_plaque_1930s.jpg	File:Sarajevo memorial plaque 1930s.jpg	Public domain	Sarajevo archival photo	https://upload.wikimedia.org/wikipedia/commons/f/f6/Sarajevo_memorial_plaque_1930s.jpg?utm_source=commons.wikimedia.org&utm_campaign=imageinfo&utm_content=original
Sarajevo_road_M-a8_IMG_1166.JPG	File:Sarajevo road M-a8 IMG 1166.JPG	CC BY-SA 3.0	<a href="//commons.wikimedia.org/wiki/User:Bjoertvedt" title="User:Bjoertvedt">Bjoertvedt</a>	https://upload.wikimedia.org/wikipedia/commons/9/99/Sarajevo_road_M-a8_IMG_1166.JPG?utm_source=commons.wikimedia.org&utm_campaign=imageinfo&utm_content=original
Sarajevo_–_Bistrik_station_2018_1.jpg	File:Sarajevo – Bistrik station 2018 1.jpg	CC BY-SA 3.0	<a href="//commons.wikimedia.org/wiki/User:J_budissin" title="User:J budissin">Julian Nyča</a>	https://upload.wikimedia.org/wikipedia/commons/e/ed/Sarajevo_%E2%80%93_Bistrik_station_2018_1.jpg?utm_source=commons.wikimedia.org&utm_campaign=imageinfo&utm_content=original
Sarajevo_–_Gravestone_Safvet_beg_Bašagić.jpg	File:Sarajevo – Gravestone Safvet beg Bašagić.jpg	CC BY-SA 3.0	<a href="//commons.wikimedia.org/wiki/User:J_budissin" title="User:J budissin">Julian Nyča</a>	https://upload.wikimedia.org/wikipedia/commons/3/34/Sarajevo_%E2%80%93_Gravestone_Safvet_beg_Ba%C5%A1agi%C4%87.jpg?utm_source=commons.wikimedia.org&utm_campaign=imageinfo&utm_content=original
Sarajevo_–_Trebević_Sign.jpg	File:Sarajevo – Trebević Sign.jpg	CC BY-SA 3.0	<a href="//commons.wikimedia.org/wiki/User:J_budissin" title="User:J budissin">Julian Nyča</a>	https://upload.wikimedia.org/wikipedia/commons/e/ed/Sarajevo_%E2%80%93_Trebevi%C4%87_Sign.jpg?utm_source=commons.wikimedia.org&utm_campaign=imageinfo&utm_content=original
Skretanje_za_Amhiće09277.JPG	File:Skretanje za Amhiće09277.JPG	CC BY-SA 3.0	<a href="//commons.wikimedia.org/wiki/User:Quahadi" title="User:Quahadi"><span style="color: Red;"><b>Quahadi</b></span>	https://upload.wikimedia.org/wikipedia/commons/9/9e/Skretanje_za_Amhi%C4%87e09277.JPG?utm_source=commons.wikimedia.org&utm_campaign=imageinfo&utm_content=original
Skretanje_za_Brkiće,Ljubuški310141.JPG	File:Skretanje za Brkiće,Ljubuški310141.JPG	CC BY-SA 3.0	<a href="//commons.wikimedia.org/wiki/User:Quahadi" title="User:Quahadi"><span style="color: Red;"><b>Quahadi</b></span>	https://upload.wikimedia.org/wikipedia/commons/a/a6/Skretanje_za_Brki%C4%87e%2CLjubu%C5%A1ki310141.JPG?utm_source=commons.wikimedia.org&utm_campaign=imageinfo&utm_content=original
Skretanje_za_Cerov_Dolac310138.JPG	File:Skretanje za Cerov Dolac310138.JPG	CC BY-SA 3.0	<a href="//commons.wikimedia.org/wiki/User:Quahadi" title="User:Quahadi"><span style="color: Red;"><b>Quahadi</b></span>	https://upload.wikimedia.org/wikipedia/commons/1/13/Skretanje_za_Cerov_Dolac310138.JPG?utm_source=commons.wikimedia.org&utm_campaign=imageinfo&utm_content=original
Skretanje_za_Tihaljinu_i_Drinovce,Sovići,_Grude90342.JPG	File:Skretanje za Tihaljinu i Drinovce,Sovići, Grude90342.JPG	CC BY-SA 3.0	<a href="//commons.wikimedia.org/wiki/User:Quahadi" title="User:Quahadi"><span style="color: Red;"><b>Quahadi</b></span>	https://upload.wikimedia.org/wikipedia/commons/c/c9/Skretanje_za_Tihaljinu_i_Drinovce%2CSovi%C4%87i%2C_Grude90342.JPG?utm_source=commons.wikimedia.org&utm_campaign=imageinfo&utm_content=original
Skretanje_za_Tihaljinu_i_Drinovce,u_Sovićima02271.JPG	File:Skretanje za Tihaljinu i Drinovce,u Sovićima02271.JPG	CC BY-SA 3.0	<a href="//commons.wikimedia.org/wiki/User:Quahadi" title="User:Quahadi"><span style="color: Red;"><b>Quahadi</b></span>	https://upload.wikimedia.org/wikipedia/commons/5/5a/Skretanje_za_Tihaljinu_i_Drinovce%2Cu_Sovi%C4%87ima02271.JPG?utm_source=commons.wikimedia.org&utm_campaign=imageinfo&utm_content=original
Srebrenica_banner_-_Potočari_Memorial_Center.jpg	File:Srebrenica banner - Potočari Memorial Center.jpg	Public domain	Maurits90, cropped by Jjtkk	https://upload.wikimedia.org/wikipedia/commons/0/0d/Srebrenica_banner_-_Poto%C4%8Dari_Memorial_Center.jpg?utm_source=commons.wikimedia.org&utm_campaign=imageinfo&utm_content=original
Stari_grad_Vratnik_mapa.jpg	File:Stari grad Vratnik mapa.jpg	CC BY-SA 4.0	<a href="//commons.wikimedia.org/wiki/User:BiHVolim" title="User:BiHVolim">BiHVolim</a>	https://upload.wikimedia.org/wikipedia/commons/c/c7/Stari_grad_Vratnik_mapa.jpg?utm_source=commons.wikimedia.org&utm_campaign=imageinfo&utm_content=original
Stari_grad_Vratnik_mapa_(cropped).jpg	File:Stari grad Vratnik mapa (cropped).jpg	CC BY-SA 4.0	<a href="//commons.wikimedia.org/wiki/User:BiHVolim" title="User:BiHVolim">BiHVolim</a>	https://upload.wikimedia.org/wikipedia/commons/f/f5/Stari_grad_Vratnik_mapa_%28cropped%29.jpg?utm_source=commons.wikimedia.org&utm_campaign=imageinfo&utm_content=original
Staro_Rudo_Cemetery.JPG	File:Staro Rudo Cemetery.JPG	CC BY-SA 4.0	<a href="//commons.wikimedia.org/wiki/User:J_budissin" title="User:J budissin">Julian Nyča</a>	https://upload.wikimedia.org/wikipedia/commons/2/20/Staro_Rudo_Cemetery.JPG?utm_source=commons.wikimedia.org&utm_campaign=imageinfo&utm_content=original
Stecak_Orah.JPG	File:Stecak Orah.JPG	CC BY-SA 3.0	<a href="//commons.wikimedia.org/w/index.php?title=User:Alex1971&amp;action=edit&amp;redlink=1" class="new" title="User:	https://upload.wikimedia.org/wikipedia/commons/a/a5/Stecak_Orah.JPG?utm_source=commons.wikimedia.org&utm_campaign=imageinfo&utm_content=original
Stecak_Zaplanik.JPG	File:Stecak Zaplanik.JPG	CC BY-SA 3.0	<a href="//commons.wikimedia.org/w/index.php?title=User:Alex1971&amp;action=edit&amp;redlink=1" class="new" title="User:	https://upload.wikimedia.org/wikipedia/commons/b/b9/Stecak_Zaplanik.JPG?utm_source=commons.wikimedia.org&utm_campaign=imageinfo&utm_content=original
Stecak_with_spiral_decoration_at_Bijambare_necropolis.jpg	File:Stecak with spiral decoration at Bijambare necropolis.jpg	CC BY 4.0	<a href="//commons.wikimedia.org/wiki/User:Bosancica_by_MK" title="User:Bosancica by MK">Bosancica by MK</a>	https://upload.wikimedia.org/wikipedia/commons/4/44/Stecak_with_spiral_decoration_at_Bijambare_necropolis.jpg?utm_source=commons.wikimedia.org&utm_campaign=imageinfo&utm_content=original
Stecci_necropolis_in_Bijambare_-_general_view.jpg	File:Stecci necropolis in Bijambare - general view.jpg	CC BY 4.0	<a href="//commons.wikimedia.org/wiki/User:Bosancica_by_MK" title="User:Bosancica by MK">Bosancica by MK</a>	https://upload.wikimedia.org/wikipedia/commons/f/ff/Stecci_necropolis_in_Bijambare_-_general_view.jpg?utm_source=commons.wikimedia.org&utm_campaign=imageinfo&utm_content=original
Stećak,_Šabići.jpg	File:Stećak, Šabići.jpg	CC BY 3.0	<a rel="nofollow" class="external text" href="https://web.archive.org/web/20161104230812/http://www.panoramio.com/user/5	https://upload.wikimedia.org/wikipedia/commons/a/ad/Ste%C4%87ak%2C_%C5%A0abi%C4%87i.jpg?utm_source=commons.wikimedia.org&utm_campaign=imageinfo&utm_content=original
Stećak_Pošijak.JPG	File:Stećak Pošijak.JPG	Public domain	<a href="https://sr.wikipedia.org/wiki/%D0%9A%D0%BE%D1%80%D0%B8%D1%81%D0%BD%D0%B8%D0%BA:BosnaSRB_RS" class="extiw" title	https://upload.wikimedia.org/wikipedia/commons/b/b6/Ste%C4%87ak_Po%C5%A1ijak.JPG?utm_source=commons.wikimedia.org&utm_campaign=imageinfo&utm_content=original
Stećak_groblje_Grahovčići09755.JPG	File:Stećak groblje Grahovčići09755.JPG	CC BY-SA 3.0	<a href="//commons.wikimedia.org/wiki/User:Quahadi" title="User:Quahadi"><span style="color: Red;"><b>Quahadi</b></span>	https://upload.wikimedia.org/wikipedia/commons/c/cf/Ste%C4%87ak_groblje_Grahov%C4%8Di%C4%87i09755.JPG?utm_source=commons.wikimedia.org&utm_campaign=imageinfo&utm_content=original
Stećak_mač_iz_kamena.jpg	File:Stećak mač iz kamena.jpg	CC BY-SA 4.0	<a href="//commons.wikimedia.org/w/index.php?title=User:Kojic.m&amp;action=edit&amp;redlink=1" class="new" title="User:K	https://upload.wikimedia.org/wikipedia/commons/b/b0/Ste%C4%87ak_ma%C4%8D_iz_kamena.jpg?utm_source=commons.wikimedia.org&utm_campaign=imageinfo&utm_content=original
Stećak_na_Ladojevom_Grebu.jpg	File:Stećak na Ladojevom Grebu.jpg	CC BY-SA 4.0	<a href="//commons.wikimedia.org/wiki/User:Bogdan_La%C5%BEeti%C4%87" title="User:Bogdan Lažetić">Bogdan Lažetić</a>	https://upload.wikimedia.org/wikipedia/commons/e/e6/Ste%C4%87ak_na_Ladojevom_Grebu.jpg?utm_source=commons.wikimedia.org&utm_campaign=imageinfo&utm_content=original
Stećci_ispod_Drveta.jpg	File:Stećci ispod Drveta.jpg	CC BY-SA 4.0	<a href="//commons.wikimedia.org/w/index.php?title=User:Kojic.m&amp;action=edit&amp;redlink=1" class="new" title="User:K	https://upload.wikimedia.org/wikipedia/commons/0/04/Ste%C4%87ci_ispod_Drveta.jpg?utm_source=commons.wikimedia.org&utm_campaign=imageinfo&utm_content=original
Stolac.JPG	File:Stolac.JPG	CC BY-SA 4.0	<a href="//commons.wikimedia.org/wiki/User:Viki%C3%A7izer" title="User:Vikiçizer">Vikiçizer</a>	https://upload.wikimedia.org/wikipedia/commons/c/c9/Stolac.JPG?utm_source=commons.wikimedia.org&utm_campaign=imageinfo&utm_content=original
Street_sign_for_Ulica_Maršala_Tita,_Sarajevo_(38065012712).jpg	File:Street sign for Ulica Maršala Tita, Sarajevo (38065012712).jpg	CC BY 2.0	<a rel="nofollow" class="external text" href="https://www.flickr.com/people/45457437@N00">David Jones</a> from Isle of W	https://upload.wikimedia.org/wikipedia/commons/6/60/Street_sign_for_Ulica_Mar%C5%A1ala_Tita%2C_Sarajevo_%2838065012712%29.jpg?utm_source=commons.wikimedia.org&utm_campaign=imageinfo&utm_content=original
Street_sign_in_Sarajevo.jpg	File:Street sign in Sarajevo.jpg	CC BY-SA 3.0	<a href="//commons.wikimedia.org/wiki/User:Smooth_O" title="User:Smooth O">Smooth_O</a> (<a href="//commons.wikimedia.or	https://upload.wikimedia.org/wikipedia/commons/3/36/Street_sign_in_Sarajevo.jpg?utm_source=commons.wikimedia.org&utm_campaign=imageinfo&utm_content=original
Studenci_094844.jpg	File:Studenci 094844.jpg	CC BY-SA 4.0	<a href="//commons.wikimedia.org/w/index.php?title=User:Niegodzisie&amp;action=edit&amp;redlink=1" class="new" title="Us	https://upload.wikimedia.org/wikipedia/commons/c/c4/Studenci_094844.jpg?utm_source=commons.wikimedia.org&utm_campaign=imageinfo&utm_content=original
Susan_Sontag_square_in_Sarajevo.jpg	File:Susan Sontag square in Sarajevo.jpg	CC BY 2.0	<a rel="nofollow" class="external text" href="https://www.flickr.com/people/77846644@N00">Jennifer Boyer</a> from Fredri	https://upload.wikimedia.org/wikipedia/commons/5/50/Susan_Sontag_square_in_Sarajevo.jpg?utm_source=commons.wikimedia.org&utm_campaign=imageinfo&utm_content=original
The_old_Vratnik_fort_map.JPG	File:The old Vratnik fort map.JPG	CC BY-SA 4.0	<a href="//commons.wikimedia.org/wiki/User:BiHVolim" title="User:BiHVolim">BiHVolim</a>	https://upload.wikimedia.org/wikipedia/commons/a/ab/The_old_Vratnik_fort_map.JPG?utm_source=commons.wikimedia.org&utm_campaign=imageinfo&utm_content=original
Tihovići_plate.jpg	File:Tihovići plate.jpg	CC BY-SA 4.0	<a href="//commons.wikimedia.org/w/index.php?title=User:Niegodzisie&amp;action=edit&amp;redlink=1" class="new" title="Us	https://upload.wikimedia.org/wikipedia/commons/6/6d/Tihovi%C4%87i_plate.jpg?utm_source=commons.wikimedia.org&utm_campaign=imageinfo&utm_content=original
Tjentište_sign.jpg	File:Tjentište sign.jpg	CC BY-SA 4.0	<a href="//commons.wikimedia.org/w/index.php?title=User:Niegodzisie&amp;action=edit&amp;redlink=1" class="new" title="Us	https://upload.wikimedia.org/wikipedia/commons/f/fd/Tjenti%C5%A1te_sign.jpg?utm_source=commons.wikimedia.org&utm_campaign=imageinfo&utm_content=original
Tourist_road_sign_in_Sarajevo.jpg	File:Tourist road sign in Sarajevo.jpg	CC BY-SA 3.0	<a href="//commons.wikimedia.org/wiki/User:Smooth_O" title="User:Smooth O">Smooth_O</a> (<a href="//commons.wikimedia.or	https://upload.wikimedia.org/wikipedia/commons/9/9c/Tourist_road_sign_in_Sarajevo.jpg?utm_source=commons.wikimedia.org&utm_campaign=imageinfo&utm_content=original
Travnik_banner.jpg	File:Travnik banner.jpg	CC BY-SA 3.0	<a href="//commons.wikimedia.org/wiki/User:J_budissin" title="User:J budissin">Julian Nyča</a>, cropped by Jjtkk	https://upload.wikimedia.org/wikipedia/commons/4/42/Travnik_banner.jpg?utm_source=commons.wikimedia.org&utm_campaign=imageinfo&utm_content=original
Travnik_–_Lončarica_džamija.jpg	File:Travnik – Lončarica džamija.jpg	CC BY-SA 3.0	<a href="//commons.wikimedia.org/wiki/User:J_budissin" title="User:J budissin">Julian Nyča</a>	https://upload.wikimedia.org/wikipedia/commons/8/87/Travnik_%E2%80%93_Lon%C4%8Darica_d%C5%BEamija.jpg?utm_source=commons.wikimedia.org&utm_campaign=imageinfo&utm_content=original
Trebinje,_příjezd_do_města.jpg	File:Trebinje, příjezd do města.jpg	CC BY 3.0	I would appreciate <a href="//commons.wikimedia.org/wiki/Special:EmailUser/Aktron" title="Special:EmailUser/Aktron">bein	https://upload.wikimedia.org/wikipedia/commons/5/59/Trebinje%2C_p%C5%99%C3%ADjezd_do_m%C4%9Bsta.jpg?utm_source=commons.wikimedia.org&utm_campaign=imageinfo&utm_content=original
Trebinje_banner.jpg	File:Trebinje banner.jpg	CC BY-SA 3.0	<p><a href="//commons.wikimedia.org/wiki/User:Hrast" title="User:Hrast">Goran Anđelić</a>
</p>
<ul><li>Derivative work b	https://upload.wikimedia.org/wikipedia/commons/6/68/Trebinje_banner.jpg?utm_source=commons.wikimedia.org&utm_campaign=imageinfo&utm_content=original
Trebinje_banner_2.jpg	File:Trebinje banner 2.jpg	CC BY-SA 4.0	Goran Anđelić	https://upload.wikimedia.org/wikipedia/commons/a/a2/Trebinje_banner_2.jpg?utm_source=commons.wikimedia.org&utm_campaign=imageinfo&utm_content=original
Trg_hrvatskih_vitezova01795.JPG	File:Trg hrvatskih vitezova01795.JPG	CC BY-SA 3.0	<a href="//commons.wikimedia.org/wiki/User:Quahadi" title="User:Quahadi">Anto</a> (<a href="//commons.wikimedia.org/wiki	https://upload.wikimedia.org/wikipedia/commons/1/14/Trg_hrvatskih_vitezova01795.JPG?utm_source=commons.wikimedia.org&utm_campaign=imageinfo&utm_content=original
Trnovo_RS_north_Bogatići_IMG_1009.jpg	File:Trnovo RS north Bogatići IMG 1009.jpg	CC BY-SA 4.0	<a href="//commons.wikimedia.org/wiki/User:Bjoertvedt" title="User:Bjoertvedt">Bjoertvedt</a>	https://upload.wikimedia.org/wikipedia/commons/c/c0/Trnovo_RS_north_Bogati%C4%87i_IMG_1009.jpg?utm_source=commons.wikimedia.org&utm_campaign=imageinfo&utm_content=original
Tursko_kupatilo_Vilina_Vlas10.jpg	File:Tursko kupatilo Vilina Vlas10.jpg	CC BY-SA 4.0	<a href="//commons.wikimedia.org/w/index.php?title=User:Ceca_Visegrad&amp;action=edit&amp;redlink=1" class="new" title="	https://upload.wikimedia.org/wikipedia/commons/3/35/Tursko_kupatilo_Vilina_Vlas10.jpg?utm_source=commons.wikimedia.org&utm_campaign=imageinfo&utm_content=original
Tuzla_-_Patriotske_Lige_n°5_(2019).jpg	File:Tuzla - Patriotske Lige n°5 (2019).jpg	CC BY-SA 4.0	<a href="//commons.wikimedia.org/wiki/User:Sebleouf" title="User:Sebleouf">Sebleouf</a>	https://upload.wikimedia.org/wikipedia/commons/4/48/Tuzla_-_Patriotske_Lige_n%C2%B05_%282019%29.jpg?utm_source=commons.wikimedia.org&utm_campaign=imageinfo&utm_content=original
Tuzla_-_Trg_Stara_tržnica_sign_(2019).jpg	File:Tuzla - Trg Stara tržnica sign (2019).jpg	CC BY-SA 4.0	<a href="//commons.wikimedia.org/wiki/User:Sebleouf" title="User:Sebleouf">Sebleouf</a>	https://upload.wikimedia.org/wikipedia/commons/b/be/Tuzla_-_Trg_Stara_tr%C5%BEnica_sign_%282019%29.jpg?utm_source=commons.wikimedia.org&utm_campaign=imageinfo&utm_content=original
Tuzla_-_Ulica_Bosne_Srebrene_sign_(2019).jpg	File:Tuzla - Ulica Bosne Srebrene sign (2019).jpg	CC BY-SA 4.0	<a href="//commons.wikimedia.org/wiki/User:Sebleouf" title="User:Sebleouf">Sebleouf</a>	https://upload.wikimedia.org/wikipedia/commons/e/e0/Tuzla_-_Ulica_Bosne_Srebrene_sign_%282019%29.jpg?utm_source=commons.wikimedia.org&utm_campaign=imageinfo&utm_content=original
Tuzla_-_Ulica_Jalska_sign_(2019).jpg	File:Tuzla - Ulica Jalska sign (2019).jpg	CC BY-SA 4.0	<a href="//commons.wikimedia.org/wiki/User:Sebleouf" title="User:Sebleouf">Sebleouf</a>	https://upload.wikimedia.org/wikipedia/commons/e/e7/Tuzla_-_Ulica_Jalska_sign_%282019%29.jpg?utm_source=commons.wikimedia.org&utm_campaign=imageinfo&utm_content=original
Tuzla_-_Ulica_Mihajla_i_Živka_Crnogorčevića_sign_(2019).jpg	File:Tuzla - Ulica Mihajla i Živka Crnogorčevića sign (2019).jpg	CC BY-SA 4.0	<a href="//commons.wikimedia.org/wiki/User:Sebleouf" title="User:Sebleouf">Sebleouf</a>	https://upload.wikimedia.org/wikipedia/commons/6/65/Tuzla_-_Ulica_Mihajla_i_%C5%BDivka_Crnogor%C4%8Devi%C4%87a_sign_%282019%29.jpg?utm_source=commons.wikimedia.org&utm_campaign=imageinfo&utm_content=original
Tuzla_-_Ulica_Tabašnice_sign_(2019).jpg	File:Tuzla - Ulica Tabašnice sign (2019).jpg	CC BY-SA 4.0	<a href="//commons.wikimedia.org/wiki/User:Sebleouf" title="User:Sebleouf">Sebleouf</a>	https://upload.wikimedia.org/wikipedia/commons/d/da/Tuzla_-_Ulica_Taba%C5%A1nice_sign_%282019%29.jpg?utm_source=commons.wikimedia.org&utm_campaign=imageinfo&utm_content=original
Tuzla_Wikivoyage_banner.jpg	File:Tuzla Wikivoyage banner.jpg	CC BY-SA 3.0	<a href="https://de.wikipedia.org/wiki/Benutzer:Boabo" class="extiw" title="de:Benutzer:Boabo">Boabo</a>	https://upload.wikimedia.org/wikipedia/commons/a/ad/Tuzla_Wikivoyage_banner.jpg?utm_source=commons.wikimedia.org&utm_campaign=imageinfo&utm_content=original
Ukrašeni_stećak.jpg	File:Ukrašeni stećak.jpg	CC BY-SA 4.0	<a href="//commons.wikimedia.org/w/index.php?title=User:Kojic.m&amp;action=edit&amp;redlink=1" class="new" title="User:K	https://upload.wikimedia.org/wikipedia/commons/5/58/Ukra%C5%A1eni_ste%C4%87ak.jpg?utm_source=commons.wikimedia.org&utm_campaign=imageinfo&utm_content=original
Ulaz_Služanj-Čitluk02324.JPG	File:Ulaz Služanj-Čitluk02324.JPG	CC BY-SA 3.0	<a href="//commons.wikimedia.org/wiki/User:Quahadi" title="User:Quahadi"><span style="color: Red;"><b>Quahadi</b></span>	https://upload.wikimedia.org/wikipedia/commons/0/0f/Ulaz_Slu%C5%BEanj-%C4%8Citluk02324.JPG?utm_source=commons.wikimedia.org&utm_campaign=imageinfo&utm_content=original
Ulaz_u_BiH,_Gorica,_GrudeC02257.JPG	File:Ulaz u BiH, Gorica, GrudeC02257.JPG	CC BY-SA 3.0	<a href="//commons.wikimedia.org/wiki/User:Quahadi" title="User:Quahadi"><span style="color: Red;"><b>Quahadi</b></span>	https://upload.wikimedia.org/wikipedia/commons/a/ac/Ulaz_u_BiH%2C_Gorica%2C_GrudeC02257.JPG?utm_source=commons.wikimedia.org&utm_campaign=imageinfo&utm_content=original
Ulaz_u_Bradinu09173.JPG	File:Ulaz u Bradinu09173.JPG	CC BY-SA 3.0	<a href="//commons.wikimedia.org/wiki/User:Quahadi" title="User:Quahadi"><span style="color: Red;"><b>Quahadi</b></span>	https://upload.wikimedia.org/wikipedia/commons/8/8e/Ulaz_u_Bradinu09173.JPG?utm_source=commons.wikimedia.org&utm_campaign=imageinfo&utm_content=original
Ulaz_u_Goricu,_Grude_sa_istoka01858.JPG	File:Ulaz u Goricu, Grude sa istoka01858.JPG	CC BY-SA 3.0	<a href="//commons.wikimedia.org/wiki/User:Quahadi" title="User:Quahadi"><span style="color: Red;"><b>Quahadi</b></span>	https://upload.wikimedia.org/wikipedia/commons/f/fe/Ulaz_u_Goricu%2C_Grude_sa_istoka01858.JPG?utm_source=commons.wikimedia.org&utm_campaign=imageinfo&utm_content=original
Ulaz_u_Kiseljak9185.JPG	File:Ulaz u Kiseljak9185.JPG	CC BY-SA 3.0	<a href="//commons.wikimedia.org/wiki/User:Quahadi" title="User:Quahadi"><span style="color: Red;"><b>Quahadi</b></span>	https://upload.wikimedia.org/wikipedia/commons/e/e3/Ulaz_u_Kiseljak9185.JPG?utm_source=commons.wikimedia.org&utm_campaign=imageinfo&utm_content=original
Ulaz_u_Soviće,Grude_sa_zapada01859.JPG	File:Ulaz u Soviće,Grude sa zapada01859.JPG	CC BY-SA 3.0	<a href="//commons.wikimedia.org/wiki/User:Quahadi" title="User:Quahadi"><span style="color: Red;"><b>Quahadi</b></span>	https://upload.wikimedia.org/wikipedia/commons/c/c3/Ulaz_u_Sovi%C4%87e%2CGrude_sa_zapada01859.JPG?utm_source=commons.wikimedia.org&utm_campaign=imageinfo&utm_content=original
Ulaz_u_općinu_Grude_iz_Imotskog02258.JPG	File:Ulaz u općinu Grude iz Imotskog02258.JPG	CC BY-SA 3.0	<a href="//commons.wikimedia.org/wiki/User:Quahadi" title="User:Quahadi"><span style="color: Red;"><b>Quahadi</b></span>	https://upload.wikimedia.org/wikipedia/commons/6/6e/Ulaz_u_op%C4%87inu_Grude_iz_Imotskog02258.JPG?utm_source=commons.wikimedia.org&utm_campaign=imageinfo&utm_content=original
Ulaz_u_Žegulju.jpg	File:Ulaz u Žegulju.jpg	CC BY-SA 3.0	<a href="//commons.wikimedia.org/wiki/User:Quahadi" title="User:Quahadi">Anto</a> (<a href="//commons.wikimedia.org/wiki	https://upload.wikimedia.org/wikipedia/commons/5/50/Ulaz_u_%C5%BDegulju.jpg?utm_source=commons.wikimedia.org&utm_campaign=imageinfo&utm_content=original
Ulica_Carina,_Sarajevo.jpg	File:Ulica Carina, Sarajevo.jpg	CC BY-SA 4.0	<a href="//commons.wikimedia.org/wiki/User:Bgag" title="User:Bgag">Bernard Gagnon</a>	https://upload.wikimedia.org/wikipedia/commons/a/ae/Ulica_Carina%2C_Sarajevo.jpg?utm_source=commons.wikimedia.org&utm_campaign=imageinfo&utm_content=original
Ulica_Kovači,_Sarajevo.jpg	File:Ulica Kovači, Sarajevo.jpg	CC BY-SA 4.0	<a href="//commons.wikimedia.org/wiki/User:Bgag" title="User:Bgag">Bernard Gagnon</a>	https://upload.wikimedia.org/wikipedia/commons/e/ed/Ulica_Kova%C4%8Di%2C_Sarajevo.jpg?utm_source=commons.wikimedia.org&utm_campaign=imageinfo&utm_content=original
Ulica_Marsala_Tita_2014.jpg	File:Ulica Marsala Tita 2014.jpg	CC BY 4.0	<a href="https://en.wikipedia.org/wiki/User:Mastrchf91" class="extiw" title="en:User:Mastrchf91">Mastrchf91</a>	https://upload.wikimedia.org/wikipedia/commons/a/ae/Ulica_Marsala_Tita_2014.jpg?utm_source=commons.wikimedia.org&utm_campaign=imageinfo&utm_content=original
Ulica_Sime_Milutinovića_Sarajlije_u_Sarajevu.jpg	File:Ulica Sime Milutinovića Sarajlije u Sarajevu.jpg	CC BY-SA 4.0	<table class="toccolours" style="width:100%; margin-top:10px;" cellpadding="2">

<tbody><tr class="plainlinks">
<td alig	https://upload.wikimedia.org/wikipedia/commons/7/78/Ulica_Sime_Milutinovi%C4%87a_Sarajlije_u_Sarajevu.jpg?utm_source=commons.wikimedia.org&utm_campaign=imageinfo&utm_content=original
Ulica_Tuneli,_Sarajevo.jpg	File:Ulica Tuneli, Sarajevo.jpg	CC BY-SA 4.0	<a href="//commons.wikimedia.org/wiki/User:Bgag" title="User:Bgag">Bernard Gagnon</a>	https://upload.wikimedia.org/wikipedia/commons/3/38/Ulica_Tuneli%2C_Sarajevo.jpg?utm_source=commons.wikimedia.org&utm_campaign=imageinfo&utm_content=original
Ulica_hrv._branitelja,Grude01332.JPG	File:Ulica hrv. branitelja,Grude01332.JPG	CC BY-SA 3.0	<a href="//commons.wikimedia.org/wiki/User:Quahadi" title="User:Quahadi">Anto</a> (<a href="//commons.wikimedia.org/wiki	https://upload.wikimedia.org/wikipedia/commons/1/1b/Ulica_hrv._branitelja%2CGrude01332.JPG?utm_source=commons.wikimedia.org&utm_campaign=imageinfo&utm_content=original
Umoljani_–_nekropole_7.jpg	File:Umoljani – nekropole 7.jpg	CC BY-SA 3.0	<a href="//commons.wikimedia.org/wiki/User:J_budissin" title="User:J budissin">Julian Nyča</a>	https://upload.wikimedia.org/wikipedia/commons/4/4d/Umoljani_%E2%80%93_nekropole_7.jpg?utm_source=commons.wikimedia.org&utm_campaign=imageinfo&utm_content=original
Umoljani_–_nekropole_8.jpg	File:Umoljani – nekropole 8.jpg	CC BY-SA 3.0	<a href="//commons.wikimedia.org/wiki/User:J_budissin" title="User:J budissin">Julian Nyča</a>	https://upload.wikimedia.org/wikipedia/commons/7/72/Umoljani_%E2%80%93_nekropole_8.jpg?utm_source=commons.wikimedia.org&utm_campaign=imageinfo&utm_content=original
Una_National_Park_banner.jpg	File:Una National Park banner.jpg	CC BY-SA 2.0	<a rel="nofollow" class="external text" href="https://www.flickr.com/people/100606097@N07">Lukas Plewnia</a> from Winter	https://upload.wikimedia.org/wikipedia/commons/d/dd/Una_National_Park_banner.jpg?utm_source=commons.wikimedia.org&utm_campaign=imageinfo&utm_content=original
Ustipraca_Street_Sign_1.jpg	File:Ustipraca Street Sign 1.jpg	CC BY-SA 3.0	<a href="//commons.wikimedia.org/wiki/User:J_budissin" title="User:J budissin">Julian Nyča</a>	https://upload.wikimedia.org/wikipedia/commons/f/fa/Ustipraca_Street_Sign_1.jpg?utm_source=commons.wikimedia.org&utm_campaign=imageinfo&utm_content=original
Ustipraca_Street_Sign_2.jpg	File:Ustipraca Street Sign 2.jpg	CC BY-SA 3.0	<a href="//commons.wikimedia.org/wiki/User:J_budissin" title="User:J budissin">Julian Nyča</a>	https://upload.wikimedia.org/wikipedia/commons/1/1f/Ustipraca_Street_Sign_2.jpg?utm_source=commons.wikimedia.org&utm_campaign=imageinfo&utm_content=original
Visoko_-_Arheološki_lokalitet_Mile.jpg	File:Visoko - Arheološki lokalitet Mile.jpg	CC BY-SA 4.0	<a href="//commons.wikimedia.org/wiki/User:Zavi%C4%8Dajac" title="User:Zavičajac">Zavičajac</a>	https://upload.wikimedia.org/wikipedia/commons/3/3b/Visoko_-_Arheolo%C5%A1ki_lokalitet_Mile.jpg?utm_source=commons.wikimedia.org&utm_campaign=imageinfo&utm_content=original
Vitez_road_sign.jpg	File:Vitez road sign.jpg	CC BY 2.0	<a rel="nofollow" class="external text" href="https://www.flickr.com/people/27813593@N00">Brian Eager</a> from Livno, Bo	https://upload.wikimedia.org/wikipedia/commons/b/bb/Vitez_road_sign.jpg?utm_source=commons.wikimedia.org&utm_campaign=imageinfo&utm_content=original
Vjetrenica_entrance_relief_1.jpg	File:Vjetrenica entrance relief 1.jpg	CC BY 4.0	<a href="//commons.wikimedia.org/wiki/User:Prof_saxx" title="User:Prof saxx">Prof saxx</a>	https://upload.wikimedia.org/wikipedia/commons/2/2f/Vjetrenica_entrance_relief_1.jpg?utm_source=commons.wikimedia.org&utm_campaign=imageinfo&utm_content=original
Vuksic_Ortstafel.png	File:Vuksic Ortstafel.png	CC BY-SA 4.0	<a href="//commons.wikimedia.org/w/index.php?title=User:Vuksic1996&amp;action=edit&amp;redlink=1" class="new" title="Use	https://upload.wikimedia.org/wikipedia/commons/b/b6/Vuksic_Ortstafel.png?utm_source=commons.wikimedia.org&utm_campaign=imageinfo&utm_content=original
WV_banner_Bosanska_Krajina_Banja_Luka_panorama.jpg	File:WV banner Bosanska Krajina Banja Luka panorama.jpg	CC0	Rade Nagraisalović (a.k.a. Тonka)	https://upload.wikimedia.org/wikipedia/commons/6/6e/WV_banner_Bosanska_Krajina_Banja_Luka_panorama.jpg?utm_source=commons.wikimedia.org&utm_campaign=imageinfo&utm_content=original
WV_banner_Central_Bosnia_Gornja_Vrućica_village.jpg	File:WV banner Central Bosnia Gornja Vrućica village.jpg	CC0	2e1a0 at Serbian Wikipedia	https://upload.wikimedia.org/wikipedia/commons/8/8f/WV_banner_Central_Bosnia_Gornja_Vru%C4%87ica_village.jpg?utm_source=commons.wikimedia.org&utm_campaign=imageinfo&utm_content=original
WV_banner_NE_Bosnia_Tuzla_old_town.jpg	File:WV banner NE Bosnia Tuzla old town.jpg	CC0	Deanza7	https://upload.wikimedia.org/wikipedia/commons/e/e2/WV_banner_NE_Bosnia_Tuzla_old_town.jpg?utm_source=commons.wikimedia.org&utm_campaign=imageinfo&utm_content=original
WV_banner_Posavina_Brcko_by_night.jpg	File:WV banner Posavina Brcko by night.jpg	CC0	ChillZone420	https://upload.wikimedia.org/wikipedia/commons/4/40/WV_banner_Posavina_Brcko_by_night.jpg?utm_source=commons.wikimedia.org&utm_campaign=imageinfo&utm_content=original
WV_banner_Visegrad_panorama.jpg	File:WV banner Visegrad panorama.jpg	CC0	sinji_soko	https://upload.wikimedia.org/wikipedia/commons/1/12/WV_banner_Visegrad_panorama.jpg?utm_source=commons.wikimedia.org&utm_campaign=imageinfo&utm_content=original
Walled_royal_town_of_Bobovac.jpg	File:Walled royal town of Bobovac.jpg	CC BY-SA 4.0	<a href="//commons.wikimedia.org/wiki/User:AnToni" title="User:AnToni">AnToni</a>	https://upload.wikimedia.org/wikipedia/commons/6/61/Walled_royal_town_of_Bobovac.jpg?utm_source=commons.wikimedia.org&utm_campaign=imageinfo&utm_content=original
Welcomesign_in_Brod_Republika_Srpska.jpg	File:Welcomesign in Brod Republika Srpska.jpg	Public domain	Litany	https://upload.wikimedia.org/wikipedia/commons/d/dc/Welcomesign_in_Brod_Republika_Srpska.jpg?utm_source=commons.wikimedia.org&utm_campaign=imageinfo&utm_content=original
Wv_Sarajevo_Airport_banner.jpg	File:Wv Sarajevo Airport banner.jpg	CC BY-SA 4.0	<a href="//commons.wikimedia.org/wiki/User:My-wiki-photos" title="User:My-wiki-photos">Milan Suvajac</a>	https://upload.wikimedia.org/wikipedia/commons/f/fc/Wv_Sarajevo_Airport_banner.jpg?utm_source=commons.wikimedia.org&utm_campaign=imageinfo&utm_content=original
YU_road_sign_I-14.svg	File:YU road sign I-14.svg	Public domain	<b>Government of Yugoslavia (Formerly)</b>	https://upload.wikimedia.org/wikipedia/commons/2/2e/YU_road_sign_I-14.svg?utm_source=commons.wikimedia.org&utm_campaign=imageinfo&utm_content=original
Yugoslavia_II-1.svg	File:Yugoslavia II-1.svg	CC0	<b>Government of Yugoslavia (Formerly)</b>	https://upload.wikimedia.org/wikipedia/commons/6/6a/Yugoslavia_II-1.svg?utm_source=commons.wikimedia.org&utm_campaign=imageinfo&utm_content=original
Yugoslavia_road_sign_I-15.svg	File:Yugoslavia road sign I-15.svg	Public domain	<b>Government of Yugoslavia (Formerly)</b>	https://upload.wikimedia.org/wikipedia/commons/0/0b/Yugoslavia_road_sign_I-15.svg?utm_source=commons.wikimedia.org&utm_campaign=imageinfo&utm_content=original
Yugoslavia_road_sign_I-25.svg	File:Yugoslavia road sign I-25.svg	Public domain	<b>Government of Yugoslavia (Formerly)</b>	https://upload.wikimedia.org/wikipedia/commons/1/1b/Yugoslavia_road_sign_I-25.svg?utm_source=commons.wikimedia.org&utm_campaign=imageinfo&utm_content=original
Zaboravljni_stećci_pod_nogama_vremena.jpg	File:Zaboravljni stećci pod nogama vremena.jpg	CC BY-SA 4.0	<a href="//commons.wikimedia.org/w/index.php?title=User:Kojic.m&amp;action=edit&amp;redlink=1" class="new" title="User:K	https://upload.wikimedia.org/wikipedia/commons/b/bd/Zaboravljni_ste%C4%87ci_pod_nogama_vremena.jpg?utm_source=commons.wikimedia.org&utm_campaign=imageinfo&utm_content=original
Zelengora.JPG	File:Zelengora.JPG	CC BY-SA 3.0	<a href="//commons.wikimedia.org/w/index.php?title=User:Frfincon&amp;action=edit&amp;redlink=1" class="new" title="User:	https://upload.wikimedia.org/wikipedia/commons/8/8b/Zelengora.JPG?utm_source=commons.wikimedia.org&utm_campaign=imageinfo&utm_content=original
Zenica,_staveniště_dálnice.jpg	File:Zenica, staveniště dálnice.jpg	CC BY 3.0	I would appreciate <a href="//commons.wikimedia.org/wiki/Special:EmailUser/Aktron" title="Special:EmailUser/Aktron">bein	https://upload.wikimedia.org/wikipedia/commons/c/ca/Zenica%2C_staveni%C5%A1t%C4%9B_d%C3%A1lnice.jpg?utm_source=commons.wikimedia.org&utm_campaign=imageinfo&utm_content=original
Zenica,_ukazatele.jpg	File:Zenica, ukazatele.jpg	CC BY 3.0	I would appreciate <a href="//commons.wikimedia.org/wiki/Special:EmailUser/Aktron" title="Special:EmailUser/Aktron">bein	https://upload.wikimedia.org/wikipedia/commons/1/1b/Zenica%2C_ukazatele.jpg?utm_source=commons.wikimedia.org&utm_campaign=imageinfo&utm_content=original
Zenica_cityscape_pagebanner.jpg	File:Zenica cityscape pagebanner.jpg	CC BY-SA 4.0	<a href="//commons.wikimedia.org/wiki/User:Smooth_O" title="User:Smooth O">Smooth O</a>	https://upload.wikimedia.org/wikipedia/commons/2/24/Zenica_cityscape_pagebanner.jpg?utm_source=commons.wikimedia.org&utm_campaign=imageinfo&utm_content=original
Zečija_Glava_124147.jpg	File:Zečija Glava 124147.jpg	CC BY-SA 4.0	<a href="//commons.wikimedia.org/w/index.php?title=User:Niegodzisie&amp;action=edit&amp;redlink=1" class="new" title="Us	https://upload.wikimedia.org/wikipedia/commons/c/c5/Ze%C4%8Dija_Glava_124147.jpg?utm_source=commons.wikimedia.org&utm_campaign=imageinfo&utm_content=original
Čaprazlije-Granići-ploča.JPG	File:Čaprazlije-Granići-ploča.JPG	CC BY-SA 3.0	<a rel="nofollow" class="external free" href="http://www.caprazlije.net/">http://www.caprazlije.net/</a>	https://upload.wikimedia.org/wikipedia/commons/6/67/%C4%8Caprazlije-Grani%C4%87i-plo%C4%8Da.JPG?utm_source=commons.wikimedia.org&utm_campaign=imageinfo&utm_content=original
Čiščenje_avtobusnega_postajališča_na_Glavnem_trgu_1961_(3).jpg	File:Čiščenje avtobusnega postajališča na Glavnem trgu 1961 (3).jpg	Public domain	<bdi><a href="https://www.wikidata.org/wiki/Q18508126" class="extiw" title="d:Q18508126"><span title="Slovenian photogra	https://upload.wikimedia.org/wikipedia/commons/0/03/%C4%8Ci%C5%A1%C4%8Denje_avtobusnega_postajali%C5%A1%C4%8Da_na_Glavnem_trgu_1961_%283%29.jpg?utm_source=commons.wikimedia.org&utm_campaign=imageinfo&utm_content=original
Šeher-Cehajina_cuprija_25022014386.jpg	File:Šeher-Cehajina cuprija 25022014386.jpg	CC BY-SA 2.5	<a href="https://bs.wikipedia.org/wiki/User:Palapa" class="extiw" title="bs:User:Palapa">Palapa</a>	https://upload.wikimedia.org/wikipedia/commons/a/a5/%C5%A0eher-Cehajina_cuprija_25022014386.jpg?utm_source=commons.wikimedia.org&utm_campaign=imageinfo&utm_content=original
Željuša_134943.jpg	File:Željuša 134943.jpg	CC BY-SA 4.0	<a href="//commons.wikimedia.org/w/index.php?title=User:Niegodzisie&amp;action=edit&amp;redlink=1" class="new" title="Us	https://upload.wikimedia.org/wikipedia/commons/2/20/%C5%BDelju%C5%A1a_134943.jpg?utm_source=commons.wikimedia.org&utm_campaign=imageinfo&utm_content=original
Žepa_bridge_8.jpg	File:Žepa bridge 8.jpg	CC BY-SA 3.0	<a href="//commons.wikimedia.org/wiki/User:J_budissin" title="User:J budissin">Julian Nyča</a>	https://upload.wikimedia.org/wikipedia/commons/5/51/%C5%BDepa_bridge_8.jpg?utm_source=commons.wikimedia.org&utm_campaign=imageinfo&utm_content=original
Зеница_20180620_051930.jpg	File:Зеница 20180620 051930.jpg	CC BY-SA 4.0	<a href="//commons.wikimedia.org/wiki/User:Obsuser" title="User:Obsuser">Obsuser</a>	https://upload.wikimedia.org/wikipedia/commons/7/77/%D0%97%D0%B5%D0%BD%D0%B8%D1%86%D0%B0_20180620_051930.jpg?utm_source=commons.wikimedia.org&utm_campaign=imageinfo&utm_content=original
Зеница_20180620_052000.jpg	File:Зеница 20180620 052000.jpg	CC BY-SA 4.0	<a href="//commons.wikimedia.org/wiki/User:Obsuser" title="User:Obsuser">Obsuser</a>	https://upload.wikimedia.org/wikipedia/commons/c/cc/%D0%97%D0%B5%D0%BD%D0%B8%D1%86%D0%B0_20180620_052000.jpg?utm_source=commons.wikimedia.org&utm_campaign=imageinfo&utm_content=original
Зеница_20180620_052637.jpg	File:Зеница 20180620 052637.jpg	CC BY-SA 4.0	<a href="//commons.wikimedia.org/wiki/User:Obsuser" title="User:Obsuser">Obsuser</a>	https://upload.wikimedia.org/wikipedia/commons/b/b1/%D0%97%D0%B5%D0%BD%D0%B8%D1%86%D0%B0_20180620_052637.jpg?utm_source=commons.wikimedia.org&utm_campaign=imageinfo&utm_content=original
Зеница_20180620_052938.jpg	File:Зеница 20180620 052938.jpg	CC BY-SA 4.0	<a href="//commons.wikimedia.org/wiki/User:Obsuser" title="User:Obsuser">Obsuser</a>	https://upload.wikimedia.org/wikipedia/commons/1/1c/%D0%97%D0%B5%D0%BD%D0%B8%D1%86%D0%B0_20180620_052938.jpg?utm_source=commons.wikimedia.org&utm_campaign=imageinfo&utm_content=original
Зеница_20180620_052951.jpg	File:Зеница 20180620 052951.jpg	CC BY-SA 4.0	<a href="//commons.wikimedia.org/wiki/User:Obsuser" title="User:Obsuser">Obsuser</a>	https://upload.wikimedia.org/wikipedia/commons/8/8a/%D0%97%D0%B5%D0%BD%D0%B8%D1%86%D0%B0_20180620_052951.jpg?utm_source=commons.wikimedia.org&utm_campaign=imageinfo&utm_content=original
Зеница_20180623_175325.jpg	File:Зеница 20180623 175325.jpg	CC BY-SA 4.0	<a href="//commons.wikimedia.org/wiki/User:Obsuser" title="User:Obsuser">Obsuser</a>	https://upload.wikimedia.org/wikipedia/commons/f/fa/%D0%97%D0%B5%D0%BD%D0%B8%D1%86%D0%B0_20180623_175325.jpg?utm_source=commons.wikimedia.org&utm_campaign=imageinfo&utm_content=original
Зеница_20180623_175420.jpg	File:Зеница 20180623 175420.jpg	CC BY-SA 4.0	<a href="//commons.wikimedia.org/wiki/User:Obsuser" title="User:Obsuser">Obsuser</a>	https://upload.wikimedia.org/wikipedia/commons/2/2d/%D0%97%D0%B5%D0%BD%D0%B8%D1%86%D0%B0_20180623_175420.jpg?utm_source=commons.wikimedia.org&utm_campaign=imageinfo&utm_content=original
Зеница_20180712_231531r.jpg	File:Зеница 20180712 231531r.jpg	CC BY-SA 4.0	<a href="//commons.wikimedia.org/wiki/User:Obsuser" title="User:Obsuser">Obsuser</a>	https://upload.wikimedia.org/wikipedia/commons/5/51/%D0%97%D0%B5%D0%BD%D0%B8%D1%86%D0%B0_20180712_231531r.jpg?utm_source=commons.wikimedia.org&utm_campaign=imageinfo&utm_content=original
Зеница_20180806_181640.jpg	File:Зеница 20180806 181640.jpg	CC BY-SA 4.0	<a href="//commons.wikimedia.org/wiki/User:Obsuser" title="User:Obsuser">Obsuser</a>	https://upload.wikimedia.org/wikipedia/commons/2/2d/%D0%97%D0%B5%D0%BD%D0%B8%D1%86%D0%B0_20180806_181640.jpg?utm_source=commons.wikimedia.org&utm_campaign=imageinfo&utm_content=original
Зеница_20190501_133932.jpg	File:Зеница 20190501 133932.jpg	CC BY-SA 4.0	<a href="//commons.wikimedia.org/wiki/User:Obsuser" title="User:Obsuser">Obsuser</a>	https://upload.wikimedia.org/wikipedia/commons/c/c6/%D0%97%D0%B5%D0%BD%D0%B8%D1%86%D0%B0_20190501_133932.jpg?utm_source=commons.wikimedia.org&utm_campaign=imageinfo&utm_content=original
Зеница_20190502_173154.jpg	File:Зеница 20190502 173154.jpg	CC BY-SA 4.0	<a href="//commons.wikimedia.org/wiki/User:Obsuser" title="User:Obsuser">Obsuser</a>	https://upload.wikimedia.org/wikipedia/commons/e/e1/%D0%97%D0%B5%D0%BD%D0%B8%D1%86%D0%B0_20190502_173154.jpg?utm_source=commons.wikimedia.org&utm_campaign=imageinfo&utm_content=original
Зеница_20190502_173201.jpg	File:Зеница 20190502 173201.jpg	CC BY-SA 4.0	<a href="//commons.wikimedia.org/wiki/User:Obsuser" title="User:Obsuser">Obsuser</a>	https://upload.wikimedia.org/wikipedia/commons/e/ec/%D0%97%D0%B5%D0%BD%D0%B8%D1%86%D0%B0_20190502_173201.jpg?utm_source=commons.wikimedia.org&utm_campaign=imageinfo&utm_content=original
Зеница_20190713_130454.jpg	File:Зеница 20190713 130454.jpg	CC BY-SA 4.0	<a href="//commons.wikimedia.org/wiki/User:Obsuser" title="User:Obsuser">Obsuser</a>	https://upload.wikimedia.org/wikipedia/commons/d/db/%D0%97%D0%B5%D0%BD%D0%B8%D1%86%D0%B0_20190713_130454.jpg?utm_source=commons.wikimedia.org&utm_campaign=imageinfo&utm_content=original
Зеница_20190713_130514.jpg	File:Зеница 20190713 130514.jpg	CC BY-SA 4.0	<a href="//commons.wikimedia.org/wiki/User:Obsuser" title="User:Obsuser">Obsuser</a>	https://upload.wikimedia.org/wikipedia/commons/8/87/%D0%97%D0%B5%D0%BD%D0%B8%D1%86%D0%B0_20190713_130514.jpg?utm_source=commons.wikimedia.org&utm_campaign=imageinfo&utm_content=original
Зеница_20190713_130639.jpg	File:Зеница 20190713 130639.jpg	CC BY-SA 4.0	<a href="//commons.wikimedia.org/wiki/User:Obsuser" title="User:Obsuser">Obsuser</a>	https://upload.wikimedia.org/wikipedia/commons/8/88/%D0%97%D0%B5%D0%BD%D0%B8%D1%86%D0%B0_20190713_130639.jpg?utm_source=commons.wikimedia.org&utm_campaign=imageinfo&utm_content=original
Зеница_20190713_130757.jpg	File:Зеница 20190713 130757.jpg	CC BY-SA 4.0	<a href="//commons.wikimedia.org/wiki/User:Obsuser" title="User:Obsuser">Obsuser</a>	https://upload.wikimedia.org/wikipedia/commons/c/c7/%D0%97%D0%B5%D0%BD%D0%B8%D1%86%D0%B0_20190713_130757.jpg?utm_source=commons.wikimedia.org&utm_campaign=imageinfo&utm_content=original
Зеница_20190719_092650.jpg	File:Зеница 20190719 092650.jpg	CC BY-SA 4.0	<a href="//commons.wikimedia.org/wiki/User:Obsuser" title="User:Obsuser">Obsuser</a>	https://upload.wikimedia.org/wikipedia/commons/9/94/%D0%97%D0%B5%D0%BD%D0%B8%D1%86%D0%B0_20190719_092650.jpg?utm_source=commons.wikimedia.org&utm_campaign=imageinfo&utm_content=original
Зеница_20190719_092730.jpg	File:Зеница 20190719 092730.jpg	CC BY-SA 4.0	<a href="//commons.wikimedia.org/wiki/User:Obsuser" title="User:Obsuser">Obsuser</a>	https://upload.wikimedia.org/wikipedia/commons/f/fd/%D0%97%D0%B5%D0%BD%D0%B8%D1%86%D0%B0_20190719_092730.jpg?utm_source=commons.wikimedia.org&utm_campaign=imageinfo&utm_content=original
Зеница_20190729_133403.jpg	File:Зеница 20190729 133403.jpg	CC BY-SA 4.0	<a href="//commons.wikimedia.org/wiki/User:Obsuser" title="User:Obsuser">Obsuser</a>	https://upload.wikimedia.org/wikipedia/commons/c/c6/%D0%97%D0%B5%D0%BD%D0%B8%D1%86%D0%B0_20190729_133403.jpg?utm_source=commons.wikimedia.org&utm_campaign=imageinfo&utm_content=original
Зеница_20190729_133415.jpg	File:Зеница 20190729 133415.jpg	CC BY-SA 4.0	<a href="//commons.wikimedia.org/wiki/User:Obsuser" title="User:Obsuser">Obsuser</a>	https://upload.wikimedia.org/wikipedia/commons/0/0a/%D0%97%D0%B5%D0%BD%D0%B8%D1%86%D0%B0_20190729_133415.jpg?utm_source=commons.wikimedia.org&utm_campaign=imageinfo&utm_content=original
Зеница_20190811_102441.jpg	File:Зеница 20190811 102441.jpg	CC BY-SA 4.0	<a href="//commons.wikimedia.org/wiki/User:Obsuser" title="User:Obsuser">Obsuser</a>	https://upload.wikimedia.org/wikipedia/commons/f/fb/%D0%97%D0%B5%D0%BD%D0%B8%D1%86%D0%B0_20190811_102441.jpg?utm_source=commons.wikimedia.org&utm_campaign=imageinfo&utm_content=original
Зеница_20190811_114430.jpg	File:Зеница 20190811 114430.jpg	CC BY-SA 4.0	<a href="//commons.wikimedia.org/wiki/User:Obsuser" title="User:Obsuser">Obsuser</a>	https://upload.wikimedia.org/wikipedia/commons/5/56/%D0%97%D0%B5%D0%BD%D0%B8%D1%86%D0%B0_20190811_114430.jpg?utm_source=commons.wikimedia.org&utm_campaign=imageinfo&utm_content=original
Зеница_20190815_084536.jpg	File:Зеница 20190815 084536.jpg	CC BY-SA 4.0	<a href="//commons.wikimedia.org/wiki/User:Obsuser" title="User:Obsuser">Obsuser</a>	https://upload.wikimedia.org/wikipedia/commons/4/4e/%D0%97%D0%B5%D0%BD%D0%B8%D1%86%D0%B0_20190815_084536.jpg?utm_source=commons.wikimedia.org&utm_campaign=imageinfo&utm_content=original
Зеница_20190815_144513.jpg	File:Зеница 20190815 144513.jpg	CC BY-SA 4.0	<a href="//commons.wikimedia.org/wiki/User:Obsuser" title="User:Obsuser">Obsuser</a>	https://upload.wikimedia.org/wikipedia/commons/a/ab/%D0%97%D0%B5%D0%BD%D0%B8%D1%86%D0%B0_20190815_144513.jpg?utm_source=commons.wikimedia.org&utm_campaign=imageinfo&utm_content=original
Зеница_20190815_144526.jpg	File:Зеница 20190815 144526.jpg	CC BY-SA 4.0	<a href="//commons.wikimedia.org/wiki/User:Obsuser" title="User:Obsuser">Obsuser</a>	https://upload.wikimedia.org/wikipedia/commons/6/68/%D0%97%D0%B5%D0%BD%D0%B8%D1%86%D0%B0_20190815_144526.jpg?utm_source=commons.wikimedia.org&utm_campaign=imageinfo&utm_content=original
Зеница_20190815_150226.jpg	File:Зеница 20190815 150226.jpg	CC BY-SA 4.0	<a href="//commons.wikimedia.org/wiki/User:Obsuser" title="User:Obsuser">Obsuser</a>	https://upload.wikimedia.org/wikipedia/commons/b/b3/%D0%97%D0%B5%D0%BD%D0%B8%D1%86%D0%B0_20190815_150226.jpg?utm_source=commons.wikimedia.org&utm_campaign=imageinfo&utm_content=original
Зеница_20190827_113532.jpg	File:Зеница 20190827 113532.jpg	CC BY-SA 4.0	<a href="//commons.wikimedia.org/wiki/User:Obsuser" title="User:Obsuser">Obsuser</a>	https://upload.wikimedia.org/wikipedia/commons/6/61/%D0%97%D0%B5%D0%BD%D0%B8%D1%86%D0%B0_20190827_113532.jpg?utm_source=commons.wikimedia.org&utm_campaign=imageinfo&utm_content=original
Зеница_20190827_113553.jpg	File:Зеница 20190827 113553.jpg	CC BY-SA 4.0	<a href="//commons.wikimedia.org/wiki/User:Obsuser" title="User:Obsuser">Obsuser</a>	https://upload.wikimedia.org/wikipedia/commons/f/fa/%D0%97%D0%B5%D0%BD%D0%B8%D1%86%D0%B0_20190827_113553.jpg?utm_source=commons.wikimedia.org&utm_campaign=imageinfo&utm_content=original
Зеница_20200323_121144.jpg	File:Зеница 20200323 121144.jpg	CC BY-SA 4.0	<a href="//commons.wikimedia.org/wiki/User:Obsuser" title="User:Obsuser">Obsuser</a>	https://upload.wikimedia.org/wikipedia/commons/6/65/%D0%97%D0%B5%D0%BD%D0%B8%D1%86%D0%B0_20200323_121144.jpg?utm_source=commons.wikimedia.org&utm_campaign=imageinfo&utm_content=original
Зеница_20200323_121205.jpg	File:Зеница 20200323 121205.jpg	CC BY-SA 4.0	<a href="//commons.wikimedia.org/wiki/User:Obsuser" title="User:Obsuser">Obsuser</a>	https://upload.wikimedia.org/wikipedia/commons/1/1e/%D0%97%D0%B5%D0%BD%D0%B8%D1%86%D0%B0_20200323_121205.jpg?utm_source=commons.wikimedia.org&utm_campaign=imageinfo&utm_content=original
Зеница_20200323_121234.jpg	File:Зеница 20200323 121234.jpg	CC BY-SA 4.0	<a href="//commons.wikimedia.org/wiki/User:Obsuser" title="User:Obsuser">Obsuser</a>	https://upload.wikimedia.org/wikipedia/commons/5/5d/%D0%97%D0%B5%D0%BD%D0%B8%D1%86%D0%B0_20200323_121234.jpg?utm_source=commons.wikimedia.org&utm_campaign=imageinfo&utm_content=original
Зеница_20200323_121333.jpg	File:Зеница 20200323 121333.jpg	CC BY-SA 4.0	<a href="//commons.wikimedia.org/wiki/User:Obsuser" title="User:Obsuser">Obsuser</a>	https://upload.wikimedia.org/wikipedia/commons/d/df/%D0%97%D0%B5%D0%BD%D0%B8%D1%86%D0%B0_20200323_121333.jpg?utm_source=commons.wikimedia.org&utm_campaign=imageinfo&utm_content=original
Зеница_20200323_121404.jpg	File:Зеница 20200323 121404.jpg	CC BY-SA 4.0	<a href="//commons.wikimedia.org/wiki/User:Obsuser" title="User:Obsuser">Obsuser</a>	https://upload.wikimedia.org/wikipedia/commons/0/07/%D0%97%D0%B5%D0%BD%D0%B8%D1%86%D0%B0_20200323_121404.jpg?utm_source=commons.wikimedia.org&utm_campaign=imageinfo&utm_content=original
Зеница_20200323_121951.jpg	File:Зеница 20200323 121951.jpg	CC BY-SA 4.0	<a href="//commons.wikimedia.org/wiki/User:Obsuser" title="User:Obsuser">Obsuser</a>	https://upload.wikimedia.org/wikipedia/commons/e/ef/%D0%97%D0%B5%D0%BD%D0%B8%D1%86%D0%B0_20200323_121951.jpg?utm_source=commons.wikimedia.org&utm_campaign=imageinfo&utm_content=original
Зеница_20200323_122000.jpg	File:Зеница 20200323 122000.jpg	CC BY-SA 4.0	<a href="//commons.wikimedia.org/wiki/User:Obsuser" title="User:Obsuser">Obsuser</a>	https://upload.wikimedia.org/wikipedia/commons/0/00/%D0%97%D0%B5%D0%BD%D0%B8%D1%86%D0%B0_20200323_122000.jpg?utm_source=commons.wikimedia.org&utm_campaign=imageinfo&utm_content=original
Зеница_20200709_114009.jpg	File:Зеница 20200709 114009.jpg	CC BY-SA 4.0	<a href="//commons.wikimedia.org/wiki/User:Obsuser" title="User:Obsuser">Obsuser</a>	https://upload.wikimedia.org/wikipedia/commons/3/33/%D0%97%D0%B5%D0%BD%D0%B8%D1%86%D0%B0_20200709_114009.jpg?utm_source=commons.wikimedia.org&utm_campaign=imageinfo&utm_content=original
Зеница_20221230_200007.jpg	File:Зеница 20221230 200007.jpg	CC BY-SA 4.0	<a href="//commons.wikimedia.org/w/index.php?title=User:Ioacc1234red&amp;action=edit&amp;redlink=1" class="new" title="U	https://upload.wikimedia.org/wikipedia/commons/5/58/%D0%97%D0%B5%D0%BD%D0%B8%D1%86%D0%B0_20221230_200007.jpg?utm_source=commons.wikimedia.org&utm_campaign=imageinfo&utm_content=original
Зеница_20221230_200022.jpg	File:Зеница 20221230 200022.jpg	CC BY-SA 4.0	<a href="//commons.wikimedia.org/w/index.php?title=User:Ioacc1234red&amp;action=edit&amp;redlink=1" class="new" title="U	https://upload.wikimedia.org/wikipedia/commons/9/9f/%D0%97%D0%B5%D0%BD%D0%B8%D1%86%D0%B0_20221230_200022.jpg?utm_source=commons.wikimedia.org&utm_campaign=imageinfo&utm_content=original
Зеница_20221230_200117.jpg	File:Зеница 20221230 200117.jpg	CC BY-SA 4.0	<a href="//commons.wikimedia.org/w/index.php?title=User:Ioacc1234red&amp;action=edit&amp;redlink=1" class="new" title="U	https://upload.wikimedia.org/wikipedia/commons/e/eb/%D0%97%D0%B5%D0%BD%D0%B8%D1%86%D0%B0_20221230_200117.jpg?utm_source=commons.wikimedia.org&utm_campaign=imageinfo&utm_content=original
Зеница_20221230_200141.jpg	File:Зеница 20221230 200141.jpg	CC BY-SA 4.0	<a href="//commons.wikimedia.org/w/index.php?title=User:Ioacc1234red&amp;action=edit&amp;redlink=1" class="new" title="U	https://upload.wikimedia.org/wikipedia/commons/8/80/%D0%97%D0%B5%D0%BD%D0%B8%D1%86%D0%B0_20221230_200141.jpg?utm_source=commons.wikimedia.org&utm_campaign=imageinfo&utm_content=original
Зеница_20221230_200204.jpg	File:Зеница 20221230 200204.jpg	CC BY-SA 4.0	<a href="//commons.wikimedia.org/w/index.php?title=User:Ioacc1234red&amp;action=edit&amp;redlink=1" class="new" title="U	https://upload.wikimedia.org/wikipedia/commons/f/f6/%D0%97%D0%B5%D0%BD%D0%B8%D1%86%D0%B0_20221230_200204.jpg?utm_source=commons.wikimedia.org&utm_campaign=imageinfo&utm_content=original
Зеница_20221230_225527.jpg	File:Зеница 20221230 225527.jpg	CC BY-SA 4.0	<a href="//commons.wikimedia.org/w/index.php?title=User:Ioacc1234red&amp;action=edit&amp;redlink=1" class="new" title="U	https://upload.wikimedia.org/wikipedia/commons/1/12/%D0%97%D0%B5%D0%BD%D0%B8%D1%86%D0%B0_20221230_225527.jpg?utm_source=commons.wikimedia.org&utm_campaign=imageinfo&utm_content=original
Зеница_20221230_225537.jpg	File:Зеница 20221230 225537.jpg	CC BY-SA 4.0	<a href="//commons.wikimedia.org/w/index.php?title=User:Ioacc1234red&amp;action=edit&amp;redlink=1" class="new" title="U	https://upload.wikimedia.org/wikipedia/commons/6/66/%D0%97%D0%B5%D0%BD%D0%B8%D1%86%D0%B0_20221230_225537.jpg?utm_source=commons.wikimedia.org&utm_campaign=imageinfo&utm_content=original
Територија_Града_Бања_Лука.jpg	File:Територија Града Бања Лука.jpg	CC BY-SA 4.0	Rade Nagraisalović	https://upload.wikimedia.org/wikipedia/commons/8/8a/%D0%A2%D0%B5%D1%80%D0%B8%D1%82%D0%BE%D1%80%D0%B8%D1%98%D0%B0_%D0%93%D1%80%D0%B0%D0%B4%D0%B0_%D0%91%D0%B0%D1%9A%D0%B0_%D0%9B%D1%83%D0%BA%D0%B0.jpg?utm_source=commons.wikimedia.org&utm_campaign=imageinfo&utm_content=original
Црква_св._Тројице.jpg	File:Црква св. Тројице.jpg	CC BY-SA 4.0	<a href="//commons.wikimedia.org/w/index.php?title=User:Jovan_Vidakovi%C4%87&amp;action=edit&amp;redlink=1" class="new" 	https://upload.wikimedia.org/wikipedia/commons/d/d7/%D0%A6%D1%80%D0%BA%D0%B2%D0%B0_%D1%81%D0%B2._%D0%A2%D1%80%D0%BE%D1%98%D0%B8%D1%86%D0%B5.jpg?utm_source=commons.wikimedia.org&utm_campaign=imageinfo&utm_content=original
