epoch,loss_d,loss_g,step,train_disc,train_dur,train_fm,train_gen,train_kl,train_mel,val_disc,val_dur,val_fm,val_gen,val_kl,val_loss,val_mel
0,2.233989715576172,39.11297607421875,24,2.233989715576172,1.5101346969604492,5.716925144195557,2.3748064041137695,3.906644344329834,0.5689881443977356,,,,,,,
0,2.0547189712524414,44.565025329589844,49,2.0547189712524414,1.5556578636169434,8.01781177520752,3.533062219619751,2.6890945434570312,0.6393200159072876,,,,,,,
0,1.978397011756897,43.10837936401367,74,1.978397011756897,1.544061303138733,8.40352725982666,3.4548003673553467,2.593471050262451,0.6025004386901855,,,,,,,
0,1.8238035440444946,47.734352111816406,99,1.8238035440444946,1.5252618789672852,10.440264701843262,4.295004367828369,2.920078754425049,0.6345276236534119,,,,,,,
0,2.1451241970062256,41.9763298034668,124,2.1451241970062256,1.61409592628479,8.6022310256958,3.5761308670043945,2.1337265968322754,0.5788920521736145,,,,,,,
0,2.0701513290405273,36.251773834228516,149,2.0701513290405273,1.5118446350097656,5.758657932281494,3.8275270462036133,2.004378080368042,0.5144303441047668,,,,,,,
0,2.5243842601776123,46.074920654296875,174,2.5243842601776123,1.4347175359725952,10.277059555053711,3.101435661315918,3.4423534870147705,0.6182078719139099,,,,,,,
0,1.8664727210998535,38.697940826416016,199,1.8664727210998535,1.5636368989944458,6.996910095214844,2.9355618953704834,1.937950849533081,0.5614196062088013,,,,,,,
0,1.754826307296753,37.75990295410156,224,1.754826307296753,1.542876124382019,6.905360221862793,3.322286367416382,1.7702468633651733,0.5382028818130493,,,,,,,
0,2.0937247276306152,36.741554260253906,249,2.0937247276306152,1.405905842781067,6.089831352233887,3.040485382080078,1.9991686344146729,0.5379146933555603,,,,,,,
0,2.0800976753234863,34.695220947265625,274,2.0800976753234863,1.543895959854126,5.725246906280518,3.4832401275634766,1.890097737312317,0.4900608956813812,,,,,,,
0,2.4025626182556152,34.421939849853516,299,2.4025626182556152,1.604839563369751,5.034254550933838,3.082777976989746,2.0633184909820557,0.5030388236045837,,,,,,,
0,2.028550863265991,35.59374237060547,324,2.028550863265991,1.573966383934021,6.0515289306640625,3.495241403579712,1.5997402667999268,0.5082948207855225,,,,,,,
0,1.640454888343811,32.61614990234375,349,1.640454888343811,1.4794039726257324,6.008049011230469,3.4575905799865723,1.4683927297592163,0.4489491879940033,,,,,,,
1,1.9127141237258911,37.40753936767578,374,1.9127141237258911,1.52418053150177,6.798675060272217,2.80255126953125,2.2386322021484375,0.5342999696731567,,,,,,,
1,2.139082670211792,35.132835388183594,399,2.139082670211792,1.5372462272644043,5.970409393310547,2.2153825759887695,1.3861711025238037,0.5338583588600159,,,,,,,
1,1.7133417129516602,36.80295181274414,424,1.7133417129516602,1.5434188842773438,7.493395805358887,3.0656356811523438,1.6267001628875732,0.5127511024475098,,,,,,,
1,1.9855678081512451,38.59389877319336,449,1.9855678081512451,1.5787467956542969,7.762386322021484,3.242192506790161,2.023616313934326,0.5330435037612915,,,,,,,
1,1.73765230178833,34.6978645324707,474,1.73765230178833,1.372704029083252,6.855446815490723,2.958120822906494,1.5982662439346313,0.48696279525756836,,,,,,,
1,1.8705263137817383,44.10291290283203,499,1.8705263137817383,1.6015455722808838,10.565086364746094,3.7341227531433105,2.2090468406677246,0.5776247382164001,,,,,,,
1,2.159047842025757,31.55403709411621,524,2.159047842025757,1.5501151084899902,5.209097862243652,2.6569862365722656,1.8484609127044678,0.45087501406669617,,,,,,,
1,2.255812406539917,33.736846923828125,549,2.255812406539917,1.5351812839508057,6.009573459625244,2.5661303997039795,1.9257148504257202,0.48222771286964417,,,,,,,
1,2.3468005657196045,32.39069747924805,574,2.3468005657196045,1.5353351831436157,4.636931419372559,3.002772569656372,1.860955834388733,0.47454896569252014,,,,,,,
1,1.8165396451950073,35.98627853393555,599,1.8165396451950073,1.5304205417633057,7.253134727478027,2.843060255050659,1.4736753702163696,0.5085774660110474,,,,,,,
1,1.8525590896606445,37.76449966430664,624,1.8525590896606445,1.4519355297088623,8.147204399108887,2.788074016571045,1.6402703523635864,0.5274893045425415,,,,,,,
1,1.7313411235809326,38.54875183105469,649,1.7313411235809326,1.6036076545715332,8.42431354522705,3.250434398651123,1.6468431949615479,0.5249679088592529,,,,,,,
1,1.8448714017868042,32.46072769165039,674,1.8448714017868042,1.5142371654510498,6.261175155639648,2.964531183242798,1.5992485284805298,0.4471452832221985,,,,,,,
1,1.4632484912872314,41.20111846923828,699,1.4632484912872314,1.5232620239257812,9.272598266601562,3.735975742340088,2.0142598152160645,0.5478894114494324,,,,,,,
1,2.030658721923828,31.782241821289062,724,2.030658721923828,1.5662835836410522,5.075268745422363,2.5103352069854736,1.2743594646453857,0.4745776653289795,,,,,,,
2,2.062502145767212,40.38237380981445,749,2.062502145767212,1.5598728656768799,8.538639068603516,3.069061279296875,2.7750542163848877,0.5431054830551147,,,,,,,
2,1.9047683477401733,37.12077331542969,774,1.9047683477401733,1.5004758834838867,7.173712730407715,3.1731293201446533,2.0260350704193115,0.5166093707084656,,,,,,,
2,1.69410240650177,33.718875885009766,799,1.69410240650177,1.5068187713623047,6.138444423675537,3.3043696880340576,1.555079698562622,0.471425861120224,,,,,,,
2,1.8367559909820557,38.69850158691406,824,1.8367559909820557,1.5074479579925537,8.634140968322754,3.864203691482544,1.7493215799331665,0.5098530650138855,,,,,,,
2,1.9110748767852783,32.732730865478516,849,1.9110748767852783,1.4537744522094727,5.842616558074951,3.233149290084839,1.6484981775283813,0.4567708969116211,,,,,,,
2,1.9610211849212646,34.53886795043945,874,1.9610211849212646,1.4136509895324707,6.5167999267578125,3.085413932800293,1.9281657934188843,0.4798853099346161,,,,,,,
2,1.6583049297332764,43.751502990722656,899,1.6583049297332764,1.597015619277954,10.613059997558594,3.4563357830047607,2.185469388961792,0.5755471587181091,,,,,,,
2,1.8333890438079834,34.429969787597656,924,1.8333890438079834,1.5432167053222656,6.225917339324951,3.549511432647705,1.3354007005691528,0.4839094281196594,,,,,,,
2,2.057098388671875,34.775882720947266,949,2.057098388671875,1.4967973232269287,5.846070289611816,3.301389455795288,1.8490219116210938,0.4951689839363098,,,,,,,
2,1.623960256576538,33.351593017578125,974,1.623960256576538,1.5194220542907715,6.276556015014648,3.0294289588928223,1.5795528888702393,0.4654807150363922,,,,,,,
2,1.6810743808746338,37.14181137084961,999,1.6810743808746338,1.5147758722305298,7.98338508605957,3.3881402015686035,1.8838974237442017,0.4971470832824707,,,,,,,
2,1.7776434421539307,35.452388763427734,1024,1.7776434421539307,1.4624131917953491,6.382908821105957,3.022096633911133,1.6552531719207764,0.5095492601394653,,,,,,,
2,2.004610538482666,32.62222671508789,1049,2.004610538482666,1.4624392986297607,5.471012115478516,2.810375452041626,1.5913387537002563,0.47304582595825195,,,,,,,
2,1.8965988159179688,36.09025955200195,1074,1.8965988159179688,1.4845280647277832,6.9775543212890625,3.0494117736816406,1.4588773250579834,0.5137752890586853,,,,,,,
3,1.457527995109558,33.2672119140625,1099,1.457527995109558,1.5472700595855713,7.0443644523620605,3.756924629211426,1.111501693725586,0.4401589334011078,,,,,,,
3,1.902381181716919,40.044219970703125,1124,1.902381181716919,1.5672783851623535,9.335787773132324,3.374220371246338,2.021085739135742,0.5276854634284973,,,,,,,
3,1.7143090963363647,44.892112731933594,1149,1.7143090963363647,1.4770331382751465,10.633949279785156,4.09537410736084,2.2611608505249023,0.5872132778167725,,,,,,,
3,1.687622308731079,34.03487014770508,1174,1.687622308731079,1.5526673793792725,6.399890422821045,2.7564992904663086,1.5593419075012207,0.48369941115379333,,,,,,,
3,1.9582031965255737,35.130245208740234,1199,1.9582031965255737,1.6109952926635742,7.262082576751709,2.6318767070770264,1.54231858253479,0.49073266983032227,,,,,,,
3,1.5810961723327637,36.05419158935547,1224,1.5810961723327637,1.5553631782531738,6.444344997406006,3.56611967086792,1.2363401651382446,0.5167116522789001,,,,,,,
3,1.5047829151153564,33.365352630615234,1249,1.5047829151153564,1.4842172861099243,6.696235656738281,3.2929623126983643,1.3793853521347046,0.4558345377445221,,,,,,,
3,2.1614646911621094,33.457183837890625,1274,2.1614646911621094,1.5757157802581787,6.18751335144043,2.5831809043884277,1.4778302907943726,0.4807320535182953,,,,,,,
3,1.9709086418151855,27.52457046508789,1299,1.9709086418151855,1.4453163146972656,4.7688374519348145,3.2008771896362305,1.101150393486023,0.37796419858932495,,,,,,,
3,1.6061153411865234,36.52237319946289,1324,1.6061153411865234,1.529931902885437,7.896659851074219,3.619673728942871,1.6236164569854736,0.4856109619140625,,,,,,,
3,1.6635000705718994,43.06806182861328,1349,1.6635000705718994,1.5670284032821655,12.208664894104004,3.3145461082458496,2.2058377265930176,0.5282663702964783,,,,,,,
3,1.3157330751419067,37.81901931762695,1374,1.3157330751419067,1.5320360660552979,7.708919525146484,4.404899597167969,1.342816948890686,0.5073410272598267,,,,,,,
3,1.8487462997436523,32.43166732788086,1399,1.8487462997436523,1.415001392364502,5.370616912841797,3.35915470123291,1.6365002393722534,0.4588976502418518,,,,,,,
3,1.8752961158752441,32.57468795776367,1424,1.8752961158752441,1.4925979375839233,6.272289752960205,2.9193313121795654,1.5670459270477295,0.451631635427475,,,,,,,
3,1.5529544353485107,38.443153381347656,1449,1.5529544353485107,1.5454564094543457,9.779014587402344,3.346842050552368,2.009131908416748,0.4836156964302063,,,,,,,
4,1.600777506828308,40.32637023925781,1474,1.600777506828308,1.531110405921936,10.004799842834473,3.4868204593658447,2.0004734992980957,0.5178481936454773,,,,,,,
4,2.1507985591888428,34.426265716552734,1499,2.1507985591888428,1.533829689025879,7.491519927978516,2.9807746410369873,1.988634705543518,0.4540334641933441,,,,,,,
4,1.9567023515701294,33.65555953979492,1524,1.9567023515701294,1.4603641033172607,6.442603588104248,3.247955799102783,1.634397029876709,0.4637830853462219,,,,,,,
4,1.1740410327911377,40.09934997558594,1549,1.1740410327911377,1.5224761962890625,9.523058891296387,3.5747554302215576,1.507759928703308,0.5326955318450928,,,,,,,
4,1.512115716934204,38.71451187133789,1574,1.512115716934204,1.4322502613067627,9.66533088684082,3.3224146366119385,1.5975260734558105,0.504377543926239,,,,,,,
4,1.9082980155944824,33.12273025512695,1599,1.9082980155944824,1.5178741216659546,5.756925106048584,2.9240756034851074,1.4685771465301514,0.47678399085998535,,,,,,,
4,1.9347928762435913,30.36113929748535,1624,1.9347928762435913,1.5388699769973755,5.631504535675049,2.9418842792510986,1.396863341331482,0.4189336895942688,,,,,,,
4,1.6862883567810059,37.37873077392578,1649,1.6862883567810059,1.4906554222106934,8.953493118286133,3.243833303451538,1.2495445013046265,0.49869343638420105,,,,,,,
4,1.6322813034057617,36.85828399658203,1674,1.6322813034057617,1.551870584487915,7.841402053833008,3.387420654296875,1.9258086681365967,0.4922617971897125,,,,,,,
4,2.006181478500366,33.591880798339844,1699,2.006181478500366,1.5717107057571411,5.315110683441162,2.856687068939209,1.4736051559448242,0.49721699953079224,,,,,,,
4,1.6665986776351929,33.11483383178711,1724,1.6665986776351929,1.45943284034729,6.561230182647705,3.7530243396759033,1.4912049770355225,0.44110986590385437,,,,,,,
4,1.4747776985168457,37.63624572753906,1749,1.4747776985168457,1.538037896156311,8.295675277709961,3.833099365234375,1.4289016723632812,0.5009007453918457,,,,,,,
4,1.7076764106750488,34.79573440551758,1774,1.7076764106750488,1.5337238311767578,6.953049182891846,2.560819625854492,1.6680426597595215,0.490668922662735,,,,,,,
4,2.0498831272125244,36.478797912597656,1799,2.0498831272125244,1.4969184398651123,7.6777496337890625,3.2039902210235596,1.4669030904769897,0.5029608607292175,,,,,,,
4,1.7337605953216553,33.667724609375,1824,1.7337605953216553,1.5013859272003174,7.089777946472168,3.405329942703247,1.8468077182769775,0.44054269790649414,,,,,,,
4,,,1824,,,,,,,1.9303869009017944,1.5196439027786255,6.6885085105896,2.9386911392211914,1.7488934993743896,35.03106689453125,0.4918961524963379
5,1.7609367370605469,33.93683624267578,1849,1.7609367370605469,1.4472150802612305,6.594970703125,3.0948281288146973,1.3056728839874268,0.4776477813720703,,,,,,,
5,1.6463899612426758,34.63529968261719,1874,1.6463899612426758,1.5322363376617432,7.673793315887451,3.3817577362060547,1.5489364862442017,0.45552387833595276,,,,,,,
5,2.154618740081787,26.089506149291992,1899,2.154618740081787,1.5004162788391113,3.683349847793579,2.71474027633667,1.0693563222885132,0.38048097491264343,,,,,,,
5,1.7009942531585693,35.137451171875,1924,1.7009942531585693,1.5223877429962158,8.260527610778809,3.2451601028442383,1.7272629737854004,0.4529357850551605,,,,,,,
5,2.3248348236083984,31.805776596069336,1949,2.3248348236083984,1.5847723484039307,4.255786418914795,2.6072733402252197,1.2258721590042114,0.49182382225990295,,,,,,,
5,1.3992860317230225,40.01973342895508,1974,1.3992860317230225,1.488090991973877,10.583839416503906,3.8170371055603027,1.5727217197418213,0.5012898445129395,,,,,,,
5,2.092602252960205,31.822145462036133,1999,2.092602252960205,1.4943339824676514,5.562421798706055,2.9865431785583496,1.303629755973816,0.45500484108924866,,,,,,,
5,1.6686911582946777,35.35829162597656,2024,1.6686911582946777,1.5365705490112305,7.1455254554748535,3.711282253265381,1.9971137046813965,0.46595117449760437,,,,,,,
5,1.8320239782333374,33.42466354370117,2049,1.8320239782333374,1.4903875589370728,5.5651936531066895,2.8698041439056396,1.7130866050720215,0.4841375946998596,,,,,,,
5,2.0776829719543457,31.77318572998047,2074,2.0776829719543457,1.4741156101226807,5.325779438018799,2.6365764141082764,1.3956434726715088,0.4653571546077728,,,,,,,
5,1.9830840826034546,33.714290618896484,2099,1.9830840826034546,1.4762552976608276,6.635530471801758,3.334768295288086,1.8029558658599854,0.45477285981178284,,,,,,,
5,1.8257484436035156,36.33306884765625,2124,1.8257484436035156,1.527517318725586,8.002857208251953,3.3839025497436523,1.6063235998153687,0.4847215712070465,,,,,,,
5,2.06972074508667,32.49409103393555,2149,2.06972074508667,1.4438097476959229,6.10586404800415,2.867567300796509,1.7683420181274414,0.4513002336025238,,,,,,,
5,1.8338463306427002,32.72438049316406,2174,1.8338463306427002,1.4745063781738281,6.090426445007324,3.6482901573181152,1.26600182056427,0.4498923420906067,,,,,,,
6,1.9774699211120605,30.170665740966797,2199,1.9774699211120605,1.4873859882354736,6.06827974319458,2.6528635025024414,1.3352534770965576,0.4139307141304016,,,,,,,
6,1.744659185409546,32.40312957763672,2224,1.744659185409546,1.5184307098388672,6.8795576095581055,2.9072532653808594,1.593353271484375,0.4334341585636139,,,,,,,
6,1.9353333711624146,28.27047348022461,2249,1.9353333711624146,1.4489147663116455,5.164782524108887,2.657632827758789,1.368192434310913,0.39179888367652893,,,,,,,
6,2.275688648223877,31.047836303710938,2274,2.275688648223877,1.5997133255004883,5.3698320388793945,2.4688737392425537,1.4745798110961914,0.44744086265563965,,,,,,,
6,1.684025526046753,37.665069580078125,2299,1.684025526046753,1.5123522281646729,8.428808212280273,3.0500121116638184,1.7646121978759766,0.5090951919555664,,,,,,,
6,1.664937138557434,40.956092834472656,2324,1.664937138557434,1.5522818565368652,10.41044807434082,3.831915855407715,1.8791334629058838,0.5173847675323486,,,,,,,
6,1.6311686038970947,32.845726013183594,2349,1.6311686038970947,1.3654489517211914,6.8008928298950195,3.030874252319336,1.6381137371063232,0.4446755051612854,,,,,,,
6,2.021052122116089,40.748291015625,2374,2.021052122116089,1.5168832540512085,9.858403205871582,2.8433051109313965,1.5521694421768188,0.5550562739372253,,,,,,,
6,1.3904857635498047,40.999755859375,2399,1.3904857635498047,1.4850080013275146,10.961967468261719,3.980579376220703,1.700586199760437,0.5082581639289856,,,,,,,
6,2.214832305908203,32.0983772277832,2424,2.214832305908203,1.5192220211029053,4.543313503265381,2.1844706535339355,1.6856355667114258,0.4925719201564789,,,,,,,
6,2.004199981689453,31.316410064697266,2449,2.004199981689453,1.416696310043335,6.013716220855713,2.6676833629608154,1.2229825258255005,0.44434070587158203,,,,,,,
6,2.000626802444458,34.59187698364258,2474,2.000626802444458,1.4586057662963867,7.603041648864746,3.132789373397827,1.654463291168213,0.4609549641609192,,,,,,,
6,1.9213218688964844,31.915311813354492,2499,1.9213218688964844,1.5244052410125732,6.21583890914917,2.7629406452178955,1.5457565784454346,0.44147488474845886,,,,,,,
6,1.8247405290603638,32.24596405029297,2524,1.8247405290603638,1.4248427152633667,6.096302509307861,2.923631191253662,1.482122778892517,0.4515347480773926,,,,,,,
6,1.9685661792755127,32.72690200805664,2549,1.9685661792755127,1.5466605424880981,5.414300441741943,2.7555322647094727,1.5263035297393799,0.4774245321750641,,,,,,,
7,1.6043943166732788,36.455284118652344,2574,1.6043943166732788,1.4403958320617676,7.23594331741333,3.256107807159424,1.8321152925491333,0.5042382478713989,,,,,,,
7,1.7424376010894775,40.01893997192383,2599,1.7424376010894775,1.4960116147994995,10.228594779968262,3.5701260566711426,1.9793504476547241,0.5054412484169006,,,,,,,
7,1.6089407205581665,36.822364807128906,2624,1.6089407205581665,1.5372573137283325,7.342038631439209,3.5403780937194824,1.5722789764404297,0.5073424577713013,,,,,,,
7,1.9706950187683105,33.74552536010742,2649,1.9706950187683105,1.4895131587982178,6.545866966247559,2.734217882156372,1.817981481552124,0.4701766073703766,,,,,,,
7,1.5784995555877686,36.748008728027344,2674,1.5784995555877686,1.5091793537139893,7.28854513168335,3.049570322036743,1.5841985940933228,0.5181447863578796,,,,,,,
7,2.107860565185547,28.435792922973633,2699,2.107860565185547,1.404915690422058,4.6040873527526855,2.375905752182007,1.5277116298675537,0.41162607073783875,,,,,,,
7,1.3293235301971436,40.07224655151367,2724,1.3293235301971436,1.505089282989502,10.242853164672852,3.9204227924346924,1.388290286064148,0.5114575624465942,,,,,,,
7,1.7405613660812378,36.07619857788086,2749,1.7405613660812378,1.5628252029418945,6.843205451965332,3.262056827545166,1.4554673433303833,0.5100588202476501,,,,,,,
7,2.218573570251465,32.40597915649414,2774,2.218573570251465,1.4828664064407349,6.0693135261535645,2.4447379112243652,1.5918091535568237,0.46260562539100647,,,,,,,
7,2.06321120262146,33.2127685546875,2799,2.06321120262146,1.4664335250854492,5.548251152038574,3.087641716003418,1.485865831375122,0.48054608702659607,,,,,,,
7,2.0268774032592773,33.646766662597656,2824,2.0268774032592773,1.4488794803619385,6.602558135986328,3.8925232887268066,1.4328510761260986,0.45044341683387756,,,,,,,
7,1.9775209426879883,32.02556228637695,2849,1.9775209426879883,1.450234293937683,6.492096424102783,3.096734046936035,1.4848496913909912,0.4333699345588684,,,,,,,
7,1.999070405960083,32.45884323120117,2874,1.999070405960083,1.4848544597625732,6.668298721313477,3.444972515106201,1.7938331365585327,0.4237084984779358,,,,,,,
7,1.9090460538864136,37.503196716308594,2899,1.9090460538864136,1.5096875429153442,8.90872859954834,3.8122100830078125,1.7651208639144897,0.4779432415962219,,,,,,,
8,1.3212172985076904,38.848388671875,2924,1.3212172985076904,1.5870213508605957,8.927382469177246,3.4568710327148438,1.7825192213058472,0.5132131576538086,,,,,,,
8,2.2482221126556396,33.654170989990234,2949,2.2482221126556396,1.4385552406311035,6.074080944061279,2.497737169265747,1.8415148258209229,0.4844951629638672,,,,,,,
8,1.9969019889831543,32.7421760559082,2974,1.9969019889831543,1.4876155853271484,5.764520168304443,3.090751886367798,1.429742693901062,0.4659899175167084,,,,,,,
8,2.0230495929718018,27.146820068359375,2999,2.0230495929718018,1.4481134414672852,4.432960510253906,2.7114217281341553,1.3607683181762695,0.3820790648460388,,,,,,,
8,2.1472277641296387,34.28891372680664,3024,2.1472277641296387,1.4063547849655151,7.336745262145996,3.154102325439453,1.5742710828781128,0.46260976791381836,,,,,,,
8,1.779213547706604,33.929893493652344,3049,1.779213547706604,1.5012195110321045,6.382292747497559,3.6559784412384033,1.4166927337646484,0.4660823941230774,,,,,,,
8,1.553702473640442,35.73017883300781,3074,1.553702473640442,1.4007803201675415,8.157257080078125,3.113529682159424,1.462923526763916,0.4799041748046875,,,,,,,
8,1.638434886932373,36.86825180053711,3099,1.638434886932373,1.51070237159729,7.644244194030762,3.0658693313598633,2.0822248458862305,0.5014490485191345,,,,,,,
8,1.9703179597854614,29.152671813964844,3124,1.9703179597854614,1.465878963470459,4.828611850738525,2.4684011936187744,1.4771852493286133,0.4202798008918762,,,,,,,
8,1.7886762619018555,35.78479766845703,3149,1.7886762619018555,1.560317039489746,7.209352016448975,3.673438310623169,1.5522587299346924,0.4842096269130707,,,,,,,
8,2.121856451034546,30.417301177978516,3174,2.121856451034546,1.4884250164031982,5.436400413513184,2.7549538612365723,1.667422890663147,0.4237799644470215,,,,,,,
8,1.6802618503570557,36.24088668823242,3199,1.6802618503570557,1.4360765218734741,8.32025146484375,2.963919162750244,1.8387025594711304,0.4818207919597626,,,,,,,
8,1.9105839729309082,32.12556838989258,3224,1.9105839729309082,1.492295742034912,6.304373264312744,3.326249837875366,1.4750206470489502,0.43394729495048523,,,,,,,
8,2.242797613143921,28.647254943847656,3249,2.242797613143921,1.441498041152954,4.401253700256348,2.6852574348449707,1.246127724647522,0.4194025993347168,,,,,,,
8,1.9062258005142212,38.38003921508789,3274,1.9062258005142212,1.5833568572998047,8.288976669311523,3.089747428894043,1.9993951320648193,0.5204125642776489,,,,,,,
9,2.2076053619384766,38.84814453125,3299,2.2076053619384766,1.5139281749725342,9.278890609741211,2.8916523456573486,1.718722939491272,0.5209988951683044,,,,,,,
9,1.9660959243774414,32.15999984741211,3324,1.9660959243774414,1.382387638092041,5.625241279602051,3.381361961364746,1.5881800651550293,0.44850730895996094,,,,,,,
9,1.686232089996338,41.189247131347656,3349,1.686232089996338,1.4549733400344849,11.298677444458008,3.4342427253723145,2.333059310913086,0.5037398338317871,,,,,,,
9,1.9848606586456299,30.73130226135254,3374,1.9848606586456299,1.4465112686157227,5.430395126342773,3.221017599105835,1.712324857711792,0.4204678535461426,,,,,,,
9,1.647681474685669,38.35895538330078,3399,1.647681474685669,1.5279133319854736,9.491849899291992,3.391040086746216,1.785782814025879,0.49249711632728577,,,,,,,
9,2.1624040603637695,33.05308532714844,3424,2.1624040603637695,1.4226312637329102,6.829465389251709,3.673732280731201,1.4138011932373047,0.4380768835544586,,,,,,,
9,1.7087585926055908,30.955785751342773,3449,1.7087585926055908,1.4251644611358643,5.568339824676514,3.72967529296875,1.3588348627090454,0.4194171130657196,,,,,,,
9,1.6019731760025024,31.75174331665039,3474,1.6019731760025024,1.4525854587554932,6.814827919006348,3.060706615447998,1.4346039295196533,0.4219782054424286,,,,,,,
9,1.6566574573516846,38.10607147216797,3499,1.6566574573516846,1.4957557916641235,9.847830772399902,3.424258232116699,1.827934980392456,0.478006511926651,,,,,,,
9,1.632677674293518,37.409339904785156,3524,1.632677674293518,1.5346039533615112,8.104429244995117,3.620634078979492,1.6926456689834595,0.49904510378837585,,,,,,,
9,2.0438413619995117,35.00749969482422,3549,2.0438413619995117,1.495459794998169,6.479687690734863,3.242166042327881,1.9175242185592651,0.4860592484474182,,,,,,,
9,1.7971885204315186,35.05424499511719,3574,1.7971885204315186,1.4758307933807373,7.8637824058532715,3.3660483360290527,1.906297206878662,0.4542730450630188,,,,,,,
9,1.9487757682800293,28.145627975463867,3599,1.9487757682800293,1.4115796089172363,5.775841236114502,3.0172789096832275,1.3326321840286255,0.36907321214675903,,,,,,,
9,1.7920780181884766,41.590885162353516,3624,1.7920780181884766,1.568524718284607,9.063128471374512,3.6799137592315674,2.1213531494140625,0.5590658783912659,,,,,,,
9,1.8238484859466553,31.381439208984375,3649,1.8238484859466553,1.4700219631195068,6.099112510681152,3.1722490787506104,1.7246030569076538,0.42034339904785156,,,,,,,
9,,,3649,,,,,,,1.6280232667922974,1.5102797746658325,7.812910079956055,3.3399908542633057,1.7470531463623047,36.177059173583984,0.4837072193622589
10,1.9581735134124756,35.749671936035156,3674,1.9581735134124756,1.6097140312194824,7.691084384918213,3.392000436782837,1.8592472076416016,0.47105833888053894,,,,,,,
10,1.5339610576629639,37.667747497558594,3699,1.5339610576629639,1.4636225700378418,9.893044471740723,3.2758188247680664,1.6160041093826294,0.47598353028297424,,,,,,,
10,1.8190854787826538,32.50300598144531,3724,1.8190854787826538,1.400626540184021,6.311634540557861,2.594038486480713,1.6531901359558105,0.45652255415916443,,,,,,,
10,1.6936084032058716,35.6240348815918,3749,1.6936084032058716,1.601401448249817,6.846290588378906,3.603482723236084,1.7618136405944824,0.484689861536026,,,,,,,
10,1.9141901731491089,30.170608520507812,3774,1.9141901731491089,1.4834327697753906,4.916439056396484,2.6661436557769775,1.1356658935546875,0.4437539279460907,,,,,,,
10,1.5356215238571167,35.81273651123047,3799,1.5356215238571167,1.3946654796600342,8.472408294677734,3.791599988937378,1.5214036703109741,0.4585035443305969,,,,,,,
10,1.9363822937011719,34.993316650390625,3824,1.9363822937011719,1.5154272317886353,7.966854095458984,3.385369062423706,1.8529820442199707,0.4505041241645813,,,,,,,
10,2.0107054710388184,30.314451217651367,3849,2.0107054710388184,1.3905099630355835,5.05216121673584,2.943995475769043,1.4989200830459595,0.4317525029182434,,,,,,,
10,1.4137979745864868,37.37788391113281,3874,1.4137979745864868,1.521216630935669,7.855185508728027,4.070572376251221,1.6528233289718628,0.4950685203075409,,,,,,,
10,2.000250816345215,33.38320541381836,3899,2.000250816345215,1.4393506050109863,7.120678901672363,3.1467227935791016,1.7763746976852417,0.44222399592399597,,,,,,,
10,1.7979449033737183,34.69277572631836,3924,1.7979449033737183,1.4686599969863892,6.812507152557373,3.545726776123047,1.5093899965286255,0.47458863258361816,,,,,,,
10,2.0407378673553467,27.660722732543945,3949,2.0407378673553467,1.471040964126587,4.734539985656738,2.756486415863037,1.5095545053482056,0.3819800317287445,,,,,,,
10,2.0279507637023926,32.56813430786133,3974,2.0279507637023926,1.5736554861068726,6.409380912780762,2.67055344581604,1.8534460067749023,0.4458022117614746,,,,,,,
10,1.507885456085205,37.403751373291016,3999,1.507885456085205,1.5318324565887451,8.291568756103516,4.239063262939453,1.80599045753479,0.4785620868206024,,,,,,,
11,1.6249208450317383,32.40387725830078,4024,1.6249208450317383,1.3677846193313599,6.265065670013428,3.170506000518799,1.4066294431686401,0.4487531781196594,,,,,,,
11,1.4646016359329224,37.33885955810547,4049,1.4646016359329224,1.517918348312378,8.744257926940918,4.0461225509643555,1.8592090606689453,0.4704745411872864,,,,,,,
11,2.1800358295440674,33.44210433959961,4074,2.1800358295440674,1.5035735368728638,6.9460062980651855,2.6150360107421875,1.5980147123336792,0.4617660641670227,,,,,,,
11,2.295628786087036,30.639070510864258,4099,2.295628786087036,1.5897223949432373,5.37060546875,2.5004968643188477,1.4288544654846191,0.4388754069805145,,,,,,,
11,1.6721163988113403,40.03166198730469,4124,1.6721163988113403,1.5259908437728882,9.35184097290039,3.828012228012085,1.8046762943267822,0.5226920247077942,,,,,,,
11,1.4458892345428467,38.0792236328125,4149,1.4458892345428467,1.4612877368927002,8.940899848937988,4.299768447875977,1.5515844821929932,0.4850151240825653,,,,,,,
11,1.5406602621078491,35.021297454833984,4174,1.5406602621078491,1.5316722393035889,8.401522636413574,3.4520299434661865,1.800242304801941,0.4407961964607239,,,,,,,
11,1.764068841934204,30.661165237426758,4199,1.764068841934204,1.2602458000183105,5.785698890686035,3.0388143062591553,1.4795360565185547,0.42437487840652466,,,,,,,
11,1.9074052572250366,32.71855163574219,4224,1.9074052572250366,1.4592227935791016,5.54423189163208,3.059237241744995,1.563634991645813,0.4687161445617676,,,,,,,
11,1.8612892627716064,34.01321029663086,4249,1.8612892627716064,1.4392199516296387,6.821194648742676,3.1460728645324707,1.9522029161453247,0.45898935198783875,,,,,,,
11,1.880965232849121,39.50105667114258,4274,1.880965232849121,1.57948637008667,10.217472076416016,3.7532596588134766,1.7591254711151123,0.49314913153648376,,,,,,,
11,2.5887911319732666,27.02497673034668,4299,2.5887911319732666,1.3620250225067139,4.190676212310791,2.110929250717163,1.6500738859176636,0.39358383417129517,,,,,,,
11,1.803687334060669,36.62769317626953,4324,1.803687334060669,1.4778035879135132,8.240029335021973,3.5740785598754883,1.7990632057189941,0.47859373688697815,,,,,,,
11,2.0058627128601074,32.719520568847656,4349,2.0058627128601074,1.53163480758667,6.540825843811035,3.448823928833008,1.6029444932937622,0.435450941324234,,,,,,,
11,1.7791430950164795,34.30316162109375,4374,1.7791430950164795,1.4625556468963623,7.257138729095459,3.712958812713623,1.6533641815185547,0.4492698609828949,,,,,,,
12,1.6397744417190552,34.55603790283203,4399,1.6397744417190552,1.5050301551818848,6.845503807067871,3.3701751232147217,1.5734435319900513,0.47248631715774536,,,,,,,
12,1.6970471143722534,35.63957595825195,4424,1.6970471143722534,1.506216287612915,7.6281352043151855,2.9168736934661865,1.8831387758255005,0.482338011264801,,,,,,,
12,1.9927680492401123,35.98721694946289,4449,1.9927680492401123,1.4817683696746826,7.972297668457031,2.880333423614502,1.9754570722579956,0.48171907663345337,,,,,,,
12,1.8614217042922974,35.89584732055664,4474,1.8614217042922974,1.5170235633850098,7.640191078186035,2.9405934810638428,1.7678951025009155,0.48955875635147095,,,,,,,
12,1.5517656803131104,33.73856735229492,4499,1.5517656803131104,1.3934431076049805,6.750988960266113,3.6788907051086426,1.2870900630950928,0.45840343832969666,,,,,,,
12,2.367136001586914,32.2581787109375,4524,2.367136001586914,1.487457275390625,6.201076507568359,2.622964859008789,1.4462934732437134,0.45556411147117615,,,,,,,
12,1.6632678508758545,32.299442291259766,4549,1.6632678508758545,1.4856255054473877,6.180954456329346,3.819828748703003,1.4924957752227783,0.4293452203273773,,,,,,,
12,1.91928231716156,35.60905075073242,4574,1.91928231716156,1.4345910549163818,7.500918865203857,3.22324800491333,2.09360671043396,0.4745931327342987,,,,,,,
12,2.058173894882202,32.78070068359375,4599,2.058173894882202,1.4852405786514282,5.716640949249268,3.287418842315674,1.870914340019226,0.4537885785102844,,,,,,,
12,1.612133264541626,33.85198974609375,4624,1.612133264541626,1.4553865194320679,7.668572902679443,3.4759631156921387,1.461714267730713,0.43978554010391235,,,,,,,
12,2.003204107284546,35.89425277709961,4649,2.003204107284546,1.5174949169158936,8.131114959716797,2.61875581741333,1.92817223072052,0.4821936786174774,,,,,,,
12,1.617999792098999,39.29966735839844,4674,1.617999792098999,1.4436331987380981,10.721837997436523,3.5013833045959473,2.047323703765869,0.4796774983406067,,,,,,,
12,1.649659514427185,39.187744140625,4699,1.649659514427185,1.4761872291564941,8.295028686523438,4.05175256729126,2.4892196655273438,0.5083457231521606,,,,,,,
12,1.4266588687896729,35.857173919677734,4724,1.4266588687896729,1.5303226709365845,7.623688697814941,3.6619977951049805,1.3435347080230713,0.4821694791316986,,,,,,,
13,1.9571155309677124,33.336055755615234,4749,1.9571155309677124,1.4637045860290527,6.64967155456543,2.6510066986083984,1.9709397554397583,0.4577940106391907,,,,,,,
13,1.6790261268615723,39.62871551513672,4774,1.6790261268615723,1.5370815992355347,8.700016975402832,2.851715087890625,1.8272639513015747,0.5491697192192078,,,,,,,
13,1.9102575778961182,29.418651580810547,4799,1.9102575778961182,1.4786345958709717,5.119663715362549,2.497126579284668,1.3747013807296753,0.4210783541202545,,,,,,,
13,1.88673734664917,34.26416778564453,4824,1.88673734664917,1.5641522407531738,7.614495754241943,3.528963565826416,1.7002506256103516,0.4412511885166168,,,,,,,
13,2.1229307651519775,33.67179489135742,4849,2.1229307651519775,1.4945745468139648,7.226058483123779,2.663269519805908,1.8079115152359009,0.45511069893836975,,,,,,,
13,1.9651964902877808,31.407329559326172,4874,1.9651964902877808,1.4729770421981812,5.849579811096191,2.967881679534912,1.4672654867172241,0.4366583526134491,,,,,,,
13,1.8246581554412842,35.330848693847656,4899,1.8246581554412842,1.6181683540344238,8.010673522949219,2.9662065505981445,1.698547124862671,0.46749454736709595,,,,,,,
13,2.369915008544922,31.05854034423828,4924,2.369915008544922,1.400112509727478,4.485902786254883,2.8604795932769775,1.5372642278671265,0.46166181564331055,,,,,,,
13,2.1238925457000732,28.847087860107422,4949,2.1238925457000732,1.4489024877548218,4.414823532104492,2.980220317840576,1.6686955690383911,0.4074321389198303,,,,,,,
13,1.6842856407165527,29.772371292114258,4974,1.6842856407165527,1.4902844429016113,5.300710201263428,2.7302026748657227,1.51674222946167,0.41632071137428284,,,,,,,
13,1.820446491241455,38.630306243896484,4999,1.820446491241455,1.5417168140411377,8.923636436462402,3.0280656814575195,1.9431313276290894,0.5154168009757996,,,,,,,
13,2.5225205421447754,28.438701629638672,5024,2.5225205421447754,1.524009108543396,4.075421333312988,2.4310429096221924,1.4935553073883057,0.4203260540962219,,,,,,,
13,1.9927265644073486,28.494348526000977,5049,1.9927265644073486,1.3979555368423462,4.763291835784912,3.1768760681152344,1.5452479124069214,0.39135506749153137,,,,,,,
13,2.3655319213867188,28.274921417236328,5074,2.3655319213867188,1.4109325408935547,4.426007270812988,2.3618369102478027,1.3250255584716797,0.41669154167175293,,,,,,,
13,2.3171093463897705,27.953296661376953,5099,2.3171093463897705,1.4327651262283325,4.251917362213135,2.4727096557617188,1.8209329843521118,0.3994438052177429,,,,,,,
14,1.7437684535980225,32.7830696105957,5124,1.7437684535980225,1.4330130815505981,6.4012556076049805,3.545726776123047,1.7210882902145386,0.4373774230480194,,,,,,,
14,2.069014310836792,33.21702194213867,5149,2.069014310836792,1.4699926376342773,7.551820278167725,3.1812551021575928,1.7957205772399902,0.42707186937332153,,,,,,,
14,1.8831324577331543,31.6558895111084,5174,1.8831324577331543,1.4687724113464355,5.955284118652344,3.2909774780273438,1.5585969686508179,0.4307168126106262,,,,,,,
14,1.8879940509796143,28.66362190246582,5199,1.8879940509796143,1.3993163108825684,4.577168941497803,3.235210418701172,1.2831040620803833,0.40375158190727234,,,,,,,
14,1.7813342809677124,31.596145629882812,5224,1.7813342809677124,1.4334781169891357,6.1795148849487305,3.1110730171203613,1.3563379049301147,0.4336831271648407,,,,,,,
14,2.163221836090088,27.511991500854492,5249,2.163221836090088,1.4711554050445557,4.022823333740234,2.356482982635498,1.5037161111831665,0.40350696444511414,,,,,,,
14,2.005553722381592,31.98633575439453,5274,2.005553722381592,1.4903682470321655,5.230674743652344,2.9033331871032715,1.5942223072052002,0.461505264043808,,,,,,,
14,1.641302466392517,36.25978088378906,5299,1.641302466392517,1.4827313423156738,8.986181259155273,4.00863790512085,1.8596800565719604,0.4427233338356018,,,,,,,
14,1.7844445705413818,33.42399978637695,5324,1.7844445705413818,1.411259412765503,7.143497467041016,2.701900005340576,1.5403966903686523,0.45837655663490295,,,,,,,
14,1.7037067413330078,35.640830993652344,5349,1.7037067413330078,1.5081079006195068,7.59687614440918,3.557785749435425,1.8510726690292358,0.46948859095573425,,,,,,,
14,2.2298433780670166,30.54151153564453,5374,2.2298433780670166,1.4883825778961182,5.20275354385376,2.296877145767212,1.5534921884536743,0.44444456696510315,,,,,,,
14,2.036959648132324,31.628652572631836,5399,2.036959648132324,1.601696491241455,5.942974090576172,3.1315560340881348,1.887581706047058,0.4236632287502289,,,,,,,
14,2.1554040908813477,31.9644718170166,5424,2.1554040908813477,1.4708454608917236,5.468325138092041,2.312169313430786,1.750108242034912,0.46584492921829224,,,,,,,
14,2.244809627532959,34.44186019897461,5449,2.244809627532959,1.4725959300994873,7.836154460906982,2.3619728088378906,1.454227089881897,0.4737090766429901,,,,,,,
14,1.417730689048767,36.57950973510742,5474,1.417730689048767,1.6728496551513672,7.643008232116699,3.5637831687927246,1.792513370513916,0.48683008551597595,,,,,,,
14,,,5474,,,,,,,1.708978295326233,1.4916749000549316,7.137147903442383,3.672774076461792,1.820838451385498,35.1678581237793,0.467676043510437
15,1.9296376705169678,36.54989242553711,5499,1.9296376705169678,1.5108611583709717,8.186695098876953,3.3639471530914307,2.1056578159332275,0.4751717746257782,,,,,,,
15,1.7839746475219727,34.30477523803711,5524,1.7839746475219727,1.5104758739471436,6.337181568145752,3.2697675228118896,1.97524094581604,0.4713801443576813,,,,,,,
15,2.0020856857299805,32.90226745605469,5549,2.0020856857299805,1.4917590618133545,7.142005920410156,2.592428207397461,1.7649283409118652,0.44246992468833923,,,,,,,
15,2.126619577407837,29.185144424438477,5574,2.126619577407837,1.4506053924560547,4.527069091796875,2.7205607891082764,1.823783040046692,0.4147360920906067,,,,,,,
15,1.8446377515792847,35.447452545166016,5599,1.8446377515792847,1.493165135383606,7.565380096435547,3.7571966648101807,1.784419298171997,0.46327313780784607,,,,,,,
15,1.9518976211547852,35.51438522338867,5624,1.9518976211547852,1.536241054534912,7.955792427062988,2.948047161102295,2.0041677951812744,0.4682252109050751,,,,,,,
15,1.7210394144058228,31.085195541381836,5649,1.7210394144058228,1.459856390953064,5.364345073699951,3.172149419784546,1.611579418182373,0.4328280985355377,,,,,,,
15,1.9159772396087646,35.8931770324707,5674,1.9159772396087646,1.4793906211853027,8.554104804992676,3.231302499771118,1.9438636302947998,0.45965591073036194,,,,,,,
15,2.128718376159668,30.255138397216797,5699,2.128718376159668,1.4733312129974365,5.883693218231201,2.858074426651001,1.5576276779174805,0.41072025895118713,,,,,,,
15,1.564723253250122,37.83034133911133,5724,1.564723253250122,1.391054630279541,9.012603759765625,3.50244140625,1.8088438510894775,0.4914531707763672,,,,,,,
15,1.7554436922073364,35.700653076171875,5749,1.7554436922073364,1.4768898487091064,7.382583141326904,3.3555490970611572,2.131136655807495,0.4745442569255829,,,,,,,
15,2.366236686706543,30.383281707763672,5774,2.366236686706543,1.4693129062652588,4.8638596534729,2.0387508869171143,1.4259623289108276,0.45745325088500977,,,,,,,
15,1.988339900970459,32.979896545410156,5799,1.988339900970459,1.5058932304382324,7.045414924621582,3.5941638946533203,1.637110948562622,0.4266069531440735,,,,,,,
15,1.7552614212036133,34.41053771972656,5824,1.7552614212036133,1.4986151456832886,6.610660076141357,3.1823394298553467,1.7860909700393677,0.4740629196166992,,,,,,,
16,1.984695553779602,28.61786460876465,5849,1.984695553779602,1.463310718536377,4.56353759765625,2.444275379180908,1.572236180305481,0.4127667546272278,,,,,,,
16,1.3440883159637451,39.34992980957031,5874,1.3440883159637451,1.5363997220993042,9.529788970947266,4.426346302032471,1.8087140321731567,0.4899706542491913,,,,,,,
16,2.4940149784088135,29.34610939025879,5899,2.4940149784088135,1.4060271978378296,5.218384265899658,2.0753321647644043,1.5616717338562012,0.4241043031215668,,,,,,,
16,1.7051522731781006,35.713157653808594,5924,1.7051522731781006,1.5551191568374634,8.588204383850098,3.798095226287842,1.7470672130584717,0.4449927508831024,,,,,,,
16,1.7289983034133911,32.61325454711914,5949,1.7289983034133911,1.4357033967971802,6.086029052734375,3.8675270080566406,1.5740559101104736,0.4366653561592102,,,,,,,
16,1.844326376914978,36.304988861083984,5974,1.844326376914978,1.4995131492614746,7.667884349822998,3.3010709285736084,2.15419602394104,0.4818294644355774,,,,,,,
16,2.0772318840026855,31.554218292236328,5999,2.0772318840026855,1.5159201622009277,5.8052263259887695,2.8731038570404053,1.5831512212753296,0.4394848048686981,,,,,,,
16,1.6241399049758911,37.021305084228516,6024,1.6241399049758911,1.51046621799469,7.535803318023682,3.514895439147949,1.6394773721694946,0.5071257948875427,,,,,,,
16,1.7409389019012451,34.64765548706055,6049,1.7409389019012451,1.4682025909423828,7.852476119995117,3.280444622039795,1.9011284112930298,0.4476756751537323,,,,,,,
16,1.9703683853149414,33.77278137207031,6074,1.9703683853149414,1.5587100982666016,7.048496723175049,3.173110246658325,1.570204734802246,0.45382794737815857,,,,,,,
16,1.818102478981018,35.010643005371094,6099,1.818102478981018,1.4197179079055786,7.616272449493408,3.4661386013031006,1.6542106866836548,0.46342897415161133,,,,,,,
16,2.1762442588806152,28.375688552856445,6124,2.1762442588806152,1.4303619861602783,5.170992851257324,2.4195024967193604,1.5114656686782837,0.3965192139148712,,,,,,,
16,1.5826588869094849,28.509319305419922,6149,1.5826588869094849,1.3952465057373047,5.502755165100098,3.3250744342803955,1.3028514385223389,0.3774087429046631,,,,,,,
16,1.8946280479431152,31.855464935302734,6174,1.8946280479431152,1.4130761623382568,5.431030750274658,3.1581614017486572,1.6648838520050049,0.44862911105155945,,,,,,,
16,2.28774356842041,32.97372055053711,6199,2.28774356842041,1.4295837879180908,6.1412248611450195,2.6375608444213867,1.8177363872528076,0.4655025601387024,,,,,,,
17,2.046562671661377,35.674827575683594,6224,2.046562671661377,1.4515485763549805,6.728905200958252,2.61612868309021,1.8382742404937744,0.5119993090629578,,,,,,,
17,1.9298009872436523,33.24749755859375,6249,1.9298009872436523,1.4991436004638672,6.2809858322143555,3.122361898422241,1.583126425743103,0.46137508749961853,,,,,,,
17,1.9814465045928955,34.51752853393555,6274,1.9814465045928955,1.4984924793243408,6.046260356903076,3.4272372722625732,1.5905067920684814,0.4878895878791809,,,,,,,
17,2.1769309043884277,34.45827865600586,6299,2.1769309043884277,1.5488629341125488,7.155665874481201,2.7753231525421143,2.134019613265991,0.4632090628147125,,,,,,,
17,2.472209930419922,29.023595809936523,6324,2.472209930419922,1.4657399654388428,3.8342843055725098,1.9470018148422241,1.6870734691619873,0.44643327593803406,,,,,,,
17,1.791021704673767,34.19121170043945,6349,1.791021704673767,1.5868216753005981,6.230473518371582,3.464301586151123,1.8266918659210205,0.46850940585136414,,,,,,,
17,2.0582058429718018,32.60623550415039,6374,2.0582058429718018,1.4389286041259766,7.038500785827637,3.273005485534668,1.7457319498062134,0.42466822266578674,,,,,,,
17,2.541428804397583,29.215856552124023,6399,2.541428804397583,1.4328972101211548,4.621619701385498,2.3715384006500244,1.595450520515442,0.4265410900115967,,,,,,,
17,1.7318530082702637,30.687946319580078,6424,1.7318530082702637,1.4639153480529785,5.494091987609863,3.0542988777160645,1.7112417221069336,0.4214310646057129,,,,,,,
17,2.2775373458862305,32.0681266784668,6449,2.2775373458862305,1.543684720993042,4.6347479820251465,2.3954014778137207,1.6971981525421143,0.4843798577785492,,,,,,,
17,2.1351144313812256,28.794530868530273,6474,2.1351144313812256,1.620006799697876,5.056595802307129,2.694969415664673,1.7224671840667725,0.3933442234992981,,,,,,,
17,2.607630491256714,32.72567367553711,6499,2.607630491256714,1.5583298206329346,5.670559883117676,2.4051756858825684,2.088371992111206,0.4667385518550873,,,,,,,
17,2.299055576324463,27.833955764770508,6524,2.299055576324463,1.363266110420227,4.301455020904541,2.6558265686035156,1.3307961225509644,0.4040580689907074,,,,,,,
17,2.0199623107910156,32.2270622253418,6549,2.0199623107910156,1.441290259361267,5.914917945861816,3.002685070037842,1.823097825050354,0.44544607400894165,,,,,,,
18,2.4216830730438232,29.380104064941406,6574,2.4216830730438232,1.4127085208892822,5.238315105438232,2.449371814727783,1.4426923990249634,0.4186003804206848,,,,,,,
18,1.911846399307251,37.937477111816406,6599,1.911846399307251,1.5179438591003418,8.909061431884766,3.516256332397461,2.025452136993408,0.4881947636604309,,,,,,,
18,1.5336273908615112,33.42427444458008,6624,1.5336273908615112,1.4492428302764893,6.483935832977295,3.347156524658203,1.750298023223877,0.45319196581840515,,,,,,,
18,1.6758034229278564,40.89545822143555,6649,1.6758034229278564,1.4631543159484863,10.865144729614258,3.9367117881774902,2.1435844898223877,0.49970799684524536,,,,,,,
18,2.348283290863037,30.607379913330078,6674,2.348283290863037,1.3990979194641113,5.840966701507568,2.4892263412475586,1.8702704906463623,0.4223960041999817,,,,,,,
18,1.8879544734954834,32.26104736328125,6699,1.8879544734954834,1.4938545227050781,6.077235698699951,2.7030997276306152,1.900848388671875,0.44635578989982605,,,,,,,
18,1.7765355110168457,35.85776138305664,6724,1.7765355110168457,1.506993293762207,8.959366798400879,2.8573341369628906,1.8263355493545532,0.46017178893089294,,,,,,,
18,2.0406386852264404,29.255535125732422,6749,2.0406386852264404,1.4455256462097168,4.170299053192139,2.8067355155944824,1.595905065536499,0.4274904429912567,,,,,,,
18,2.1530165672302246,29.806110382080078,6774,2.1530165672302246,1.4862697124481201,4.532439708709717,2.3894810676574707,1.4955248832702637,0.44227543473243713,,,,,,,
18,1.9278671741485596,33.14203643798828,6799,1.9278671741485596,1.464085578918457,6.118067741394043,2.624605178833008,1.9150605201721191,0.46711596846580505,,,,,,,
18,2.00689697265625,33.08888244628906,6824,2.00689697265625,1.554654836654663,6.808289527893066,3.5060818195343018,1.8508561849594116,0.43042221665382385,,,,,,,
18,1.9187123775482178,32.52350997924805,6849,1.9187123775482178,1.4875723123550415,6.287900447845459,3.310469150543213,1.690158486366272,0.4388313293457031,,,,,,,
18,1.9777014255523682,34.97724151611328,6874,1.9777014255523682,1.5362803936004639,7.53036642074585,3.4435031414031982,1.9162349700927734,0.4566856324672699,,,,,,,
18,1.9611715078353882,31.207134246826172,6899,1.9611715078353882,1.417953372001648,5.781095027923584,2.6042604446411133,1.5126256942749023,0.44202670454978943,,,,,,,
18,2.020005941390991,30.985376358032227,6924,2.020005941390991,1.4488940238952637,6.0514140129089355,2.639314889907837,1.7699395418167114,0.42390695214271545,,,,,,,
19,2.02303409576416,31.755508422851562,6949,2.02303409576416,1.425035834312439,6.275435447692871,2.9256386756896973,1.5223902463912964,0.4357112944126129,,,,,,,
19,2.0572447776794434,38.2157096862793,6974,2.0572447776794434,1.4543828964233398,8.60013198852539,3.2586734294891357,1.9982831478118896,0.5089830756187439,,,,,,,
19,1.8293430805206299,30.605087280273438,6999,1.8293430805206299,1.4500148296356201,5.055110454559326,3.13076114654541,1.7273147106170654,0.4275975227355957,,,,,,,
19,1.8486852645874023,33.79402160644531,7024,1.8486852645874023,1.4695965051651,7.1383490562438965,3.2954349517822266,1.8603057861328125,0.4451184868812561,,,,,,,
19,2.238619089126587,32.27143859863281,7049,2.238619089126587,1.4848525524139404,5.121186256408691,2.791858434677124,1.7508705854415894,0.4693927466869354,,,,,,,
19,1.8263307809829712,39.89326858520508,7074,1.8263307809829712,1.5089058876037598,10.187018394470215,3.2796480655670166,1.9842658042907715,0.5096318125724792,,,,,,,
19,2.0867745876312256,29.452301025390625,7099,2.0867745876312256,1.4337749481201172,4.790915489196777,2.4134576320648193,1.486558198928833,0.42950209975242615,,,,,,,
19,1.9692178964614868,36.12159729003906,7124,1.9692178964614868,1.4990575313568115,8.31430721282959,3.501197338104248,1.6986266374588013,0.46907567977905273,,,,,,,
19,1.9780337810516357,33.651309967041016,7149,1.9780337810516357,1.5388799905776978,5.397678375244141,2.6818599700927734,1.628400206565857,0.4978775978088379,,,,,,,
19,1.9608891010284424,33.84674835205078,7174,1.9608891010284424,1.478252649307251,6.927944660186768,2.8813724517822266,2.066504716873169,0.4553928077220917,,,,,,,
19,2.21799635887146,30.65587615966797,7199,2.21799635887146,1.5292112827301025,4.963955402374268,2.1714062690734863,1.8199834823608398,0.4482515752315521,,,,,,,
19,1.865161657333374,37.46440505981445,7224,1.865161657333374,1.4561169147491455,10.402572631835938,3.1955549716949463,1.8683593273162842,0.4564845561981201,,,,,,,
19,2.487628221511841,34.794044494628906,7249,2.487628221511841,1.464754343032837,7.3186798095703125,2.728620767593384,1.8941495418548584,0.4752853512763977,,,,,,,
19,1.900383472442627,37.45924377441406,7274,1.900383472442627,1.4758005142211914,9.226470947265625,2.6251444816589355,2.175117254257202,0.4879268705844879,,,,,,,
19,2.0127663612365723,30.00933837890625,7299,2.0127663612365723,1.4376893043518066,5.745708465576172,2.920774221420288,1.8121503591537476,0.40206700563430786,,,,,,,
19,,,7299,,,,,,,1.9029383659362793,1.488601803779602,6.810369968414307,3.035238265991211,1.8806830644607544,33.39591979980469,0.44846734404563904
20,2.2490384578704834,26.477054595947266,7324,2.2490384578704834,1.3992843627929688,4.138538837432861,2.9134910106658936,1.411034107208252,0.369215726852417,,,,,,,
20,1.5046945810317993,35.44156265258789,7349,1.5046945810317993,1.463719129562378,7.184304237365723,3.9808480739593506,1.5941766500473022,0.4715225398540497,,,,,,,
20,2.548680067062378,27.71088218688965,7374,2.548680067062378,1.4867322444915771,4.351303577423096,3.005183696746826,1.5306355953216553,0.3852672576904297,,,,,,,
20,2.1449193954467773,25.84192657470703,7399,2.1449193954467773,1.3710523843765259,3.942318916320801,2.283099412918091,1.2980892658233643,0.37660813331604004,,,,,,,
20,2.093992233276367,32.889305114746094,7424,2.093992233276367,1.4163020849227905,6.110337257385254,2.6743853092193604,2.055482864379883,0.4585065543651581,,,,,,,
20,1.8024449348449707,35.457725524902344,7449,1.8024449348449707,1.4666378498077393,7.567934513092041,3.3813724517822266,1.7481144666671753,0.4731925427913666,,,,,,,
20,2.1912035942077637,29.646453857421875,7474,2.1912035942077637,1.4411289691925049,6.164752006530762,2.5451436042785645,1.5611761808395386,0.3985389173030853,,,,,,,
20,1.8037109375,34.894657135009766,7499,1.8037109375,1.4270155429840088,7.526360511779785,3.6178486347198486,1.8706817626953125,0.4545055329799652,,,,,,,
20,2.282569169998169,29.03634262084961,7524,2.282569169998169,1.4822050333023071,3.9423880577087402,2.336360454559326,1.5508158206939697,0.43832388520240784,,,,,,,
20,2.069915771484375,36.496517181396484,7549,2.069915771484375,1.433532476425171,8.706901550292969,2.5396780967712402,2.0717034339904785,0.4832155406475067,,,,,,,
20,1.750961422920227,33.401798248291016,7574,1.750961422920227,1.4762201309204102,6.937666893005371,3.5090551376342773,1.5569984912872314,0.44270792603492737,,,,,,,
20,1.8009363412857056,35.46330261230469,7599,1.8009363412857056,1.4531276226043701,8.857913970947266,2.853123188018799,1.3794420957565308,0.46488213539123535,,,,,,,
20,1.8149642944335938,29.82546615600586,7624,1.8149642944335938,1.491676926612854,5.580096244812012,2.8326401710510254,1.3936024904251099,0.4117211401462555,,,,,,,
20,2.162112236022949,31.186952590942383,7649,2.162112236022949,1.4420381784439087,6.631169319152832,2.6432600021362305,1.5176146030426025,0.42117491364479065,,,,,,,
21,2.393632411956787,27.703815460205078,7674,2.393632411956787,1.4432306289672852,3.797163963317871,1.8749432563781738,1.4798357486724854,0.42463645339012146,,,,,,,
21,1.97594153881073,30.540794372558594,7699,1.97594153881073,1.4775469303131104,4.99942684173584,2.670801877975464,1.4905773401260376,0.4422764480113983,,,,,,,
21,2.4063057899475098,31.97359275817871,7724,2.4063057899475098,1.3708587884902954,5.582577705383301,2.4510583877563477,1.8593465089797974,0.4602166712284088,,,,,,,
21,2.1652324199676514,35.35718536376953,7749,2.1652324199676514,1.5397882461547852,8.23129653930664,2.544196605682373,1.5871573686599731,0.47677212953567505,,,,,,,
21,2.105314254760742,33.61292266845703,7774,2.105314254760742,1.4490901231765747,6.95168399810791,2.685053825378418,1.5392810106277466,0.46639585494995117,,,,,,,
21,1.9094160795211792,33.93825912475586,7799,1.9094160795211792,1.4094290733337402,7.612178325653076,3.088855266571045,1.5883554220199585,0.4497654139995575,,,,,,,
21,2.6017110347747803,24.737075805664062,7824,2.6017110347747803,1.4536092281341553,3.232950210571289,2.085620641708374,1.7263628244400024,0.360856294631958,,,,,,,
21,1.9046452045440674,33.662906646728516,7849,1.9046452045440674,1.426511287689209,6.573959827423096,2.554377794265747,1.9290295839309692,0.4706450402736664,,,,,,,
21,1.9031147956848145,32.12337875366211,7874,1.9031147956848145,1.4924302101135254,5.918071746826172,3.3556554317474365,1.8351778984069824,0.43382319808006287,,,,,,,
21,2.072258234024048,32.73473358154297,7899,2.072258234024048,1.4835941791534424,6.656457901000977,2.9390077590942383,1.8324750661849976,0.4405154883861542,,,,,,,
21,2.172065496444702,30.500411987304688,7924,2.172065496444702,1.462329387664795,4.942291259765625,2.4437801837921143,1.6951566934585571,0.44348564743995667,,,,,,,
21,1.9317755699157715,31.342632293701172,7949,1.9317755699157715,1.4949455261230469,7.159031867980957,3.010667085647583,1.5704166889190674,0.4023904502391815,,,,,,,
21,2.3694956302642822,33.97106170654297,7974,2.3694956302642822,1.467130184173584,6.55172061920166,2.8923604488372803,1.8097387552261353,0.47222471237182617,,,,,,,
21,2.2080769538879395,30.269210815429688,7999,2.2080769538879395,1.5525789260864258,6.265044212341309,2.6832828521728516,1.4960370063781738,0.4060504138469696,,,,,,,
21,1.8173142671585083,32.806785583496094,8024,1.8173142671585083,1.4907557964324951,6.112239837646484,3.1512303352355957,1.510299563407898,0.4564947187900543,,,,,,,
22,2.1930809020996094,32.013580322265625,8049,2.1930809020996094,1.4490668773651123,6.657437801361084,2.2642881870269775,1.6804156303405762,0.44360828399658203,,,,,,,
22,1.9608700275421143,31.498916625976562,8074,1.9608700275421143,1.537532091140747,5.1787495613098145,3.089381694793701,1.5644980669021606,0.4473056495189667,,,,,,,
22,2.0081043243408203,34.861392974853516,8099,2.0081043243408203,1.518794298171997,7.695154190063477,2.4600088596343994,1.9971765279769897,0.4708946645259857,,,,,,,
22,1.8042396306991577,31.4263973236084,8124,1.8042396306991577,1.4978911876678467,6.167471885681152,3.275123357772827,1.669920563697815,0.41813310980796814,,,,,,,
22,2.0768909454345703,33.010982513427734,8149,2.0768909454345703,1.4582290649414062,6.16634464263916,2.9895694255828857,1.9897404909133911,0.4534910321235657,,,,,,,
22,1.9929401874542236,28.624765396118164,8174,1.9929401874542236,1.3661532402038574,5.153292655944824,2.9864354133605957,1.470854640007019,0.3921784460544586,,,,,,,
22,2.4109456539154053,33.21775817871094,8199,2.4109456539154053,1.5352826118469238,6.2026519775390625,3.2450461387634277,1.6524075269699097,0.4573860168457031,,,,,,,
22,1.7921066284179688,34.00769805908203,8224,1.7921066284179688,1.5454680919647217,7.64482307434082,3.440589427947998,1.6826081275939941,0.4376490116119385,,,,,,,
22,2.295933246612549,30.798389434814453,8249,2.295933246612549,1.5185794830322266,5.179303169250488,2.0630557537078857,1.7347902059555054,0.4511702060699463,,,,,,,
22,2.6600184440612793,24.263063430786133,8274,2.6600184440612793,1.511413812637329,2.4096083641052246,2.2610981464385986,1.7490975856781006,0.3629298806190491,,,,,,,
22,1.7429982423782349,33.7652702331543,8299,1.7429982423782349,1.4578088521957397,6.450321197509766,3.8027234077453613,1.8377352952957153,0.44925957918167114,,,,,,,
22,2.2107551097869873,27.519577026367188,8324,2.2107551097869873,1.4526033401489258,4.222466945648193,2.4576938152313232,1.8514931201934814,0.38967376947402954,,,,,,,
22,1.8202202320098877,34.051109313964844,8349,1.8202202320098877,1.4487042427062988,6.770905494689941,2.802786350250244,1.7888489961624146,0.4719969928264618,,,,,,,
22,2.1073384284973145,30.30805015563965,8374,2.1073384284973145,1.4173204898834229,5.6681413650512695,2.8670713901519775,1.9438765048980713,0.40914759039878845,,,,,,,
23,1.962393045425415,30.995948791503906,8399,1.962393045425415,1.4709196090698242,5.293191909790039,3.348684787750244,1.7427563667297363,0.4253421425819397,,,,,,,
23,1.461918592453003,40.78057861328125,8424,1.461918592453003,1.5419750213623047,10.9139404296875,3.33647084236145,2.0005342960357666,0.5108368992805481,,,,,,,
23,2.3340728282928467,31.982606887817383,8449,2.3340728282928467,1.4899616241455078,5.669264793395996,2.46724796295166,1.9939135313034058,0.4524937570095062,,,,,,,
23,1.9875105619430542,31.308006286621094,8474,1.9875105619430542,1.3644843101501465,5.552751541137695,3.464751720428467,1.7507939338684082,0.42611607909202576,,,,,,,
23,2.704808235168457,28.944143295288086,8499,2.704808235168457,1.5417009592056274,4.024275302886963,1.9563896656036377,2.033233642578125,0.43085652589797974,,,,,,,
23,1.760819911956787,32.81154251098633,8524,1.760819911956787,1.4383193254470825,6.705559730529785,3.0634241104125977,1.8975520133972168,0.43792638182640076,,,,,,,
23,1.880899429321289,31.561561584472656,8549,1.880899429321289,1.4872307777404785,5.713957786560059,3.1309170722961426,1.736992359161377,0.43316587805747986,,,,,,,
23,1.9681165218353271,30.047470092773438,8574,1.9681165218353271,1.4602935314178467,5.004605293273926,2.4236018657684326,1.6100656986236572,0.434420108795166,,,,,,,
23,2.3907055854797363,30.531328201293945,8599,2.3907055854797363,1.464728593826294,5.815005302429199,2.5076372623443604,1.4707998037338257,0.42829233407974243,,,,,,,
23,1.7334270477294922,31.181682586669922,8624,1.7334270477294922,1.4409031867980957,5.910113334655762,3.0360300540924072,1.6166343688964844,0.4261777997016907,,,,,,,
23,1.835326910018921,41.073692321777344,8649,1.835326910018921,1.543700933456421,10.78711223602295,3.277608633041382,2.234790802001953,0.5162329077720642,,,,,,,
23,2.151418447494507,35.371612548828125,8674,2.151418447494507,1.5462491512298584,7.335361957550049,3.4356632232666016,1.7697340250015259,0.4729912281036377,,,,,,,
23,1.6700420379638672,37.89693832397461,8699,1.6700420379638672,1.465660572052002,9.735939025878906,3.8347811698913574,1.7661404609680176,0.4687648415565491,,,,,,,
23,2.4946420192718506,27.09693145751953,8724,2.4946420192718506,1.501343011856079,3.971059799194336,2.0935938358306885,1.8158912658691406,0.39366763830184937,,,,,,,
23,1.7645149230957031,34.95488739013672,8749,1.7645149230957031,1.4706170558929443,8.15501594543457,3.440185546875,2.218149423599243,0.43713149428367615,,,,,,,
24,1.9856573343276978,33.995452880859375,8774,1.9856573343276978,1.4873261451721191,7.022722244262695,2.6598100662231445,1.6995468139648438,0.46946772933006287,,,,,,,
24,2.106086015701294,31.744630813598633,8799,2.106086015701294,1.6042617559432983,4.878315448760986,2.4900126457214355,1.7796767950057983,0.466497004032135,,,,,,,
24,1.879878044128418,30.72068977355957,8824,1.879878044128418,1.443418025970459,5.489531517028809,3.330704689025879,1.5099527835845947,0.42104625701904297,,,,,,,
24,2.165005683898926,29.97093963623047,8849,2.165005683898926,1.5420747995376587,4.468784809112549,2.892477035522461,1.4425547122955322,0.4361122250556946,,,,,,,
24,1.5731666088104248,35.16065979003906,8874,1.5731666088104248,1.4440808296203613,8.258111000061035,3.6324920654296875,1.6852295398712158,0.44757214188575745,,,,,,,
24,2.1987321376800537,32.317039489746094,8899,2.1987321376800537,1.4887020587921143,5.682748317718506,3.0301966667175293,1.6856886148452759,0.45399340987205505,,,,,,,
24,2.420522689819336,31.781280517578125,8924,2.420522689819336,1.466282844543457,5.91701078414917,2.280956268310547,1.7324985265731812,0.4529895782470703,,,,,,,
24,1.8423258066177368,36.90409851074219,8949,1.8423258066177368,1.4809412956237793,7.695235729217529,3.0041897296905518,2.082897424697876,0.5031296610832214,,,,,,,
24,2.119157552719116,33.84415054321289,8974,2.119157552719116,1.4472546577453613,7.525773048400879,2.423450469970703,2.051452159881592,0.4532493054866791,,,,,,,
24,2.2607667446136475,27.90139389038086,8999,2.2607667446136475,1.3985743522644043,4.549045085906982,2.5837128162384033,1.7640267610549927,0.3912452161312103,,,,,,,
24,2.3771488666534424,28.2919921875,9024,2.3771488666534424,1.4464609622955322,3.9581639766693115,2.813997507095337,1.5939393043518066,0.4106540381908417,,,,,,,
24,2.397469997406006,28.08197784423828,9049,2.397469997406006,1.5281031131744385,3.508549451828003,2.269223690032959,1.6582980155944824,0.4248400628566742,,,,,,,
24,1.9862149953842163,34.997127532958984,9074,1.9862149953842163,1.5373311042785645,7.357999324798584,3.164379835128784,2.0225648880004883,0.4647745192050934,,,,,,,
24,2.0316944122314453,34.59294891357422,9099,2.0316944122314453,1.4965208768844604,7.838000297546387,3.0243868827819824,2.081378221511841,0.4478369653224945,,,,,,,
24,1.9411932229995728,32.764591217041016,9124,1.9411932229995728,1.4034448862075806,7.124930381774902,3.440610885620117,1.9211127758026123,0.4194331169128418,,,,,,,
24,,,9124,,,,,,,1.828612208366394,1.486912727355957,7.299340724945068,3.2332305908203125,1.8672819137573242,34.814178466796875,0.46505358815193176
25,2.3945963382720947,27.35785484313965,9149,2.3945963382720947,1.4191612005233765,3.6142890453338623,2.334088087081909,1.756714105606079,0.4051911532878876,,,,,,,
25,1.9071626663208008,30.80307388305664,9174,1.9071626663208008,1.4596880674362183,5.664702892303467,3.4331655502319336,1.5606740713119507,0.4152187407016754,,,,,,,
25,1.8026363849639893,32.86896514892578,9199,1.8026363849639893,1.427110195159912,6.796907424926758,2.767972946166992,1.6813265085220337,0.44879212975502014,,,,,,,
25,2.3396568298339844,30.40191650390625,9224,2.3396568298339844,1.4300658702850342,4.532113552093506,2.350010395050049,1.981513261795044,0.44684916734695435,,,,,,,
25,2.035215139389038,34.708106994628906,9249,2.035215139389038,1.526165246963501,8.789407730102539,3.1266582012176514,1.6431180238723755,0.43606120347976685,,,,,,,
25,1.807905673980713,33.32328414916992,9274,1.807905673980713,1.4348971843719482,7.497846603393555,3.0948171615600586,1.919825792312622,0.43057557940483093,,,,,,,
25,2.023805618286133,30.878488540649414,9299,2.023805618286133,1.450574517250061,5.304234504699707,2.7002761363983154,1.8024115562438965,0.436022013425827,,,,,,,
25,2.4078845977783203,28.300004959106445,9324,2.4078845977783203,1.4982463121414185,4.534080505371094,2.2920336723327637,1.7661590576171875,0.40465518832206726,,,,,,,
25,2.1776089668273926,30.536209106445312,9349,2.1776089668273926,1.5205069780349731,5.479277610778809,2.488502264022827,1.8060766458511353,0.4275965690612793,,,,,,,
25,2.051732301712036,31.718799591064453,9374,2.051732301712036,1.5753824710845947,6.377424240112305,2.6832900047302246,1.809245228767395,0.42829903960227966,,,,,,,
25,1.858273983001709,36.39791488647461,9399,1.858273983001709,1.5125949382781982,7.20723819732666,3.575779676437378,1.6970701217651367,0.4978940486907959,,,,,,,
25,1.695037603378296,34.801177978515625,9424,1.695037603378296,1.4946964979171753,7.718133926391602,3.256929636001587,1.912144660949707,0.45376166701316833,,,,,,,
25,2.370283842086792,28.898996353149414,9449,2.370283842086792,1.4285286664962769,4.790624141693115,2.897883176803589,1.7390636205673218,0.4009532928466797,,,,,,,
25,2.373969078063965,31.940332412719727,9474,2.373969078063965,1.4717931747436523,6.04972505569458,3.1476223468780518,1.7110309600830078,0.43467026948928833,,,,,,,
26,1.840637445449829,37.60969161987305,9499,1.840637445449829,1.5146245956420898,7.969620704650879,2.7258591651916504,1.9562205076217651,0.520963728427887,,,,,,,
26,2.6204230785369873,27.931289672851562,9524,2.6204230785369873,1.5265017747879028,4.295819282531738,1.9917410612106323,1.417776107788086,0.4155433177947998,,,,,,,
26,2.053842782974243,30.350061416625977,9549,2.053842782974243,1.3940825462341309,5.827320575714111,3.219761610031128,1.6026033163070679,0.40680646896362305,,,,,,,
26,2.089344024658203,30.07611656188965,9574,2.089344024658203,1.4370996952056885,5.465104103088379,2.70756459236145,1.663773775100708,0.41783496737480164,,,,,,,
26,2.1814920902252197,30.81684112548828,9599,2.1814920902252197,1.4562097787857056,5.973031997680664,2.6272521018981934,1.7678877115249634,0.4220546782016754,,,,,,,
26,1.807832956314087,32.75780487060547,9624,1.807832956314087,6.364982604980469,5.195897579193115,3.1516571044921875,1.5761131048202515,0.36598122119903564,,,,,,,
26,2.078947067260742,32.854400634765625,9649,2.078947067260742,1.4864521026611328,6.168225288391113,3.3853824138641357,1.8224836587905884,0.4442634582519531,,,,,,,
26,1.7138540744781494,34.983455657958984,9674,1.7138540744781494,1.4673435688018799,8.440999984741211,3.445162773132324,2.0192863941192627,0.4357925057411194,,,,,,,
26,1.7480449676513672,39.26966857910156,9699,1.7480449676513672,1.445836067199707,11.061058044433594,3.042020559310913,1.7283672094345093,0.48871976137161255,,,,,,,
26,1.8251464366912842,32.478328704833984,9724,1.8251464366912842,1.403916597366333,6.89809513092041,3.0913257598876953,1.4431527853012085,0.43648529052734375,,,,,,,
26,2.089606523513794,29.61661720275879,9749,2.089606523513794,1.5032994747161865,4.813817024230957,2.875337839126587,1.9107805490493774,0.4114084839820862,,,,,,,
26,1.941421627998352,34.16448211669922,9774,1.941421627998352,1.3570553064346313,7.981199741363525,3.1484408378601074,1.8386949300765991,0.44086870551109314,,,,,,,
26,2.220795154571533,30.96913719177246,9799,2.220795154571533,1.4744799137115479,5.60914421081543,2.7700417041778564,1.6341718435287476,0.4329178035259247,,,,,,,
26,2.232264518737793,28.61912727355957,9824,2.232264518737793,1.4092284440994263,4.269711971282959,2.3734164237976074,1.85776686668396,0.41575556993484497,,,,,,,
26,2.0744736194610596,31.61215591430664,9849,2.0744736194610596,1.4398916959762573,5.474621295928955,2.846889019012451,1.978390097618103,0.44160810112953186,,,,,,,
27,1.5818870067596436,37.01593017578125,9874,1.5818870067596436,1.5471806526184082,7.424217224121094,2.877403974533081,1.7692303657531738,0.5199533104896545,,,,,,,
27,1.8138208389282227,33.02830505371094,9899,1.8138208389282227,1.5514312982559204,5.663996696472168,2.9046878814697266,1.7795332670211792,0.4695257246494293,,,,,,,
27,2.2064108848571777,32.24973678588867,9924,2.2064108848571777,1.6001683473587036,5.57711124420166,2.013427257537842,1.7696934938430786,0.4730963706970215,,,,,,,
27,1.900084376335144,32.29206848144531,9949,1.900084376335144,1.4151071310043335,5.981515884399414,3.4691057205200195,1.7939016819000244,0.4362763464450836,,,,,,,
27,1.9823614358901978,31.931333541870117,9974,1.9823614358901978,1.487475872039795,6.104099273681641,2.5634446144104004,1.850731372833252,0.4427907168865204,,,,,,,
27,2.026350975036621,32.481903076171875,9999,2.026350975036621,1.4762556552886963,6.912214279174805,2.9775712490081787,1.7083404064178467,0.4312782287597656,,,,,,,
27,1.9985460042953491,33.730533599853516,10024,1.9985460042953491,1.5040067434310913,6.992857933044434,3.290865898132324,1.914961338043213,0.44506311416625977,,,,,,,
27,2.261535406112671,30.906938552856445,10049,2.261535406112671,1.4820866584777832,6.512139320373535,2.4797794818878174,1.8906515836715698,0.41205069422721863,,,,,,,
27,2.4453248977661133,26.273685455322266,10074,2.4453248977661133,1.5442821979522705,3.7182912826538086,2.2230799198150635,1.7529780864715576,0.3785567283630371,,,,,,,
27,2.018679618835449,26.460355758666992,10099,2.018679618835449,1.4566144943237305,4.1936869621276855,2.47345232963562,1.1466435194015503,0.38199910521507263,,,,,,,
27,2.4242870807647705,25.714595794677734,10124,2.4242870807647705,1.4755295515060425,3.3717727661132812,2.5179784297943115,1.8304938077926636,0.36708492040634155,,,,,,,
27,2.0422511100769043,37.04740524291992,10149,2.0422511100769043,1.4798303842544556,8.829211235046387,3.2572712898254395,2.0721781253814697,0.4757536053657532,,,,,,,
27,1.9386745691299438,26.332727432250977,10174,1.9386745691299438,1.4635982513427734,4.1851067543029785,3.073631763458252,1.333739995956421,0.36170336604118347,,,,,,,
27,1.9689050912857056,33.79923629760742,10199,1.9689050912857056,1.4234657287597656,8.01270866394043,3.734595537185669,1.8745898008346558,0.4167528748512268,,,,,,,
28,2.220048427581787,30.095703125,10224,2.220048427581787,1.4336637258529663,5.467768669128418,2.780679941177368,1.708876371383667,0.4156603515148163,,,,,,,
28,2.259183883666992,34.452308654785156,10249,2.259183883666992,1.4907835721969604,8.257872581481934,2.641444444656372,1.951815128326416,0.44689759612083435,,,,,,,
28,1.9489870071411133,31.17393684387207,10274,1.9489870071411133,1.4552581310272217,6.332839012145996,3.048577070236206,1.720569372177124,0.4137043058872223,,,,,,,
28,2.16633939743042,35.390899658203125,10299,2.16633939743042,1.5341448783874512,7.470045566558838,2.5261614322662354,2.0945870876312256,0.48368802666664124,,,,,,,
28,1.7777477502822876,35.620731353759766,10324,1.7777477502822876,1.4791992902755737,8.68491268157959,3.0128860473632812,2.122795343399048,0.45157644152641296,,,,,,,
28,2.348703384399414,34.98765182495117,10349,2.348703384399414,1.5409839153289795,8.236547470092773,2.2979788780212402,1.9838714599609375,0.4650726318359375,,,,,,,
28,1.98036527633667,31.056476593017578,10374,1.98036527633667,1.4768481254577637,6.364250183105469,2.9107701778411865,1.679612159729004,0.41388875246047974,,,,,,,
28,1.957426905632019,33.12458801269531,10399,1.957426905632019,1.441828727722168,7.125032901763916,3.260773181915283,1.7261055707931519,0.4349077343940735,,,,,,,
28,2.108837127685547,29.842788696289062,10424,2.108837127685547,1.444445013999939,6.228596210479736,2.805704355239868,1.8918330669403076,0.3882713317871094,,,,,,,
28,2.01725435256958,29.132352828979492,10449,2.01725435256958,1.474095106124878,5.011053085327148,3.097470283508301,1.4794487953186035,0.4015618860721588,,,,,,,
28,1.9828228950500488,32.11271286010742,10474,1.9828228950500488,1.3742446899414062,6.900103569030762,2.8927831649780273,1.6451773643493652,0.4288978576660156,,,,,,,
28,2.06676983833313,28.185415267944336,10499,2.06676983833313,1.5813915729522705,4.149307727813721,2.4804110527038574,1.4038258790969849,0.4126772880554199,,,,,,,
28,2.480675220489502,34.220481872558594,10524,2.480675220489502,1.4694395065307617,7.36501407623291,2.797018527984619,1.7856881618499756,0.46229609847068787,,,,,,,
28,2.5846667289733887,28.436077117919922,10549,2.5846667289733887,1.3862974643707275,4.477650165557861,2.478215217590332,1.9121699333190918,0.4040387272834778,,,,,,,
28,1.7949306964874268,33.382015228271484,10574,1.7949306964874268,1.4961577653884888,7.3515729904174805,3.320103645324707,1.5856754779815674,0.43618902564048767,,,,,,,
29,1.6668756008148193,34.27168655395508,10599,1.6668756008148193,1.4273192882537842,7.671304225921631,3.3797037601470947,2.0766613483428955,0.4381488263607025,,,,,,,
29,2.0183584690093994,32.69112014770508,10624,2.0183584690093994,1.4784774780273438,6.26401424407959,2.780426502227783,1.8195382356643677,0.4521925151348114,,,,,,,
29,2.05893611907959,35.65040969848633,10649,2.05893611907959,1.4509453773498535,8.191121101379395,3.6221327781677246,2.1952967643737793,0.4486868977546692,,,,,,,
29,1.8223533630371094,35.56730270385742,10674,1.8223533630371094,1.5480773448944092,8.023674964904785,3.832174777984619,2.0519933700561523,0.44691959023475647,,,,,,,
29,1.8863754272460938,37.77886199951172,10699,1.8863754272460938,1.4375022649765015,9.272297859191895,3.6204144954681396,2.153031826019287,0.47323593497276306,,,,,,,
29,1.9748703241348267,34.21239471435547,10724,1.9748703241348267,1.4637908935546875,7.611941814422607,3.427170515060425,2.0204179286956787,0.43753501772880554,,,,,,,
29,1.9474812746047974,30.11996841430664,10749,1.9474812746047974,1.4027204513549805,5.375164031982422,3.194509744644165,1.7803843021392822,0.4081597924232483,,,,,,,
29,1.9590270519256592,32.53045654296875,10774,1.9590270519256592,1.4506044387817383,7.35167121887207,2.997882604598999,1.6435672044754028,0.42414960265159607,,,,,,,
29,2.2396132946014404,29.686023712158203,10799,2.2396132946014404,1.4710290431976318,5.037412166595459,2.6266379356384277,1.4726656675338745,0.42396172881126404,,,,,,,
29,2.3515257835388184,26.917552947998047,10824,2.3515257835388184,1.4217880964279175,4.187000751495361,2.055776834487915,1.6256564855575562,0.39171847701072693,,,,,,,
29,2.6534478664398193,30.245559692382812,10849,2.6534478664398193,1.4928648471832275,4.593668460845947,2.571852922439575,2.120086908340454,0.4326019287109375,,,,,,,
29,2.3860831260681152,26.572162628173828,10874,2.3860831260681152,1.5049793720245361,4.229663372039795,2.6096227169036865,1.263898253440857,0.3769777715206146,,,,,,,
29,2.101325035095215,33.11344909667969,10899,2.101325035095215,1.4795951843261719,6.3156256675720215,2.614457607269287,2.0308151245117188,0.4593990445137024,,,,,,,
29,1.927494764328003,28.11373519897461,10924,1.927494764328003,1.365537166595459,5.065922737121582,2.8096704483032227,1.481768012046814,0.3864630460739136,,,,,,,
29,1.961083173751831,30.5853214263916,10949,1.961083173751831,1.3885226249694824,5.631475448608398,2.906796455383301,1.6113179922103882,0.4232712686061859,,,,,,,
29,,,10949,,,,,,,2.320481300354004,1.4853652715682983,5.582897663116455,2.415374755859375,2.0410983562469482,31.45734405517578,0.4429469108581543
30,2.0703723430633545,32.72874450683594,10974,2.0703723430633545,1.6276776790618896,6.5503716468811035,3.239410877227783,1.7481932640075684,0.43473538756370544,,,,,,,
30,2.106426239013672,31.76578140258789,10999,2.106426239013672,1.4612987041473389,5.442267894744873,2.6011245250701904,1.7630218267440796,0.455512672662735,,,,,,,
30,2.3006818294525146,34.070472717285156,11024,2.3006818294525146,1.458785057067871,6.65216588973999,2.758666515350342,1.951194405555725,0.4722146987915039,,,,,,,
30,1.5209245681762695,35.25093078613281,11049,1.5209245681762695,1.4375090599060059,8.162172317504883,3.117180347442627,2.10010027885437,0.4540882110595703,,,,,,,
30,1.8484174013137817,32.716102600097656,11074,1.8484174013137817,1.5250906944274902,5.927140235900879,3.697584629058838,1.5650742053985596,0.4444713592529297,,,,,,,
30,2.402770757675171,27.452428817749023,11099,2.402770757675171,1.3953633308410645,3.936800956726074,2.5336294174194336,1.5293564796447754,0.40127286314964294,,,,,,,
30,1.6713558435440063,38.51216506958008,11124,1.6713558435440063,1.4971349239349365,9.249869346618652,3.1858017444610596,2.209566831588745,0.4971064627170563,,,,,,,
30,2.0373761653900146,35.93143081665039,11149,2.0373761653900146,1.5111217498779297,7.05219030380249,2.9705772399902344,2.1251885890960693,0.4949411451816559,,,,,,,
30,1.789400339126587,34.769710540771484,11174,1.789400339126587,1.4126373529434204,7.787986755371094,3.5040156841278076,1.8408910036087036,0.44942617416381836,,,,,,,
30,2.1011581420898438,35.2266731262207,11199,2.1011581420898438,1.44329833984375,7.960209846496582,3.1430344581604004,2.1244328022003174,0.45679327845573425,,,,,,,
30,1.9086569547653198,28.542776107788086,11224,1.9086569547653198,1.4289546012878418,5.170867919921875,2.994734764099121,1.6771864891052246,0.3838007152080536,,,,,,,
30,2.174906015396118,29.75266456604004,11249,2.174906015396118,1.4863340854644775,5.183988094329834,2.6688642501831055,1.5409568548202515,0.41938939690589905,,,,,,,
30,2.4444661140441895,25.30835723876953,11274,2.4444661140441895,1.4214894771575928,3.1114752292633057,2.8820228576660156,1.477068305015564,0.3648067116737366,,,,,,,
30,1.9922723770141602,29.315425872802734,11299,1.9922723770141602,1.470069408416748,6.187856674194336,2.6453466415405273,1.4860652685165405,0.38946861028671265,,,,,,,
31,2.1382174491882324,29.513427734375,11324,2.1382174491882324,1.4992742538452148,4.98635721206665,2.568580150604248,1.526448130607605,0.4207282066345215,,,,,,,
31,2.5698704719543457,27.544389724731445,11349,2.5698704719543457,1.4454116821289062,3.7872447967529297,2.1880552768707275,1.7152245044708252,0.4090767502784729,,,,,,,
31,2.269578456878662,31.314359664916992,11374,2.269578456878662,1.5422717332839966,4.841290473937988,2.3854990005493164,1.8839856386184692,0.45914027094841003,,,,,,,
31,1.826022982597351,31.868175506591797,11399,1.826022982597351,1.4623420238494873,6.8459930419921875,2.9695680141448975,1.965943694114685,0.41387397050857544,,,,,,,
31,1.7233246564865112,37.30730056762695,11424,1.7233246564865112,1.4893494844436646,9.17547607421875,3.0928120613098145,2.1616718769073486,0.4752887785434723,,,,,,,
31,1.8381402492523193,37.6405029296875,11449,1.8381402492523193,1.5226655006408691,9.448448181152344,3.174335241317749,1.6813043355941772,0.4847498834133148,,,,,,,
31,2.5153236389160156,27.78693962097168,11474,2.5153236389160156,1.375579833984375,3.7639880180358887,2.507535934448242,1.592935562133789,0.41215333342552185,,,,,,,
31,1.8056446313858032,29.09400177001953,11499,1.8056446313858032,1.3816059827804565,5.510646820068359,3.387359380722046,1.5003690719604492,0.3847559988498688,,,,,,,
31,1.91481351852417,35.243560791015625,11524,1.91481351852417,1.4645663499832153,8.193802833557129,2.768129825592041,1.7687815427780151,0.46773967146873474,,,,,,,
31,1.9879076480865479,29.096576690673828,11549,1.9879076480865479,1.4336085319519043,5.663195610046387,2.5771565437316895,1.7308200597763062,0.39315101504325867,,,,,,,
31,2.4818780422210693,27.048341751098633,11574,2.4818780422210693,1.4157910346984863,3.6613175868988037,2.2022767066955566,1.6598671674728394,0.40242424607276917,,,,,,,
31,2.1690361499786377,29.833192825317383,11599,2.1690361499786377,1.384322166442871,4.306826591491699,3.0744495391845703,1.6067830324172974,0.4324624240398407,,,,,,,
31,2.03124737739563,32.62141799926758,11624,2.03124737739563,1.4779549837112427,6.67881441116333,2.8822977542877197,1.6307194232940674,0.44336962699890137,,,,,,,
31,2.197251796722412,32.68203353881836,11649,2.197251796722412,1.5018136501312256,5.532739162445068,2.6169381141662598,1.6536791324615479,0.47504138946533203,,,,,,,
31,2.331024169921875,31.386180877685547,11674,2.331024169921875,1.4803823232650757,6.634994029998779,2.867748737335205,1.7569913864135742,0.4143570065498352,,,,,,,
32,2.265852212905884,28.149015426635742,11699,2.265852212905884,1.4121778011322021,4.05317497253418,2.5108509063720703,1.4948807954788208,0.41506513953208923,,,,,,,
32,2.059732437133789,31.320478439331055,11724,2.059732437133789,1.5080978870391846,5.484111309051514,2.9046881198883057,2.054494857788086,0.43042412400245667,,,,,,,
32,1.829306721687317,35.216102600097656,11749,1.829306721687317,1.4495594501495361,7.980780601501465,3.5047507286071777,2.089402675628662,0.44870248436927795,,,,,,,
32,2.237171173095703,27.123653411865234,11774,2.237171173095703,1.4633684158325195,4.183614253997803,2.547747850418091,1.840804934501648,0.3797359764575958,,,,,,,
32,2.147047519683838,30.248523712158203,11799,2.147047519683838,1.4242569208145142,5.166782379150391,3.070772171020508,1.652388334274292,0.4207627475261688,,,,,,,
32,2.3972060680389404,28.761184692382812,11824,2.3972060680389404,1.4428141117095947,4.362947940826416,2.3853161334991455,1.8114458322525024,0.41685914993286133,,,,,,,
32,2.343787431716919,27.466285705566406,11849,2.343787431716919,1.406709909439087,3.577869415283203,2.5500333309173584,1.4755078554153442,0.41013699769973755,,,,,,,
32,2.0481624603271484,38.41693115234375,11874,2.0481624603271484,6.017256736755371,6.558661460876465,3.0851850509643555,1.944230079650879,0.46247997879981995,,,,,,,
32,2.349926471710205,29.333572387695312,11899,2.349926471710205,1.553684949874878,4.893883228302002,2.852470636367798,1.8659332990646362,0.4037244915962219,,,,,,,
32,2.2098312377929688,29.222749710083008,11924,2.2098312377929688,1.342002272605896,4.507817268371582,2.5946767330169678,1.5589927434921265,0.4270946979522705,,,,,,,
32,1.9829977750778198,42.32606887817383,11949,1.9829977750778198,1.554954171180725,11.991219520568848,3.288423538208008,2.266157388687134,0.516118049621582,,,,,,,
32,2.2550950050354004,33.584285736083984,11974,2.2550950050354004,1.4639809131622314,6.2179951667785645,2.5541739463806152,1.8764750957489014,0.4771479666233063,,,,,,,
32,1.8584568500518799,34.08243179321289,11999,1.8584568500518799,1.4834814071655273,8.50764274597168,3.144421339035034,1.6789816617965698,0.42817559838294983,,,,,,,
32,2.1877708435058594,31.41912078857422,12024,2.1877708435058594,1.4457998275756836,5.559303283691406,2.283107280731201,2.0805392265319824,0.44556379318237305,,,,,,,
33,1.9167516231536865,30.01192283630371,12049,1.9167516231536865,1.4444060325622559,5.0392022132873535,3.173978805541992,1.553442358970642,0.41779762506484985,,,,,,,
33,1.68661367893219,35.63458251953125,12074,1.68661367893219,1.388714075088501,8.792452812194824,3.7471559047698975,1.6201491355895996,0.4463580548763275,,,,,,,
33,2.058424949645996,29.385784149169922,12099,2.058424949645996,1.4141236543655396,5.679653167724609,3.0117430686950684,1.5527653694152832,0.3939444124698639,,,,,,,
33,1.9784173965454102,33.571292877197266,12124,1.9784173965454102,1.4528101682662964,6.622923374176025,2.991611957550049,1.9157148599624634,0.45751628279685974,,,,,,,
33,2.159680128097534,27.270586013793945,12149,2.159680128097534,1.4312392473220825,4.520481586456299,2.428623676300049,1.8221490383148193,0.3792908787727356,,,,,,,
33,1.9053577184677124,32.90355682373047,12174,1.9053577184677124,1.4805465936660767,6.654576301574707,2.8359546661376953,1.8333510160446167,0.4466473162174225,,,,,,,
33,1.6022770404815674,34.41425704956055,12199,1.6022770404815674,1.535230040550232,7.26490592956543,3.9646759033203125,1.730728030204773,0.4426381587982178,,,,,,,
33,2.3579976558685303,31.469497680664062,12224,2.3579976558685303,1.4277880191802979,6.109592914581299,2.840076446533203,1.559481143951416,0.4340569078922272,,,,,,,
33,1.681041955947876,35.54450225830078,12249,1.681041955947876,1.5314944982528687,7.424161911010742,3.376598834991455,1.9270412921905518,0.47300463914871216,,,,,,,
33,1.831855297088623,35.887874603271484,12274,1.831855297088623,1.5174245834350586,7.9653401374816895,3.220095634460449,1.8743711709976196,0.47356978058815,,,,,,,
33,1.6860722303390503,32.42894744873047,12299,1.6860722303390503,1.4830199480056763,6.299752235412598,3.2580578327178955,1.733414888381958,0.4367711544036865,,,,,,,
33,2.3259053230285645,30.235074996948242,12324,2.3259053230285645,1.5340523719787598,5.20768404006958,2.779606342315674,1.6022042036056519,0.42470064759254456,,,,,,,
33,1.7327536344528198,31.134822845458984,12349,1.7327536344528198,1.5106624364852905,6.241501808166504,2.9475274085998535,1.5219614505767822,0.4202926754951477,,,,,,,
33,1.9923009872436523,37.86250686645508,12374,1.9923009872436523,1.5680432319641113,9.16169548034668,3.233200788497925,1.9895679950714111,0.4868888854980469,,,,,,,
33,2.215888023376465,34.16404724121094,12399,2.215888023376465,1.5227203369140625,6.608067989349365,2.9675066471099854,2.0711193084716797,0.4665473401546478,,,,,,,
34,1.7885913848876953,39.876102447509766,12424,1.7885913848876953,1.5397014617919922,9.115893363952637,3.631470203399658,1.9203230142593384,0.5259713530540466,,,,,,,
34,2.1700704097747803,32.6995964050293,12449,2.1700704097747803,1.465704321861267,5.965117931365967,2.317312002182007,1.8765027523040771,0.4683324992656708,,,,,,,
34,1.8803772926330566,31.958621978759766,12474,1.8803772926330566,1.4601770639419556,6.3261895179748535,3.39302134513855,1.6659213304519653,0.4247402846813202,,,,,,,
34,1.6949372291564941,35.20191192626953,12499,1.6949372291564941,1.5383195877075195,7.958065509796143,3.1088593006134033,1.875914216041565,0.4604611098766327,,,,,,,
34,2.1505372524261475,24.36005401611328,12524,2.1505372524261475,1.3577100038528442,4.0776848793029785,2.6264028549194336,1.556450366973877,0.32759571075439453,,,,,,,
34,1.9902961254119873,33.07240295410156,12549,1.9902961254119873,1.4748804569244385,6.558622360229492,2.80790376663208,1.9781675338745117,0.4500628411769867,,,,,,,
34,2.1951546669006348,29.58740234375,12574,2.1951546669006348,1.5142769813537598,4.807172775268555,3.1341300010681152,1.6517497301101685,0.410668283700943,,,,,,,
34,2.4470057487487793,28.72831916809082,12599,2.4470057487487793,1.4473469257354736,4.082729339599609,2.605044364929199,1.915466070175171,0.41506072878837585,,,,,,,
34,1.7965564727783203,28.840038299560547,12624,1.7965564727783203,1.4736461639404297,5.436864852905273,2.7915778160095215,1.7493816614151,0.3864125907421112,,,,,,,
34,2.1604809761047363,30.298988342285156,12649,2.1604809761047363,1.3670963048934937,5.4950690269470215,2.5626814365386963,1.9768153429031372,0.4199405610561371,,,,,,,
34,2.052635669708252,32.20348358154297,12674,2.052635669708252,1.3837143182754517,6.256364345550537,2.2412972450256348,2.07377552986145,0.44996291399002075,,,,,,,
34,1.8057563304901123,32.54805374145508,12699,1.8057563304901123,1.464423418045044,6.009848117828369,3.372006893157959,1.8941476345062256,0.4401695430278778,,,,,,,
34,2.1804370880126953,30.636520385742188,12724,2.1804370880126953,1.412488579750061,5.901054382324219,3.0977718830108643,1.836515188217163,0.4086375832557678,,,,,,,
34,2.0837223529815674,28.468503952026367,12749,2.0837223529815674,1.3914490938186646,5.253871917724609,2.8112759590148926,1.7979583740234375,0.3825322091579437,,,,,,,
34,2.2902016639709473,30.37481117248535,12774,2.2902016639709473,1.4812357425689697,5.734526634216309,2.4739556312561035,1.9439972639083862,0.4164688289165497,,,,,,,
34,,,12774,,,,,,,2.240337371826172,1.4808599948883057,6.142769813537598,2.7995684146881104,2.067795515060425,32.29351043701172,0.4400559663772583
35,2.138904571533203,33.986019134521484,12799,2.138904571533203,1.4377366304397583,7.730640888214111,2.829145908355713,1.9497853517532349,0.44530460238456726,,,,,,,
35,2.515890598297119,26.297269821166992,12824,2.515890598297119,1.3817921876907349,3.8241939544677734,2.689748764038086,1.6486502885818481,0.37228628993034363,,,,,,,
35,1.9669095277786255,31.48933982849121,12849,1.9669095277786255,1.5537209510803223,5.812170505523682,3.1662557125091553,1.8716416358947754,0.4241233766078949,,,,,,,
35,2.0897397994995117,38.11703872680664,12874,2.0897397994995117,1.5549776554107666,9.873924255371094,2.689706325531006,2.0389535427093506,0.4879884719848633,,,,,,,
35,1.831736445426941,34.25720977783203,12899,1.831736445426941,1.5190285444259644,6.915647029876709,3.0000905990600586,1.7002333402633667,0.46938249468803406,,,,,,,
35,1.8641067743301392,39.96742630004883,12924,1.8641067743301392,1.4746862649917603,10.301531791687012,3.423428773880005,2.1398978233337402,0.5028418898582458,,,,,,,
35,1.8769690990447998,34.133575439453125,12949,1.8769690990447998,1.431334137916565,7.315237522125244,3.0209760665893555,1.9597119092941284,0.45347365736961365,,,,,,,
35,2.1152918338775635,31.28731346130371,12974,2.1152918338775635,1.444095253944397,5.789435863494873,2.726397752761841,2.055600643157959,0.4282618463039398,,,,,,,
35,2.0405185222625732,33.75171661376953,12999,2.0405185222625732,1.5210421085357666,7.191579341888428,3.9377901554107666,1.6973469257354736,0.4311990737915039,,,,,,,
35,1.8591523170471191,31.44556999206543,13024,1.8591523170471191,1.4177988767623901,6.770540237426758,3.170503616333008,1.6116753816604614,0.41055670380592346,,,,,,,
35,1.752302646636963,37.10702133178711,13049,1.752302646636963,1.4425601959228516,9.505812644958496,3.207219362258911,1.9489718675613403,0.4667213559150696,,,,,,,
35,2.1761863231658936,28.88097381591797,13074,2.1761863231658936,1.4305533170700073,4.493153095245361,2.3866119384765625,1.595901608467102,0.42166122794151306,,,,,,,
35,2.4499497413635254,29.03594207763672,13099,2.4499497413635254,1.565835952758789,4.798480033874512,2.795261859893799,1.586058497428894,0.4064512252807617,,,,,,,
35,1.871985673904419,30.685440063476562,13124,1.871985673904419,1.4507743120193481,6.767725944519043,3.2670164108276367,1.7006129026412964,0.38887354731559753,,,,,,,
36,2.2052814960479736,33.25624465942383,13149,2.2052814960479736,1.5424726009368896,7.068799018859863,2.5176334381103516,1.820743203163147,0.4512576758861542,,,,,,,
36,2.196320056915283,33.145992279052734,13174,2.196320056915283,1.4670307636260986,6.390276908874512,2.5659468173980713,2.0945425033569336,0.4584043622016907,,,,,,,
36,2.3639087677001953,27.344953536987305,13199,2.3639087677001953,1.4650768041610718,4.35224723815918,1.9221477508544922,1.5438286066055298,0.4013700485229492,,,,,,,
36,2.1546597480773926,35.10247039794922,13224,2.1546597480773926,1.4649856090545654,7.7786664962768555,2.450197219848633,1.7937124967575073,0.48033133149147034,,,,,,,
36,2.0296237468719482,29.923357009887695,13249,2.0296237468719482,1.4167449474334717,5.540805339813232,2.981283664703369,1.508081316947937,0.4105876088142395,,,,,,,
36,1.7974984645843506,33.797725677490234,13274,1.7974984645843506,1.4615333080291748,7.217562675476074,3.3880810737609863,1.7017452716827393,0.4450845718383789,,,,,,,
36,2.3596129417419434,28.38505744934082,13299,2.3596129417419434,1.3516597747802734,4.364938735961914,2.226954936981201,1.7204586267471313,0.41602322459220886,,,,,,,
36,1.668430209159851,35.819786071777344,13324,1.668430209159851,1.5107312202453613,8.517419815063477,3.5808162689208984,2.1950361728668213,0.4447951316833496,,,,,,,
36,2.205571413040161,28.790014266967773,13349,2.205571413040161,1.5267775058746338,5.820725917816162,2.96111798286438,1.7428888082504272,0.37196674942970276,,,,,,,
36,2.197066307067871,27.605926513671875,13374,2.197066307067871,1.4478387832641602,4.10452938079834,2.0384416580200195,1.7027314901351929,0.40694189071655273,,,,,,,
36,2.2535898685455322,30.48372459411621,13399,2.2535898685455322,1.5239436626434326,5.510632038116455,2.6318647861480713,1.986655831336975,0.41845837235450745,,,,,,,
36,2.324341058731079,30.246610641479492,13424,2.324341058731079,1.4277455806732178,5.663061618804932,2.6834769248962402,1.3066664934158325,0.4259035289287567,,,,,,,
36,2.3867712020874023,28.397315979003906,13449,2.3867712020874023,1.4362943172454834,4.895453929901123,2.391335964202881,1.877360463142395,0.3954859673976898,,,,,,,
36,2.157745122909546,29.044668197631836,13474,2.157745122909546,1.5103240013122559,4.592849254608154,2.567509412765503,1.7119165658950806,0.4147126376628876,,,,,,,
36,2.291271924972534,28.27602195739746,13499,2.291271924972534,1.461493730545044,4.9312920570373535,2.5276734828948975,1.6959198713302612,0.39243650436401367,,,,,,,
37,2.3706212043762207,33.05175018310547,13524,2.3706212043762207,1.4797368049621582,7.518173694610596,2.800414562225342,1.9784464836120605,0.4283328950405121,,,,,,,
37,2.290911912918091,30.50575828552246,13549,2.290911912918091,1.4184603691101074,5.159117698669434,2.5068764686584473,1.8430691957473755,0.4350718557834625,,,,,,,
37,1.9600061178207397,39.69276428222656,13574,1.9600061178207397,1.5255422592163086,12.049792289733887,2.989144802093506,1.8019191026687622,0.47391921281814575,,,,,,,
37,2.1464784145355225,33.315704345703125,13599,2.1464784145355225,1.458153247833252,7.4627685546875,2.968700647354126,1.8977042436599731,0.43396398425102234,,,,,,,
37,2.0839428901672363,34.029052734375,13624,2.0839428901672363,1.5314676761627197,6.4672627449035645,2.8459200859069824,2.1201679706573486,0.4680940806865692,,,,,,,
37,1.7433527708053589,38.42351150512695,13649,1.7433527708053589,1.5192904472351074,9.232316970825195,3.524965286254883,2.175065279006958,0.4882638156414032,,,,,,,
37,1.94060218334198,32.09038543701172,13674,1.94060218334198,1.4568804502487183,6.273034572601318,2.737576961517334,1.5085422992706299,0.4469855725765228,,,,,,,
37,1.8005465269088745,29.855072021484375,13699,1.8005465269088745,1.3891479969024658,5.643268585205078,3.226536273956299,1.7095600366592407,0.3974790573120117,,,,,,,
37,2.423161745071411,31.278104782104492,13724,2.423161745071411,1.494590163230896,6.711154937744141,2.2254247665405273,1.7695400714874268,0.42394208908081055,,,,,,,
37,1.944474697113037,35.46229553222656,13749,1.944474697113037,1.4771876335144043,8.45315170288086,3.0903806686401367,2.0668773651123047,0.4527710974216461,,,,,,,
37,2.047400951385498,28.55581283569336,13774,2.047400951385498,1.468416690826416,4.552121162414551,3.065058946609497,1.4415218830108643,0.4006376266479492,,,,,,,
37,1.9881939888000488,29.981863021850586,13799,1.9881939888000488,1.481757402420044,6.4182610511779785,2.85846209526062,1.6645679473876953,0.3901958465576172,,,,,,,
37,1.7541686296463013,35.36603546142578,13824,1.7541686296463013,1.432924747467041,8.084460258483887,3.5858662128448486,1.6777759790420532,0.45744457840919495,,,,,,,
37,1.8188667297363281,32.742408752441406,13849,1.8188667297363281,1.427570104598999,6.9037370681762695,3.189687967300415,1.7504860162734985,0.43268734216690063,,,,,,,
38,2.515880584716797,30.791404724121094,13874,2.515880584716797,1.46512770652771,5.953734874725342,2.40057635307312,1.9066805839538574,0.42367297410964966,,,,,,,
38,2.320042371749878,27.872541427612305,13899,2.320042371749878,1.548271894454956,4.284615516662598,2.308682680130005,1.510830283164978,0.40489205718040466,,,,,,,
38,2.071021795272827,31.928203582763672,13924,2.071021795272827,1.4602036476135254,6.257671356201172,3.232171058654785,1.713793158531189,0.4280969798564911,,,,,,,
38,2.1368091106414795,28.823366165161133,13949,2.1368091106414795,1.3974660634994507,4.561778545379639,2.5694613456726074,1.7097628116607666,0.4129977226257324,,,,,,,
38,2.4263317584991455,25.689483642578125,13974,2.4263317584991455,1.4678255319595337,3.7413864135742188,2.1194443702697754,1.8009321689605713,0.3679977059364319,,,,,,,
38,1.8798463344573975,31.6355037689209,13999,1.8798463344573975,1.5210222005844116,5.614614009857178,2.5267579555511475,1.7529858350753784,0.44933605194091797,,,,,,,
38,2.37813138961792,33.241058349609375,14024,2.37813138961792,1.388343095779419,7.4260711669921875,2.6239094734191895,1.6858277320861816,0.4470423758029938,,,,,,,
38,1.8318018913269043,30.752838134765625,14049,1.8318018913269043,1.4410333633422852,6.059375286102295,2.9802632331848145,1.5945849418640137,0.41505739092826843,,,,,,,
38,2.5652546882629395,26.762182235717773,14074,2.5652546882629395,1.4494924545288086,3.270247459411621,2.206496000289917,1.6299649477005005,0.4045773446559906,,,,,,,
38,2.3151776790618896,27.52323341369629,14099,2.3151776790618896,1.3981139659881592,3.993257999420166,2.2176618576049805,1.4738928079605103,0.40978461503982544,,,,,,,
38,1.9891810417175293,33.308631896972656,14124,1.9891810417175293,1.5398807525634766,6.4977335929870605,3.0137124061584473,1.7563313245773315,0.45557722449302673,,,,,,,
38,2.1443073749542236,32.63737869262695,14149,2.1443073749542236,1.411390781402588,6.147027015686035,2.618072509765625,2.160069227218628,0.4511292576789856,,,,,,,
38,1.5627758502960205,37.09488296508789,14174,1.5627758502960205,1.4265720844268799,9.013862609863281,3.5368549823760986,1.7920515537261963,0.4739008843898773,,,,,,,
38,2.4581029415130615,28.321025848388672,14199,2.4581029415130615,1.473207712173462,4.546526908874512,2.642322301864624,1.5712651014328003,0.401949018239975,,,,,,,
38,2.2432284355163574,31.44829559326172,14224,2.2432284355163574,1.462980031967163,5.165326118469238,2.3262813091278076,2.0978763103485107,0.45324069261550903,,,,,,,
39,1.839394450187683,31.18516731262207,14249,1.839394450187683,1.431173324584961,6.209129333496094,3.161367893218994,1.6336158514022827,0.4166640341281891,,,,,,,
39,2.1939446926116943,32.093238830566406,14274,2.1939446926116943,1.4300565719604492,5.856878757476807,2.5132272243499756,1.8316296339035034,0.454698771238327,,,,,,,
39,1.8966524600982666,33.522438049316406,14299,1.8966524600982666,1.4596219062805176,7.115269660949707,3.023286819458008,1.978648066520691,0.4432357847690582,,,,,,,
39,2.254023551940918,30.061504364013672,14324,2.254023551940918,1.4804167747497559,5.253011226654053,2.8937392234802246,1.7735495567321777,0.41468414664268494,,,,,,,
39,2.367495536804199,32.79716110229492,14349,2.367495536804199,1.407261610031128,5.9915289878845215,2.8371024131774902,1.9103401899337769,0.4589095711708069,,,,,,,
39,1.8326057195663452,37.916351318359375,14374,1.8326057195663452,1.5571775436401367,8.725862503051758,3.5965828895568848,1.9385854005813599,0.4910697937011719,,,,,,,
39,1.9335408210754395,32.36465072631836,14399,1.9335408210754395,1.5202604532241821,7.233365535736084,2.6424899101257324,1.609129786491394,0.4302089810371399,,,,,,,
39,2.030991554260254,31.42315673828125,14424,2.030991554260254,1.3806583881378174,6.274039268493652,2.8136188983917236,1.5520294904708862,0.43117356300354004,,,,,,,
39,1.939241647720337,31.88153839111328,14449,1.939241647720337,1.5049753189086914,6.439181804656982,2.7650270462036133,1.8734467029571533,0.42886462807655334,,,,,,,
39,2.214877128601074,29.953407287597656,14474,2.214877128601074,1.5169134140014648,5.3038740158081055,2.5737361907958984,1.780720591545105,0.4172925055027008,,,,,,,
39,1.895423412322998,29.998746871948242,14499,1.895423412322998,1.4361486434936523,5.611546516418457,3.1457931995391846,1.7134349346160889,0.4020405411720276,,,,,,,
39,1.8275439739227295,34.50880813598633,14524,1.8275439739227295,1.5358120203018188,7.543710231781006,3.371400833129883,1.7515968084335327,0.4512508511543274,,,,,,,
39,2.221369743347168,26.929744720458984,14549,2.221369743347168,1.524237036705017,4.62115478515625,2.504869222640991,1.4169766902923584,0.3747223913669586,,,,,,,
39,1.6667664051055908,35.012664794921875,14574,1.6667664051055908,1.51715087890625,7.740861892700195,3.627200126647949,1.7702163457870483,0.45238301157951355,,,,,,,
39,2.3011112213134766,33.20756530761719,14599,2.3011112213134766,1.4319148063659668,6.985406398773193,2.440545082092285,1.7691917419433594,0.4573446214199066,,,,,,,
39,,,14599,,,,,,,2.364187479019165,1.4880870580673218,5.772727012634277,2.710874080657959,2.0166091918945312,31.39316177368164,0.4312191903591156
40,1.7023402452468872,33.74411392211914,14624,1.7023402452468872,1.52101731300354,7.321061134338379,3.2357404232025146,1.8995370864868164,0.439261257648468,,,,,,,
40,2.440913200378418,32.91230392456055,14649,2.440913200378418,1.437701940536499,5.557736396789551,2.2668163776397705,2.2867467403411865,0.47474008798599243,,,,,,,
40,2.107602119445801,27.98255729675293,14674,2.107602119445801,1.398634672164917,4.348626613616943,2.4135901927948,1.7073454856872559,0.4025413691997528,,,,,,,
40,1.8035483360290527,33.03529739379883,14699,1.8035483360290527,1.5193297863006592,6.785196781158447,3.3243188858032227,1.6254910230636597,0.4395769536495209,,,,,,,
40,1.9575492143630981,34.447059631347656,14724,1.9575492143630981,1.485578179359436,8.041324615478516,3.194495439529419,2.001310348510742,0.43831902742385864,,,,,,,
40,1.78657865524292,31.606903076171875,14749,1.78657865524292,1.4055838584899902,6.619562149047852,2.920297622680664,1.7287968397140503,0.42072582244873047,,,,,,,
40,1.9351637363433838,31.164209365844727,14774,1.9351637363433838,1.4989036321640015,5.638347625732422,3.2553303241729736,1.912700891494751,0.41908732056617737,,,,,,,
40,1.5286502838134766,35.384033203125,14799,1.5286502838134766,1.408759593963623,8.934205055236816,3.876112937927246,1.819329857826233,0.4299028515815735,,,,,,,
40,2.092041254043579,30.62601661682129,14824,2.092041254043579,1.5033679008483887,5.564760208129883,2.673168897628784,1.8968597650527954,0.4219524562358856,,,,,,,
40,2.3079373836517334,32.466983795166016,14849,2.3079373836517334,1.4885995388031006,6.20390510559082,2.6902618408203125,1.8613255023956299,0.44939756393432617,,,,,,,
40,2.2673418521881104,31.74026870727539,14874,2.2673418521881104,1.3620330095291138,6.228065490722656,2.403869152069092,1.852582335472107,0.44208261370658875,,,,,,,
40,2.0983996391296387,29.53002166748047,14899,2.0983996391296387,1.5392475128173828,5.572258472442627,3.155200958251953,1.80915367603302,0.3878702223300934,,,,,,,
40,1.9109017848968506,28.991579055786133,14924,1.9109017848968506,1.4158278703689575,5.479724884033203,2.991753578186035,1.5264980792999268,0.3906172215938568,,,,,,,
40,2.1552529335021973,29.30028533935547,14949,2.1552529335021973,1.5347001552581787,4.450562477111816,2.776075839996338,1.6064958572387695,0.4207211434841156,,,,,,,
41,1.9949496984481812,30.83877944946289,14974,1.9949496984481812,1.4819000959396362,5.970282077789307,2.7955617904663086,1.5199462175369263,0.4238019585609436,,,,,,,
41,2.2525761127471924,31.93705177307129,14999,2.2525761127471924,1.4375908374786377,6.38292121887207,2.5389628410339355,1.8126994371414185,0.4392194449901581,,,,,,,
41,1.9607573747634888,29.353790283203125,15024,1.9607573747634888,1.3645426034927368,5.713131904602051,2.7853193283081055,1.565291166305542,0.39834457635879517,,,,,,,
41,2.0841002464294434,30.334131240844727,15049,2.0841002464294434,1.4362175464630127,5.65275764465332,2.9355225563049316,1.6718074083328247,0.4141739010810852,,,,,,,
41,2.207486152648926,33.41166305541992,15074,2.207486152648926,1.4483669996261597,7.112082004547119,2.3860175609588623,1.9293938875198364,0.4563511908054352,,,,,,,
41,1.9096555709838867,32.212894439697266,15099,1.9096555709838867,1.4756710529327393,6.431560039520264,2.7361443042755127,2.01187801361084,0.43461427092552185,,,,,,,
41,2.3458192348480225,26.73872947692871,15124,2.3458192348480225,1.443326473236084,4.045344352722168,2.449831247329712,1.7009352445602417,0.3799842298030853,,,,,,,
41,2.3158698081970215,32.35990524291992,15149,2.3158698081970215,1.415583848953247,6.448028564453125,2.6588993072509766,1.9740813970565796,0.4414069354534149,,,,,,,
41,1.9955544471740723,34.20358657836914,15174,1.9955544471740723,1.4496893882751465,7.297115325927734,3.1764400005340576,1.7863305807113647,0.4554224908351898,,,,,,,
41,2.0396459102630615,34.419559478759766,15199,2.0396459102630615,1.416197657585144,7.658491611480713,2.8130855560302734,1.7499266862869263,0.46181902289390564,,,,,,,
41,1.774009346961975,33.10612106323242,15224,1.774009346961975,1.4774069786071777,6.97013521194458,3.5221824645996094,1.8895995616912842,0.42770662903785706,,,,,,,
41,1.832579493522644,30.472225189208984,15249,1.832579493522644,1.491929054260254,6.239931583404541,3.0376341342926025,1.551091194152832,0.40336981415748596,,,,,,,
41,2.157177448272705,33.18110275268555,15274,2.157177448272705,1.4762892723083496,7.20695686340332,3.3085107803344727,1.9349814653396606,0.42787477374076843,,,,,,,
41,1.9366809129714966,29.54311752319336,15299,1.9366809129714966,1.4180597066879272,5.577343940734863,2.964334487915039,1.94316828250885,0.3920046389102936,,,,,,,
41,2.129230499267578,29.298389434814453,15324,2.129230499267578,1.3965559005737305,5.293279647827148,3.0806427001953125,1.732547402381897,0.39545249938964844,,,,,,,
42,1.8406747579574585,34.477813720703125,15349,1.8406747579574585,1.5174663066864014,7.52297830581665,3.1041746139526367,2.004525661468506,0.45174822211265564,,,,,,,
42,1.8481903076171875,27.735458374023438,15374,1.8481903076171875,1.3989553451538086,4.717433452606201,2.847360610961914,1.452277421951294,0.3848762512207031,,,,,,,
42,2.3216593265533447,24.764446258544922,15399,2.3216593265533447,1.349448561668396,3.2372546195983887,2.276671886444092,1.3740379810333252,0.367267370223999,,,,,,,
42,1.8970983028411865,31.656063079833984,15424,1.8970983028411865,1.4878747463226318,6.906794548034668,3.2993130683898926,1.877787470817566,0.4018732011318207,,,,,,,
42,2.667616367340088,29.725732803344727,15449,2.667616367340088,1.444204568862915,5.083779335021973,2.804749011993408,1.4705204963684082,0.4204995334148407,,,,,,,
42,1.693394660949707,32.25225830078125,15474,1.693394660949707,1.4817273616790771,5.60609245300293,3.4396004676818848,1.5698916912078857,0.44788771867752075,,,,,,,
42,2.308013916015625,28.803279876708984,15499,2.308013916015625,1.3951399326324463,5.4084906578063965,2.654444694519043,1.7822836637496948,0.3902871310710907,,,,,,,
42,2.103872060775757,31.745880126953125,15524,2.103872060775757,1.5194069147109985,6.989614963531494,3.109135866165161,1.6353791952133179,0.410940945148468,,,,,,,
42,1.967343807220459,35.13658905029297,15549,1.967343807220459,1.3900108337402344,9.284956932067871,3.1548848152160645,1.8046889305114746,0.4333789050579071,,,,,,,
42,2.538665771484375,31.896516799926758,15574,2.538665771484375,1.4622056484222412,6.395611763000488,2.781336784362793,1.6983157396316528,0.43464547395706177,,,,,,,
42,1.9546416997909546,33.631229400634766,15599,1.9546416997909546,1.5533325672149658,8.120338439941406,2.839818239212036,1.7577708959579468,0.4302215278148651,,,,,,,
42,2.365936279296875,31.749923706054688,15624,2.365936279296875,1.4418246746063232,5.738240718841553,2.5888383388519287,1.8051395416259766,0.4483529031276703,,,,,,,
42,2.2784829139709473,30.93727684020996,15649,2.2784829139709473,1.434403419494629,5.253675937652588,2.591643810272217,1.7036868333816528,0.44341927766799927,,,,,,,
42,2.045429229736328,30.877029418945312,15674,2.045429229736328,1.4719239473342896,5.814126491546631,2.7459092140197754,1.4384286403656006,0.4312586784362793,,,,,,,
43,2.1523871421813965,31.18122100830078,15699,2.1523871421813965,1.453508734703064,6.521137714385986,2.525071382522583,1.7041635513305664,0.42171865701675415,,,,,,,
43,2.2567691802978516,32.36174011230469,15724,2.2567691802978516,1.467360258102417,6.700911998748779,2.275547981262207,1.7218836545944214,0.44880086183547974,,,,,,,
43,2.312591314315796,27.90830421447754,15749,2.312591314315796,1.4494495391845703,4.022212982177734,2.5969996452331543,1.578315258026123,0.405807226896286,,,,,,,
43,2.2394461631774902,28.418724060058594,15774,2.2394461631774902,1.4681785106658936,5.348324775695801,2.4442496299743652,1.6647719144821167,0.3887377679347992,,,,,,,
43,2.363159656524658,31.01844596862793,15799,2.363159656524658,1.3572239875793457,5.220493793487549,2.4149656295776367,1.891120195388794,0.44743648171424866,,,,,,,
43,1.71816885471344,36.78884506225586,15824,1.71816885471344,1.4581178426742554,9.347403526306152,3.3777973651885986,1.9351886510849,0.45934078097343445,,,,,,,
43,2.2480340003967285,29.686843872070312,15849,2.2480340003967285,1.451483964920044,5.813806533813477,2.174492120742798,1.8326191902160645,0.40920981764793396,,,,,,,
43,2.565304756164551,28.753686904907227,15874,2.565304756164551,1.469534993171692,4.360931396484375,2.1843788623809814,1.7488728761672974,0.4219993054866791,,,,,,,
43,1.6685914993286133,41.95505905151367,15899,1.6685914993286133,1.4805365800857544,13.131049156188965,3.7110695838928223,1.7432293891906738,0.48642608523368835,,,,,,,
43,1.991698980331421,31.348522186279297,15924,1.991698980331421,1.4925223588943481,5.711432933807373,2.8947668075561523,1.7594809532165527,0.43311819434165955,,,,,,,
43,1.7690831422805786,33.46232604980469,15949,1.7690831422805786,1.4757184982299805,6.279601097106934,3.6418378353118896,1.6218681335449219,0.4542955458164215,,,,,,,
43,1.8418806791305542,30.529510498046875,15974,1.8418806791305542,1.4455132484436035,5.3896074295043945,2.926276206970215,1.5029007196426392,0.4281158447265625,,,,,,,
43,2.4784250259399414,28.7288761138916,15999,2.4784250259399414,1.408632755279541,4.611814498901367,2.7013213634490967,1.7357982397079468,0.40602907538414,,,,,,,
43,2.128983974456787,30.203834533691406,16024,2.128983974456787,1.3939825296401978,5.552428245544434,2.6890041828155518,2.0140862464904785,0.41231852769851685,,,,,,,
43,2.250593900680542,27.850627899169922,16049,2.250593900680542,1.5184813737869263,4.531196117401123,2.432119369506836,1.6444664001464844,0.39387473464012146,,,,,,,
44,1.8883010149002075,31.356359481811523,16074,1.8883010149002075,1.4866448640823364,6.393773555755615,3.2263338565826416,1.6298961639404297,0.4137713611125946,,,,,,,
44,1.8681740760803223,37.39228057861328,16099,1.8681740760803223,1.502934217453003,10.113685607910156,3.287508487701416,2.017087697982788,0.45491263270378113,,,,,,,
44,1.978158950805664,34.52853775024414,16124,1.978158950805664,1.453275442123413,8.266680717468262,3.003340005874634,2.000485897064209,0.44010573625564575,,,,,,,
44,1.8291804790496826,36.23603057861328,16149,1.8291804790496826,1.4950549602508545,8.91948127746582,3.149886131286621,1.8755165338516235,0.4621354043483734,,,,,,,
44,2.3390841484069824,28.286073684692383,16174,2.3390841484069824,1.442457675933838,4.40568208694458,2.0833332538604736,1.699500560760498,0.4145577847957611,,,,,,,
44,2.39326810836792,26.0980224609375,16199,2.39326810836792,1.407966136932373,3.4045844078063965,2.063976287841797,1.2412962913513184,0.39955994486808777,,,,,,,
44,2.115389823913574,31.4652099609375,16224,2.115389823913574,1.4251797199249268,7.166934967041016,2.4950857162475586,1.8800647258758545,0.41106539964675903,,,,,,,
44,2.094759941101074,32.08331298828125,16249,2.094759941101074,1.4482395648956299,6.280114650726318,2.7486157417297363,2.021242380142212,0.4352244436740875,,,,,,,
44,2.4618496894836426,27.719890594482422,16274,2.4618496894836426,1.491006851196289,4.008577346801758,2.4718422889709473,1.7515759468078613,0.399930864572525,,,,,,,
44,1.9506053924560547,34.15578079223633,16299,1.9506053924560547,1.478574275970459,7.204586505889893,3.102060317993164,1.8503111600875854,0.4560055732727051,,,,,,,
44,2.348991870880127,34.62660217285156,16324,2.348991870880127,1.4784667491912842,7.319889545440674,2.3336338996887207,1.8723349571228027,0.4804951250553131,,,,,,,
44,2.080322265625,32.03793716430664,16349,2.080322265625,1.4771971702575684,6.037079811096191,3.209867238998413,1.6722620725631714,0.4364784359931946,,,,,,,
44,2.0762460231781006,30.836931228637695,16374,2.0762460231781006,1.3271933794021606,6.069094657897949,2.5826010704040527,1.9570603370666504,0.42002183198928833,,,,,,,
44,2.006608009338379,36.16444396972656,16399,2.006608009338379,1.6012015342712402,8.139396667480469,2.6900734901428223,1.9003841876983643,0.48518648743629456,,,,,,,
44,1.7920039892196655,30.543073654174805,16424,1.7920039892196655,1.4801149368286133,6.836979866027832,2.854423999786377,1.4739515781402588,0.3977245092391968,,,,,,,
44,,,16424,,,,,,,1.942829966545105,1.4931086301803589,6.562056541442871,3.125760793685913,2.0826029777526855,33.22494888305664,0.44358715415000916
45,1.7528685331344604,30.876544952392578,16449,1.7528685331344604,1.4114362001419067,6.725837707519531,3.0626373291015625,1.8454912900924683,0.39624759554862976,,,,,,,
45,2.026524305343628,29.462806701660156,16474,2.026524305343628,1.4610234498977661,4.754980564117432,2.726606845855713,1.8933155536651611,0.41393062472343445,,,,,,,
45,1.8251290321350098,34.234291076660156,16480,1.8251290321350098,1.5036848783493042,6.925062656402588,3.579171657562256,1.8145132064819336,0.453596830368042,,,,,,,
