key	verdict	reason	licence	regions	diacritics	file	text
File:Entrance in Bosnia and Herzegovina from Croatia (Welcome sign).png	skip	too small: 216x171					
File:Direction sign BiH alt02.svg	skip	not a photo format: image/svg+xml					
File:Cigarette packet warning sign in Bosnia and Herzegovina, 2014 (cropped).jpg	skip	too small: 221x150					
File:Loose Road.jpg	skip	too small: 220x206					
File:BA road sign IV-15.svg	skip	not a photo format: image/svg+xml					
File:BA road sign III-92.svg	skip	not a photo format: image/svg+xml					
File:BA road sign III-101.2.svg	skip	not a photo format: image/svg+xml					
File:BA road sign III-109.svg	skip	not a photo format: image/svg+xml					
File:Tram crossing.jpg	skip	too small: 208x185					
File:BA road sign III-88.svg	skip	not a photo format: image/svg+xml					
File:Road narrows.jpg	skip	too small: 198x184					
File:BA road sign IV-3.svg	skip	not a photo format: image/svg+xml					
File:BA road sign III-90.svg	skip	not a photo format: image/svg+xml					
File:BA road sign IV-14.svg	skip	not a photo format: image/svg+xml					
File:BA road sign III-84.2.svg	skip	not a photo format: image/svg+xml					
File:BA road sign III-112.svg	skip	not a photo format: image/svg+xml					
File:BA road sign IV-12.svg	skip	not a photo format: image/svg+xml					
File:City limit sign BiH - end.svg	skip	not a photo format: image/svg+xml					
File:Bosnian and Herzegovinan road sign III-131.svg	skip	not a photo format: image/svg+xml					
File:BA road sign III-137.svg	skip	not a photo format: image/svg+xml					
File:Drina Sa Denifine cigar pack wt Serb Cro Bos lg warn label.png	skip	too small: 386x466					
File:Direction sign BiH Autoput alt02.svg	skip	not a photo format: image/svg+xml					
File:Two way road.jpg	skip	too small: 221x179					
File:BA road sign III-103.svg	skip	not a photo format: image/svg+xml					
File:BA road sign III-124.svg	skip	not a photo format: image/svg+xml					
File:BA road sign III-85.2.svg	skip	not a photo format: image/svg+xml					
File:BA road sign IV-6.svg	skip	not a photo format: image/svg+xml					
File:Roadworks.jpg	skip	too small: 225x188					
File:BA road sign III-91.svg	skip	not a photo format: image/svg+xml					
File:Crossroad with minor road.jpg	skip	too small: 209x187					
File:BA road sign III-105.svg	skip	not a photo format: image/svg+xml					
File:Cigarette packet warning signs from Bosnia and Herzegovina.jpg	skip	too small: 241x350					
File:BA road sign III-106.svg	skip	not a photo format: image/svg+xml					
File:BA road sign IV-13.svg	skip	not a photo format: image/svg+xml					
File:Mandatory direction.jpg	skip	too small: 172x240					
File:Crossroad with minor roads.jpg	skip	too small: 227x189					
File:BA road sign III-89.svg	skip	not a photo format: image/svg+xml					
File:BA road sign II-2.svg	skip	not a photo format: image/svg+xml					
File:Podbrdo Road Signs 2.jpg	skip	too small: 578x393					
File:Slippery Road.jpg	skip	too small: 220x197					
File:Karadjordjeva ulica 2.jpg	skip	too small: 400x300					
File:BA road sign III-107.svg	skip	not a photo format: image/svg+xml					
File:Princip plaque 1931 Sarajevo.jpg	skip	too small: 354x458					
File:Franz Ferdinand original plaque 1916.jpg	skip	too small: 664x409					
File:Sarajevo memorial old photo 1930s.jpg	skip	too small: 514x551					
File:BA road sign III-83.svg	skip	not a photo format: image/svg+xml					
File:Road narrows from one side.jpg	skip	too small: 194x183					
File:BA road sign IV-9.svg	skip	not a photo format: image/svg+xml					
File:Rail-Road (controlled).jpg	skip	too small: 212x199					
File:BA road sign III-85.1.svg	skip	not a photo format: image/svg+xml					
File:BA road sign III-82.svg	skip	not a photo format: image/svg+xml					
File:Široki Brijeg, glavni trg.jpg	skip	too small: 640x480					
File:Trg širokobrijeških žrtava 053412.webm	skip	not a photo format: video/webm					
File:Tuzla-Kapija ulica2.jpg	skip	too small: 408x544					
File:BA road sign III-86.svg	skip	not a photo format: image/svg+xml					
File:BA road sign III-133.svg	skip	not a photo format: image/svg+xml					
File:BA road sign IV-7.svg	skip	not a photo format: image/svg+xml					
File:Bascarsija Market Sarajevo.jpg	skip	too small: 723x481					
File:Pedestrians crossing.jpg	skip	too small: 191x189					
File:BA road sign III-97.svg	skip	not a photo format: image/svg+xml					
File:Direction sign BiH Autoput alt01.svg	skip	not a photo format: image/svg+xml					
File:BA road sign III-93.svg	skip	not a photo format: image/svg+xml					
File:BA road sign III-127.svg	skip	not a photo format: image/svg+xml					
File:BA road sign III-109.2.svg	skip	not a photo format: image/svg+xml					
File:BA road sign IV-1.svg	skip	not a photo format: image/svg+xml					
File:Sarajevo memorial plaque in 1916.jpg	skip	too small: 397x623					
File:BA road sign IV-8.svg	skip	not a photo format: image/svg+xml					
File:Road closed to all.jpg	skip	too small: 191x175					
File:BA road sign III-98.svg	skip	not a photo format: image/svg+xml					
File:BA road sign IV-2.svg	skip	not a photo format: image/svg+xml					
File:City limit sign BiH - begin.svg	skip	not a photo format: image/svg+xml					
File:BA road sign IV-4.svg	skip	not a photo format: image/svg+xml					
File:BA road sign IV-10.svg	skip	not a photo format: image/svg+xml					
File:BA road sign III-116.svg	skip	not a photo format: image/svg+xml					
File:1930s Sarajevo assasination memorial plaque.jpg	skip	too small: 680x347					
File:BA road sign III-104.svg	skip	not a photo format: image/svg+xml					
File:BA road sign I-6.svg	skip	not a photo format: image/svg+xml					
File:BA road sign III-132.svg	skip	not a photo format: image/svg+xml					
File:BA road sign III-111.svg	skip	not a photo format: image/svg+xml					
File:BA road sign III-92.2.svg	skip	not a photo format: image/svg+xml					
File:BA road sign III-108.svg	skip	not a photo format: image/svg+xml					
File:Living Street.jpg	skip	too small: 271x167					
File:Waiting Area for Bus.jpg	skip	too small: 144x196					
File:BA road sign III-80.svg	skip	not a photo format: image/svg+xml					
File:End of priority road.jpg	skip	too small: 195x175					
File:Sat-spomenik-Vitez.jpg	skip	too small: 453x604					
File:Priority Road.jpg	skip	too small: 204x176					
File:BA road sign III-87.svg	skip	not a photo format: image/svg+xml					
File:BA road sign III-94.svg	skip	not a photo format: image/svg+xml					
File:Direction sign BiH alt01.svg	skip	not a photo format: image/svg+xml					
File:Crossroad with same priority.jpg	skip	too small: 216x180					
File:BA road sign III-131.svg	skip	not a photo format: image/svg+xml					
File:Rail-Road.jpg	skip	too small: 208x182					
File:Registarske oznake Republike Srpske.svg	skip	not a photo format: image/svg+xml					
File:BA road sign III-102.svg	skip	not a photo format: image/svg+xml					
File:BA road sign III-96.svg	skip	not a photo format: image/svg+xml					
File:BA road sign III-135.svg	skip	not a photo format: image/svg+xml					
File:BA road sign III-84.1.svg	skip	not a photo format: image/svg+xml					
File:BA road sign III-101.1.svg	skip	not a photo format: image/svg+xml					
File:BA road sign IV-5.svg	skip	not a photo format: image/svg+xml					
File:BA road sign I-5.svg	skip	not a photo format: image/svg+xml					
File:BA road sign III-136.svg	skip	not a photo format: image/svg+xml					
File:Stara carsija.jpg	skip	too small: 500x353					
File:BA road sign IV-11.svg	skip	not a photo format: image/svg+xml					
File:Bumpy road.jpg	skip	too small: 208x186					
File:BA road sign III-95.svg	skip	not a photo format: image/svg+xml					
File:Tuzla Wikivoyage banner.jpg	skip	too small: 1426x204					
File:BA road sign III-110.svg	skip	not a photo format: image/svg+xml					
File:BA road sign III-134.svg	skip	not a photo format: image/svg+xml					
File:Tuzla-Kapija ulica.jpg	skip	too small: 544x408					
File:BA road sign III-81.svg	skip	not a photo format: image/svg+xml					
File:Bihac Partisan Monument 1982.jpeg	skip	too small: 571x394					
File:Speed limit in Bosnia.svg	skip	not a photo format: image/svg+xml					
File:FIS Vitez.JPG	refused	licence not on the list: 'GFDL'					
File:Maximum weight.jpg	skip	too small: 190x177					
File:Aleja.jpg	skip	too small: 589x401					
File:Turn right only.jpg	skip	too small: 210x196					
File:Maximum weight per axle.jpg	skip	too small: 184x186					
File:Gozulj old.jpg	skip	too small: 600x387					
File:Christ of Andrey.jpg	skip	too small: 232x146					
File:Minimum speed.jpg	skip	too small: 232x185					
File:Travnik, hodinova vez pod hradem a stare turecke domy.jpg	skip	too small: 640x480					
File:Distinctive emblem used by KONS for National Monument of BiH.svg	skip	not a photo format: image/svg+xml					
File:No tractors.jpg	skip	too small: 194x173					
File:Bicycle only.jpg	skip	too small: 213x182					
File:Wild Animals.jpg	skip	too small: 231x201					
File:No horns.jpg	skip	too small: 195x181					
File:Stop ahead.jpg	skip	too small: 214x232					
File:Caffe bosna janja.jpg	skip	too small: 640x480					
File:Banski dvor.jpg	skip	too small: 600x450					
File:Tuzla - panoramio - Stari Djed Aljo.jpg	skip	too small: 704x528					
File:Pedestrians only.jpg	skip	too small: 217x181					
File:Улица Марије Бурсаћ.jpg	skip	too small: 700x525					
File:Pedestrians.jpg	skip	too small: 223x204					
File:Settlement.jpg	skip	too small: 275x123					
File:One way.jpg	skip	too small: 190x193					
File:Give way to oncoming traffic.jpg	skip	too small: 228x181					
File:Do not turn right.jpg	skip	too small: 211x192					
File:Turn right ahead.jpg	skip	too small: 241x227					
File:Натпис на споменику палим борцима-гробље Св. Пантелија.jpg	skip	too small: 800x462					
File:Bingo Bugojno.JPG	refused	licence not on the list: 'GFDL'					
File:Dom zdravlja.jpg	skip	too small: 172x190					
File:ULAZ U NP UNA.jpg	skip	too small: 632x423					
File:Hitna pomoc.jpg	skip	too small: 133x190					
File:Opening bridge.jpg	skip	too small: 204x189					
File:No motor vehicles except motorcycles.jpg	skip	too small: 211x189					
File:Maximum height.jpg	skip	too small: 174x162					
File:Kraljeva Sutjeska.jpg	refused	licence not on the list: 'FAL'					
File:Accident ahead.jpg	skip	too small: 231x175					
File:Dobrodosli!.jpg	skip	too small: 443x250					
File:No overtaking at all.jpg	skip	too small: 170x171					
File:No vehicles caring dangerous goods.jpg	skip	too small: 207x172					
File:Ilidza, Sarajevo (6885052273).jpg	skip	too small: 738x423					
File:Mostar centro palazzo.jpg	skip	too small: 680x510					
File:Carinska ispostava.jpg	skip	too small: 199x196					
File:Travnik, krestanska ctvrt v prudkem svahu.jpg	skip	too small: 640x480					
File:Pass on right.jpg	skip	too small: 204x200					
File:Gospodska.jpg	skip	too small: 600x450					
File:Queues.jpg	skip	too small: 208x178					
File:No parking.jpg	skip	too small: 200x192					
File:No overtaking for trucks.jpg	skip	too small: 188x164					
File:Priority over oncoming traffic.jpg	skip	too small: 205x186					
File:Other Danger.jpg	skip	too small: 224x189					
File:One way1.jpg	skip	too small: 299x94					
File:Double curve.jpg	skip	too small: 216x179					
File:Kraj naselja.jpg	skip	too small: 217x121					
File:Steep descent.jpg	skip	too small: 206x177					
File:Equestrians only.jpg	skip	too small: 238x181					
File:No semi-circle turn.jpg	skip	too small: 209x183					
File:Skretanje za Posušje i Grude, Privalj.2011.pg.jpg	skip	too small: 440x330					
File:Expressway.jpg	skip	too small: 129x193					
File:Tunnel ahead.jpg	skip	too small: 245x187					
File:Flickr - boellstiftung - Wahl 2010.jpg	skip	too small: 666x500					
File:Minimum safe distance.jpg	skip	too small: 190x180					
File:Skretanje na Privalju.2.jpg	skip	too small: 440x330					
File:No parking and stopping.jpg	skip	too small: 185x180					
File:Uprava.jpg	skip	too small: 600x450					
File:No vehicles caring explosives.jpg	skip	too small: 236x186					
File:No motor vehicles.jpg	skip	too small: 210x175					
File:Maximum speed.jpg	skip	too small: 233x187					
File:Nakšibendijskatekija 02.jpg	skip	too small: 461x615					
File:Proceed straight or turn right.jpg	skip	too small: 196x186					
File:Maximum width.jpg	skip	too small: 186x173					
File:Speed limit in Bosnia.png	skip	too small: 186x308					
File:No trucks.jpg	skip	too small: 201x176					
File:Proceed straight.jpg	skip	too small: 206x179					
File:Speed Zone.jpg	skip	too small: 205x187					
File:Pass on either side.jpg	skip	too small: 194x193					
File:Hauptstrasse von Kozarac.jpg	skip	too small: 604x452					
File:Toll.jpg	skip	too small: 252x202					
File:Градови партнери.jpg	skip	too small: 646x605					
File:Complete Stop.jpg	skip	too small: 202x187					
File:No pedestrians.jpg	skip	too small: 204x195					
File:Wrong way.jpg	skip	too small: 211x167					
File:No vehicles caring dangerous water pollutants.jpg	skip	too small: 204x191					
File:Christ of Andrey (multi).jpg	skip	too small: 231x193					
File:Energopetrol Vitez zapustena.JPG	refused	licence not on the list: 'GFDL'					
File:Turning left is not allowed.jpg	skip	too small: 193x181					
File:Usage of motorcycles is prohibited.jpg	skip	too small: 209x172					
File:Pope John Paul II in Bosnia 1997e.jpg	refused	licence not on the list: 'Attribution'					
File:Falling rocks.jpg	skip	too small: 225x202					
File:Roundabout ahead.jpg	skip	too small: 227x178					
File:Skretanje za Pojske.jpg	skip	too small: 533x400					
File:РаскрсницаБЛ.jpg	skip	too small: 600x450					
File:Robot Sarajevo.JPG	refused	licence not on the list: 'GFDL'					
File:Tarevci centar 1.jpg	skip	too small: 448x336					
File:Parking place.jpg	skip	too small: 205x191					
File:Skretanje-Ovnak-Šušanj.jpg	skip	too small: 604x453					
File:No Exit.jpg	skip	too small: 205x194					
File:Bosnia-band.svg	skip	not a photo format: image/svg+xml					
File:Royal Gloucestershire Berkshire and Wiltshire Regiment.jpg	skip	too small: 400x334					
File:Sarajevo l Monument to Gavrilo Princip l 1986.JPG	skip	too small: 560x392					
File:Royal Gloucestershire Berkshire and Wiltshire Regiment..jpg	skip	too small: 420x302					
File:Orovac-grahovčići.jpg	skip	too small: 604x453					
File:Traffic lights ahead.jpg	skip	too small: 213x184					
File:No bicycles.jpg	skip	too small: 200x173					
File:Give way.jpg	skip	too small: 222x187					
File:Domestic Animals.jpg	skip	too small: 222x195					
File:Maximum lenght.jpg	skip	too small: 178x168					
File:Low flying aircraft.jpg	skip	too small: 196x182					
File:Energopetrol Kakanj.JPG	refused	licence not on the list: 'GFDL'					
File:Bruner-Dvorak, Rudolf - Bosna, pekařství (ca 1906).jpg	skip	too small: 550x498					
File:Maximum weight per tandem axle.jpg	skip	too small: 206x175					
File:Cyclists ahead.jpg	skip	too small: 222x204					
File:Policija.jpg	skip	too small: 216x204					
File:Crosswinds.jpg	skip	too small: 213x192					
File:Electrical Substation Gornji Tušanj (Tuzla) - panoramio.jpg	drop	only 0 confident region(s)	CC BY	0	0	Electrical_Substation_Gornji_Tušanj_Tuzla_-_panoramio.jpg	
File:Prijedorska street, Sanski Most.jpg	drop	only 0 confident region(s)	CC0	0	0	Prijedorska_street_Sanski_Most.jpg	
File:Mostar signs.JPG	keep		CC BY-SA	2	0	Mostar_signs.JPG	Dubrovnik | Sarajevo
File:Tuzla - INA petrol station (2019).jpg	keep		CC BY-SA	8	0	Tuzla_-_INA_petrol_station_2019_.jpg	27 | 22 | 0-24 | SHOP | CAFE | WASH | CLASS | TEMPERATURE
File:Sarajevo Trolleybus-4418 Line-108 2011-11-05 (2).jpg	drop	only 1 confident region(s)	CC BY-SA	1	0	Sarajevo_Trolleybus-4418_Line-108_2011-11-05_2_.jpg	25
File:Tuzla - 2. Tuzlanske Brigade street (2019).jpg	drop	only 1 confident region(s)	CC BY-SA	1	0	Tuzla_-_2._Tuzlanske_Brigade_street_2019_.jpg	M
File:Road Banja Luka - Jajce (postcard).png	drop	only 0 confident region(s)	PD	0	0	Road_Banja_Luka_-_Jajce_postcard_.png	
File:Trg-kralja-tomislav-livno00660.JPG	drop	only 0 confident region(s)	CC BY-SA	0	0	Trg-kralja-tomislav-livno00660.JPG	
File:Spomen ploca Stojanci majka Knezpoljka.jpg	drop	only 1 confident region(s)	PD	1	0	Spomen_ploca_Stojanci_majka_Knezpoljka.jpg	7
File:Bistrik kula observatory information board.jpg	keep		CC BY-SA	37	6	Bistrik_kula_observatory_information_board.jpg	Bistrik-kulasaastronomskom | opservatorijom | austrougarke | Bosni | During | miliarzfortress | Mountain | nakon | Thcmountzintopprovided | Miliary | tcunfortunate | funkcijisvc | 1967 | koasteni | dobiloUnivcrzitctskoistronomskodruštvo | govcrnment | (koj | Ćolina | 1969 | sodine | Vaisala | trom |
File:Gospodska ulica (1).jpg	drop	only 0 confident region(s)	CC BY-SA	0	0	Gospodska_ulica_1_.jpg	
File:Novi trg Bihac.jpg	drop	only 0 confident region(s)	CC BY	0	0	Novi_trg_Bihac.jpg	
File:Sarajevo Trolleybus-4416 Line-102 2011-11-05.jpg	drop	only 1 confident region(s)	CC BY-SA	1	0	Sarajevo_Trolleybus-4416_Line-102_2011-11-05.jpg	UROHAS
File:Mostar Street.jpg	drop	only 0 confident region(s)	CC BY-SA	0	0	Mostar_Street.jpg	
File:Main Square in Prijedor.jpg	drop	only 0 confident region(s)	CC0	0	0	Main_Square_in_Prijedor.jpg	
File:Narrow-Gauge-Railway Bosnabahn Station-Zenica 04.jpg	drop	only 0 confident region(s)	PD	0	0	Narrow-Gauge-Railway_Bosnabahn_Station-Zenica_04.jpg	
File:Moritz Schiller Sarajevo street view 1916.jpg	drop	only 1 confident region(s)	PD	1	0	Moritz_Schiller_Sarajevo_street_view_1916.jpg	TEE
File:Shop in old Sarajevo (9461919674).jpg	drop	only 0 confident region(s)	CC BY-SA	0	0	Shop_in_old_Sarajevo_9461919674_.jpg	
File:Spanish Square.jpg	drop	only 0 confident region(s)	CC BY-SA	0	0	Spanish_Square.jpg	
File:Mostar souvenir shop.jpg	drop	only 0 confident region(s)	CC BY	0	0	Mostar_souvenir_shop.jpg	
File:Koturova Street in Sarajevo.jpg	drop	only 0 confident region(s)	CC BY	0	0	Koturova_Street_in_Sarajevo.jpg	
File:TrgSlobode IPW.jpg	drop	only 0 confident region(s)	CC BY-SA	0	0	TrgSlobode_IPW.jpg	
File:Trg-kralja-tomislav-livno00688.JPG	drop	only 0 confident region(s)	CC BY-SA	0	0	Trg-kralja-tomislav-livno00688.JPG	
File:Asassination memorial.jpg	drop	only 0 confident region(s)	CC BY-SA	0	0	Asassination_memorial.jpg	
File:Gospodska ulica 23.JPG	drop	only 0 confident region(s)	CC BY-SA	0	0	Gospodska_ulica_23.JPG	
File:Bingo supermarket, Trebinje, 2024.jpg	keep		CC0	3	1	Bingo_supermarket_Trebinje_2024.jpg	Bingos | čBingo | Fingo
File:Putokaz212.jpg	keep		CC BY-SA	4	0	Putokaz212.jpg	Fpanckaynpaba | TprKpajmhe | Focnonckaynnua | Gospodskastreet
File:Tjentište sign.jpg	keep		CC BY-SA	2	1	Tjentište_sign.jpg	Tjehtuute | Tjentište
File:Trg Krajine,čajavčev i ulaz u gospodsku.jpg	keep		CC BY-SA	2	1	Trg_Krajine_čajavčev_i_ulaz_u_gospodsku.jpg	MALBAsIĆ | co
File:Neum road.jpg	keep		CC BY-SA	5	0	Neum_road.jpg	Stolac | Svitava | Dubrovnik | CENTAR | RESTAURANT
File:Gas Station Nešković Нешковић.jpg	drop	only 1 confident region(s)	CC BY	1	2	Gas_Station_Nešković_Нешковић.jpg	NEŠKOVIĆ
File:Tuzla - Pannonian Lakes - Geology Museum (2019).jpg	drop	only 0 confident region(s)	CC BY-SA	0	0	Tuzla_-_Pannonian_Lakes_-_Geology_Museum_2019_.jpg	
File:Most Mehmed Paše Sokolovića (ploča).jpg	drop	only 0 confident region(s)	PD	0	0	Most_Mehmed_Paše_Sokolovića_ploča_.jpg	
File:Streets in Mostar 006.jpg	drop	only 0 confident region(s)	CC BY-SA	0	0	Streets_in_Mostar_006.jpg	
File:Sarajevo Bijela Tabija banner.jpg	drop	only 0 confident region(s)	CC BY	0	0	Sarajevo_Bijela_Tabija_banner.jpg	
File:Board of Republika Srpska.JPG	keep		PD	2	0	Board_of_Republika_Srpska.JPG	WELCOME | TOREPUBLICOFSRPSKAE
File:Sarajevo Bascarsija Shop 2011-11-08.jpg	keep		CC BY-SA	4	0	Sarajevo_Bascarsija_Shop_2011-11-08.jpg	M.A.S | SHOP | L.A.S | PHOP
File:Street in Mostar 01.jpg	drop	only 1 confident region(s)	CC BY-SA	1	0	Street_in_Mostar_01.jpg	KONAK
File:Goražde Wikivoyage pagebanner (cropped).png	drop	only 0 confident region(s)	CC BY-SA	0	0	Goražde_Wikivoyage_pagebanner_cropped_.png	
File:NKD 015 Gospodska ulica.jpg	drop	flat colour (256 shades): a drawing, not a photograph	CC BY-SA	0	0	NKD_015_Gospodska_ulica.jpg	
File:Gospodska ulica (2).jpg	keep		CC BY-SA	3	0	Gospodska_ulica_2_.jpg	CITADELA | CITADELA | ALDO
File:Only foreign butter in Bosnian supermarkets.jpg	keep		CC BY	13	0	Only_foreign_butter_in_Bosnian_supermarkets.jpg	825 | 25 | 595 | 85 | 2 | 3 | VAVLA | 05 | 85 | 25 | 2 | 1155 | 355
File:Inat kuca - natpis.JPG	keep		CC BY	5	0	Inat_kuca_-_natpis.JPG	NACIONALNI | RESTORAN | sam | na | oncistrani,
File:Čaprazlije-Granići-ploča.JPG	keep		CC BY-SA	2	2	Čaprazlije-Granići-ploča.JPG	Čaprazlije | Granići
File:Međugorje Banner.jpg	drop	only 0 confident region(s)	CC BY-SA	0	0	Međugorje_Banner.jpg	
File:Mostar banner.jpg	drop	only 0 confident region(s)	CC BY-SA	0	0	Mostar_banner.jpg	
File:Trebinje banner.jpg	drop	only 0 confident region(s)	CC BY-SA	0	0	Trebinje_banner.jpg	
File:Sarajevo banner.jpg	drop	only 0 confident region(s)	CC BY	0	0	Sarajevo_banner.jpg	
File:Sarajevo Trebevic Ruine mit Graffiti.JPG	drop	only 0 confident region(s)	CC BY-SA	0	0	Sarajevo_Trebevic_Ruine_mit_Graffiti.JPG	
File:Sarajevo Street 1900.jpg	drop	only 0 confident region(s)	PD	0	0	Sarajevo_Street_1900.jpg	
File:Entrance to Zenica.jpg	drop	only 0 confident region(s)	CC BY-SA	0	0	Entrance_to_Zenica.jpg	
File:Sarajevo Street in Baku.jpg	drop	only 0 confident region(s)	CC BY-SA	0	0	Sarajevo_Street_in_Baku.jpg	
File:Sarajevo Gas-Station EP 2011-11-06.jpg	drop	only 0 confident region(s)	CC BY-SA	0	0	Sarajevo_Gas-Station_EP_2011-11-06.jpg	
File:Sarajevo EP-Gas-Station Bulevar-Mese-Selimovica 2011-11-04 (3).jpg	drop	no region with 3+ letters	CC BY-SA	2	0	Sarajevo_EP-Gas-Station_Bulevar-Mese-Selimovica_2011-11-04_3_.jpg	EP | EP
File:BiH Morica han Persian shop.jpg	drop	only 0 confident region(s)	CC0	0	0	BiH_Morica_han_Persian_shop.jpg	
File:Gospodska ulica banja luka.JPG	drop	only 0 confident region(s)	CC BY-SA	0	0	Gospodska_ulica_banja_luka.JPG	
File:Gospodska ulica.jpg	drop	only 0 confident region(s)	CC BY-SA	0	0	Gospodska_ulica.jpg	
File:A street in Mostar.jpg	drop	only 1 confident region(s)	CC BY-SA	1	0	A_street_in_Mostar.jpg	P
File:Mostar Old Town Street.jpg	drop	only 1 confident region(s)	CC BY-SA	1	0	Mostar_Old_Town_Street.jpg	Touristinforation
File:Editing Wikipedia Workshop in Visegrad - 76.JPG	keep		CC BY-SA	2	0	Editing_Wikipedia_Workshop_in_Visegrad_-_76.JPG	Beograd | Centar
File:Trg-žrtava01871.JPG	drop	only 0 confident region(s)	CC BY-SA	0	0	Trg-žrtava01871.JPG	
File:Gospodska ulica 34.JPG	drop	only 0 confident region(s)	CC BY-SA	0	0	Gospodska_ulica_34.JPG	
File:Gospodska ulica 04.JPG	drop	flat colour (256 shades): a drawing, not a photograph	CC BY-SA	0	0	Gospodska_ulica_04.JPG	
File:BaščaršijaSarajevo (2).JPG	drop	only 0 confident region(s)	CC BY-SA	0	0	BaščaršijaSarajevo_2_.JPG	
File:Tuzla - Ulica Tabašnice (2019).jpg	keep		CC BY-SA	3	0	Tuzla_-_Ulica_Tabašnice_2019_.jpg	kiseljak | TR | LIRA
File:Sarajevo – Trebević Sign.jpg	drop	only 0 confident region(s)	CC BY-SA	0	0	Sarajevo_Trebević_Sign.jpg	
File:Gospodska ulica 21.JPG	drop	only 0 confident region(s)	CC BY-SA	0	0	Gospodska_ulica_21.JPG	
File:Banjaluka streetmap.jpg	keep		CC BY-SA	10	5	Banjaluka_streetmap.jpg	Tunjice | Šargovać | Dervg | Drakulić | Budžak | Petrićevac | Rosulje | Paprikovac | BanjaLukaBurik | Rebrovac
File:Gospodska ulica 17.JPG	drop	only 0 confident region(s)	CC BY-SA	0	0	Gospodska_ulica_17.JPG	
File:Gavrilo Princip plaque 1960s.png	drop	flat colour (252 shades): a drawing, not a photograph	PD	0	0	Gavrilo_Princip_plaque_1960s.png	
File:Narrow-Gauge-Railway Spalatobahn Station-Travnik (3).jpg	keep		PD	8	0	Narrow-Gauge-Railway_Spalatobahn_Station-Travnik_3_.jpg	EisenbahnlinieSarajevo-Jajce | Bahnhof | Kolodvor | Pozdraviz | Travnika | Gruss | aus | Travnik
File:Market street in Mostar old town (1) (29853993325).jpg	drop	only 0 confident region(s)	CC BY	0	0	Market_street_in_Mostar_old_town_1_29853993325_.jpg	
File:Livno, Bosna i Hercegovina, obelisk iz 1925., ploča.jpg	drop	only 0 confident region(s)	CC BY	0	0	Livno_Bosna_i_Hercegovina_obelisk_iz_1925._ploča.jpg	
File:Visoko, Jalija street.jpg	drop	only 0 confident region(s)	CC BY-SA	0	0	Visoko_Jalija_street.jpg	
File:Tourist road sign in Sarajevo.jpg	keep		CC BY-SA	11	5	Tourist_road_sign_in_Sarajevo.jpg	Baščaršija | Oldtown | 2,5km | Skenderija | km | Olympichall | Vilsonovošetalište | WilsonsLane | 200m | Zemaljskimuzej | TheMacionalmuseumofBiH
File:Sarajevo-banner2.jpg	drop	only 0 confident region(s)	CC BY-SA	0	0	Sarajevo-banner2.jpg	
File:Road Sign Mostar Entry.jpg	keep		CC BY-SA	2	0	Road_Sign_Mostar_Entry.jpg	Mostar | Moctap
File:Gospodska ulica 24.JPG	drop	only 0 confident region(s)	CC BY-SA	0	0	Gospodska_ulica_24.JPG	
File:Tuzla - Energopetrol station Muhameda Hevaije Uskufija (2019).jpg	drop	only 0 confident region(s)	CC BY-SA	0	0	Tuzla_-_Energopetrol_station_Muhameda_Hevaije_Uskufija_2019_.jpg	
File:View over Mostar from Old Bridge Museum - Mostar - Bosnia and Herzegovina.jpg	drop	only 0 confident region(s)	CC BY-SA	0	0	View_over_Mostar_from_Old_Bridge_Museum_-_Mostar_-_Bosnia_and_Herzegovina.jpg	
File:Street with bullet holes in Sarajevo 01.jpg	drop	only 1 confident region(s)	CC BY-SA	1	0	Street_with_bullet_holes_in_Sarajevo_01.jpg	HZ20
File:Spanish square 08035.JPG	drop	only 1 confident region(s)	CC BY-SA	1	0	Spanish_square_08035.JPG	TRG
File:Odstranjevanje tramvajskih tirov z ljubljanskih ulic 1959.jpg	drop	only 0 confident region(s)	PD	0	0	Odstranjevanje_tramvajskih_tirov_z_ljubljanskih_ulic_1959.jpg	
File:Landmine warning banner.jpg	drop	only 0 confident region(s)	CC BY-SA	0	0	Landmine_warning_banner.jpg	
File:Bosnian Road Sign.png	keep		CC0	10	0	Bosnian_Road_Sign.png	Bih | Bosna | Hercegovina | Bocha | M | 50 | 80 | 100 | 130 | 0-24
File:Direction sign to Old city of Kljuc.jpg	keep		CC BY	2	1	Direction_sign_to_Old_city_of_Kljuc.jpg	Starigradl | Ključ
File:Đurić Supermarket Istočno Sarajevo.jpg	drop	only 0 confident region(s)	CC BY	0	0	Đurić_Supermarket_Istočno_Sarajevo.jpg	
File:Kruševo Brdo - tabla u mosta.jpg	drop	only 0 confident region(s)	CC BY	0	0	Kruševo_Brdo_-_tabla_u_mosta.jpg	
File:Ulica-S.Radića-ŠB03073.JPG	drop	only 0 confident region(s)	CC BY-SA	0	0	Ulica-S.Radića-ŠB03073.JPG	
File:Trg-kralja-tomislav-livno00664.JPG	drop	only 0 confident region(s)	CC BY-SA	0	0	Trg-kralja-tomislav-livno00664.JPG	
File:Tihovići plate.jpg	keep		CC BY-SA	2	1	Tihovići_plate.jpg	Tihovići | Tuxobnhn
File:Streets in Mostar 004.jpg	drop	only 0 confident region(s)	CC BY-SA	0	0	Streets_in_Mostar_004.jpg	
File:Donji Svilaj village sign.JPG	keep		CC BY-SA	2	0	Donji_Svilaj_village_sign.JPG	Donji Svilajl | 50
File:Gospodska ulica 22.JPG	drop	only 0 confident region(s)	CC BY-SA	0	0	Gospodska_ulica_22.JPG	
File:Tuzla Street, Bosnia.jpg	drop	only 0 confident region(s)	CC BY	0	0	Tuzla_Street_Bosnia.jpg	
File:Caritas Mostar Street Sign.jpg	keep		CC0	4	0	Caritas_Mostar_Street_Sign.jpg	Caritas | NAZARET | SVETA | Mostar
File:Sarajevo Tram-240 Line-5 2011-10-20 (8).jpg	drop	only 0 confident region(s)	CC BY-SA	0	0	Sarajevo_Tram-240_Line-5_2011-10-20_8_.jpg	
File:Plaque on the summit of Maglič (3887464262).jpg	drop	only 0 confident region(s)	CC BY	0	0	Plaque_on_the_summit_of_Maglič_3887464262_.jpg	
File:Tuzla - Trg slobode - Fire hydrant (2019).jpg	drop	only 0 confident region(s)	CC BY-SA	0	0	Tuzla_-_Trg_slobode_-_Fire_hydrant_2019_.jpg	
File:Tuzla - SDA Party building plaques (2019).jpg	keep		CC BY-SA	5	0	Tuzla_-_SDA_Party_building_plaques_2019_.jpg	SDA | GradskiodborTuzla | MERHAMET | REGIONALNIODBORTUZLA | 18
File:Sarajevo-Street-Juice-Vendor (15548440052).jpg	drop	only 0 confident region(s)	CC BY-SA	0	0	Sarajevo-Street-Juice-Vendor_15548440052_.jpg	
File:Ulica-Stjepana Radića-ŠB03110.JPG	drop	only 1 confident region(s)	CC BY-SA	1	0	Ulica-Stjepana_Radića-ŠB03110.JPG	P
File:Sarajevo Bascarsija 2011-10-28 (2).jpg	keep		CC BY-SA	2	0	Sarajevo_Bascarsija_2011-10-28_2_.jpg	1001starogradskibiser | incisi
File:Robna kuca u Boriku (supermarket) Banja Luka.jpg	drop	only 0 confident region(s)	CC0	0	0	Robna_kuca_u_Boriku_supermarket_Banja_Luka.jpg	
File:Bosnia and Herzegovina WV banner.jpg	drop	only 0 confident region(s)	CC BY	0	0	Bosnia_and_Herzegovina_WV_banner.jpg	
File:Street with bullet holes in Sarajevo 02.jpg	drop	no region with 3+ letters	CC BY-SA	2	0	Street_with_bullet_holes_in_Sarajevo_02.jpg	5 | O
File:Trg-kralja-tomislav-livno00686.JPG	drop	only 1 confident region(s)	CC BY-SA	1	0	Trg-kralja-tomislav-livno00686.JPG	vacko
File:Gospodska ulica 18.JPG	drop	only 1 confident region(s)	CC BY-SA	1	0	Gospodska_ulica_18.JPG	peciva
File:Mis Irbina Street in Sarajevo 04.jpg	drop	only 0 confident region(s)	CC BY-SA	0	0	Mis_Irbina_Street_in_Sarajevo_04.jpg	
File:Natpis na zgradi opštine, Bijeljina.jpg	drop	only 1 confident region(s)	CC BY-SA	1	0	Natpis_na_zgradi_opštine_Bijeljina.jpg	ABESZCT2008
File:Mostar shops.JPG	drop	only 0 confident region(s)	CC BY-SA	0	0	Mostar_shops.JPG	
File:Brčko banner.jpg	drop	only 0 confident region(s)	CC BY-SA	0	0	Brčko_banner.jpg	
File:Information board in Jajce.jpg	keep		CC BY-SA	26	7	Information_board_in_Jajce.jpg	OMER-BEGOVAKUĆA | OMER-BEYHOUSE | HAEIZADIĆAČESMA | HAFIZADIĆFOUNTAIN | Historicmonument | prdignut | 1452. | TheOmer-hey | godine | kupila | begove | Enterijergka | Česmnu | Seid | Vilića | Vilii | which | navionalnih | the | Omerbegova | kuću | Crapa | the | MM | researeh | monument
File:Sarajevo bus station.jpg	drop	only 1 confident region(s)	CC BY	1	1	Sarajevo_bus_station.jpg	DŽ
File:Putokaz21.jpg	keep		CC BY-SA	5	3	Putokaz21.jpg	Capajebo | KotorVaroš | Sarajevo | Čelinac | Građiska
File:Old shops on Baščaršija - panoramio.jpg	drop	only 0 confident region(s)	CC BY	0	0	Old_shops_on_Baščaršija_-_panoramio.jpg	
File:Gavrilo princip memorial plaque 2009 edit1.jpg	keep		CC BY	9	0	Gavrilo_princip_memorial_plaque_2009_edit1.jpg	SAOVOGMJESTA28.JUNA1914.GODINE | NA | AUSTROUGARSKOGPRESTOLONASLJEDNIK.A | FRANCAFERDINANDAINJEGOVUSUPRUGU | SOFIJU | ON28 | JUNE1914 | GAVRILOPRINCIPASSASSINATEDTHEHEIR | TOTHEAUSTRO-HUNGARIANTHRONE
File:Trg-kralja-tomislav-livno00661.JPG	drop	only 0 confident region(s)	CC BY-SA	0	0	Trg-kralja-tomislav-livno00661.JPG	
File:Sarajevo road M-a8 IMG 1166.JPG	keep		CC BY-SA	6	1	Sarajevo_road_M-a8_IMG_1166.JPG	Zenica | Tuzla | 100m | Trnovo | Foča | Mostar
File:Gospodska ulica 08.JPG	drop	only 0 confident region(s)	CC BY-SA	0	0	Gospodska_ulica_08.JPG	
File:Leipzig Square Travnik.jpg	drop	only 0 confident region(s)	CC BY-SA	0	0	Leipzig_Square_Travnik.jpg	
File:Natpis u Banjaluci.jpg	drop	only 1 confident region(s)	CC BY-SA	1	0	Natpis_u_Banjaluci.jpg	FPAA
File:Gospodska ulica 13.JPG	drop	only 1 confident region(s)	CC BY-SA	1	0	Gospodska_ulica_13.JPG	CITADELA
File:Spomenik zrtvama veleizdajnickog procesa.JPG	drop	only 0 confident region(s)	CC BY-SA	0	0	Spomenik_zrtvama_veleizdajnickog_procesa.JPG	
File:Street in Međugorje.jpg	drop	only 0 confident region(s)	CC BY	0	0	Street_in_Međugorje.jpg	
File:Kuca Jankovic Kokanovic Gunduliceva 24 24a Banja Luka.jpg	drop	only 0 confident region(s)	CC0	0	0	Kuca_Jankovic_Kokanovic_Gunduliceva_24_24a_Banja_Luka.jpg	
File:Jewish Street, Tuzla, Bosnia.jpg	drop	only 0 confident region(s)	CC BY-SA	0	0	Jewish_Street_Tuzla_Bosnia.jpg	
File:Ulica Sime Šolaje, Mrkonjić Grad.JPG	drop	only 0 confident region(s)	CC BY-SA	0	0	Ulica_Sime_Šolaje_Mrkonjić_Grad.JPG	
File:Gospodska ulica 05.JPG	drop	only 0 confident region(s)	CC BY-SA	0	0	Gospodska_ulica_05.JPG	
File:Gospodska ulica 15.JPG	drop	only 0 confident region(s)	CC BY-SA	0	0	Gospodska_ulica_15.JPG	
File:Hotel Prijedor 2.jpg	drop	only 0 confident region(s)	CC BY-SA	0	0	Hotel_Prijedor_2.jpg	
File:Objekat na uglu vojvode Putnika i Vase Pelagica nkd 078.JPG	drop	only 0 confident region(s)	CC BY-SA	0	0	Objekat_na_uglu_vojvode_Putnika_i_Vase_Pelagica_nkd_078.JPG	
File:Narrow-Gauge-Railway Bosnabahn Station-Zenica.jpg	drop	only 0 confident region(s)	PD	0	0	Narrow-Gauge-Railway_Bosnabahn_Station-Zenica.jpg	
File:Sarajevo-banner1.jpg	drop	only 0 confident region(s)	CC BY-SA	0	0	Sarajevo-banner1.jpg	
File:Trg-kralja-tomislav-livno00659.JPG	drop	only 0 confident region(s)	CC BY-SA	0	0	Trg-kralja-tomislav-livno00659.JPG	
File:Spomen ploča, samostan, Guča Gora4 101536.jpg	drop	only 1 confident region(s)	CC BY-SA	1	0	Spomen_ploča_samostan_Guča_Gora4_101536.jpg	L
File:Srebrenica banner - Potočari Memorial Center.jpg	drop	only 0 confident region(s)	PD	0	0	Srebrenica_banner_-_Potočari_Memorial_Center.jpg	
File:Trg-žrtava-ŠB03101.JPG	drop	only 1 confident region(s)	CC BY-SA	1	0	Trg-žrtava-ŠB03101.JPG	Svi
File:Visoko, Alija Izetebegović street.jpg	drop	only 0 confident region(s)	CC BY-SA	0	0	Visoko_Alija_Izetebegović_street.jpg	
File:Putokaz.jpg	keep		CC BY-SA	5	1	Putokaz.jpg	Centar | Capajebo | Sarajevo | Gradiška | Lehtap
File:Ulica rzemieślników wyrabiających miedziane naczynia - Sarajewo - 003401n.jpg	drop	flat colour (256 shades): a drawing, not a photograph	CC BY-SA	0	0	Ulica_rzemieślników_wyrabiających_miedziane_naczynia_-_Sarajewo_-_003401n.jpg	
File:Parkic Banja Luka Ulica bana Milosavljevica.jpg	drop	only 0 confident region(s)	CC0	0	0	Parkic_Banja_Luka_Ulica_bana_Milosavljevica.jpg	
File:Cafe Luft Mostar-1900.jpg	drop	only 0 confident region(s)	PD	0	0	Cafe_Luft_Mostar-1900.jpg	
File:Road bridge - panoramio (1445).jpg	drop	only 0 confident region(s)	CC BY	0	0	Road_bridge_-_panoramio_1445_.jpg	
File:Sarajevo – Bistrik station 2018 1.jpg	keep		CC BY-SA	5	1	Sarajevo_Bistrik_station_2018_1.jpg	ZGRADAZELJEZNIČKE | BISTRIKRAILWAY | STANICEBISTRIK | MCTPMK | STATION
File:Bascarsija souvenirs.jpg	drop	only 0 confident region(s)	CC BY	0	0	Bascarsija_souvenirs.jpg	
File:Znak 322.jpg	drop	only 0 confident region(s)	CC BY-SA	0	0	Znak_322.jpg	
File:Souvenirs in Baščaršija.JPG	drop	only 0 confident region(s)	CC BY-SA	0	0	Souvenirs_in_Baščaršija.JPG	
File:Tabla Karanovac.jpg	drop	only 0 confident region(s)	CC BY-SA	0	0	Tabla_Karanovac.jpg	
File:Trg-kralja-tomislav-livno00665.JPG	drop	only 0 confident region(s)	CC BY-SA	0	0	Trg-kralja-tomislav-livno00665.JPG	
File:Putokaz za Kastel.jpg	keep		CC BY-SA	2	0	Putokaz_za_Kastel.jpg	FortressKastel | DIG
File:Streets in Mostar 003.jpg	drop	only 0 confident region(s)	CC BY-SA	0	0	Streets_in_Mostar_003.jpg	
File:Spanish square 08033.JPG	drop	only 0 confident region(s)	CC BY-SA	0	0	Spanish_square_08033.JPG	
File:EKTRGK.jpg	drop	only 0 confident region(s)	CC BY-SA	0	0	EKTRGK.jpg	
File:Tuzla - Ulica Turalibegova - n18 (2019).jpg	keep		CC BY-SA	2	0	Tuzla_-_Ulica_Turalibegova_-_n18_2019_.jpg	18 | Turalibegova
File:Ulica S. Radića-Vitez09342.JPG	drop	only 1 confident region(s)	CC BY-SA	1	0	Ulica_S._Radića-Vitez09342.JPG	40
File:Entrance to Bosnia and Herzegovina at Brod.jpg	keep		CC BY-SA	3	2	Entrance_to_Bosnia_and_Herzegovina_at_Brod.jpg	HERCEGOVINU | BROĐ | BROĐ
File:Tuzla - Ulica Trgovačka (2019).jpg	keep		CC BY-SA	2	0	Tuzla_-_Ulica_Trgovačka_2019_.jpg	ABNC | Doner
File:Trg-žrtava01872.JPG	drop	only 0 confident region(s)	CC BY-SA	0	0	Trg-žrtava01872.JPG	
File:Eyof 2019 sign.jpg	keep		CC BY-SA	10	1	Eyof_2019_sign.jpg	Jahorina | EYOF2019 | Jaxopnha | Dvorišta | 2019 | 0I.dvoranaJA.Samaranch | EYOE2019 | Skenderija | EYOF2019 | centrotrans
File:A plaque dedicated to British and Serbian cooperation, Banja Luka.jpg	keep		CC BY-SA	13	0	A_plaque_dedicated_to_British_and_Serbian_cooperation_Banja_Luka.jpg	IN | 2007 | HA | COMMEMORATION | MIITARY | BOSNIA | PERSONNEL | SERVED | HERZEGOVINA | 1992 | BOJCKE | 1992 | 2007
File:Sarajevo EP-Gas-Station Bulevar-Mese-Selimovica 2011-11-04 (2).jpg	drop	no region with 3+ letters	CC BY-SA	2	0	Sarajevo_EP-Gas-Station_Bulevar-Mese-Selimovica_2011-11-04_2_.jpg	EP | EP
File:Slovenian Consulate General in Banja Luka, plaque.jpg	drop	only 0 confident region(s)	CC BY-SA	0	0	Slovenian_Consulate_General_in_Banja_Luka_plaque.jpg	
File:Gospodska ulica 20.JPG	drop	only 1 confident region(s)	CC BY-SA	1	0	Gospodska_ulica_20.JPG	ALDO
File:Plaque en émail.jpg	drop	only 1 confident region(s)	CC BY-SA	1	1	Plaque_en_émail.jpg	paŽnia
File:WV banner Visegrad panorama.jpg	drop	only 0 confident region(s)	CC0	0	0	WV_banner_Visegrad_panorama.jpg	
File:Tenues traditionnelles bosniaques vendues dans le quartier de Baščaršija.jpg	drop	only 1 confident region(s)	CC BY-SA	1	0	Tenues_traditionnelles_bosniaques_vendues_dans_le_quartier_de_Baščaršija.jpg	MADE
File:Gospodska ulica 26.JPG	drop	only 0 confident region(s)	CC BY-SA	0	0	Gospodska_ulica_26.JPG	
File:Razglednica puta Banjaluka-Jajce.png	drop	only 0 confident region(s)	PD	0	0	Razglednica_puta_Banjaluka-Jajce.png	
File:Spanish square 08037.JPG	drop	only 0 confident region(s)	CC BY-SA	0	0	Spanish_square_08037.JPG	
File:Gospodskaa ulica.jpg	drop	only 1 confident region(s)	CC BY	1	0	Gospodskaa_ulica.jpg	2
File:Trg-kralja-tomislav-livno00687.JPG	drop	only 1 confident region(s)	CC BY-SA	1	0	Trg-kralja-tomislav-livno00687.JPG	Re
File:Mostar Street 6.jpg	drop	only 0 confident region(s)	CC BY-SA	0	0	Mostar_Street_6.jpg	
File:War Memorial in Kučine, BiH, 2024.jpg	keep		CC0	6	5	War_Memorial_in_Kučine_BiH_2024.jpg	Zuboviči | Pesteci | Ljukovćo | Gunjevići | Kućino | Muhovaća
File:Ilidža - kružni tok saobraćaja.jpg	drop	only 0 confident region(s)	CC BY-SA	0	0	Ilidža_-_kružni_tok_saobraćaja.jpg	
File:Šesta krajiška brigada na putu za Bosansku krajinu prolazi kroz Travnik, 17. IV. 1945.jpg	drop	flat colour (236 shades): a drawing, not a photograph	CC0	0	0	Šesta_krajiška_brigada_na_putu_za_Bosansku_krajinu_prolazi_kroz_Travnik_17._IV._1945.jpg	
File:Bosnia and Herzegovina Railroad Crossbuck.png	drop	flat colour (1106 shades): a drawing, not a photograph	CC BY-SA	0	0	Bosnia_and_Herzegovina_Railroad_Crossbuck.png	
File:Editing Wikipedia Workshop in Visegrad - 78.JPG	keep		CC BY-SA	9	4	Editing_Wikipedia_Workshop_in_Visegrad_-_78.JPG	GODINAZAISKRILAPLEMENITA | MISAO | IZNJEJEPONIKAORaSADNIKPISMENOSTI | 1 | MISAO | SVAKOLIKOJINEIZBJEŽNOJ | BIO JEIIVO | ANDRIĆ | SSRNOPŠTINEVIŠEGRAD
File:Gospodska ulica 01.JPG	drop	only 0 confident region(s)	CC BY-SA	0	0	Gospodska_ulica_01.JPG	
File:NKD 013 gospodska ulica banja luka (2).jpg	drop	only 0 confident region(s)	CC BY-SA	0	0	NKD_013_gospodska_ulica_banja_luka_2_.jpg	
File:Welcomesign in Brod Republika Srpska.jpg	keep		PD	2	0	Welcomesign_in_Brod_Republika_Srpska.jpg	WELCOME | TOREPUBLICOF SRPSKA
File:Tuzla - Ulica Turalibegova (2019).jpg	drop	only 1 confident region(s)	CC BY-SA	1	0	Tuzla_-_Ulica_Turalibegova_2019_.jpg	det
File:Putokaz2.jpg	drop	only 0 confident region(s)	CC BY-SA	0	0	Putokaz2.jpg	
File:Travnik banner.jpg	drop	only 0 confident region(s)	CC BY-SA	0	0	Travnik_banner.jpg	
File:Ploča, Most FT, Čapljina 2056.jpg	keep		CC BY-SA	4	1	Ploča_Most_FT_Čapljina_2056.jpg	DR | FRANIE | TUDMANA | ČAPLIINAL
File:Artisan at Work through Shop Window - Sarajevo - Bosnia and Herzegovina.jpg	drop	only 0 confident region(s)	CC BY-SA	0	0	Artisan_at_Work_through_Shop_Window_-_Sarajevo_-_Bosnia_and_Herzegovina.jpg	
File:Mostar street.jpg	drop	only 0 confident region(s)	CC BY-SA	0	0	Mostar_street-2.jpg	
File:Mis Irbina Street in Sarajevo 01.jpg	keep		CC BY-SA	5	0	Mis_Irbina_Street_in_Sarajevo_01.jpg	ULICA | MIS | IRBINA | [200 | 1/12
File:Earthquake memorial (broken clock) and Dragicevic heart, Trg Kraijna, Banja Luka.jpg	keep		CC BY-SA	3	0	Earthquake_memorial_broken_clock_and_Dragicevic_heart_Trg_Kraijna_Banja_Luka.jpg	OFFICE | 1969 | 27X
File:Minefield sign (3886691367).jpg	keep		CC BY	2	0	Minefield_sign_3886691367_.jpg	JEovog | unicef
File:Trg-kralja-tomislav-livno00657.JPG	drop	only 0 confident region(s)	CC BY-SA	0	0	Trg-kralja-tomislav-livno00657.JPG	
File:Street in Bihać.jpg	keep		CC BY-SA	2	0	Street_in_Bihać.jpg	UnicreditBank | europaprer-
File:Mostar-touriststreet-2001.jpg	drop	only 0 confident region(s)	CC BY-SA	0	0	Mostar-touriststreet-2001.jpg	
File:Sarajevo Trolleybus-4413 2011-11-05.jpg	drop	only 0 confident region(s)	CC BY-SA	0	0	Sarajevo_Trolleybus-4413_2011-11-05.jpg	
File:Streets in Jajce 001.jpg	drop	only 0 confident region(s)	CC BY	0	0	Streets_in_Jajce_001.jpg	
File:Tuzla - Train station 13 (2019).jpg	keep		CC BY-SA	12	0	Tuzla_-_Train_station_13_2019_.jpg	IZ | voz | TUZLA | vozovA | U | TUZLU | 6505 | 2109 | 6607 | TUZLA | vozovA | TUZLE
File:Red Cross center in Tuzla - Plaques (2019).jpg	keep		CC BY-SA	10	9	Red_Cross_center_in_Tuzla_-_Plaques_2019_.jpg	DRUŠTVOCRVENOGKRIŽA/KRSTABIH | CRVENIKRIŽFEDERACIJEBIH | CRVENIKRIŽTK | CRVENIKRIŽIKRSTGRADATUZLA | CENTARZANjEGu | POMOĆuKUĆI | ŠvicarskiCrvenikriž | SchweizerischesRotesKreuz | SwissRedCross | GRADA
File:Ljudi uz spomenik sv. Franje. Guča Gora 101119.jpg	drop	only 0 confident region(s)	CC BY-SA	0	0	Ljudi_uz_spomenik_sv._Franje._Guča_Gora_101119.jpg	
File:Gospodska ulica 33.JPG	drop	only 0 confident region(s)	CC BY-SA	0	0	Gospodska_ulica_33.JPG	
File:Gospodska ulica 10.JPG	drop	only 1 confident region(s)	CC BY-SA	1	0	Gospodska_ulica_10.JPG	g
File:Mostar Street 3.jpg	drop	only 0 confident region(s)	CC BY-SA	0	0	Mostar_Street_3.jpg	
File:Ulica u Novom Naselju, Mrkonjić Grad (2).JPG	drop	only 0 confident region(s)	CC BY-SA	0	0	Ulica_u_Novom_Naselju_Mrkonjić_Grad_2_.JPG	
File:Shopping centre in Konjic town.jpg	keep		CC0	4	0	Shopping_centre_in_Konjic_town.jpg	3 | 3 | caffebarBAR | centa
File:EntrancetoTravnik.JPG	drop	only 0 confident region(s)	CC BY-SA	0	0	EntrancetoTravnik.JPG	
File:Zenica - square.jpg	drop	only 0 confident region(s)	CC BY-SA	0	0	Zenica_-_square.jpg	
File:Trg-kralja-tomislav-livno00658.JPG	drop	only 1 confident region(s)	CC BY-SA	1	0	Trg-kralja-tomislav-livno00658.JPG	Daaria
File:WV banner NE Bosnia Tuzla old town.jpg	drop	only 0 confident region(s)	CC0	0	0	WV_banner_NE_Bosnia_Tuzla_old_town.jpg	
File:Ulica Stjepana Radića-Vitez09339.JPG	drop	only 1 confident region(s)	CC BY-SA	1	0	Ulica_Stjepana_Radića-Vitez09339.JPG	STJEPANA
File:Kraljeva Sutjeska̞ banner.jpg	drop	only 0 confident region(s)	CC BY-SA	0	0	Kraljeva_Sutjeska_banner.jpg	
File:Gospodska ulica 28.JPG	drop	only 0 confident region(s)	CC BY-SA	0	0	Gospodska_ulica_28.JPG	
File:Mostar Street 5.jpg	drop	only 0 confident region(s)	CC BY-SA	0	0	Mostar_Street_5.jpg	
File:Tuzla - Abandoned boat in a street (2019).jpg	drop	only 0 confident region(s)	CC BY-SA	0	0	Tuzla_-_Abandoned_boat_in_a_street_2019_.jpg	
File:Main Square, Prijedor.jpg	drop	only 0 confident region(s)	CC0	0	0	Main_Square_Prijedor.jpg	
File:Novi trg Bihac (cropped).jpg	drop	only 0 confident region(s)	CC BY	0	0	Novi_trg_Bihac_cropped_.jpg	
File:Gospodska ulica 19.JPG	drop	only 0 confident region(s)	CC BY-SA	0	0	Gospodska_ulica_19.JPG	
File:WV banner Central Bosnia Gornja Vrućica village.jpg	drop	only 0 confident region(s)	CC0	0	0	WV_banner_Central_Bosnia_Gornja_Vrućica_village.jpg	
File:Sarajevo west IMG 1171 hwy M-19 Braca Mujic gas station.JPG	keep		CC BY-SA	3	0	Sarajevo_west_IMG_1171_hwy_M-19_Braca_Mujic_gas_station.JPG	BM | BM | BRAGA
File:Trg hrvatskih vitezova01795.JPG	keep		CC BY-SA	5	1	Trg_hrvatskih_vitezova01795.JPG	Bugojno | Sarajevo | Sipovo | MrkonjićGrad | BanjaLuka
File:Cyrillic scratched out on a road sign in Bosnia.jpg	keep		CC BY-SA	4	0	Cyrillic_scratched_out_on_a_road_sign_in_Bosnia.jpg	Dubrovnik | Opuzen | Neum | Svitava
File:Gospodska ulica 30.JPG	drop	only 0 confident region(s)	CC BY-SA	0	0	Gospodska_ulica_30.JPG	
File:Ravnogorska ulica Banja Luka.jpg	drop	only 0 confident region(s)	CC0	0	0	Ravnogorska_ulica_Banja_Luka.jpg	
File:Spomenik poginulim policajcima Banja Luka.jpg	drop	only 0 confident region(s)	CC BY-SA	0	0	Spomenik_poginulim_policajcima_Banja_Luka.jpg	
File:Tuzla - Trg slobode.JPG	drop	only 0 confident region(s)	CC BY-SA	0	0	Tuzla_-_Trg_slobode.JPG	
File:Ulica Stjepana Radića-Vitez09338.JPG	drop	only 0 confident region(s)	CC BY-SA	0	0	Ulica_Stjepana_Radića-Vitez09338.JPG	
File:Golubić ulica.jpg	drop	only 0 confident region(s)	CC BY-SA	0	0	Golubić_ulica.jpg	
File:Spanish square 08036.JPG	drop	only 1 confident region(s)	CC BY-SA	1	0	Spanish_square_08036.JPG	PROJEKTREHABILITACIJE
File:Street in Mostar 02.jpg	drop	only 0 confident region(s)	CC BY-SA	0	0	Street_in_Mostar_02.jpg	
File:NKD 013 gospodska ulica banja luka (3).jpg	drop	only 0 confident region(s)	CC BY-SA	0	0	NKD_013_gospodska_ulica_banja_luka_3_.jpg	
File:Baščaršija (6086230081).jpg	drop	only 0 confident region(s)	CC BY	0	0	Baščaršija_6086230081_.jpg	
File:Streets in Mostar 001.jpg	keep		CC BY-SA	2	0	Streets_in_Mostar_001.jpg	MAJICE | T-SHIRTS
File:Hamam Museum, Mostar (29771886881).jpg	drop	only 0 confident region(s)	CC BY	0	0	Hamam_Museum_Mostar_29771886881_.jpg	
File:Radićeva Street, Sarajevo, 2023.01.29.jpg	drop	only 0 confident region(s)	CC BY-SA	0	0	Radićeva_Street_Sarajevo_2023.01.29.jpg	
File:Spomen-ploča, samostan, Guča Gora 101312.jpg	drop	only 0 confident region(s)	CC BY-SA	0	0	Spomen-ploča_samostan_Guča_Gora_101312.jpg	
File:Tuzla - Ulica Bosne Srebrene 1 (2019).jpg	keep		CC BY-SA	5	1	Tuzla_-_Ulica_Bosne_Srebrene_1_2019_.jpg	Sarajevo | Tranzit | Centar | Orašje | Doboj
File:Ulica kralja petra 2 karadjordjevica mladena stojanovica.JPG	drop	only 0 confident region(s)	CC BY-SA	0	0	Ulica_kralja_petra_2_karadjordjevica_mladena_stojanovica.JPG	
File:Ulica hrv. branitelja,Grude01332.JPG	drop	only 1 confident region(s)	CC BY-SA	1	0	Ulica_hrv._branitelja_Grude01332.JPG	40
File:Gospodska ulica 27.JPG	drop	only 0 confident region(s)	CC BY-SA	0	0	Gospodska_ulica_27.JPG	
"File:Konzum ""Croation word for Supermarket"" (3802582748).jpg"	keep		CC BY-SA	4	2	Konzum_Croation_word_for_Supermarket_3802582748_.jpg	KONZUM | KONZUM | MALIŠIĆ | CENTAR
File:GiPS Bus Lion's City 03.jpg	drop	only 0 confident region(s)	CC BY	0	0	GiPS_Bus_Lion_s_City_03.jpg	
File:Raskrsnica zapadni tranzit laz 2.jpg	drop	only 0 confident region(s)	PD	0	0	Raskrsnica_zapadni_tranzit_laz_2.jpg	
File:Tuzla - Ulica Tabašnice sign (2019).jpg	keep		CC BY-SA	2	1	Tuzla_-_Ulica_Tabašnice_sign_2019_.jpg	u-]ica | TABAŠNICE
File:Štrpci Main Road.jpg	drop	only 0 confident region(s)	CC BY-SA	0	0	Štrpci_Main_Road.jpg	
File:Grcka ulica 16 nkd 071.JPG	drop	only 0 confident region(s)	CC BY-SA	0	0	Grcka_ulica_16_nkd_071.JPG	
File:Spanish square 08031.JPG	drop	only 0 confident region(s)	CC BY-SA	0	0	Spanish_square_08031.JPG	
File:Tabla222.jpg	keep		CC BY-SA	19	1	Tabla222.jpg	of | PC | HolTrinitChurch | bl-bioskopba | Bocha | Bosna | Hotel | art | Myzej | Mođern | Museum | bopnma | WWII | Memorial | Soldier | ofRS | Theatre | National | Church
File:Sarajevo Bascarsija 2011-10-28 (13).jpg	drop	only 0 confident region(s)	CC BY-SA	0	0	Sarajevo_Bascarsija_2011-10-28_13_.jpg	
File:Bosnia Huskovici Sign Trajkovski Memorial.JPG	keep		CC BY-SA	9	2	Bosnia_Huskovici_Sign_Trajkovski_Memorial.JPG	MatićaBrdo | 2km | OBILJEŽJE | SPOMEN | DELEGACIJE | VIONA | MAKEDONIJE | PADA | REPUBLIKE
File:Spanish square 08030.JPG	drop	only 0 confident region(s)	CC BY-SA	0	0	Spanish_square_08030.JPG	
File:Nestro Petrol station Kaonik.jpg	drop	only 0 confident region(s)	CC BY-SA	0	0	Nestro_Petrol_station_Kaonik.jpg	
File:Ulica S. Radića-Vitez09343.JPG	keep		CC BY-SA	2	0	Ulica_S._Radića-Vitez09343.JPG	SA | KERA
File:Putokaz ka Banj brdu.jpg	drop	only 1 confident region(s)	CC BY-SA	1	0	Putokaz_ka_Banj_brdu.jpg	Banjbrdo
File:Bosnian Handicrafts at Bascarsija.jpg	drop	only 0 confident region(s)	CC BY-SA	0	0	Bosnian_Handicrafts_at_Bascarsija.jpg	
File:Salines Soli Trg Tuzla 10-0 CML.jpg	drop	only 0 confident region(s)	CC BY-SA	0	0	Salines_Soli_Trg_Tuzla_10-0_CML.jpg	
File:BanjalukaPartneriTabla.JPG	keep		CC BY-SA	9	0	BanjalukaPartneriTabla.JPG	CITYOF | BANJALUKA | PATRAS | MOCKBA | MOSCOW | BEOTPAA | BELGRADE | KAISERSLAUTERN | LVIV
File:Gospodska ulica 03.JPG	drop	only 1 confident region(s)	CC BY-SA	1	1	Gospodska_ulica_03.JPG	ašic
File:Sarajevo Gas-Station EP 2011-11-06 (2).jpg	drop	no region with 3+ letters	CC BY-SA	3	0	Sarajevo_Gas-Station_EP_2011-11-06_2_.jpg	EP | EP | 3
File:Putakaz BL.jpg	keep		CC BY-SA	3	1	Putakaz_BL.jpg	Capajebo | Sarajevo | MrkonjićGrad
File:Trg-žrtava-ŠB03100.JPG	drop	only 0 confident region(s)	CC BY-SA	0	0	Trg-žrtava-ŠB03100.JPG	
File:Una National Park banner.jpg	drop	only 0 confident region(s)	CC BY-SA	0	0	Una_National_Park_banner.jpg	
File:Sarajevo Tram-511 Line-3 2011-10-27.jpg	drop	only 0 confident region(s)	CC BY-SA	0	0	Sarajevo_Tram-511_Line-3_2011-10-27.jpg	
File:Road sign before a roundabout in Dubrave Gornje, Živinice, BIH (2019).jpg	keep		CC BY-SA	5	1	Road_sign_before_a_roundabout_in_Dubrave_Gornje_Živinice_BIH_2019_.jpg	Tuzla | Živinice | AerodromTuzla | AeponpomTy3a | 150m
File:Mate-Boban-street01276.JPG	keep		PD	5	0	Mate-Boban-street01276.JPG	ULICA | MAtE | BOBAnA | 2 | UB
File:Mostar, Street in the Old Town (45296246321).jpg	drop	only 0 confident region(s)	CC BY	0	0	Mostar_Street_in_the_Old_Town_45296246321_.jpg	
File:Sarajevo Siege Running Across Street.jpg	drop	only 0 confident region(s)	CC BY	0	0	Sarajevo_Siege_Running_Across_Street.jpg	
File:Zenica cityscape pagebanner.jpg	drop	only 0 confident region(s)	CC BY-SA	0	0	Zenica_cityscape_pagebanner.jpg	
File:Sarajevo Tram-231 Line-5 2011-10-20.jpg	keep		CC BY-SA	2	0	Sarajevo_Tram-231_Line-5_2011-10-20.jpg	SIGURAMUT | DOODREDISTA
File:Visoko trg.jpg	drop	only 0 confident region(s)	CC0	0	0	Visoko_trg.jpg	
File:Hotel Neretva. Fortepan 76339.jpg	drop	only 0 confident region(s)	PD	0	0	Hotel_Neretva._Fortepan_76339.jpg	
File:Sarajevo, Baščaršija, stánek.jpg	drop	only 0 confident region(s)	CC BY	0	0	Sarajevo_Baščaršija_stánek.jpg	
File:Travnik graffiti.JPG	drop	only 1 confident region(s)	CC BY-SA	1	0	Travnik_graffiti.JPG	FOPGET
File:Gospodska ulica 11.JPG	drop	only 0 confident region(s)	CC BY-SA	0	0	Gospodska_ulica_11.JPG	
File:Spanish square 08028.JPG	drop	only 1 confident region(s)	CC BY-SA	1	0	Spanish_square_08028.JPG	ZIJEMOSTAR
File:Natpis na Domu kulture u Derventi.jpg	drop	only 1 confident region(s)	CC BY-SA	1	0	Natpis_na_Domu_kulture_u_Derventi.jpg	T
File:Road signs, Sarajevo.jpg	drop	only 0 confident region(s)	CC BY-SA	0	0	Road_signs_Sarajevo.jpg	
File:Banja Luka Wikivoyage banner2.jpg	drop	only 0 confident region(s)	CC BY-SA	0	0	Banja_Luka_Wikivoyage_banner2.jpg	
File:Museum of the Old Bridge.jpg	drop	only 1 confident region(s)	CC BY-SA	1	1	Museum_of_the_Old_Bridge.jpg	š
File:Kruzna raskrsnica Bulevar Banja Luka.jpg	drop	only 0 confident region(s)	CC0	0	0	Kruzna_raskrsnica_Bulevar_Banja_Luka.jpg	
File:Trg-žrtava-ŠB03078.JPG	drop	only 0 confident region(s)	CC BY-SA	0	0	Trg-žrtava-ŠB03078.JPG	
File:Bihac - Square - panoramio.jpg	drop	only 0 confident region(s)	CC BY	0	0	Bihac_-_Square_-_panoramio.jpg	
File:Jarosław Lindenberg - tablica.jpg	keep		CC BY-SA	5	1	Jarosław_Lindenberg_-_tablica.jpg	AMBASADOR | LINĐENBERG | REPUBLEKA | POLJSKA | 2019
File:Martin Brod Street Sign.jpg	keep		CC BY-SA	3	0	Martin_Brod_Street_Sign.jpg	KulenVakuf | Martin Brod | Drvar
File:Zenica, sjever, put M17.jpg	drop	only 0 confident region(s)	CC BY-SA	0	0	Zenica_sjever_put_M17.jpg	
File:Banja Luka Wikivoyage banner.png	drop	only 0 confident region(s)	CC BY-SA	0	0	Banja_Luka_Wikivoyage_banner.png	
File:Putokaz za manastir Krupu.jpg	keep		CC BY-SA	7	0	Putokaz_za_manastir_Krupu.jpg	XIII | 600m | Mahactup | Krupa | Monastery | Bujer | century
File:Ulica u Novom Naselju, Mrkonjić Grad.JPG	drop	only 0 confident region(s)	CC BY-SA	0	0	Ulica_u_Novom_Naselju_Mrkonjić_Grad.JPG	
File:Tuzla - Blue fire hydrant Maršala Tita street (2019).jpg	drop	only 0 confident region(s)	CC BY-SA	0	0	Tuzla_-_Blue_fire_hydrant_Maršala_Tita_street_2019_.jpg	
File:Shops in Baščaršija, September, 2017.jpg	drop	only 0 confident region(s)	CC BY-SA	0	0	Shops_in_Baščaršija_September_2017.jpg	
File:Baščaršija (6086778408).jpg	drop	only 0 confident region(s)	CC BY	0	0	Baščaršija_6086778408_.jpg	
File:Leszek Hensel - tablica.jpg	keep		CC BY-SA	4	0	Leszek_Hensel_-_tablica.jpg	AMBASADUI | LESZEKHENSEL | REPUBLIKAPOLJSKA | 2002
File:Streets in Mostar 007.jpg	drop	only 1 confident region(s)	CC BY-SA	1	0	Streets_in_Mostar_007.jpg	SCAN
File:Landmine warning sign in BiH.jpg	drop	only 0 confident region(s)	CC BY	0	0	Landmine_warning_sign_in_BiH.jpg	
File:Spomen ploča-zavjetni križ-utvrda-ŠB.jpg	keep		PD	10	5	Spomen_ploča-zavjetni_križ-utvrda-ŠB.jpg	ZAVJETNI | KRIŽ | PODIŽE | DRUŠTVO | HRVATSKIH | POLITIČKIH | ZATVORENIKA | ŠIROKI | BRIJEG | 2004
File:Empty shelves in store.jpg	drop	only 0 confident region(s)	CC BY-SA	0	0	Empty_shelves_in_store.jpg	
File:Plaque at the Battle of the Sutjeska memorial.jpg	keep		CC BY	3	0	Plaque_at_the_Battle_of_the_Sutjeska_memorial.jpg	OVDJE | BORAC | SA
File:Mis Irbina Street in Sarajevo 03.jpg	drop	only 1 confident region(s)	CC BY-SA	1	0	Mis_Irbina_Street_in_Sarajevo_03.jpg	BEERKA
File:Streets in Jajce 002.jpg	drop	only 0 confident region(s)	CC BY	0	0	Streets_in_Jajce_002.jpg	
File:Andrzej Krawczyk - tablica.jpg	keep		CC BY-SA	2	0	Andrzej_Krawczyk_-_tablica.jpg	AMBASADOR | 2016.
File:NKD 013 gospodska ulica.jpg	drop	only 0 confident region(s)	CC BY-SA	0	0	NKD_013_gospodska_ulica.jpg	
File:Ulica S. Radića-Vitez09344.JPG	drop	only 0 confident region(s)	CC BY-SA	0	0	Ulica_S._Radića-Vitez09344.JPG	
File:Wv Sarajevo Airport banner.jpg	drop	only 0 confident region(s)	CC BY-SA	0	0	Wv_Sarajevo_Airport_banner.jpg	
File:Autoput, planina, Zenica.jpg	drop	only 0 confident region(s)	CC BY-SA	0	0	Autoput_planina_Zenica.jpg	
File:Mis Irbina Street in Sarajevo 02.jpg	keep		CC BY-SA	3	0	Mis_Irbina_Street_in_Sarajevo_02.jpg	13.06 | 14.06 | PETAK
File:Narrow-Gauge-Railway Spalatobahn Station-Travnik.jpg	keep		PD	3	0	Narrow-Gauge-Railway_Spalatobahn_Station-Travnik.jpg	EisenbahnlinieSarajevo-Jajce | PozdravizTravnika | GrussausTravnik
File:Entrance in Bosnia and Herzegovina from Croatia.jpg	keep		CC BY-SA	3	0	Entrance_in_Bosnia_and_Herzegovina_from_Croatia.jpg	NEUM | HEYM | NEUM
File:Gospodska ulica 12.JPG	drop	only 0 confident region(s)	CC BY-SA	0	0	Gospodska_ulica_12.JPG	
File:Tuzla - Ulica Jalska (2019).jpg	drop	only 0 confident region(s)	CC BY-SA	0	0	Tuzla_-_Ulica_Jalska_2019_.jpg	
File:Ulica-Stjepana Radića-ŠB03108.JPG	drop	only 1 confident region(s)	CC BY-SA	1	0	Ulica-Stjepana_Radića-ŠB03108.JPG	Zovko
File:Despot supermarket in Rogatica, Bosnia and Herzegovina.jpg	drop	only 0 confident region(s)	CC0	0	0	Despot_supermarket_in_Rogatica_Bosnia_and_Herzegovina.jpg	
File:Spanish square 08029.JPG	drop	only 1 confident region(s)	CC BY-SA	1	0	Spanish_square_08029.JPG	1
File:Andrzej Tyszkiewicz - tablica.jpg	keep		CC BY-SA	2	0	Andrzej_Tyszkiewicz_-_tablica.jpg	MEASADOP | LNDAZEJ
File:Gospodska ulica 06.JPG	drop	only 0 confident region(s)	CC BY-SA	0	0	Gospodska_ulica_06.JPG	
File:WV banner Posavina Brcko by night.jpg	drop	only 0 confident region(s)	CC0	0	0	WV_banner_Posavina_Brcko_by_night.jpg	
File:Clothes in shop, Sarajevo.jpg	drop	only 0 confident region(s)	CC0	0	0	Clothes_in_shop_Sarajevo.jpg	
File:Druga krajiška brigada spomenik.jpg	drop	only 0 confident region(s)	CC BY-SA	0	0	Druga_krajiška_brigada_spomenik.jpg	
File:Streets in Mostar 002.jpg	drop	only 0 confident region(s)	CC BY-SA	0	0	Streets_in_Mostar_002.jpg	
File:Road to Baljevac - panoramio.jpg	keep		CC BY	2	0	Road_to_Baljevac_-_panoramio.jpg	Baljevac | M.Baljevac
File:Spanish square 08034.JPG	drop	only 1 confident region(s)	CC BY-SA	1	0	Spanish_square_08034.JPG	90
File:Sarajevo '84 - Cafe in Piran Scene - Piran - Adriatic Coast - Slovenia (54567195518).jpg	keep		CC BY	2	0	Sarajevo_84_-_Cafe_in_Piran_Scene_-_Piran_-_Adriatic_Coast_-_Slovenia_54567195518_.jpg	ca | Kot
File:Shopping mall Tuzlanka.jpg	drop	only 0 confident region(s)	CC BY-SA	0	0	Shopping_mall_Tuzlanka.jpg	
File:Assasination Plaque.JPG	keep		CC0	3	1	Assasination_Plaque.JPG	ANČAFERDINANDA[NJEGOVUSUPRU | ON28 | 08201810:46
File:Market street in Mostar old town (8) (29226494924).jpg	drop	only 0 confident region(s)	CC BY	0	0	Market_street_in_Mostar_old_town_8_29226494924_.jpg	
File:Sarajevo Jugoslavija Poster.jpg	keep		PD	7	0	Sarajevo_Jugoslavija_Poster.jpg	JUGOSLAVIEN | UND | T | n | 1 | 1 | BEOGRAD
File:Trebinje banner 2.jpg	drop	only 0 confident region(s)	CC BY-SA	0	0	Trebinje_banner_2.jpg	
File:Tuzla - Ulica Kulina Bana (2019).jpg	drop	only 0 confident region(s)	CC BY-SA	0	0	Tuzla_-_Ulica_Kulina_Bana_2019_.jpg	
File:Spomen-ploča u Fojnici.jpg	keep		CC BY-SA	3	1	Spomen-ploča_u_Fojnici.jpg	9SEPTEMBRA 1942GODINEJEDINICEVPROLETERSKEGRNOGORSKE | IDRŽAOGOVOR | 1DOMAGIH
File:Lightpole bascarsija.jpg	drop	only 0 confident region(s)	CC BY-SA	0	0	Lightpole_bascarsija.jpg	
File:Tabla Banja Luka.jpg	drop	only 1 confident region(s)	CC BY-SA	1	0	Tabla_Banja_Luka.jpg	BanjaLuka
File:Trg-kralja-tomislav-livno00662.JPG	drop	no region with 3+ letters	CC BY-SA	2	0	Trg-kralja-tomislav-livno00662.JPG	925 | 1925
File:Putokaz prema tvrdjavi Greben.jpg	keep		CC BY-SA	2	0	Putokaz_prema_tvrdjavi_Greben.jpg	RuinaGreben | RuinGreben
File:Gospodska ulica 14.JPG	drop	only 0 confident region(s)	CC BY-SA	0	0	Gospodska_ulica_14.JPG	
File:Tuzla - Ulica Bosne Srebrene 2 (2019).jpg	drop	only 0 confident region(s)	CC BY-SA	0	0	Tuzla_-_Ulica_Bosne_Srebrene_2_2019_.jpg	
File:Restaurant Sadrvan 橋守人餐廳 - panoramio.jpg	drop	only 0 confident region(s)	CC BY	0	0	Restaurant_Sadrvan_橋守人餐廳_-_panoramio.jpg	
File:Energopetrol station Zenica.jpg	drop	only 1 confident region(s)	CC BY-SA	1	0	Energopetrol_station_Zenica.jpg	P
File:Trg-žrtava-ŠB03077.JPG	drop	only 0 confident region(s)	CC BY-SA	0	0	Trg-žrtava-ŠB03077.JPG	
File:Visegrad mine warning sign.JPG	drop	only 0 confident region(s)	CC BY-SA	0	0	Visegrad_mine_warning_sign.JPG	
File:The Old Bridge entrance.jpg	drop	only 0 confident region(s)	CC BY-SA	0	0	The_Old_Bridge_entrance.jpg	
File:Doboj train station.jpg	keep		CC BY	2	0	Doboj_train_station.jpg	Aoooj | Doboj
File:Gospodska ulica 29.JPG	drop	only 1 confident region(s)	CC BY-SA	1	0	Gospodska_ulica_29.JPG	E
File:Sarajevo Trolleybus-4418 Line-108 2011-11-05.jpg	drop	only 0 confident region(s)	CC BY-SA	0	0	Sarajevo_Trolleybus-4418_Line-108_2011-11-05.jpg	
File:Stara zeljeznicka stanica Banja Luka.jpg	drop	only 0 confident region(s)	CC0	0	0	Stara_zeljeznicka_stanica_Banja_Luka.jpg	
File:Putokaz23.jpg	keep		CC BY-SA	3	1	Putokaz23.jpg	StojanovićPark | 3626 | Mladen
File:Mostar bridge banner.jpg	drop	only 0 confident region(s)	CC BY	0	0	Mostar_bridge_banner.jpg	
File:Bishop’s Ordinariate building in Mostar.jpg	drop	only 0 confident region(s)	CC BY-SA	0	0	Bishop_s_Ordinariate_building_in_Mostar.jpg	
File:Vitez road sign.jpg	drop	only 1 confident region(s)	CC BY	1	0	Vitez_road_sign.jpg	Vitez
File:Ulica Kralja Petra Prvog Karadjordjevica Banja Luka.jpg	drop	only 0 confident region(s)	CC0	0	0	Ulica_Kralja_Petra_Prvog_Karadjordjevica_Banja_Luka.jpg	
File:Novo Gorazde Road Sign.JPG	drop	only 0 confident region(s)	CC BY-SA	0	0	Novo_Gorazde_Road_Sign.JPG	
File:Sarajevo assassination memorial plaque (2018).jpg	drop	only 0 confident region(s)	CC BY-SA	0	0	Sarajevo_assassination_memorial_plaque_2018_.jpg	
File:Trg-žrtava-ŠB03098.JPG	drop	only 0 confident region(s)	CC BY-SA	0	0	Trg-žrtava-ŠB03098.JPG	
File:Streets in Mostar 005.jpg	drop	only 0 confident region(s)	CC BY-SA	0	0	Streets_in_Mostar_005.jpg	
File:Cafe in Mostar (40968047830).jpg	drop	only 0 confident region(s)	CC BY	0	0	Cafe_in_Mostar_40968047830_.jpg	
File:Coppersmith at work in Baščaršija (6086857358).jpg	drop	only 0 confident region(s)	CC BY	0	0	Coppersmith_at_work_in_Baščaršija_6086857358_.jpg	
File:Ulica Stjepana Radića-Vitez09329.JPG	drop	only 0 confident region(s)	CC BY-SA	0	0	Ulica_Stjepana_Radića-Vitez09329.JPG	
File:GiPS Bus Lion's City 05.jpg	keep		CC BY	2	0	GiPS_Bus_Lion_s_City_05.jpg	GIP5 | VOZMONA
File:Tuzla - Ulica Zlatarska (2019).jpg	drop	only 0 confident region(s)	CC BY-SA	0	0	Tuzla_-_Ulica_Zlatarska_2019_.jpg	
File:SaobracajnaSK4.png	keep		CC BY-SA	2	0	SaobracajnaSK4.png	TI | DEMA
File:Spomenik zrtvama Banjaluckog veleizdajnickog procesa.jpg	drop	only 0 confident region(s)	CC0	0	0	Spomenik_zrtvama_Banjaluckog_veleizdajnickog_procesa.jpg	
File:Ćopić-spomenik.jpg	keep		PD	3	0	Ćopić-spomenik.jpg	BPAHKO | 1984 | 1915
File:Čiščenje avtobusnega postajališča na Glavnem trgu 1961 (3).jpg	drop	only 0 confident region(s)	PD	0	0	Čiščenje_avtobusnega_postajališča_na_Glavnem_trgu_1961_3_.jpg	
File:Blagovac plate.jpg	keep		CC BY-SA	2	0	Blagovac_plate.jpg	Blagovac | Bnarobal
File:Jajce banner.png	drop	only 0 confident region(s)	CC BY-SA	0	0	Jajce_banner.png	
File:Trg-kralja-tomislav-livno00656.JPG	drop	only 0 confident region(s)	CC BY-SA	0	0	Trg-kralja-tomislav-livno00656.JPG	
File:K67 kiosk in Sarajevo.jpg	drop	only 0 confident region(s)	CC BY-SA	0	0	K67_kiosk_in_Sarajevo.jpg	
File:Ustipraca Street Sign 2.jpg	keep		CC BY-SA	4	2	Ustipraca_Street_Sign_2.jpg	Beograd | Višegrad | Ustiprača | e
File:Gradnja palače Bata v Ljubljani, jeseni 1940, foto Miran Pavlin.png	drop	flat colour (256 shades): a drawing, not a photograph	PD	0	0	Gradnja_palače_Bata_v_Ljubljani_jeseni_1940_foto_Miran_Pavlin.png	
File:Bihač,bosna ulica - panoramio.jpg	drop	only 0 confident region(s)	CC BY	0	0	Bihač_bosna_ulica_-_panoramio.jpg	
File:Trg-kralja-tomislav-livno00663.JPG	drop	only 1 confident region(s)	CC BY-SA	1	0	Trg-kralja-tomislav-livno00663.JPG	TOMISLAVE
File:Ulica S. Radića-Vitez09340.JPG	drop	only 0 confident region(s)	CC BY-SA	0	0	Ulica_S._Radića-Vitez09340.JPG	
File:Narrow-Gauge-Railway Spalatobahn Station-Travnik (2).jpg	drop	only 0 confident region(s)	PD	0	0	Narrow-Gauge-Railway_Spalatobahn_Station-Travnik_2_.jpg	
File:Travnik street 01.jpg	drop	only 0 confident region(s)	CC BY-SA	0	0	Travnik_street_01.jpg	
File:Sarajevo west IMG 1175 hwy M-19 POLO gas station.JPG	keep		CC BY-SA	4	2	Sarajevo_west_IMG_1175_hwy_M-19_POLO_gas_station.JPG	DOBRODOŠLI | POLO | 25ć | I2
File:Blagaj, hrad pagebanner.jpg	drop	only 0 confident region(s)	CC BY	0	0	Blagaj_hrad_pagebanner.jpg	
File:Gavrilo princip memorial plaque 2009.jpg	keep		CC BY	8	0	Gavrilo_princip_memorial_plaque_2009.jpg	AUSTROUGARSKOGPRESTOLONASLJEDNIKA | SOFIJU | FROM | THISPLACE | ON28 | JUNE191 | GAVRILOPRINCIPASSASSINATEDTHEHEIR | TOTHEAUSTRO-HUNGARIANTHRONE
File:Gospodska ulica 31.JPG	drop	only 0 confident region(s)	CC BY-SA	0	0	Gospodska_ulica_31.JPG	
File:Maketa spomenika palim Krajišnicima.png	drop	flat colour (256 shades): a drawing, not a photograph	PD	0	0	Maketa_spomenika_palim_Krajišnicima.png	
File:Tuzla - Ulica Jevrejska (2019).jpg	keep		CC BY-SA	7	0	Tuzla_-_Ulica_Jevrejska_2019_.jpg	ba | SARAJKA | KEEP | CALM | SMOKE | SHISHA | bar
File:Gavrilo Princip steps and plaque.jpg	keep		CC BY	9	1	Gavrilo_Princip_steps_and_plaque.jpg	CA | OBOTA | MJECTA | 28JVHA | 1914TOČMHE | TABPUJIO | MBPABU | TIPOTECT | TUPAHMJE
File:Hotel Sarajevo, Skopje.jpg	keep		PD	2	0	Hotel_Sarajevo_Skopje.jpg	XOTEN | no
File:Umbrella Shop - panoramio.jpg	keep		CC BY	2	2	Umbrella_Shop_-_panoramio.jpg	ČEVABDŽINICA | 2
File:Kozara Banner.JPG	drop	only 0 confident region(s)	CC BY-SA	0	0	Kozara_Banner.JPG	
File:Ulica. S. Radića.križanje-Vitez09341.JPG	drop	only 0 confident region(s)	CC BY-SA	0	0	Ulica._S._Radića.križanje-Vitez09341.JPG	
File:Gospodska ulica 25.JPG	drop	only 0 confident region(s)	CC BY-SA	0	0	Gospodska_ulica_25.JPG	
File:Sarajevo Trolleybus-4416 Line-102 2011-11-05 (2).jpg	drop	only 0 confident region(s)	CC BY-SA	0	0	Sarajevo_Trolleybus-4416_Line-102_2011-11-05_2_.jpg	
File:Sarajevo memorial plaque 1930s.jpg	drop	only 0 confident region(s)	PD	0	0	Sarajevo_memorial_plaque_1930s.jpg	
File:2019 Eyof sign1.jpg	keep		CC BY	9	1	2019_Eyof_sign1.jpg	P | EYOE | 2019 | Jaxopuha | BpateuPale | Jahorina | Vranješ | ETF | MaseljeSlobode
File:Sarajevo-banner3.jpg	drop	only 0 confident region(s)	CC BY-SA	0	0	Sarajevo-banner3.jpg	
File:Electricity warning sign in Sarajevo Tunnel.jpg	drop	only 0 confident region(s)	CC BY	0	0	Electricity_warning_sign_in_Sarajevo_Tunnel.jpg	
File:Prešernova cesta v Ljubljani, avgust 1966 (4).jpg	drop	flat colour (256 shades): a drawing, not a photograph	PD	0	0	Prešernova_cesta_v_Ljubljani_avgust_1966_4_.jpg	
File:Natpis o tvrdjavi Greben.jpg	keep		CC BY-SA	87	18	Natpis_o_tvrdjavi_Greben.jpg	IVRAVAGREBEN | GREBENFORTRESS | Grebenseprviputpominje | izvorimaiz1192.godine, | potom1322.i1346.godinekadagradomupravljaizvjesni | Nikola.U14 | vijekuGrebenjepripadaožupi(oblasti)Zemljanik, | bioje | posjedufeudanegospodeHrvatinića | gospodaraDonjihKraja | čemusvjedočepovejepotpisivane | ovom | 13
File:Gospodska ulica 09.JPG	keep		CC BY-SA	2	0	Gospodska_ulica_09.JPG	BANK | Raiffeisen
File:Spanish square 08032.JPG	drop	only 0 confident region(s)	CC BY-SA	0	0	Spanish_square_08032.JPG	
File:Trg Espana.jpg	drop	only 0 confident region(s)	CC BY-SA	0	0	Trg_Espana.jpg	
File:Put M16 Banja Luka.jpg	drop	only 1 confident region(s)	CC BY	1	0	Put_M16_Banja_Luka.jpg	LAzE
File:Mostar Old Bridge banner.jpg	drop	only 0 confident region(s)	CC BY-SA	0	0	Mostar_Old_Bridge_banner.jpg	
File:Na putu prema Ribniku - panoramio.jpg	drop	only 0 confident region(s)	CC BY	0	0	Na_putu_prema_Ribniku_-_panoramio.jpg	
File:Cafe Coffee - panoramio.jpg	drop	only 1 confident region(s)	CC BY-SA	1	0	Cafe_Coffee_-_panoramio.jpg	ivo
File:Putokaz BL.jpg	keep		CC BY-SA	5	1	Putokaz_BL.jpg	Capajebo | Sarajeve | Mpkoruh | Mrkonjić | Grad
File:Ustipraca Street Sign 1.jpg	keep		CC BY-SA	2	0	Ustipraca_Street_Sign_1.jpg	Capajebo | CTopaxle
File:Tuzla - Ulica Turalibegova 2 (2019).jpg	drop	only 1 confident region(s)	CC BY-SA	1	0	Tuzla_-_Ulica_Turalibegova_2_2019_.jpg	MAGNETIC
File:Gospodska ulica 16.JPG	drop	only 0 confident region(s)	CC BY-SA	0	0	Gospodska_ulica_16.JPG	
File:Kuca ulica Petra Kocica 53.JPG	drop	only 0 confident region(s)	CC BY-SA	0	0	Kuca_ulica_Petra_Kocica_53.JPG	
File:Morića Han, Persian carpets shop.JPG	drop	only 0 confident region(s)	CC0	0	0	Morića_Han_Persian_carpets_shop.JPG	
File:Rušenje starega Hotela Slon leta 1937.jpg	drop	flat colour (3310 shades): a drawing, not a photograph	PD	0	0	Rušenje_starega_Hotela_Slon_leta_1937.jpg	
File:Gospodska ulica 07.JPG	drop	only 1 confident region(s)	CC BY-SA	1	0	Gospodska_ulica_07.JPG	DO
File:WV banner Bosanska Krajina Banja Luka panorama.jpg	drop	only 0 confident region(s)	CC0	0	0	WV_banner_Bosanska_Krajina_Banja_Luka_panorama.jpg	
File:Gospodska ulica 32.JPG	drop	only 0 confident region(s)	CC BY-SA	0	0	Gospodska_ulica_32.JPG	
File:Bosnia and Herzegovina traffic sign III-126.png	keep		CC BY	11	0	Bosnia_and_Herzegovina_traffic_sign_III-126.png	BIH | Bocha | Xepzeroguha | Bosna | 1 | Hercegovina | 50 | 80 | 100 | 130 | 0-24
File:Zenica- Busstation.jpg	drop	only 0 confident region(s)	CC BY-SA	0	0	Zenica-_Busstation.jpg	
File:Gospodska ulica 02.JPG	drop	only 0 confident region(s)	CC BY-SA	0	0	Gospodska_ulica_02.JPG	
File:Foča banner.jpg	drop	only 0 confident region(s)	CC BY-SA	0	0	Foča_banner.jpg	
File:Ulica-S.Radića-ŠB3074.JPG	drop	only 0 confident region(s)	CC BY-SA	0	0	Ulica-S.Radića-ŠB3074.JPG	
File:Mis Irbina Street in Sarajevo 05.jpg	drop	only 0 confident region(s)	CC BY-SA	0	0	Mis_Irbina_Street_in_Sarajevo_05.jpg	
File:Sarajevo EP-Gas-Station Bulevar-Mese-Selimovica 2011-11-04.jpg	drop	only 1 confident region(s)	CC BY-SA	1	0	Sarajevo_EP-Gas-Station_Bulevar-Mese-Selimovica_2011-11-04.jpg	EP
File:Trg-žrtava-ŠB03079.JPG	drop	only 0 confident region(s)	CC BY-SA	0	0	Trg-žrtava-ŠB03079.JPG	
File:NKD 013 gospodska ulica banja luka (1).jpg	drop	only 0 confident region(s)	CC BY-SA	0	0	NKD_013_gospodska_ulica_banja_luka_1_.jpg	
File:Mostar - Cafe Coco Loco (49033682451).jpg	drop	only 0 confident region(s)	CC BY	0	0	Mostar_-_Cafe_Coco_Loco_49033682451_.jpg	
File:Tuzla - Trg slobode 2.JPG	drop	only 1 confident region(s)	CC BY-SA	1	0	Tuzla_-_Trg_slobode_2.JPG	PKISHZIRAATBANK
File:School sign in Donji Kakanj.jpg	keep		CC BY	9	4	School_sign_in_Donji_Kakanj.jpg	"BOSNA/HERCEGOVINA | FEDERACIJABOSNE1HERCEGOVINE | ZENIČKO | DOBOJSKIKANTON | OPĆINAKAKANJ | OSNOVNAŠKOLA | ""AHMED | MURADBEGOVIĆ"" | DONJIKAKANJ"
File:Sarajevo Hotel-Sarajevo Gas-Station 2011-10-20.jpg	drop	only 0 confident region(s)	CC BY-SA	0	0	Sarajevo_Hotel-Sarajevo_Gas-Station_2011-10-20.jpg	
File:Elviscafe (18797671099).jpg	keep		CC BY	2	1	Elviscafe_18797671099_.jpg	ČISTE | Colle
File:Crkva Uspenja Presvete Bogorodice u Tuzli 8 (2019).jpg	drop	only 0 confident region(s)	CC BY-SA	0	0	Crkva_Uspenja_Presvete_Bogorodice_u_Tuzli_8_2019_.jpg	
File:Зеница 20190504 161221.jpg	drop	only 0 confident region(s)	CC BY-SA	0	0	Зеница_20190504_161221.jpg	
File:Sarajevo Kolodvorska 2011-11-06 (5).jpg	drop	only 1 confident region(s)	CC BY-SA	1	0	Sarajevo_Kolodvorska_2011-11-06_5_.jpg	Hvala
File:Sarajevo Visit (6097089839).jpg	drop	only 1 confident region(s)	CC BY-SA	1	0	Sarajevo_Visit_6097089839_.jpg	BOUTIQUE
File:Амбијентална цјелина, ул. Младена Стојановића и Краља Петра (1).jpg	drop	only 0 confident region(s)	CC BY-SA	0	0	Амбијентална_цјелина_ул._Младена_Стојановића_и_Краља_Петра_1_.jpg	
File:Зеница 20230104 132701.jpg	drop	only 0 confident region(s)	CC BY-SA	0	0	Зеница_20230104_132701.jpg	
File:Tuzla - Pannonian Lakes 4 (2019).jpg	keep		CC BY-SA	12	3	Tuzla_-_Pannonian_Lakes_4_2019_.jpg	BAŠTAVRTIĆ | GRILL | TERENZA | SECONDLAKE | 3 JEZERO | 520m | THURDLAKE | PLAŽA | MEDUZA | BAR | BEACH | MUSEUM
File:Velika aleja (Ilidža) 2.JPG	drop	only 0 confident region(s)	CC BY-SA	0	0	Velika_aleja_Ilidža_2.JPG	
File:Зеница 20190819 160237.jpg	drop	only 0 confident region(s)	CC BY-SA	0	0	Зеница_20190819_160237.jpg	
File:Зеница 20221230 200204.jpg	drop	only 0 confident region(s)	CC BY-SA	0	0	Зеница_20221230_200204.jpg	
File:Зеница 20180628 134033.jpg	drop	only 0 confident region(s)	CC BY-SA	0	0	Зеница_20180628_134033.jpg	
File:Gorazde south IMG 0580.JPG	keep		CC BY-SA	2	0	Gorazde_south_IMG_0580.JPG	26 | DIESEL
File:Kovaci 01.jpg	drop	only 1 confident region(s)	CC BY-SA	1	0	Kovaci_01.jpg	16
File:Šantići-Vitez09290.JPG	drop	only 0 confident region(s)	CC BY-SA	0	0	Šantići-Vitez09290.JPG	
File:20220226 Sarajevo understands.jpg	keep		CC BY-SA	2	0	20220226_Sarajevo_understands.jpg	UKRANE | #STANDWITH
File:Зеница 20230222 120138.jpg	drop	only 0 confident region(s)	CC BY-SA	0	0	Зеница_20230222_120138.jpg	
File:Memorijalni centar Rakovačke bare.jpg	drop	only 0 confident region(s)	CC BY-SA	0	0	Memorijalni_centar_Rakovačke_bare.jpg	
File:Зеница 20190812 132409.jpg	drop	only 0 confident region(s)	CC BY-SA	0	0	Зеница_20190812_132409.jpg	
File:FK Sarajevo Ferhadiye mağazası soldan gündüz.jpg	drop	only 0 confident region(s)	CC BY-SA	0	0	FK_Sarajevo_Ferhadiye_mağazası_soldan_gündüz.jpg	
File:Mir (Sarajevo).jpg	drop	only 0 confident region(s)	CC BY-SA	0	0	Mir_Sarajevo_.jpg	
File:禁止事項 (5127318146).jpg	keep		CC BY-SA	16	0	禁止事項_5127318146_.jpg	OFGAZIhUSREV-BEG'S | MOSQUE | FOR | ONTHE | TICKETSALESAND | OFTHE | MERCHANDISE | vakuf-gaziba | INFORMATION | PURCHASE | HISTORY | MOSOUE | WAOE | RELATED | PLEASE | OFFICE
File:Зеница 20190810 173601.jpg	drop	only 0 confident region(s)	CC BY-SA	0	0	Зеница_20190810_173601.jpg	
File:Damaged buildings from the fighting on the Croatian side of Mostar.JPEG	drop	only 0 confident region(s)	PD	0	0	Damaged_buildings_from_the_fighting_on_the_Croatian_side_of_Mostar.JPEG	
File:Mostar, casco antiguo 8.jpg	drop	only 1 confident region(s)	CC BY-SA	1	0	Mostar_casco_antiguo_8.jpg	Ponda
File:Зеница 20221214 152957.jpg	drop	only 0 confident region(s)	CC BY-SA	0	0	Зеница_20221214_152957.jpg	
File:Зеница 20190713 130454.jpg	drop	only 0 confident region(s)	CC BY-SA	0	0	Зеница_20190713_130454.jpg	
File:Зеница 20180730 175900.jpg	drop	only 0 confident region(s)	CC BY-SA	0	0	Зеница_20180730_175900.jpg	
File:Зеница 20230224 130021.jpg	drop	only 0 confident region(s)	CC BY-SA	0	0	Зеница_20230224_130021.jpg	
File:Sarajevo 20170717 B.jpg	drop	only 0 confident region(s)	CC BY-SA	0	0	Sarajevo_20170717_B.jpg	
File:Jajce – Travnik Gate.jpg	drop	only 0 confident region(s)	CC BY-SA	0	0	Jajce_Travnik_Gate.jpg	
File:1985-03-29 46m.JPG	drop	only 0 confident region(s)	CC BY-SA	0	0	1985-03-29_46m.JPG	
File:Bosnian anti-nationalist grafitti.jpg	drop	only 1 confident region(s)	CC BY-SA	1	0	Bosnian_anti-nationalist_grafitti.jpg	utia.
File:West side of Saint Joseph church in Sarajevo.jpg	drop	only 0 confident region(s)	CC BY	0	0	West_side_of_Saint_Joseph_church_in_Sarajevo.jpg	
File:Зеница 20190719 092650.jpg	drop	only 1 confident region(s)	CC BY-SA	1	0	Зеница_20190719_092650.jpg	E
File:Зеница 20200311 181920.jpg	drop	only 0 confident region(s)	CC BY-SA	0	0	Зеница_20200311_181920.jpg	
File:Kotorsko, odbočka.jpg	keep		CC BY	8	2	Kotorsko_odbočka.jpg	BanjaLuka | Lepbehta | Derventa | Bnjennha | Bjeljina | Modriča | ETnONASELJE | KOTROMANIĆEVO
File:Sarajevo copperworks quarter IMG 1292.JPG	drop	only 0 confident region(s)	CC BY-SA	0	0	Sarajevo_copperworks_quarter_IMG_1292.JPG	
File:Ilidža - Velika aleja.JPG	drop	only 0 confident region(s)	CC BY-SA	0	0	Ilidža_-_Velika_aleja.JPG	
File:Mate-boban-Grude01278.JPG	drop	only 0 confident region(s)	PD	0	0	Mate-boban-Grude01278.JPG	
File:Info Atik džamija.jpg	keep		CC0	13	1	Info_Atik_džamija.jpg	Nacionalnispomenik | National Monument | Zonazuštite | Protection | ATMKUAMMJA | Nijesto | ostaci | Mjecro | graditeljskecjeline | Siteandremainsof | thearchitecturalensemble | kutolitkucrvu | n
File:Pomp met zigeunerin, PBK - Unknown - 20511374 - RCE.jpg	drop	only 0 confident region(s)	CC BY-SA	0	0	Pomp_met_zigeunerin_PBK_-_Unknown_-_20511374_-_RCE.jpg	
File:Зеница 20180627 110801.jpg	drop	only 0 confident region(s)	CC BY-SA	0	0	Зеница_20180627_110801.jpg	
File:Velika aleja 13.jpg	drop	only 0 confident region(s)	CC BY-SA	0	0	Velika_aleja_13.jpg	
File:Gazi Husrev-beg's Mosque 01.jpg	keep		CC BY-SA	8	1	Gazi_Husrev-beg_s_Mosque_01.jpg	SARAJEVO | OFFICIALAUDIOGUIDE | Guide2Sarajevo.com | AllyouneedtodiscoverSarajevo | GaziHusrev-begovadžamija | GaziHusrev-BeysMosque | GooglePlay | AppStore
File:Зеница 20230104 125439.jpg	drop	only 0 confident region(s)	CC BY-SA	0	0	Зеница_20230104_125439.jpg	
File:Учитељска школа - табла.jpg	drop	only 1 confident region(s)	CC BY-SA	1	0	Учитељска_школа_-_табла.jpg	V
File:Križanje-Vitez09345.JPG	keep		CC BY-SA	6	0	Križanje-Vitez09345.JPG	Sarajevo | Zenica | [Zenica | vIa | Vjetrenica | 150m
File:Зеница 20230223 130722.jpg	drop	only 0 confident region(s)	CC BY-SA	0	0	Зеница_20230223_130722.jpg	
File:Mepas Mall Mostar, Konzum, September 2024.jpg	drop	only 1 confident region(s)	CC0	1	0	Mepas_Mall_Mostar_Konzum_September_2024.jpg	RONZUM
File:Une rue dans la vieille ville - A1571.jpg	drop	only 0 confident region(s)	CC0	0	0	Une_rue_dans_la_vieille_ville_-_A1571.jpg	
File:Зеница 20190819 093932.jpg	drop	only 1 confident region(s)	PD	1	0	Зеница_20190819_093932.jpg	E
File:Зеница 20190815 144601.jpg	drop	only 0 confident region(s)	CC BY-SA	0	0	Зеница_20190815_144601.jpg	
File:Eko ušće.jpg	drop	only 1 confident region(s)	CC BY-SA	1	2	Eko_ušće.jpg	EKOUŠĆE
File:Sarajevo (14).JPG	drop	only 0 confident region(s)	CC BY	0	0	Sarajevo_14_.JPG	
File:Drvored u Dubici.JPG	drop	only 0 confident region(s)	CC BY-SA	0	0	Drvored_u_Dubici.JPG	
File:Прашнице Зеница 20180625 182600.jpg	drop	only 0 confident region(s)	CC BY-SA	0	0	Прашнице_Зеница_20180625_182600.jpg	
File:Sarajevo May 2020 14.jpg	keep		CC BY-SA	2	1	Sarajevo_May_2020_14.jpg	OPREZ | OBRUŠAVA SE
File:Зеница 20180623 172726.jpg	keep		PD	2	1	Зеница_20180623_172726.jpg	MERCEĐES | IVECO
File:1970 August People in Jajce J17.jpg	drop	only 0 confident region(s)	CC BY-SA	0	0	1970_August_People_in_Jajce_J17.jpg	
File:Зеница 20190815 134902.jpg	drop	only 0 confident region(s)	CC BY-SA	0	0	Зеница_20190815_134902.jpg	
File:Ulaz u Kiseljak9185.JPG	drop	only 1 confident region(s)	CC BY-SA	1	0	Ulaz_u_Kiseljak9185.JPG	Kiseljak
File:Зеница 20180712 231531r.jpg	keep		CC BY-SA	2	0	Зеница_20180712_231531r.jpg	STOP | MI7
File:Дервента 1.jpg	drop	only 0 confident region(s)	CC BY-SA	0	0	Дервента_1.jpg	
File:20130606 Mostar 288.jpg	drop	only 1 confident region(s)	CC BY-SA	1	0	20130606_Mostar_288.jpg	G
File:Kazandziluk 07.jpg	drop	only 0 confident region(s)	CC BY-SA	0	0	Kazandziluk_07.jpg	
File:Velika aleja 08.jpg	drop	only 0 confident region(s)	CC BY-SA	0	0	Velika_aleja_08.jpg	
File:Зеница 20180628 084950.jpg	drop	only 0 confident region(s)	CC BY-SA	0	0	Зеница_20180628_084950.jpg	
File:Velika aleja 37.jpg	drop	only 0 confident region(s)	CC BY-SA	0	0	Velika_aleja_37.jpg	
File:Зеница 20200308 154405.jpg	drop	only 1 confident region(s)	CC BY-SA	1	0	Зеница_20200308_154405.jpg	bar
File:Господска улица с.с.jpg	keep		CC BY-SA	3	0	Господска_улица_с.с.jpg	stfood | epper | PER
File:Bihac, Fountain.jpg	drop	only 0 confident region(s)	CC BY-SA	0	0	Bihac_Fountain.jpg	
File:Зеница 20190815 144714.jpg	drop	only 0 confident region(s)	CC BY-SA	0	0	Зеница_20190815_144714.jpg	
File:Sarajevo Lozionicka 2011-11-09.jpg	drop	only 0 confident region(s)	CC BY-SA	0	0	Sarajevo_Lozionicka_2011-11-09.jpg	
File:Tuzla-5.JPG	drop	only 0 confident region(s)	CC BY-SA	0	0	Tuzla-5.JPG	
File:Glavni-most-slavlje09051.JPG	drop	only 0 confident region(s)	PD	0	0	Glavni-most-slavlje09051.JPG	
File:Kosača-fort-Ljubuški002208.JPG	drop	only 1 confident region(s)	CC BY-SA	1	0	Kosača-fort-Ljubuški002208.JPG	UGROZENISPOMENIK
File:Зеница 20180627 111204.jpg	drop	only 1 confident region(s)	CC BY-SA	1	0	Зеница_20180627_111204.jpg	Pub
File:Komanda 7. korpusa, Travnik, BiH.JPG	keep		CC BY-SA	5	0	Komanda_7._korpusa_Travnik_BiH.JPG	RMIJA | REPUBLIKE | BOSNE1HERCEGOVINE | KOMANDA | TKORPUSA
File:Зеница 20221230 200022.jpg	drop	only 0 confident region(s)	CC BY-SA	0	0	Зеница_20221230_200022.jpg	
File:20200423 180751 Aleja Ambasadora.jpg	drop	only 0 confident region(s)	CC BY-SA	0	0	20200423_180751_Aleja_Ambasadora.jpg	
File:20130606 Mostar 172.jpg	drop	only 0 confident region(s)	CC BY-SA	0	0	20130606_Mostar_172.jpg	
File:Зеница 20190122 144734.jpg	drop	only 0 confident region(s)	CC BY-SA	0	0	Зеница_20190122_144734.jpg	
File:Mostar14BIH77.JPG	drop	only 0 confident region(s)	CC BY-SA	0	0	Mostar14BIH77.JPG	
File:Зеница 20190509 170942.jpg	drop	only 0 confident region(s)	CC BY-SA	0	0	Зеница_20190509_170942.jpg	
File:Зеница 20190815 144825.jpg	drop	only 0 confident region(s)	CC BY-SA	0	0	Зеница_20190815_144825.jpg	
File:Зеница 20190812 230425.jpg	drop	only 0 confident region(s)	CC BY-SA	0	0	Зеница_20190812_230425.jpg	
File:Remains of destroyed temple of Holy Trinity, Banja Luka.jpg	drop	only 0 confident region(s)	CC BY-SA	0	0	Remains_of_destroyed_temple_of_Holy_Trinity_Banja_Luka.jpg	
File:Park knjige Banja Luka.jpg	drop	only 0 confident region(s)	CC0	0	0	Park_knjige_Banja_Luka.jpg	
File:Houses on hill in Sarajevo.jpg	drop	only 0 confident region(s)	CC BY-SA	0	0	Houses_on_hill_in_Sarajevo.jpg	
File:Županija-ZH07498.JPG	drop	only 0 confident region(s)	CC BY-SA	0	0	Županija-ZH07498.JPG	
File:Зеница 20221230 225512.jpg	drop	only 0 confident region(s)	CC BY-SA	0	0	Зеница_20221230_225512.jpg	
File:Ivo Andrić Institute, Višegrad 01.JPG	drop	only 0 confident region(s)	CC BY-SA	0	0	Ivo_Andrić_Institute_Višegrad_01.JPG	
File:Kozarska Dubica promenade.JPG	drop	only 0 confident region(s)	CC BY-SA	0	0	Kozarska_Dubica_promenade.JPG	
File:NP002 - 15.jpg	keep		CC BY-SA	3	0	NP002_-_15.jpg	POLJANA | BESICA | 758
File:Hiper Kort Istočno Sarajevo.jpg	drop	only 1 confident region(s)	CC BY	1	0	Hiper_Kort_Istočno_Sarajevo.jpg	KORTI
File:Бањалука 20190605 145024.jpg	drop	only 0 confident region(s)	CC BY-SA	0	0	Бањалука_20190605_145024.jpg	
File:Sejmenska džamija (cropped).jpg	drop	only 0 confident region(s)	CC BY-SA	0	0	Sejmenska_džamija_cropped_.jpg	
File:Зеница 20190811 115754.jpg	drop	only 0 confident region(s)	CC BY-SA	0	0	Зеница_20190811_115754.jpg	
File:Спомен обиљежје Бијели поток.jpg	drop	only 0 confident region(s)	CC BY-SA	0	0	Спомен_обиљежје_Бијели_поток.jpg	
File:Зеница 20180712 215924.jpg	drop	only 0 confident region(s)	CC BY-SA	0	0	Зеница_20180712_215924.jpg	
File:Setnja u Banja Luci.JPG	drop	only 0 confident region(s)	CC BY-SA	0	0	Setnja_u_Banja_Luci.JPG	
File:Travnik 06.jpg	drop	only 1 confident region(s)	CC BY-SA	1	2	Travnik_06.jpg	ćevabdži
File:Široki09089.JPG	drop	only 0 confident region(s)	PD	0	0	Široki09089.JPG	
File:Зеница 20190810 163947.jpg	drop	only 1 confident region(s)	CC BY-SA	1	0	Зеница_20190810_163947.jpg	aK
File:Зеница 20191108 114013.jpg	drop	only 0 confident region(s)	CC BY-SA	0	0	Зеница_20191108_114013.jpg	
File:Dans les Rues de Zenica.JPG	drop	only 1 confident region(s)	PD	1	0	Dans_les_Rues_de_Zenica.JPG	PERARA
File:Tuzla - Trnovac Groblje 3 (2019).jpg	keep		CC BY-SA	9	0	Tuzla_-_Trnovac_Groblje_3_2019_.jpg	OA2000.roAnhepepobho | ce | oApxabarpobne | hannahyje | mjecty- | AajeMoryhhoctnpekonabatarpoba. | nocne | 21.00 | cat.
File:Зеница 20190810 165436.jpg	drop	only 0 confident region(s)	CC BY-SA	0	0	Зеница_20190810_165436.jpg	
File:Kočija, Ilidža, Bosna i Hercegovina - panoramio.jpg	drop	only 0 confident region(s)	CC BY	0	0	Kočija_Ilidža_Bosna_i_Hercegovina_-_panoramio.jpg	
File:Зеница 20230201 122011 cropped1.jpg	keep		CC BY-SA	5	0	Зеница_20230201_122011_cropped1.jpg	2 | ZENICA | 3 | Co | Agram
File:Зеница 20180623 173140.jpg	keep		PD	7	0	Зеница_20180623_173140.jpg	RADNOVRIEME | Ponedjeljak | Petak | 08.00 | Subota | 16.00 | NeajejaNERADIMO
File:Banja Luka Бања Лука, Bosnia and Herzegovina Босна и Херцеговина - 53033367863.jpg	drop	only 0 confident region(s)	CC BY	0	0	Banja_Luka_Бања_Лука_Bosnia_and_Herzegovina_Босна_и_Херцеговина_-_53033367863.jpg	
File:Bosnia RS Trnovo IMG 0970.JPG	drop	no region with 3+ letters	CC BY-SA	2	0	Bosnia_RS_Trnovo_IMG_0970.JPG	B | M
File:Зеница 20221230 200141.jpg	drop	only 0 confident region(s)	CC BY-SA	0	0	Зеница_20221230_200141.jpg	
File:Ranjenike ne smijemo ostaviti.jpg	keep		CC BY-SA	5	0	Ranjenike_ne_smijemo_ostaviti.jpg	RANJENIKE | NE | SMIJEMO | OSTAVITI | TITO
File:City promenade, Istočna Ilidža.jpg	drop	only 0 confident region(s)	CC BY	0	0	City_promenade_Istočna_Ilidža.jpg	
File:Зеница 20190815 144938.jpg	drop	only 0 confident region(s)	CC BY-SA	0	0	Зеница_20190815_144938.jpg	
File:Ilidža Velika aleja 2.jpg	drop	only 0 confident region(s)	CC BY-SA	0	0	Ilidža_Velika_aleja_2.jpg	
File:Velika aleja 04.jpg	drop	only 0 confident region(s)	CC BY-SA	0	0	Velika_aleja_04.jpg	
File:Sarajevo, Stojimo uz Ukrajinu, Serhii Miniailo.jpg	drop	only 0 confident region(s)	CC BY-SA	0	0	Sarajevo_Stojimo_uz_Ukrajinu_Serhii_Miniailo.jpg	
File:Travnik 05.jpg	drop	only 1 confident region(s)	CC BY-SA	1	0	Travnik_05.jpg	s
File:BASA-1771K-1-1163-84-Jajce.jpeg	drop	only 0 confident region(s)	PD	0	0	BASA-1771K-1-1163-84-Jajce.jpeg	
File:Kovaci 14.jpg	drop	no region with 3+ letters	CC BY-SA	3	0	Kovaci_14.jpg	5 | BI | JA
File:Зеница 20200301 130457.jpg	drop	only 0 confident region(s)	CC BY-SA	0	0	Зеница_20200301_130457.jpg	
File:Roundabout Derventa.jpg	keep		CC BY-SA	3	1	Roundabout_Derventa.jpg	ŠTEDNJA | MORA | FORA
File:Зеница 20180318 114035.jpg	drop	only 0 confident region(s)	CC BY-SA	0	0	Зеница_20180318_114035.jpg	
File:Wandering in Sarajevo (54965062640).jpg	drop	only 0 confident region(s)	CC BY	0	0	Wandering_in_Sarajevo_54965062640_.jpg	
File:Зеница 20190809 191141.jpg	drop	only 0 confident region(s)	CC BY-SA	0	0	Зеница_20190809_191141.jpg	
File:Зеница 20190815 150105.jpg	drop	only 0 confident region(s)	CC BY-SA	0	0	Зеница_20190815_150105.jpg	
File:Зеница 20221230 225527.jpg	drop	only 0 confident region(s)	CC BY-SA	0	0	Зеница_20221230_225527.jpg	
File:Зеница 20221220 103937.jpg	drop	only 0 confident region(s)	CC BY-SA	0	0	Зеница_20221220_103937.jpg	
File:Зеница 20190729 135138.jpg	drop	only 0 confident region(s)	CC BY-SA	0	0	Зеница_20190729_135138.jpg	
File:Vranješ.jpg	drop	only 0 confident region(s)	CC BY-SA	0	0	Vranješ.jpg	
File:Зеница 20180628 090251.jpg	drop	only 0 confident region(s)	CC BY-SA	0	0	Зеница_20180628_090251.jpg	
File:Banja Luka Бања Лука, Bosnia and Herzegovina Босна и Херцеговина - 53032332847.jpg	drop	only 1 confident region(s)	CC BY	1	0	Banja_Luka_Бања_Лука_Bosnia_and_Herzegovina_Босна_и_Херцеговина_-_53032332847.jpg	Jukenta
File:M2-Neum-DSCN1154.JPG	drop	only 0 confident region(s)	PD	0	0	M2-Neum-DSCN1154.JPG	
File:Velika aleja 24.jpg	drop	only 0 confident region(s)	CC BY-SA	0	0	Velika_aleja_24.jpg	
File:Kosača-fort-Ljubuški02209.JPG	keep		CC BY-SA	5	1	Kosača-fort-Ljubuški02209.JPG	Graditeljskacielina | apominjekoo | velike | UGROŽENISPOMENIK | utvr
File:Зеница 20221220 104304.jpg	drop	only 0 confident region(s)	CC BY-SA	0	0	Зеница_20221220_104304.jpg	
File:Visoko - Arheološki lokalitet Mile.jpg	drop	only 1 confident region(s)	CC BY-SA	1	0	Visoko_-_Arheološki_lokalitet_Mile.jpg	tiai
File:Зеница 20190815 145309.jpg	drop	only 0 confident region(s)	CC BY-SA	0	0	Зеница_20190815_145309.jpg	
File:Зеница 20190719 085021.jpg	drop	only 0 confident region(s)	CC BY-SA	0	0	Зеница_20190719_085021.jpg	
File:Photo-tour Novi Grad - Participants 26.jpg	drop	only 0 confident region(s)	CC BY-SA	0	0	Photo-tour_Novi_Grad_-_Participants_26.jpg	
File:Aškenaška sinagoga u Sarajevu 11.jpg	drop	only 0 confident region(s)	CC BY-SA	0	0	Aškenaška_sinagoga_u_Sarajevu_11.jpg	
File:Зеница 20190504 212559.jpg	drop	only 0 confident region(s)	CC BY-SA	0	0	Зеница_20190504_212559.jpg	
File:Зеница 20190810 165728.jpg	drop	only 0 confident region(s)	CC BY-SA	0	0	Зеница_20190810_165728.jpg	
File:Зеница 20191105 153418.jpg	drop	only 0 confident region(s)	CC BY-SA	0	0	Зеница_20191105_153418.jpg	
File:Sarajevo - Radićeva 10.jpg	drop	only 0 confident region(s)	CC BY-SA	0	0	Sarajevo_-_Radićeva_10.jpg	
File:Зеница 20200525 163231.jpg	drop	only 0 confident region(s)	CC BY-SA	0	0	Зеница_20200525_163231.jpg	
File:Velika aleja 10.jpg	drop	only 0 confident region(s)	CC BY-SA	0	0	Velika_aleja_10.jpg	
File:Zenica05293.JPG	drop	only 0 confident region(s)	PD	0	0	Zenica05293.JPG	
File:Zenica05173.JPG	drop	only 0 confident region(s)	PD	0	0	Zenica05173.JPG	
File:Sarajevo FR-BER 2011-11-13 (13).jpg	drop	only 0 confident region(s)	CC BY-SA	0	0	Sarajevo_FR-BER_2011-11-13_13_.jpg	
File:Sarajevo (49095464781).jpg	drop	only 0 confident region(s)	CC BY	0	0	Sarajevo_49095464781_.jpg	
File:Зеница 20190811 114430.jpg	keep		CC BY-SA	3	0	Зеница_20190811_114430.jpg	Hoteli | Stadion | Svllije
File:Господска улица (12).jpg	drop	only 0 confident region(s)	CC BY-SA	0	0	Господска_улица_12_.jpg	
File:Banja Luka Бања Лука, Bosnia and Herzegovina Босна и Херцеговина - 53033100174.jpg	drop	only 1 confident region(s)	CC BY	1	0	Banja_Luka_Бања_Лука_Bosnia_and_Herzegovina_Босна_и_Херцеговина_-_53033100174.jpg	i
File:20130606 Mostar 173.jpg	drop	only 0 confident region(s)	CC BY-SA	0	0	20130606_Mostar_173.jpg	
File:Зеница 20190815 144911.jpg	drop	only 0 confident region(s)	CC BY-SA	0	0	Зеница_20190815_144911.jpg	
File:Umoljani – nekropole 7.jpg	keep		CC BY-SA	2	0	Umoljani_nekropole_7.jpg	inUmoljuni | 4n
File:Zenica05295.JPG	drop	only 0 confident region(s)	PD	0	0	Zenica05295.JPG	
File:Парк природе Борја (2).JPG	keep		CC BY-SA	17	2	Парк_природе_Борја_2_.JPG	MJESTU | HEROJSKI | SU | svoJE | U | VI | TOJ | BORACA | BATALJONA | V | TEkozaRAČKE | BPIGADE | BRANEĆI | KOJE | SE | SLAVA | BORCIMA
File:Зеница 20190819 160112.jpg	drop	only 0 confident region(s)	CC BY-SA	0	0	Зеница_20190819_160112.jpg	
File:Зеница 20190810 165849.jpg	drop	only 0 confident region(s)	CC BY-SA	0	0	Зеница_20190810_165849.jpg	
File:Зеница 20190819 100231.jpg	drop	only 1 confident region(s)	CC BY-SA	1	0	Зеница_20190819_100231.jpg	Voc
File:Зеница 20230220 163819.jpg	drop	only 0 confident region(s)	CC BY-SA	0	0	Зеница_20230220_163819.jpg	
File:JuSarajevoLateinerbrücke2.jpg	drop	only 0 confident region(s)	CC BY-SA	0	0	JuSarajevoLateinerbrücke2.jpg	
File:Зеница 20190812 231112.jpg	drop	only 0 confident region(s)	CC BY-SA	0	0	Зеница_20190812_231112.jpg	
File:Aleja - panoramio (13).jpg	drop	only 0 confident region(s)	CC BY	0	0	Aleja_-_panoramio_13_.jpg	
File:Brcko distrikt BiH - Fontana mladosti.jpg	drop	only 0 confident region(s)	CC BY-SA	0	0	Brcko_distrikt_BiH_-_Fontana_mladosti.jpg	
File:Lukavica.jpg	drop	only 0 confident region(s)	CC BY-SA	0	0	Lukavica.jpg	
File:Прашнице Зеница 20180625 182359.jpg	drop	only 0 confident region(s)	CC BY-SA	0	0	Прашнице_Зеница_20180625_182359.jpg	
File:Зеница 20190713 130514.jpg	drop	only 0 confident region(s)	CC BY-SA	0	0	Зеница_20190713_130514.jpg	
File:Fijakeri na Ilidži.JPG	drop	only 0 confident region(s)	CC BY-SA	0	0	Fijakeri_na_Ilidži.JPG	
File:Tursko kupatilo Vilina Vlas10.jpg	keep		CC BY-SA	5	0	Tursko_kupatilo_Vilina_Vlas10.jpg	Xoten | Hotel` | Vilina | vlas | Hamam
File:Прашнице Зеница 20180625 182619.jpg	drop	only 0 confident region(s)	CC BY-SA	0	0	Прашнице_Зеница_20180625_182619.jpg	
File:Brunnen - Umoljani.jpg	drop	only 0 confident region(s)	CC BY-SA	0	0	Brunnen_-_Umoljani.jpg	
File:Зеница 20190815 144219.jpg	drop	only 0 confident region(s)	CC BY-SA	0	0	Зеница_20190815_144219.jpg	
File:JŽ-19-37-in-May-2012-in-Doboj 04.jpg	keep		CC BY-SA	2	0	JŽ-19-37-in-May-2012-in-Doboj_04.jpg	PRUGOM | 1968
File:Dovlići Mine Warning.jpg	drop	only 0 confident region(s)	CC BY-SA	0	0	Dovlići_Mine_Warning.jpg	
File:Зеница 20190815 145616.jpg	drop	only 0 confident region(s)	CC BY-SA	0	0	Зеница_20190815_145616.jpg	
File:Зеница 20180620 051545.jpg	drop	only 0 confident region(s)	CC BY-SA	0	0	Зеница_20180620_051545.jpg	
File:Tržnica u Travniku 0476.jpg	drop	only 0 confident region(s)	CC BY-SA	0	0	Tržnica_u_Travniku_0476.jpg	
File:Sarajevo, Stojimo uz Ukrajinu, Benjamina Karić.jpg	drop	only 1 confident region(s)	CC BY-SA	1	0	Sarajevo_Stojimo_uz_Ukrajinu_Benjamina_Karić.jpg	MEMORIAM
File:Зеница 20191105 153325.jpg	drop	only 0 confident region(s)	CC BY-SA	0	0	Зеница_20191105_153325.jpg	
File:Зеница 20180628 134003.jpg	drop	only 0 confident region(s)	CC BY-SA	0	0	Зеница_20180628_134003.jpg	
File:Velika aleja 33.jpg	drop	only 0 confident region(s)	CC BY-SA	0	0	Velika_aleja_33.jpg	
File:Velika aleja (Ilidža).JPG	drop	only 0 confident region(s)	CC BY-SA	0	0	Velika_aleja_Ilidža_.JPG	
File:Зеница 20221220 104235.jpg	drop	only 0 confident region(s)	CC BY-SA	0	0	Зеница_20221220_104235.jpg	
File:Jajce Bosnie Herzegovine O (137556419).jpeg	drop	only 0 confident region(s)	CC BY	0	0	Jajce_Bosnie_Herzegovine_O_137556419_.jpeg	
File:Зеница 20190815 134820.jpg	drop	only 0 confident region(s)	CC BY-SA	0	0	Зеница_20190815_134820.jpg	
File:Mate-boban-Grude01277.JPG	keep		PD	2	1	Mate-boban-Grude01277.JPG	868-K-823 | ČETVRTA
File:Sarajevo FR-BER 2011-11-13 (15).jpg	drop	only 0 confident region(s)	CC BY-SA	0	0	Sarajevo_FR-BER_2011-11-13_15_.jpg	
File:Прашнице Зеница 20180625 182605.jpg	drop	only 0 confident region(s)	CC BY-SA	0	0	Прашнице_Зеница_20180625_182605.jpg	
File:Tuzla - Pannonian Lakes 10 (2019).jpg	keep		CC BY-SA	6	4	Tuzla_-_Pannonian_Lakes_10_2019_.jpg	ZAKONSKAOBAVEZAJE | počistitiizasvogpsa! | Dozvoljenoješetanjepasa | lobaveznonapovodcu) | samodužglavneasfaltnešetnice | kroz Panoniku
File:Azize Šaćirbegović 1.jpg	drop	only 0 confident region(s)	CC BY-SA	0	0	Azize_Šaćirbegović_1.jpg	
File:Velika aleja 07.jpg	drop	only 0 confident region(s)	CC BY-SA	0	0	Velika_aleja_07.jpg	
File:Зеница 20230220 163815.jpg	drop	only 0 confident region(s)	CC BY-SA	0	0	Зеница_20230220_163815.jpg	
File:Зеница 20180626 151901.jpg	drop	only 0 confident region(s)	CC BY-SA	0	0	Зеница_20180626_151901.jpg	
File:Zenica 72000, Bosnia and Herzegovina - panoramio (2).jpg	drop	only 0 confident region(s)	CC BY-SA	0	0	Zenica_72000_Bosnia_and_Herzegovina_-_panoramio_2_.jpg	
File:Fountain in Bosniak House.JPG	drop	only 0 confident region(s)	CC BY-SA	0	0	Fountain_in_Bosniak_House.JPG	
File:Zenica05290.JPG	drop	only 0 confident region(s)	PD	0	0	Zenica05290.JPG	
File:Ulaz u Bradinu09173.JPG	drop	only 0 confident region(s)	CC BY-SA	0	0	Ulaz_u_Bradinu09173.JPG	
File:Velika aleja 11.jpg	drop	only 0 confident region(s)	CC BY-SA	0	0	Velika_aleja_11.jpg	
File:Kovaci 04.jpg	drop	only 0 confident region(s)	CC BY-SA	0	0	Kovaci_04.jpg	
File:20130606 Mostar 175.jpg	drop	only 0 confident region(s)	CC BY-SA	0	0	20130606_Mostar_175.jpg	
File:West Mostar05551.JPG	drop	only 0 confident region(s)	CC BY-SA	0	0	West_Mostar05551.JPG	
File:Tuzla - Pannonian Lakes 5 (2019).jpg	keep		CC BY-SA	8	6	Tuzla_-_Pannonian_Lakes_5_2019_.jpg	"DNEVNEULAZNICEVAŽESAMO | IZLAZAK DUŽIOD10minuta | ZAHTIJEVAPONOVNU | KUPOVINUULAZNICE! | SEDMIČNE,MJESEČNE1SEZONSKE | ULAZNICE OMOGUĆUJU | NEOGRANIČEN | UPRAVAJKP""Pannonica""dooTuzla"
File:Зеница 20190427 190901.jpg	keep		CC BY-SA	2	0	Зеница_20190427_190901.jpg	Salo | 501
File:West Mostar05010.JPG	drop	only 0 confident region(s)	CC BY-SA	0	0	West_Mostar05010.JPG	
File:Зеница 20180802 104028.jpg	drop	only 0 confident region(s)	CC BY-SA	0	0	Зеница_20180802_104028.jpg	
File:Velika aleja 25.jpg	drop	only 0 confident region(s)	CC BY-SA	0	0	Velika_aleja_25.jpg	
File:FK Sarajevo Ferhadiye mağazası sağdan gece.jpg	keep		CC BY-SA	4	0	FK_Sarajevo_Ferhadiye_mağazası_sağdan_gece.jpg	ferha | dija | STOR | 5
File:Empty walkway (5544053327).jpg	drop	flat colour (3047 shades): a drawing, not a photograph	CC BY	0	0	Empty_walkway_5544053327_.jpg	
File:Velika aleja 05.jpg	drop	only 0 confident region(s)	CC BY-SA	0	0	Velika_aleja_05.jpg	
File:Bosnia IMG 9558 pale south.JPG	keep		CC BY-SA	2	0	Bosnia_IMG_9558_pale_south.JPG	TAJIE | WELCOME
File:Зеница 20190810 164842.jpg	keep		CC BY-SA	2	0	Зеница_20190810_164842.jpg	UNIONBANKA | P
File:Old town of Jajce.jpg	drop	only 0 confident region(s)	CC BY	0	0	Old_town_of_Jajce.jpg	
File:Park Tuzla.jpg	keep		CC BY-SA	52	11	Park_Tuzla.jpg	UimeOtcaiSina | kneže | Krvašn | Vsjem | Selei | dovijeka.Ipriv | držatisVami | pravu | Vjerv | S'm | živ | Vsi | Duprovčane, | kire | hođe | po | mojemn | vladanijutrgujuće, | Siktohoće | krjevati,godjesi | mine,pravovMjerov | zledi | što | razvje | miktodasvojovVoljov | da | im | ne | bude | mojih
File:Зеница 20230223 130421.jpg	drop	only 0 confident region(s)	CC BY-SA	0	0	Зеница_20230223_130421.jpg	
File:Sarajevo Socijalno 2011-11-11 (2).jpg	drop	only 0 confident region(s)	CC BY-SA	0	0	Sarajevo_Socijalno_2011-11-11_2_.jpg	
File:Croce Medjugorie.jpg	drop	only 0 confident region(s)	PD	0	0	Croce_Medjugorie.jpg	
File:Зеница 20190122 144504.jpg	drop	only 0 confident region(s)	CC BY-SA	0	0	Зеница_20190122_144504.jpg	
File:Зеница 20190815 135346.jpg	drop	only 0 confident region(s)	CC BY-SA	0	0	Зеница_20190815_135346.jpg	
File:Krunidbeno mjesto bosanskih kraljeva 1.jpg	keep		CC BY-SA	7	3	Krunidbeno_mjesto_bosanskih_kraljeva_1.jpg	MILI | okupljanjadržavnogvijeća | oktobra1377. | bana | Lvrka | (1353-1391I | Općina
File:Sarajevo May 2020 08.jpg	drop	only 0 confident region(s)	CC BY-SA	0	0	Sarajevo_May_2020_08.jpg	
File:Зеница 20190430 173416.jpg	drop	only 0 confident region(s)	CC BY-SA	0	0	Зеница_20190430_173416.jpg	
File:Зеница 20190815 144703.jpg	drop	only 0 confident region(s)	CC BY-SA	0	0	Зеница_20190815_144703.jpg	
File:Зеница 20190502 173201.jpg	drop	only 0 confident region(s)	CC BY-SA	0	0	Зеница_20190502_173201.jpg	
File:Kazandziluk 03.jpg	drop	only 1 confident region(s)	CC BY-SA	1	0	Kazandziluk_03.jpg	25
File:Зеница 20190810 165929.jpg	drop	only 0 confident region(s)	CC BY-SA	0	0	Зеница_20190810_165929.jpg	
File:Pecina.jpg	keep		CC BY-SA	8	3	Pecina.jpg	"Objekat:SPOMENBARAKA | TITOVAPEĆINA | TITO'SCAVE | Podržao: | USAID | FROMIHEAMERICANPEOPLE | Implementator:UDRUŽENJE""DRVARSKADRENJIN | Drvar25.maj2006.godine"
File:Зеница 20190509 133301.jpg	drop	only 0 confident region(s)	CC BY-SA	0	0	Зеница_20190509_133301.jpg	
File:Pazi Snajper.jpg	drop	only 0 confident region(s)	CC BY-SA	0	0	Pazi_Snajper.jpg	
File:Лонџа Зеница 20180625 184518.jpg	keep		CC BY-SA	3	0	Лонџа_Зеница_20180625_184518.jpg	PAN | PAN | PAN
File:Tuzla - Trnovac Groblje 4 (2019).jpg	drop	only 1 confident region(s)	CC BY-SA	1	0	Tuzla_-_Trnovac_Groblje_4_2019_.jpg	TPAIA
File:Zenica, staveniště dálnice.jpg	drop	only 0 confident region(s)	CC BY	0	0	Zenica_staveniště_dálnice.jpg	
File:Walkway in Banja Luka.JPG	drop	only 0 confident region(s)	CC BY-SA	0	0	Walkway_in_Banja_Luka.JPG	
File:Зеница 20190504 140754.jpg	drop	only 0 confident region(s)	CC BY-SA	0	0	Зеница_20190504_140754.jpg	
File:Зеница 20230224 180516.jpg	drop	only 0 confident region(s)	CC BY-SA	0	0	Зеница_20230224_180516.jpg	
File:Bihać, Univerzitetska biblioteka.jpg	keep		CC BY-SA	2	0	Bihać_Univerzitetska_biblioteka.jpg	P | NIKIA
File:Velika aleja 18.jpg	drop	only 0 confident region(s)	CC BY-SA	0	0	Velika_aleja_18.jpg	
File:OpstinaCelinac.jpg	keep		PD	5	4	OpstinaCelinac.jpg	LOEPO | OPŠTINAČELINAC | DOBRODOŠLI | MUNICIPALITYČELINAC | WELCOME
File:Trash bin, Sarajevo.jpg	drop	only 1 confident region(s)	CC BY-SA	1	1	Trash_bin_Sarajevo.jpg	ČIST
File:Зеница 20230220 121556.jpg	drop	only 0 confident region(s)	CC BY-SA	0	0	Зеница_20230220_121556.jpg	
File:Зеница 20190815 144634.jpg	drop	only 0 confident region(s)	CC BY-SA	0	0	Зеница_20190815_144634.jpg	
File:Banja Luka Бања Лука, Bosnia and Herzegovina Босна и Херцеговина - 53033036144.jpg	drop	only 0 confident region(s)	CC BY	0	0	Banja_Luka_Бања_Лука_Bosnia_and_Herzegovina_Босна_и_Херцеговина_-_53033036144.jpg	
File:FK Sarajevo Ferhadiye mağazası soldan gece.jpg	drop	only 1 confident region(s)	CC BY-SA	1	0	FK_Sarajevo_Ferhadiye_mağazası_soldan_gece.jpg	1946
File:Зеница 20190501 102807.jpg	drop	only 0 confident region(s)	CC BY-SA	0	0	Зеница_20190501_102807.jpg	
File:Sarajevo (12).JPG	drop	only 0 confident region(s)	CC BY	0	0	Sarajevo_12_.JPG	
File:Jajce Bell Tower 1.jpg	drop	only 0 confident region(s)	CC BY-SA	0	0	Jajce_Bell_Tower_1.jpg	
File:Зеница 20190815 143415.jpg	drop	only 0 confident region(s)	CC BY-SA	0	0	Зеница_20190815_143415.jpg	
File:Željuša 134943.jpg	keep		CC BY-SA	4	2	Željuša_134943.jpg	Željuša | 60 | Samodanam | ukusa.
File:Banja Luka Бања Лука, Bosnia and Herzegovina Босна и Херцеговина - 53033089664.jpg	drop	only 0 confident region(s)	CC BY	0	0	Banja_Luka_Бања_Лука_Bosnia_and_Herzegovina_Босна_и_Херцеговина_-_53033089664.jpg	
File:Зеница 20190810 165710.jpg	drop	only 0 confident region(s)	CC BY-SA	0	0	Зеница_20190810_165710.jpg	
File:Планина Озрен (33).jpg	drop	only 1 confident region(s)	CC BY-SA	1	0	Планина_Озрен_33_.jpg	MIH
File:West Mostar04997.JPG	drop	only 0 confident region(s)	CC BY-SA	0	0	West_Mostar04997.JPG	
File:Sarajevo Hamdije-Cemerlica 2011-11-12 (2).jpg	drop	only 0 confident region(s)	CC BY-SA	0	0	Sarajevo_Hamdije-Cemerlica_2011-11-12_2_.jpg	
File:Radićeva (8510367545).jpg	drop	only 0 confident region(s)	CC BY	0	0	Radićeva_8510367545_.jpg	
File:Bosnien 3927 (5552347243).jpg	keep		CC BY-SA	3	0	Bosnien_3927_5552347243_.jpg	SRA | SHOP | MARKI
File:Зеница 20190810 164647.jpg	drop	only 0 confident region(s)	CC BY-SA	0	0	Зеница_20190810_164647.jpg	
File:Зеница 20190810 180959.jpg	drop	only 0 confident region(s)	CC BY-SA	0	0	Зеница_20190810_180959.jpg	
File:Зеница 20190810 164410.jpg	drop	only 0 confident region(s)	CC BY-SA	0	0	Зеница_20190810_164410.jpg	
File:Travnik Dikin Sekak.jpg	drop	only 0 confident region(s)	CC BY-SA	0	0	Travnik_Dikin_Sekak.jpg	
File:Dupovci-Bosna-Hersek.JPG	keep		CC0	2	0	Dupovci-Bosna-Hersek.JPG	60 | Dupovci
File:Wwrs7.jpg	drop	only 1 confident region(s)	CC BY-SA	1	0	Wwrs7.jpg	NOBELOVENAGRADE
File:Mostar Peace Bell Tower 01.jpg	keep		CC BY-SA	6	0	Mostar_Peace_Bell_Tower_01.jpg	MostarPeaceBellTower | Mostariensepaciscampanarium | vonik | OSOBNAKARTAZVONIKA | IDENTITYCARDOFTHEBELLTOWER | Mostarski
File:Žuta Tabija, Sarajevo.jpg	keep		CC BY-SA	7	1	Žuta_Tabija_Sarajevo.jpg	SARAJEVO | OFFICIALAUDIOGUIDE | Guide2Sarajevo.com | discoverSarajevo | Žutatabija | YellowBastion | ApoStore
File:Von Hans Jochen Peters gesponsorter Baum in Sarajevo.jpg	drop	only 0 confident region(s)	CC BY-SA	0	0	Von_Hans_Jochen_Peters_gesponsorter_Baum_in_Sarajevo.jpg	
File:Зеница 20180712 221334.jpg	drop	only 0 confident region(s)	CC BY-SA	0	0	Зеница_20180712_221334.jpg	
File:Kazandziluk 02.jpg	drop	only 0 confident region(s)	CC BY-SA	0	0	Kazandziluk_02.jpg	
File:Kralja Tvrtka - panoramio.jpg	keep		CC BY	7	1	Kralja_Tvrtka_-_panoramio.jpg	vožnja | EURO95. | EURO98. | SUPER98. | P | TRAPA | Sigurna
File:Зеница 20230224 162218.jpg	drop	only 0 confident region(s)	CC BY-SA	0	0	Зеница_20230224_162218.jpg	
File:Зеница 20180712 220123.jpg	drop	only 0 confident region(s)	CC BY-SA	0	0	Зеница_20180712_220123.jpg	
File:Ulaz Služanj-Čitluk02324.JPG	drop	only 1 confident region(s)	CC BY-SA	1	1	Ulaz_Služanj-Čitluk02324.JPG	Služanj
File:Sarajevo 20170717 A.jpg	drop	only 0 confident region(s)	CC BY-SA	0	0	Sarajevo_20170717_A.jpg	
File:Old Town Visoko 1.jpg	drop	only 0 confident region(s)	CC BY-SA	0	0	Old_Town_Visoko_1.jpg	
File:Зеница 20180802 095654.jpg	drop	only 0 confident region(s)	CC BY-SA	0	0	Зеница_20180802_095654.jpg	
File:Зеница 20190810 164526.jpg	drop	only 0 confident region(s)	CC BY-SA	0	0	Зеница_20190810_164526.jpg	
File:Зеница 20230223 130536.jpg	drop	only 0 confident region(s)	CC BY-SA	0	0	Зеница_20230223_130536.jpg	
File:Зеница 20190810 164425.jpg	drop	only 0 confident region(s)	CC BY-SA	0	0	Зеница_20190810_164425.jpg	
File:Зеница 20180620 051930.jpg	keep		CC BY-SA	2	0	Зеница_20180620_051930.jpg	ULICA | PEHARE
File:Banja Luka Бања Лука, Bosnia and Herzegovina Босна и Херцеговина - 53033086419.jpg	drop	only 1 confident region(s)	CC BY	1	0	Banja_Luka_Бања_Лука_Bosnia_and_Herzegovina_Босна_и_Херцеговина_-_53033086419.jpg	ANDREA fashion
File:Sarajevo (15).JPG	drop	only 0 confident region(s)	CC BY	0	0	Sarajevo_15_.JPG	
File:Bazar items in Sarajevo.jpg	drop	only 0 confident region(s)	CC BY-SA	0	0	Bazar_items_in_Sarajevo.jpg	
File:Зеница 20180627 110958.jpg	keep		CC BY-SA	3	0	Зеница_20180627_110958.jpg	PHARMACIA | PHARM | transmed
File:Зеница 20190819 160139.jpg	drop	only 0 confident region(s)	CC BY-SA	0	0	Зеница_20190819_160139.jpg	
File:Бањалука 20190605 151005.jpg	drop	only 0 confident region(s)	CC BY-SA	0	0	Бањалука_20190605_151005.jpg	
File:Kameni križ, Široki Brig04663.jpg	drop	only 0 confident region(s)	CC BY-SA	0	0	Kameni_križ_Široki_Brig04663.jpg	
File:Andrićgrad, Višegrad 049.jpg	drop	only 0 confident region(s)	CC BY-SA	0	0	Andrićgrad_Višegrad_049.jpg	
File:Зеница 20190810 164745.jpg	drop	only 1 confident region(s)	CC BY-SA	1	0	Зеница_20190810_164745.jpg	BIH
File:Location of Sarajevo Assassination 賽拉耶佛暗殺處 - panoramio.jpg	keep		CC BY	4	1	Location_of_Sarajevo_Assassination_賽拉耶佛暗殺處_-_panoramio.jpg	GAVRLOPRINCIPJEIZVRŠIOATENTATnA | AUSTROUGARSKOGPRESTOLONASJEDNIKA | FRANCAFERDINANDA[NIEGOVUSUPRUGU | SOFLJU
File:Kosača-fort-Ljubuški02211.JPG	keep		CC BY-SA	13	3	Kosača-fort-Ljubuški02211.JPG	Veliiobor | Obor | Prohodnikuridor | Čutrnju | 20u | LJUBUŠKI | OLDLJUBUŠKIFORT | STARIGRAD | Graditelieka | Vuiticu | Grdrportao | Grad | cjelina
File:Fabrika duvana.jpg	drop	only 0 confident region(s)	CC BY-SA	0	0	Fabrika_duvana.jpg	
File:Gradska promenada Istočno Sarajevo.jpg	drop	only 0 confident region(s)	CC BY-SA	0	0	Gradska_promenada_Istočno_Sarajevo.jpg	
File:Kupres-ulaz01715.jpg	drop	only 1 confident region(s)	CC BY-SA	1	0	Kupres-ulaz01715.jpg	Kupres
File:Зеница 20190810 164823.jpg	drop	only 0 confident region(s)	CC BY-SA	0	0	Зеница_20190810_164823.jpg	
File:Зеница 20230224 125255.jpg	drop	only 0 confident region(s)	CC BY-SA	0	0	Зеница_20230224_125255.jpg	
File:Зеница 20190504 140810.jpg	drop	only 0 confident region(s)	CC BY-SA	0	0	Зеница_20190504_140810.jpg	
File:Зеница 20230223 132139.jpg	drop	only 0 confident region(s)	CC BY-SA	0	0	Зеница_20230223_132139.jpg	
File:Kazandziluk 04.jpg	drop	only 0 confident region(s)	CC BY-SA	0	0	Kazandziluk_04.jpg	
File:Бањалука 20190605 133928.jpg	drop	only 0 confident region(s)	CC BY-SA	0	0	Бањалука_20190605_133928.jpg	
File:Зеница 20230201 122031 cropped.jpg	keep		CC BY-SA	7	0	Зеница_20230201_122031_cropped.jpg	GRAD | 2 | ZENICA | 3 | 5 | Agram | A
File:Зеница 20190810 164512.jpg	drop	only 0 confident region(s)	CC BY-SA	0	0	Зеница_20190810_164512.jpg	
File:Прашнице Зеница 20180625 182205.jpg	drop	only 0 confident region(s)	CC BY-SA	0	0	Прашнице_Зеница_20180625_182205.jpg	
File:Banja Luka Бања Лука, Bosnia and Herzegovina Босна и Херцеговина - 53033304725.jpg	drop	only 1 confident region(s)	CC BY	1	0	Banja_Luka_Бања_Лука_Bosnia_and_Herzegovina_Босна_и_Херцеговина_-_53033304725.jpg	STARAPEKARA
File:Sarajevo, mother of Europe (9487780605).jpg	drop	only 0 confident region(s)	CC BY-SA	0	0	Sarajevo_mother_of_Europe_9487780605_.jpg	
File:Зеница 20190728 224001.jpg	drop	only 0 confident region(s)	CC BY-SA	0	0	Зеница_20190728_224001.jpg	
File:Зеница 20200709 114009.jpg	keep		CC BY-SA	5	0	Зеница_20200709_114009.jpg	Bul. | ULAZ-STUBIS | br.1 | Bana | Kulina
File:Бањалука 20190605 145033.jpg	drop	only 0 confident region(s)	CC BY-SA	0	0	Бањалука_20190605_145033.jpg	
File:Зеница 20190815 145704.jpg	drop	only 0 confident region(s)	CC BY-SA	0	0	Зеница_20190815_145704.jpg	
File:Господска0026.jpg	keep		CC BY-SA	4	0	Господска0026.jpg	NEKTAR | CITADELA | MA | 50
File:Sarajevo, Stojimo uz Ukrajinu 1.jpg	drop	only 0 confident region(s)	CC BY-SA	0	0	Sarajevo_Stojimo_uz_Ukrajinu_1.jpg	
File:20220226 Sarajevo Kyiv.jpg	keep		CC BY-SA	2	1	20220226_Sarajevo_Kyiv.jpg	NEVER | SARAĐEVO
File:Зеница 20190815 143505.jpg	drop	only 0 confident region(s)	CC BY-SA	0	0	Зеница_20190815_143505.jpg	
File:Зеница 20190815 134602.jpg	drop	only 0 confident region(s)	CC BY-SA	0	0	Зеница_20190815_134602.jpg	
File:Зеница 20180620 052039.jpg	drop	only 0 confident region(s)	CC BY-SA	0	0	Зеница_20180620_052039.jpg	
File:Tuzla - Tušanj Stadium 5 (2019).jpg	keep		CC BY-SA	8	1	Tuzla_-_Tušanj_Stadium_5_2019_.jpg	"Javnaustanova | GradskistadionTušanj"" Tuzla | Rudarskabroj2. | Ponedjeljak-Subota:od | 730 | do20 | Nedjelja:od | do16"
File:Višegrajski most-1.JPG	drop	only 1 confident region(s)	CC BY-SA	1	0	Višegrajski_most-1.JPG	OA
File:Defense.gov News Photo 980924-F-3150R-518.jpg	drop	only 0 confident region(s)	PD	0	0	Defense.gov_News_Photo_980924-F-3150R-518.jpg	
File:Kuca laslo ul srpska 87 nkd 045.JPG	drop	only 1 confident region(s)	CC BY-SA	1	0	Kuca_laslo_ul_srpska_87_nkd_045.JPG	facefood
File:Izlaz iz Kupresa01676.jpg	drop	only 1 confident region(s)	CC BY-SA	1	0	Izlaz_iz_Kupresa01676.jpg	Kupres
File:Mostar-damagedhouses-2-2001.jpg	drop	only 1 confident region(s)	CC BY-SA	1	0	Mostar-damagedhouses-2-2001.jpg	900
File:Зеница 20190719 085826.jpg	drop	only 0 confident region(s)	CC BY-SA	0	0	Зеница_20190719_085826.jpg	
File:Velika aleja 27.jpg	drop	only 0 confident region(s)	CC BY-SA	0	0	Velika_aleja_27.jpg	
File:Зеница 20190501 133937.jpg	drop	only 0 confident region(s)	CC BY-SA	0	0	Зеница_20190501_133937.jpg	
File:Aerial photograph of Mostar, 1997.JPEG	drop	only 0 confident region(s)	PD	0	0	Aerial_photograph_of_Mostar_1997.JPEG	
File:Зеница 20180623 174019.jpg	keep		PD	15	0	Зеница_20180623_174019.jpg	ISALON | KOZMETICKI | FRIZERSKO | Ajsun | 'prostor | AVSUN | Kubat | OBRT | poslovr | Bosnjak | USLUZNI | VRIJEME: | Izdvojen | Zenica | RADNO
File:Tuzla - Saint George Serbian Orthodox church 7 (2019).jpg	drop	only 0 confident region(s)	CC BY-SA	0	0	Tuzla_-_Saint_George_Serbian_Orthodox_church_7_2019_.jpg	
File:Зеница 20230223 130252.jpg	drop	only 0 confident region(s)	CC BY-SA	0	0	Зеница_20230223_130252.jpg	
File:Zenica05281.JPG	drop	only 0 confident region(s)	PD	0	0	Zenica05281.JPG	
File:Mostar - Roznamedži Ibrahim-efendije džamija (49033068832).jpg	keep		CC BY	2	0	Mostar_-_Roznamedži_Ibrahim-efendije_džamija_49033068832_.jpg	ROTA | XRa
File:Kod želje - panoramio.jpg	drop	only 1 confident region(s)	CC BY-SA	1	0	Kod_želje_-_panoramio.jpg	0
File:Bulevar Desanke Maksimovic pjesacka i biciklisticka staza.jpg	drop	only 0 confident region(s)	CC BY	0	0	Bulevar_Desanke_Maksimovic_pjesacka_i_biciklisticka_staza.jpg	
File:Зеница 20180712 220038.jpg	drop	only 0 confident region(s)	CC BY-SA	0	0	Зеница_20180712_220038.jpg	
File:Зеница 20190812 200211.jpg	drop	only 1 confident region(s)	CC BY-SA	1	0	Зеница_20190812_200211.jpg	De
File:Богојављенски Храм, Banja Luka Бања Лука, Bosnia and Herzegovina Босна и Херцеговина.jpg	drop	only 0 confident region(s)	CC BY	0	0	Богојављенски_Храм_Banja_Luka_Бања_Лука_Bosnia_and_Herzegovina_Босна_и_Херцеговина.jpg	
File:Зеница 20230220 121427.jpg	keep		CC BY-SA	4	4	Зеница_20230220_121427.jpg	Hadži-Mazićakuća | HajjiMazićshouse | LOKACLE | IOM
File:Kreuzung bihac nov 05.JPG	drop	only 1 confident region(s)	CC BY-SA	1	0	Kreuzung_bihac_nov_05.JPG	caffe
File:Sarajevo Kantonsregierung.jpg	drop	only 0 confident region(s)	CC BY-SA	0	0	Sarajevo_Kantonsregierung.jpg	
File:Зеница - 1909 - чаршија улице Кочева, чаршија које више нема од краја 1968. године, разгледница.jpg	keep		PD	3	1	Зеница_-_1909_-_чаршија_улице_Кочева_чаршија_које_више_нема_од_краја_1968._године_разгледница.jpg	Zenica | Hotevaulica | Kočeva-Strasse
File:Sarajevo Pride Parade Jun 2024 15.jpg	drop	only 0 confident region(s)	CC BY-SA	0	0	Sarajevo_Pride_Parade_Jun_2024_15.jpg	
File:Omarskawiki.jpg	drop	only 0 confident region(s)	PD	0	0	Omarskawiki.jpg	
File:LOVE HUG.jpg	drop	only 0 confident region(s)	CC BY-SA	0	0	LOVE_HUG.jpg	
File:Зеница 20200323 121951.jpg	drop	only 1 confident region(s)	CC BY-SA	1	0	Зеница_20200323_121951.jpg	Rg
File:Zenica, ukazatele.jpg	keep		CC BY	3	0	Zenica_ukazatele.jpg	CENTAR | CENTAR | RMK
File:Зеница 20190728 223951.jpg	drop	only 0 confident region(s)	CC BY-SA	0	0	Зеница_20190728_223951.jpg	
File:Sarajevo Dzemala-Bijedica 2011-11-04 (40).jpg	drop	only 0 confident region(s)	CC BY-SA	0	0	Sarajevo_Dzemala-Bijedica_2011-11-04_40_.jpg	
File:Banja Luka - Saint Sava Alley.JPG	drop	only 0 confident region(s)	CC BY-SA	0	0	Banja_Luka_-_Saint_Sava_Alley.JPG	
File:Thieves of Sarajevo 20220620.jpg	keep		CC BY-SA	4	0	Thieves_of_Sarajevo_20220620.jpg	BEWARE | thieves | and | pickpockets'
File:Sarajevo - Neboderi na Dolac Malti.jpg	drop	only 0 confident region(s)	CC BY-SA	0	0	Sarajevo_-_Neboderi_na_Dolac_Malti.jpg	
File:Зеница 20230222 120114.jpg	drop	only 0 confident region(s)	CC BY-SA	0	0	Зеница_20230222_120114.jpg	
File:Зеница 20230224 180508.jpg	drop	only 0 confident region(s)	CC BY-SA	0	0	Зеница_20230224_180508.jpg	
File:Sarajevo - bags.jpg	drop	only 0 confident region(s)	CC BY-SA	0	0	Sarajevo_-_bags.jpg	
File:Зеница 20180806 181640.jpg	drop	only 1 confident region(s)	CC BY-SA	1	0	Зеница_20180806_181640.jpg	Osimvozila
File:Gorazde-Ustikolina M20 IMG 0605.JPG	keep		CC BY-SA	2	0	Gorazde-Ustikolina_M20_IMG_0605.JPG	Grebak | Kolina
File:Зеница 20190810 163643.jpg	drop	only 0 confident region(s)	CC BY-SA	0	0	Зеница_20190810_163643.jpg	
File:Зеница 20190729 133415.jpg	drop	only 0 confident region(s)	CC BY-SA	0	0	Зеница_20190729_133415.jpg	
File:CIMG4588 (8691636213).jpg	keep		CC BY	4	1	CIMG4588_8691636213_.jpg	Sarajevo | Zenica | Kiseljak | Busovača
File:Зеница 20190810 173606.jpg	drop	only 0 confident region(s)	CC BY-SA	0	0	Зеница_20190810_173606.jpg	
File:Žepa bridge 8.jpg	keep		CC BY-SA	6	0	Žepa_bridge_8.jpg	MOST | MOCT | BRIDGE | NARIJECIZEPI | ONTHERIVERZEPA | Dmenik
File:Зеница 20221230 200117.jpg	drop	only 0 confident region(s)	CC BY-SA	0	0	Зеница_20221230_200117.jpg	
File:Sarajevo, Stojimo uz Ukrajinu 3.jpg	keep		CC BY-SA	7	0	Sarajevo_Stojimo_uz_Ukrajinu_3.jpg	AL | STOJIMO | UZ | UKRAIINU | ARAJEVO | 3 | RAINE
File:Зеница 20200323 121333.jpg	drop	only 1 confident region(s)	CC BY-SA	1	2	Зеница_20200323_121333.jpg	GRAĐEŠE
File:Зеница 20221220 115735.jpg	drop	only 1 confident region(s)	CC BY-SA	1	1	Зеница_20221220_115735.jpg	MAč
File:Зеница 20190815 145838.jpg	drop	only 0 confident region(s)	CC BY-SA	0	0	Зеница_20190815_145838.jpg	
File:Споменик жртвама велеиздајничког процеса- Бања Лука.jpg	drop	only 0 confident region(s)	CC BY-SA	0	0	Споменик_жртвама_велеиздајничког_процеса-_Бања_Лука.jpg	
File:Vrelo Bosne-The source of River Bosnia.jpg	drop	only 0 confident region(s)	CC BY-SA	0	0	Vrelo_Bosne-The_source_of_River_Bosnia.jpg	
File:Sarajevo (16).JPG	drop	only 0 confident region(s)	CC BY	0	0	Sarajevo_16_.JPG	
File:Sarajevo Dr-Fetaha-Becirbegovica 2011-11-03 (3).jpg	drop	only 0 confident region(s)	CC BY-SA	0	0	Sarajevo_Dr-Fetaha-Becirbegovica_2011-11-03_3_.jpg	
File:Зеница 20190810 163700.jpg	drop	only 0 confident region(s)	CC BY-SA	0	0	Зеница_20190810_163700.jpg	
File:Зеница 20190815 145728.jpg	drop	only 0 confident region(s)	CC BY-SA	0	0	Зеница_20190815_145728.jpg	
File:Амбијентална цјелина, ул. Младена Стојановића и Краља Петра.jpg	drop	only 0 confident region(s)	CC BY-SA	0	0	Амбијентална_цјелина_ул._Младена_Стојановића_и_Краља_Петра.jpg	
File:Bosnia RS Trnovo IMG 0971.JPG	drop	only 1 confident region(s)	CC BY-SA	1	0	Bosnia_RS_Trnovo_IMG_0971.JPG	M
File:Зеница 20230112 172441.jpg	drop	only 0 confident region(s)	CC BY-SA	0	0	Зеница_20230112_172441.jpg	
File:Zenica05172.JPG	drop	only 0 confident region(s)	PD	0	0	Zenica05172.JPG	
File:Old Bridge, Stara Ćuprija bridge, Konjic.jpg	drop	only 0 confident region(s)	CC BY-SA	0	0	Old_Bridge_Stara_Ćuprija_bridge_Konjic.jpg	
File:Зеница 20190819 160051.jpg	drop	only 0 confident region(s)	CC BY-SA	0	0	Зеница_20190819_160051.jpg	
File:Mostar7.JPG	drop	only 0 confident region(s)	CC BY-SA	0	0	Mostar7.JPG	
File:20200423 174525 Aleja Ambasadora.jpg	drop	only 0 confident region(s)	CC BY-SA	0	0	20200423_174525_Aleja_Ambasadora.jpg	
File:Зеница 20180712 220206.jpg	drop	only 0 confident region(s)	CC BY-SA	0	0	Зеница_20180712_220206.jpg	
File:Зеница 20230104 140939.jpg	drop	only 1 confident region(s)	CC BY-SA	1	0	Зеница_20230104_140939.jpg	PRAVDA
File:Rudo – Partizansko groblje 02.jpg	keep		CC BY-SA	9	1	Rudo_Partizansko_groblje_02.jpg	DOL | SSASTAVPRVEPROLETERSKE | BRIGADENAOVOMMESTU | SUSE20XIIIO4IPRVIPUT | 0SLOBODILAČKOM | RATU | SRELI | SRPSKI | CRNOGORSKIPARTIZANI
File:Зеница 20230104 140843.jpg	drop	only 0 confident region(s)	CC BY-SA	0	0	Зеница_20230104_140843.jpg	
File:Зеница 20230224 180743.jpg	drop	only 0 confident region(s)	CC BY-SA	0	0	Зеница_20230224_180743.jpg	
File:Зеница 20180802 100252.jpg	drop	only 0 confident region(s)	CC BY-SA	0	0	Зеница_20180802_100252.jpg	
File:Velika aleja 16.jpg	drop	only 0 confident region(s)	CC BY-SA	0	0	Velika_aleja_16.jpg	
File:Skretanje za Tihaljinu i Drinovce,u Sovićima02271.JPG	drop	only 1 confident region(s)	CC BY-SA	1	0	Skretanje_za_Tihaljinu_i_Drinovce_u_Sovićima02271.JPG	Imotski
File:Зеница 20230104 131219.jpg	drop	only 0 confident region(s)	CC BY-SA	0	0	Зеница_20230104_131219.jpg	
File:Mostar Ruined Office Building 2009 1.jpg	drop	only 0 confident region(s)	CC BY-SA	0	0	Mostar_Ruined_Office_Building_2009_1.jpg	
File:Sarajevo Stadion.JPG	drop	only 0 confident region(s)	CC BY-SA	0	0	Sarajevo_Stadion.JPG	
File:Зеница 20230215 084757 cropped.jpg	drop	only 0 confident region(s)	CC BY-SA	0	0	Зеница_20230215_084757_cropped.jpg	
File:Travnik 0487.jpg	drop	only 0 confident region(s)	CC BY-SA	0	0	Travnik_0487.jpg	
File:Зеница 20221220 100534.jpg	drop	only 0 confident region(s)	CC BY-SA	0	0	Зеница_20221220_100534.jpg	
File:Зеница 20190729 133403.jpg	drop	only 0 confident region(s)	CC BY-SA	0	0	Зеница_20190729_133403.jpg	
File:2014-08-05 10-00-35 Вишеград.jpg	drop	only 0 confident region(s)	CC BY-SA	0	0	2014-08-05_10-00-35_Вишеград.jpg	
File:Green Paradise - Višegrad, Bosnia and Herzegovina (55053359183).jpg	drop	only 0 confident region(s)	CC BY-SA	0	0	Green_Paradise_-_Višegrad_Bosnia_and_Herzegovina_55053359183_.jpg	
File:Photo-tour Višegrad 07.jpg	drop	only 0 confident region(s)	CC BY-SA	0	0	Photo-tour_Višegrad_07.jpg	
File:Visoko čaršijska.jpg	drop	only 1 confident region(s)	CC0	1	0	Visoko_čaršijska.jpg	30
File:Зеница 20191016 142110.jpg	drop	only 0 confident region(s)	CC BY-SA	0	0	Зеница_20191016_142110.jpg	
File:Зеница 20190509 171130.jpg	drop	only 0 confident region(s)	CC BY-SA	0	0	Зеница_20190509_171130.jpg	
File:Бања Дворови (13).jpg	keep		CC BY-SA	5	0	Бања_Дворови_13_.jpg	BANJADVOROVI | IZVORTERMO-MINERALNEVODE | TEMPERATURA | DUBINA | SASTAV
File:Прашнице Зеница 20180625 182326.jpg	drop	only 0 confident region(s)	CC BY-SA	0	0	Прашнице_Зеница_20180625_182326.jpg	
File:East Mostar05473.JPG	drop	no region with 3+ letters	CC BY-SA	2	1	East_Mostar05473.JPG	dm | đm
File:Зеница 20230223 141443.jpg	drop	only 0 confident region(s)	CC BY-SA	0	0	Зеница_20230223_141443.jpg	
File:Šbrijeg02337.JPG	drop	only 0 confident region(s)	CC BY-SA	0	0	Šbrijeg02337.JPG	
File:Зеница 20190713 130805.jpg	drop	only 0 confident region(s)	CC BY-SA	0	0	Зеница_20190713_130805.jpg	
File:Зеница 20180705 073811.jpg	drop	only 0 confident region(s)	CC BY-SA	0	0	Зеница_20180705_073811.jpg	
File:Зеница 20200709 122059.jpg	drop	only 0 confident region(s)	CC BY-SA	0	0	Зеница_20200709_122059.jpg	
File:Kazandziluk 05.jpg	drop	only 0 confident region(s)	CC BY-SA	0	0	Kazandziluk_05.jpg	
File:Зеница 20180628 133959.jpg	drop	only 0 confident region(s)	CC BY-SA	0	0	Зеница_20180628_133959.jpg	
File:Spanski tr.jpg	drop	only 0 confident region(s)	CC BY-SA	0	0	Spanski_tr.jpg	
File:Зеница 20190811 115831.jpg	drop	only 0 confident region(s)	CC BY-SA	0	0	Зеница_20190811_115831.jpg	
File:Bradina.JPG	drop	only 1 confident region(s)	CC BY-SA	1	0	Bradina.JPG	Bradina
File:Old driver's license of Yugoslavia - page 26-27.jpg	keep		PD	6	8	Old_driver_s_license_of_Yugoslavia_-_page_26-27.jpg	26 | 27 | Tračnice(Šine)saogradom(đermom) | Raskršće. | Serpentine,(savijuci,zavoji) | Tračnice(šine)bezograde,(đerma)
File:ZenicaPjesackaZona.jpg	drop	only 0 confident region(s)	PD	0	0	ZenicaPjesackaZona.jpg	
File:Зеница 20190820 171317.jpg	drop	only 0 confident region(s)	PD	0	0	Зеница_20190820_171317.jpg	
File:West Mostar05531.JPG	drop	only 0 confident region(s)	CC BY-SA	0	0	West_Mostar05531.JPG	
File:Mostar - Bosnia - Ruined Building - 3.jpg	drop	only 1 confident region(s)	CC BY-SA	1	1	Mostar_-_Bosnia_-_Ruined_Building_-_3.jpg	željko
File:Trebinje, příjezd do města.jpg	drop	only 1 confident region(s)	CC BY	1	0	Trebinje_příjezd_do_města.jpg	Trebinje
File:West Mostar05016.JPG	drop	only 0 confident region(s)	CC BY-SA	0	0	West_Mostar05016.JPG	
File:Mostar Bazar.jpg	drop	only 1 confident region(s)	CC BY-SA	1	0	Mostar_Bazar.jpg	ECAVE
File:Gospodska i sat.jpg	keep		CC BY-SA	3	0	Gospodska_i_sat.jpg	27X1969 | OFFICE | OFFICE
File:Sarajevo Siege Part IV.jpg	drop	only 1 confident region(s)	CC BY-SA	1	0	Sarajevo_Siege_Part_IV.jpg	1
File:Зеница 20190815 143458.jpg	drop	only 0 confident region(s)	CC BY-SA	0	0	Зеница_20190815_143458.jpg	
File:Зеница 20221230 225537.jpg	drop	only 0 confident region(s)	CC BY-SA	0	0	Зеница_20221230_225537.jpg	
File:Зеница 20190812 231131.jpg	drop	only 0 confident region(s)	CC BY-SA	0	0	Зеница_20190812_231131.jpg	
File:Principovo vrelo.jpg	keep		PD	2	0	Principovo_vrelo.jpg	1894.TO4 | B.Tpaxobo
File:Бањалука 20190605 145037.jpg	keep		CC BY-SA	5	0	Бањалука_20190605_145037.jpg	Partnerg | Partn | NEKRETNINE | NEKRET | bosk
File:Прашнице Зеница 20180625 182108.jpg	drop	only 0 confident region(s)	CC BY-SA	0	0	Прашнице_Зеница_20180625_182108.jpg	
File:Зеница 20230104 140533.jpg	drop	only 0 confident region(s)	CC BY-SA	0	0	Зеница_20230104_140533.jpg	
File:Kastel u ogledalu 2.JPG	drop	only 0 confident region(s)	CC BY-SA	0	0	Kastel_u_ogledalu_2.JPG	
File:Franciscan church Mostar.jpg	keep		CC BY-SA	4	0	Franciscan_church_Mostar.jpg	Dubrovnik | Split | Sarajevo | HOTEL
File:Зеница 20190819 160202.jpg	drop	only 0 confident region(s)	CC BY-SA	0	0	Зеница_20190819_160202.jpg	
File:Зеница 20190509 133314.jpg	drop	only 0 confident region(s)	CC BY-SA	0	0	Зеница_20190509_133314.jpg	
File:Sarajevo (2675346012).jpg	drop	only 0 confident region(s)	CC BY	0	0	Sarajevo_2675346012_.jpg	
File:Ilidža Velika aleja 1.jpg	drop	only 0 confident region(s)	CC BY-SA	0	0	Ilidža_Velika_aleja_1.jpg	
File:Minsko polje kod Grebnica.jpg	keep		CC BY-SA	2	0	Minsko_polje_kod_Grebnica.jpg	MINE | MINE
File:Зеница 20190119 150428.jpg	drop	only 0 confident region(s)	CC BY-SA	0	0	Зеница_20190119_150428.jpg	
File:Banjaluka 20028.jpg	drop	only 0 confident region(s)	PD	0	0	Banjaluka_20028.jpg	
File:Mostar , Dit prachtige gebouw in de nabijheid van kapotgeschoten huizen van 1993 - panoramio.jpg	drop	only 0 confident region(s)	CC BY	0	0	Mostar_Dit_prachtige_gebouw_in_de_nabijheid_van_kapotgeschoten_huizen_van_1993_-_panoramio.jpg	
File:Зеница 20230201 122011 cropped.jpg	keep		CC BY-SA	7	0	Зеница_20230201_122011_cropped.jpg	Iz | I | GRAD | 2 | ZENICA | 3 | Agram
File:Croatia P8165302raw (3943309253).jpg	keep		CC BY	6	1	Croatia_P8165302raw_3943309253_.jpg	DOBRODOŠLIUBOSNU | HERCEGOVINU | NEUM | HEYM | WELCOMETOBOSNIAANDHERZEGOVINA | NEUM
File:Зеница 20180727 130241.jpg	drop	only 0 confident region(s)	CC BY-SA	0	0	Зеница_20180727_130241.jpg	
File:Лонџа Зеница 20180625 184621.jpg	drop	only 0 confident region(s)	CC BY-SA	0	0	Лонџа_Зеница_20180625_184621.jpg	
File:Ljubuški-ulaz.jpg	drop	only 0 confident region(s)	CC BY	0	0	Ljubuški-ulaz.jpg	
File:Зеница 20230215 084810 cropped.jpg	drop	only 0 confident region(s)	CC BY-SA	0	0	Зеница_20230215_084810_cropped.jpg	
File:Mine warning in Bosnia.JPG	drop	only 0 confident region(s)	CC BY-SA	0	0	Mine_warning_in_Bosnia.JPG	
File:Зеница 20191016 142034.jpg	drop	only 0 confident region(s)	CC BY-SA	0	0	Зеница_20191016_142034.jpg	
File:Du côté du marché -ZENICA (BiH).JPG	drop	only 0 confident region(s)	PD	0	0	Du_côté_du_marché_-ZENICA_BiH_.JPG	
File:Зеница 20190810 173650.jpg	drop	only 0 confident region(s)	CC BY-SA	0	0	Зеница_20190810_173650.jpg	
File:Господска улица (11).jpg	drop	only 0 confident region(s)	CC BY-SA	0	0	Господска_улица_11_.jpg	
File:Зеница 20190810 164147.jpg	keep		CC BY-SA	2	0	Зеница_20190810_164147.jpg	SERIE | OLSUN
File:Hreša 125713.jpg	keep		CC BY-SA	2	1	Hreša_125713.jpg	Xpeua | Hreša
File:Зеница 20180623 170622.jpg	keep		CC BY-SA	3	0	Зеница_20180623_170622.jpg	RADNO | suzota | 14,00
File:The old Vratnik fort map.JPG	keep		CC BY-SA	13	3	The_old_Vratnik_fort_map.JPG	NationalMonument | Postojeće | Eristigramparts | Nekadašnjeziđine | Formtrraparts | STARIGRADVRATNIK | OLDVRATNIKFORT | Graditeljskacjelina | Architecturalensamble | 16 | rin | h | USAID
File:Sarajevo Cathedral 01.jpg	keep		CC BY-SA	11	0	Sarajevo_Cathedral_01.jpg	Gra | SARAJEVO | OFFICIALAUDIOGUIDE | Guide2Sarajevo.com | AllyouneedtodiscoverSarajevo | DOWMLOAD | Katedrala SrcaIsusova | SacredHeartCathedral | Google | AppStore | Play
File:Зеница 20190811 114505.jpg	drop	only 0 confident region(s)	CC BY-SA	0	0	Зеница_20190811_114505.jpg	
File:Зеница 20180628 134018.jpg	drop	only 0 confident region(s)	CC BY-SA	0	0	Зеница_20180628_134018.jpg	
File:Sarajevo (8745448096).jpg	keep		CC BY	19	0	Sarajevo_8745448096_.jpg	OFGAZI | HUSREV-BEGCOUOSARD | YOU | FOLLOWING: | PURCHASEOFMOSOUO | INFORMATION,TICKET | ANDPLEASEGOTOTHE | FOR | HISTORYOFTHEWAOF | ba | ONTHE | ArE | MOSQUE | ASk | MERCHANOISE | RELATED | OFFICE | SALES | vakuf-gazi.
File:Зеница 20190729 133650.jpg	drop	only 0 confident region(s)	CC BY-SA	0	0	Зеница_20190729_133650.jpg	
File:Sarajevo Energonvest 2011-10-19.jpg	drop	only 1 confident region(s)	CC BY-SA	1	0	Sarajevo_Energonvest_2011-10-19.jpg	SIEMENS
File:Sarajevo - Azize Šaćirbegović.jpg	drop	only 0 confident region(s)	CC BY-SA	0	0	Sarajevo_-_Azize_Šaćirbegović.jpg	
File:Vraca, Sarajevo, Bosnia and Herzegovina - panoramio (1).jpg	keep		CC BY-SA	4	0	Vraca_Sarajevo_Bosnia_and_Herzegovina_-_panoramio_1_.jpg	B | HEIIIKOOK | PERFORMANCETIRES | 3
File:Зеница 20180802 102345.jpg	drop	only 0 confident region(s)	CC BY-SA	0	0	Зеница_20180802_102345.jpg	
File:Gobelje 133914.jpg	drop	only 1 confident region(s)	CC BY-SA	1	0	Gobelje_133914.jpg	Gobelje
File:Velika aleja 22.jpg	drop	only 0 confident region(s)	CC BY-SA	0	0	Velika_aleja_22.jpg	
File:Зеница 20190728 180449.jpg	drop	only 0 confident region(s)	CC BY-SA	0	0	Зеница_20190728_180449.jpg	
File:Kosača-fort-Ljubuški02210.JPG	keep		CC BY-SA	63	9	Kosača-fort-Ljubuški02210.JPG	Velikiobor | Buiding,purposeunknown | Largebailey | Catrnja | Tabija | Cigtern | Bastion | Obor | Kula | Prohodnikoridor | Inerentrance | Obor | Bailey | BulaHerceguša | Catrnja | TowerHerceguša | Cigtern | nutragnjiulaz | Kula | Innerentrance | 10 | Tower | Ulaz | Eutrance | STARIGRADLJUBUŠKI | OLD
File:Radićeva (8511477112).jpg	drop	only 0 confident region(s)	CC BY	0	0	Radićeva_8511477112_.jpg	
File:Зеница 20230104 140402.jpg	drop	only 0 confident region(s)	CC BY-SA	0	0	Зеница_20230104_140402.jpg	
File:Mostar, casco antiguo 25.jpg	keep		CC BY-SA	2	0	Mostar_casco_antiguo_25.jpg	Bull | L
File:Господска улица 2.jpg	keep		CC BY-SA	2	0	Господска_улица_2.jpg	uventa | venla
File:Споменик жртвама велеиздајничког процеса.jpg	drop	only 0 confident region(s)	CC BY-SA	0	0	Споменик_жртвама_велеиздајничког_процеса.jpg	
File:Зеница 20190810 165122.jpg	drop	only 0 confident region(s)	CC BY-SA	0	0	Зеница_20190810_165122.jpg	
File:Velika aleja 15.jpg	drop	only 0 confident region(s)	CC BY-SA	0	0	Velika_aleja_15.jpg	
File:Зеница 20190811 114543.jpg	drop	only 0 confident region(s)	CC BY-SA	0	0	Зеница_20190811_114543.jpg	
File:Mariborski šolarji na poti iz šole 1956.jpg	drop	only 0 confident region(s)	PD	0	0	Mariborski_šolarji_na_poti_iz_šole_1956.jpg	
File:Зеница 20190815 135022.jpg	drop	only 0 confident region(s)	CC BY-SA	0	0	Зеница_20190815_135022.jpg	
File:Зеница 20190810 164616.jpg	drop	only 0 confident region(s)	CC BY-SA	0	0	Зеница_20190810_164616.jpg	
File:Zenica05286.JPG	drop	only 0 confident region(s)	PD	0	0	Zenica05286.JPG	
File:Зеница 20180802 093336.jpg	drop	only 0 confident region(s)	CC BY-SA	0	0	Зеница_20180802_093336.jpg	
File:Travnik Poturmahala1.jpg	drop	only 0 confident region(s)	CC BY-SA	0	0	Travnik_Poturmahala1.jpg	
File:Walled royal town of Bobovac.jpg	keep		CC BY-SA	43	6	Walled_royal_town_of_Bobovac.jpg	Grad | Vis | Buc | Vis | BraniekulanaVisu | BranietoweratVis | Trggacisternom | Franjevačkapalaca | Tprcauuctephom | Squarewithcistern | Franciscanpalace | KompleksnaCrkvici | Pomoćniobjekt | ThecomplexatCrkvica | Outbuilding | Okruglakula | Velikacrkva | Roundtower | Greatchurch | Grobnakapela | To
File:Sarajevo Socijalno 2011-11-11 (3).jpg	drop	only 0 confident region(s)	CC BY-SA	0	0	Sarajevo_Socijalno_2011-11-11_3_.jpg	
File:Зеница 20180628 072950.jpg	drop	only 1 confident region(s)	CC BY-SA	1	0	Зеница_20180628_072950.jpg	auvjje
File:Зеница 20180628 084835.jpg	drop	only 0 confident region(s)	CC BY-SA	0	0	Зеница_20180628_084835.jpg	
File:Delijaš.jpg	drop	only 1 confident region(s)	CC BY-SA	1	1	Delijaš.jpg	Delijaš
File:Buiobuione-Border-between-Bosnia-and -Herzegovina-and -Republika Srpska.jpg	keep		CC BY-SA	3	0	Buiobuione-Border-between-Bosnia-and_-Herzegovina-and_-Republika_Srpska.jpg	TO REPUBLECOFSRPSKA | 70 | CPICKY
File:Glavni-most-slavlje09052.JPG	drop	only 0 confident region(s)	PD	0	0	Glavni-most-slavlje09052.JPG	
File:Mostar14BIH58.JPG	drop	only 0 confident region(s)	CC BY-SA	0	0	Mostar14BIH58.JPG	
File:Velika aleja 26.jpg	drop	only 0 confident region(s)	CC BY-SA	0	0	Velika_aleja_26.jpg	
File:Kravica waterfalls 2019-08-24 - 1 2.jpg	keep		CC BY-SA	5	0	Kravica_waterfalls_2019-08-24_-_1_2.jpg	OBAULJAMJE | UJERSKIHOBREDA | PROHIBITEDEROM | PERFORMIIMG | RELIGIOUSRITES
File:Bosanska Krupa (3) (cropped).jpg	drop	only 0 confident region(s)	CC BY-SA	0	0	Bosanska_Krupa_3_cropped_.jpg	
File:Bosnian war collateral.JPG	keep		CC BY-SA	4	0	Bosnian_war_collateral.JPG	Tranzit | Beograd | BanjaLuku | enica
File:Republica Srpska Banja Luka David Dragicevic landscape.jpg	drop	only 0 confident region(s)	CC BY	0	0	Republica_Srpska_Banja_Luka_David_Dragicevic_landscape.jpg	
File:Zenica 20230325 085850.jpg	drop	only 0 confident region(s)	CC0	0	0	Zenica_20230325_085850.jpg	
File:Mostar-damagedhouses-1-2001.jpg	keep		CC BY-SA	9	1	Mostar-damagedhouses-1-2001.jpg	PROJEKAT2000 | VratimoživotBulevaru- | -RASVJETA1SEMAFORI | DONATOR: | HOLANDSKAVLADA | IMPLEMENTATOR: | MOSTAR | NADZOR: | GRADSKAUPRAVA
File:Зеница 20191017 185133.jpg	drop	only 0 confident region(s)	CC BY-SA	0	0	Зеница_20191017_185133.jpg	
File:Зеница 20190501 133932.jpg	drop	only 0 confident region(s)	CC BY-SA	0	0	Зеница_20190501_133932.jpg	
File:Stara Gimnazija Mostar.JPG	drop	only 0 confident region(s)	CC BY-SA	0	0	Stara_Gimnazija_Mostar.JPG	
File:Tuzla - Trnovac Groblje 7 (2019).jpg	keep		CC BY-SA	2	0	Tuzla_-_Trnovac_Groblje_7_2019_.jpg	V | BAC
File:Зеница 20180712 215939.jpg	drop	only 0 confident region(s)	CC BY-SA	0	0	Зеница_20180712_215939.jpg	
File:Зеница 20190815 144553.jpg	drop	only 0 confident region(s)	CC BY-SA	0	0	Зеница_20190815_144553.jpg	
File:Sarajevo 201102 (5456726770).jpg	drop	only 1 confident region(s)	CC BY-SA	1	0	Sarajevo_201102_5456726770_.jpg	USEL
File:Radio Uskoplje.JPG	drop	only 1 confident region(s)	CC BY-SA	1	0	Radio_Uskoplje.JPG	USKOPLJE
File:Photo Exhibition Trebinje 01.jpg	drop	only 1 confident region(s)	CC BY-SA	1	0	Photo_Exhibition_Trebinje_01.jpg	Welcome
File:Зеница 20190812 131154.jpg	drop	only 0 confident region(s)	CC BY-SA	0	0	Зеница_20190812_131154.jpg	
File:Зеница 20190728 180429.jpg	drop	only 0 confident region(s)	CC BY-SA	0	0	Зеница_20190728_180429.jpg	
File:Прашнице Зеница 20180625 182646.jpg	drop	only 0 confident region(s)	CC BY-SA	0	0	Прашнице_Зеница_20180625_182646.jpg	
File:Зеница 20190810 164444.jpg	drop	only 0 confident region(s)	CC BY-SA	0	0	Зеница_20190810_164444.jpg	
File:Trnovo RS north Bogatići IMG 1009.jpg	keep		CC BY-SA	2	0	Trnovo_RS_north_Bogatići_IMG_1009.jpg	TO REPUBLICOF SRPSKA | ARBWELCOME
File:Зеница 20230104 132712.jpg	drop	only 0 confident region(s)	CC BY-SA	0	0	Зеница_20230104_132712.jpg	
File:Sarajevo rationalist building, Radiceva.jpg	drop	only 0 confident region(s)	CC BY-SA	0	0	Sarajevo_rationalist_building_Radiceva.jpg	
File:ParkRavne6.jpg	keep		CC BY-SA	17	6	ParkRavne6.jpg	park'Ravne2' | Vijeće | značajazaOpćinuVisoko | parkomod | Općine | poslove | katastarnekretnina | Visokoje | 03/1- | 23-2-199/17od31.01,2018. | saglasnost | 03/1- | -23-3-76/18od05.03.2019. | Građevinskusaglasnostbroj: | proglasilo | broj: | Urbanističku
File:Skretanje za Tihaljinu i Drinovce,Sovići, Grude90342.JPG	keep		CC BY-SA	6	4	Skretanje_za_Tihaljinu_i_Drinovce_Sovići_Grude90342.JPG	Grude | Tihaljina | Drinovci | Rodnakuća | braćeŠimića | Jezero Krenica
File:Sarajevo Socijalno 2011-11-11.jpg	keep		CC BY-SA	2	0	Sarajevo_Socijalno_2011-11-11.jpg	UniCreditBank | hali
File:1. (184).jpg	drop	only 0 confident region(s)	CC BY-SA	0	0	1._184_.jpg	
File:Minewarning in Bosnia and Herzegowina.jpg	keep		CC BY-SA	2	2	Minewarning_in_Bosnia_and_Herzegowina.jpg	RIZIČNOPODRUČJE! | BOSNAEHERCEGOVINA
File:Зеница 20230104 140911.jpg	drop	only 0 confident region(s)	CC BY-SA	0	0	Зеница_20230104_140911.jpg	
File:Razglednica Maribora 1963.jpg	drop	only 0 confident region(s)	PD	0	0	Razglednica_Maribora_1963.jpg	
File:BosnaPonosna 0061.jpg	drop	only 0 confident region(s)	CC0	0	0	BosnaPonosna_0061.jpg	
File:Night in Ferhadija.jpg	keep		CC BY	2	0	Night_in_Ferhadija.jpg	BEBA | KUD
File:Stolac.JPG	drop	only 0 confident region(s)	CC BY-SA	0	0	Stolac.JPG	
File:Bulevar - panoramio - lienyuan lee.jpg	drop	only 0 confident region(s)	CC BY	0	0	Bulevar_-_panoramio_-_lienyuan_lee.jpg	
File:Ul Kralja Petra I Karađorđevića BL.jpg	drop	only 0 confident region(s)	CC BY	0	0	Ul_Kralja_Petra_I_Karađorđevića_BL.jpg	
File:Hrupjela.jpg	drop	only 1 confident region(s)	CC BY-SA	1	0	Hrupjela.jpg	nej
File:Sarajevo Azize-Sacirbegovic 2011-11-05.jpg	drop	no region with 3+ letters	CC BY-SA	2	0	Sarajevo_Azize-Sacirbegovic_2011-11-05.jpg	o | Le
File:Зеница 20190815 150226.jpg	drop	only 1 confident region(s)	CC BY-SA	1	0	Зеница_20190815_150226.jpg	STOP
File:Bosnia IMG 9562 srpska border sarajevo-pale.JPG	keep		CC BY-SA	2	0	Bosnia_IMG_9562_srpska_border_sarajevo-pale.JPG	WELCOME | TOREPUBLICOFSRPSKA
File:Zenica05279.JPG	drop	only 0 confident region(s)	PD	0	0	Zenica05279.JPG	
File:Ulaz u općinu Grude iz Imotskog02258.JPG	keep		CC BY-SA	4	3	Ulaz_u_općinu_Grude_iz_Imotskog02258.JPG	ZAPADNOHERCEGOVAČKAŽUPANIJA | OPĆINAGRUDE | prijatelji | COMUNEDIBALDISSEROTORINESE
File:Banja Luka April 2011 (5645035041).jpg	drop	only 0 confident region(s)	CC BY-SA	0	0	Banja_Luka_April_2011_5645035041_.jpg	
File:Banja Luka April 2011 (5645600818).jpg	drop	only 0 confident region(s)	CC BY-SA	0	0	Banja_Luka_April_2011_5645600818_.jpg	
File:Господска улица Бања Лука.jpg	keep		CC BY-SA	2	0	Господска_улица_Бања_Лука.jpg	Juventa | luventa
File:Зеница 20180802 102617.jpg	drop	only 0 confident region(s)	CC BY-SA	0	0	Зеница_20180802_102617.jpg	
File:Dans la vieille ville - A1570.jpg	drop	only 0 confident region(s)	CC0	0	0	Dans_la_vieille_ville_-_A1570.jpg	
File:Sarajevo, Stojimo uz Ukrajinu, Velma Šarić.jpg	drop	only 0 confident region(s)	CC BY-SA	0	0	Sarajevo_Stojimo_uz_Ukrajinu_Velma_Šarić.jpg	
File:Zenica 2006 1.jpg	drop	only 0 confident region(s)	CC BY-SA	0	0	Zenica_2006_1.jpg	
File:Зеница 20190427 191013.jpg	keep		CC BY-SA	3	0	Зеница_20190427_191013.jpg	501 | MODNI | ALON
File:Sarajevo Dzemala-Bijedica 2011-11-04 (15).jpg	keep		CC BY-SA	5	1	Sarajevo_Dzemala-Bijedica_2011-11-04_15_.jpg	OPĆINA | NOVIGRAD SARAJEVO | ZABRANJEN | PRISTUPIDEVASTACIJA | LOKALITETA
File:Sarajevo (49095464546).jpg	drop	only 1 confident region(s)	CC BY	1	0	Sarajevo_49095464546_.jpg	buybook
File:Зеница 20180628 102211.jpg	keep		CC BY-SA	5	0	Зеница_20180628_102211.jpg	PETAN | Ne | topkate | U | mrok
File:JuMostarStraße.jpg	drop	only 0 confident region(s)	CC BY-SA	0	0	JuMostarStraße.jpg	
File:Sarajevo jidelnicek.jpg	keep		CC BY-SA	45	8	Sarajevo_jidelnicek.jpg	KLIMATIZIRANO | PL | STEAK | SCHNITZLE | VEAL | SWEETBREAD | VEAL | LIVER | FLEĆI | CHICKENFILET | TELEĆTEIE | VEALFLLET | NA | GRILLED | BEEESIENK | ELAGO | SITNI | ČEVAP | LONAC | BOSNIANIZOTPOT | STUFFEDSČURCABBAGELEAVES | SOGAN | DOLIA | STUFFEDONION | STUOFEDCAPSIČAN | BEYS | GRAH | BEANS | ĆUE
File:Hand disinfection Sarajevo.jpg	drop	only 1 confident region(s)	CC BY-SA	1	0	Hand_disinfection_Sarajevo.jpg	OSJETI
File:Бањалука 20190605 144744.jpg	keep		CC BY-SA	6	0	Бањалука_20190605_144744.jpg	Addiko | Bank | Addiko | Bank | asna | Gdjeje2+2-4
File:Зеница 20180712 220053.jpg	drop	only 0 confident region(s)	CC BY-SA	0	0	Зеница_20180712_220053.jpg	
File:Bobovac 0350.jpg	drop	only 1 confident region(s)	CC BY	1	0	Bobovac_0350.jpg	108M
File:West Mostar.6990.JPG	drop	only 0 confident region(s)	CC BY-SA	0	0	West_Mostar.6990.JPG	
File:Зеница 20190810 163712.jpg	drop	only 0 confident region(s)	CC BY-SA	0	0	Зеница_20190810_163712.jpg	
File:Зеница 20180620 052951.jpg	drop	only 0 confident region(s)	CC BY-SA	0	0	Зеница_20180620_052951.jpg	
File:Bulevar v. Petra Bojovica.jpg	drop	only 0 confident region(s)	CC BY	0	0	Bulevar_v._Petra_Bojovica.jpg	
File:West Mostar05012.JPG	drop	only 0 confident region(s)	CC BY-SA	0	0	West_Mostar05012.JPG	
File:Kameni križ u središtu Širokog Brijega 04664.jpg	drop	only 0 confident region(s)	CC BY-SA	0	0	Kameni_križ_u_središtu_Širokog_Brijega_04664.jpg	
File:Зеница 20190819 094343.jpg	drop	only 0 confident region(s)	CC BY-SA	0	0	Зеница_20190819_094343.jpg	
File:Зеница 20190815 144845.jpg	drop	only 0 confident region(s)	CC BY-SA	0	0	Зеница_20190815_144845.jpg	
File:Mostar14BIH79.JPG	drop	only 0 confident region(s)	CC BY-SA	0	0	Mostar14BIH79.JPG	
File:Sarajevo -Zgrada Zemaljskog vakufa.jpg	drop	only 0 confident region(s)	CC BY-SA	0	0	Sarajevo_-Zgrada_Zemaljskog_vakufa.jpg	
File:Sarajevo southwest Hadzici IMG 1179 hwy A-1.JPG	drop	only 1 confident region(s)	CC BY-SA	1	0	Sarajevo_southwest_Hadzici_IMG_1179_hwy_A-1.JPG	twi
File:Господска улица 1.jpg	drop	only 0 confident region(s)	CC BY-SA	0	0	Господска_улица_1.jpg	
File:Blizanci, vinohrady.jpg	keep		CC BY	2	0	Blizanci_vinohrady.jpg	Blizanci | Kamenivinogradi
File:Zenica 2006 2.jpg	drop	only 0 confident region(s)	CC BY-SA	0	0	Zenica_2006_2.jpg	
File:Sarajevo Dzemala-Bijedica 2011-11-04 (37).jpg	keep		CC BY-SA	21	5	Sarajevo_Dzemala-Bijedica_2011-11-04_37_.jpg	ŠKAFA | ŠKAFA | IISPRAT | MAJVEĆA | NJEMAČKAFITALIJANSKA | IJEČIJA | G | AR | D | ER | 0 | B | A | IGRAONICAUBih | 100.000 | ARTIKALA | KREDIT | gorenje | 12mjeseci | AurA | bijela
File:Зеница 20180712 231459.jpg	drop	only 1 confident region(s)	CC BY-SA	1	0	Зеница_20180712_231459.jpg	0+377
File:Sarajevo Bosnie Herzegovine O (137557803).jpeg	drop	only 0 confident region(s)	CC BY	0	0	Sarajevo_Bosnie_Herzegovine_O_137557803_.jpeg	
File:Зеница 20190815 145907.jpg	drop	only 1 confident region(s)	CC BY-SA	1	0	Зеница_20190815_145907.jpg	FRIZERSKI
File:Зеница 20190810 163734.jpg	drop	only 0 confident region(s)	CC BY-SA	0	0	Зеница_20190810_163734.jpg	
File:Зеница 20190815 150216.jpg	drop	only 1 confident region(s)	CC BY-SA	1	0	Зеница_20190815_150216.jpg	ATACO
File:Зеница 20190810 164205.jpg	drop	only 0 confident region(s)	CC BY-SA	0	0	Зеница_20190810_164205.jpg	
File:PC 96.jpg	drop	only 0 confident region(s)	PD	0	0	PC_96.jpg	
File:Зеница 20190810 164907.jpg	drop	flat colour (3671 shades): a drawing, not a photograph	CC BY-SA	0	0	Зеница_20190810_164907.jpg	
File:Зеница 20191017 185101.jpg	drop	only 0 confident region(s)	CC BY-SA	0	0	Зеница_20191017_185101.jpg	
File:Velika aleja 12.jpg	drop	only 0 confident region(s)	CC BY-SA	0	0	Velika_aleja_12.jpg	
File:PanneauMine.jpg	drop	only 1 confident region(s)	CC BY-SA	1	0	PanneauMine.jpg	PAZI
File:Зеница 20190810 165026.jpg	keep		CC BY-SA	2	0	Зеница_20190810_165026.jpg	LECENDA | PLANGEADA
File:Sarajewo, Vrelo Bosne.jpg	drop	only 0 confident region(s)	CC BY-SA	0	0	Sarajewo_Vrelo_Bosne.jpg	
File:Stari grad Vratnik mapa.jpg	keep		CC BY-SA	26	13	Stari_grad_Vratnik_mapa.jpg	TabijanaRavnimbakijama | TabijanaZmajevcu | BastiononRavnebakije | Bastionon | Zmajevac | Postojećezidine | Strošićkatabija | Existingranparts | Strošićkabastion | KulaPloče | Nekadašnjezidine | Pločatower | Višegradskakapija | Formerranparts | KulaŠirokac | Višegradgate | Širokactower | žutatabija 
File:Зеница 20190810 165407.jpg	drop	only 0 confident region(s)	CC BY-SA	0	0	Зеница_20190810_165407.jpg	
File:Зеница 20190815 145914.jpg	drop	only 1 confident region(s)	CC BY-SA	1	0	Зеница_20190815_145914.jpg	FRIZERSKI
File:Зеница 20190812 231032.jpg	drop	only 0 confident region(s)	CC BY-SA	0	0	Зеница_20190812_231032.jpg	
File:Blagovac, 2023.02.05.jpg	keep		CC BY-SA	2	0	Blagovac_2023.02.05.jpg	Blagovac | Bnarobai
File:Velika aleja 23.jpg	drop	only 0 confident region(s)	CC BY-SA	0	0	Velika_aleja_23.jpg	
File:Sarajevo FR-BER 2011-11-13 (11).jpg	drop	only 0 confident region(s)	CC BY-SA	0	0	Sarajevo_FR-BER_2011-11-13_11_.jpg	
File:Зеница 20180628 085037.jpg	drop	only 0 confident region(s)	CC BY-SA	0	0	Зеница_20180628_085037.jpg	
File:Promenada Istočno Sarajevo.jpg	drop	only 0 confident region(s)	CC BY-SA	0	0	Promenada_Istočno_Sarajevo.jpg	
File:Зеница 20180623 190735.jpg	drop	only 0 confident region(s)	CC BY-SA	0	0	Зеница_20180623_190735.jpg	
File:Зеница 20180620 052938.jpg	keep		CC BY-SA	2	0	Зеница_20180620_052938.jpg	STOR | 0+377
File:Зеница 20190715 111543.jpg	drop	no region with 3+ letters	CC BY-SA	2	0	Зеница_20190715_111543.jpg	T | II
File:Зеница 20180628 085019.jpg	drop	only 0 confident region(s)	CC BY-SA	0	0	Зеница_20180628_085019.jpg	
File:Velika aleja 03.jpg	drop	only 0 confident region(s)	CC BY-SA	0	0	Velika_aleja_03.jpg	
File:Mostar 22 Bosni i Hercegovini 2.jpg	drop	only 0 confident region(s)	CC BY-SA	0	0	Mostar_22_Bosni_i_Hercegovini_2.jpg	
File:Podgreda – ruins 01.jpg	keep		CC BY-SA	2	0	Podgreda_ruins_01.jpg	PODGREDA | 100m
File:Stari grad Vratnik mapa (cropped).jpg	drop	only 0 confident region(s)	CC BY-SA	0	0	Stari_grad_Vratnik_mapa_cropped_.jpg	
File:Early 2012 European cold wave in Sarajevo (6818383529).jpg	drop	only 0 confident region(s)	CC BY	0	0	Early_2012_European_cold_wave_in_Sarajevo_6818383529_.jpg	
File:Зеница 20190815 145656.jpg	drop	only 0 confident region(s)	CC BY-SA	0	0	Зеница_20190815_145656.jpg	
File:Livada-Vitez09400.JPG	drop	only 0 confident region(s)	CC BY-SA	0	0	Livada-Vitez09400.JPG	
File:Зеница 20190729 133633.jpg	drop	only 0 confident region(s)	CC BY-SA	0	0	Зеница_20190729_133633.jpg	
File:Зеница 20190815 150115.jpg	drop	only 0 confident region(s)	CC BY-SA	0	0	Зеница_20190815_150115.jpg	
File:Velika aleja 28.jpg	drop	only 0 confident region(s)	CC BY-SA	0	0	Velika_aleja_28.jpg	
File:Zenica, pěší zóna.jpg	drop	only 0 confident region(s)	CC BY	0	0	Zenica_pěší_zóna.jpg	
File:Fontana - simbol grada.jpg	drop	only 0 confident region(s)	CC BY-SA	0	0	Fontana_-_simbol_grada.jpg	
File:Zečija Glava 124147.jpg	keep		CC BY-SA	2	1	Zečija_Glava_124147.jpg	Glava | Zečija
File:94385-Saravejo (8269349180).jpg	drop	only 0 confident region(s)	CC BY	0	0	94385-Saravejo_8269349180_.jpg	
File:Gašnica (Gradiška).jpg	keep		CC BY-SA	2	1	Gašnica_Gradiška_.jpg	Tauhua | Gašnica
File:Зеница 20190807 113626.jpg	drop	only 0 confident region(s)	CC BY-SA	0	0	Зеница_20190807_113626.jpg	
File:Зеница 20230104 125412.jpg	keep		CC BY-SA	2	0	Зеница_20230104_125412.jpg	LEDOCLAS | Ded
File:Do (Trebinje)-Slavko Bovan.jpg	drop	only 1 confident region(s)	CC BY-SA	1	0	Do_Trebinje_-Slavko_Bovan.jpg	0
File:Aleja Svetog Save BL.jpg	drop	only 0 confident region(s)	CC BY	0	0	Aleja_Svetog_Save_BL.jpg	
File:Ministarstvo Grude01281.JPG	drop	only 0 confident region(s)	CC BY-SA	0	0	Ministarstvo_Grude01281.JPG	
File:Sarajevo Visit (6097617526).jpg	drop	only 0 confident region(s)	CC BY-SA	0	0	Sarajevo_Visit_6097617526_.jpg	
File:Photo-tour Višegrad 16.jpg	drop	only 1 confident region(s)	CC BY-SA	1	0	Photo-tour_Višegrad_16.jpg	1509
File:Зеница 20180620 051312.jpg	drop	only 0 confident region(s)	CC BY-SA	0	0	Зеница_20180620_051312.jpg	
File:Sarajevo Lozionicka 2011-11-04.jpg	keep		CC BY-SA	5	0	Sarajevo_Lozionicka_2011-11-04.jpg	1 | Ulaz | ComtradeSHOP | centar | Mercator
File:Зеница 20191017 185212.jpg	drop	only 0 confident region(s)	CC BY-SA	0	0	Зеница_20191017_185212.jpg	
File:Зеница 20230104 125433.jpg	drop	only 0 confident region(s)	CC BY-SA	0	0	Зеница_20230104_125433.jpg	
File:Зеница 20190827 113553.jpg	keep		CC BY-SA	2	2	Зеница_20190827_113553.jpg	PRVEZENIIČKE | BRIGAĐE
File:West Mostar05472.JPG	drop	only 0 confident region(s)	CC BY-SA	0	0	West_Mostar05472.JPG	
File:Livada-Vitez9405.JPG	drop	only 0 confident region(s)	CC BY-SA	0	0	Livada-Vitez9405.JPG	
File:Bukovik peak.jpg	drop	only 1 confident region(s)	CC BY-SA	1	0	Bukovik_peak.jpg	VRH
File:Sarajevo Cengic-Vila 2011-11-09 (5).jpg	drop	only 0 confident region(s)	CC BY-SA	0	0	Sarajevo_Cengic-Vila_2011-11-09_5_.jpg	
File:Sarajevo (49090406886).jpg	drop	only 0 confident region(s)	CC BY	0	0	Sarajevo_49090406886_.jpg	
File:Kovaci 03.jpg	drop	only 1 confident region(s)	CC BY-SA	1	1	Kovaci_03.jpg	MERIĆ
File:Devetina, Polish cemetery 9.jpg	drop	only 1 confident region(s)	CC BY-SA	1	0	Devetina_Polish_cemetery_9.jpg	Devetina
File:Ilidza Velika-Aleja 2010-07-05.jpg	drop	only 0 confident region(s)	CC BY-SA	0	0	Ilidza_Velika-Aleja_2010-07-05.jpg	
File:Зеница 20180712 220153.jpg	drop	only 0 confident region(s)	CC BY-SA	0	0	Зеница_20180712_220153.jpg	
File:Banja Luka April 2011 (5645905076).jpg	keep		CC BY-SA	11	1	Banja_Luka_April_2011_5645905076_.jpg	CB. | St. | 'S | StojanovičParke | Holy | Church | Bohabehtype | Bonaventura | Church | Xpam | Trinity
File:Bosnia and Herzegovina (36160568171).jpg	drop	only 1 confident region(s)	CC BY-SA	1	0	Bosnia_and_Herzegovina_36160568171_.jpg	MINE!
File:West Mostar05015.JPG	drop	only 0 confident region(s)	CC BY-SA	0	0	West_Mostar05015.JPG	
File:Зеница 20190819 100245.jpg	drop	only 0 confident region(s)	CC BY-SA	0	0	Зеница_20190819_100245.jpg	
File:Зеница 20190810 164954.jpg	drop	only 0 confident region(s)	CC BY-SA	0	0	Зеница_20190810_164954.jpg	
File:Kazandziluk 08.jpg	drop	only 0 confident region(s)	CC BY-SA	0	0	Kazandziluk_08.jpg	
File:Зеница 20190713 130639.jpg	drop	only 0 confident region(s)	CC BY-SA	0	0	Зеница_20190713_130639.jpg	
File:Kovaci 06.jpg	keep		CC BY-SA	4	1	Kovaci_06.jpg	30 | OBRTNIČKOLIMARSKA | RADNJA | VLKURTOSAFET
File:Зеница 20190119 150445.jpg	drop	only 0 confident region(s)	CC BY-SA	0	0	Зеница_20190119_150445.jpg	
File:Зеница 20190812 131214.jpg	drop	only 0 confident region(s)	CC BY-SA	0	0	Зеница_20190812_131214.jpg	
File:ВакуфскаПалата0066.jpg	keep		CC BY-SA	6	1	ВакуфскаПалата0066.jpg	2 | 5BAM | POZIVNICE | BALONI | MČNICA | ANGE
File:Зеница 20190713 130757.jpg	keep		CC BY-SA	6	0	Зеница_20190713_130757.jpg	RICHMOND PARK | InternationalPreschool | InternatlonaSecondarySchool | ZENICA | richmondparkschools. | B00m
File:Blizu Dugih njiva.JPG	keep		CC BY-SA	3	0	Blizu_Dugih_njiva.JPG	Tpujebobo | Cypjah | PAN
File:Зеница 20190810 173556.jpg	drop	only 0 confident region(s)	CC BY-SA	0	0	Зеница_20190810_173556.jpg	
File:Зеница 20190815 144513.jpg	drop	only 0 confident region(s)	CC BY-SA	0	0	Зеница_20190815_144513.jpg	
File:Господска улица 3.jpg	drop	only 0 confident region(s)	CC BY-SA	0	0	Господска_улица_3.jpg	
File:Sarajevo11.jpg	drop	only 1 confident region(s)	CC BY-SA	1	0	Sarajevo11.jpg	S
File:Kraljeva Sutjeska̠ 2.jpg	drop	only 0 confident region(s)	CC BY-SA	0	0	Kraljeva_Sutjeska_2.jpg	
File:Exit from Vrapčići.jpg	drop	only 1 confident region(s)	CC BY-SA	1	2	Exit_from_Vrapčići.jpg	Vrapčići
File:Зеница 20190810 164834.jpg	keep		CC BY-SA	2	0	Зеница_20190810_164834.jpg	UNIONBANKA | P
File:Зеница 20190810 164256.jpg	drop	only 1 confident region(s)	CC BY-SA	1	0	Зеница_20190810_164256.jpg	ZLATA
File:Зеница 20190509 171224.jpg	drop	only 0 confident region(s)	CC BY-SA	0	0	Зеница_20190509_171224.jpg	
File:Kaursko groblje 03.jpg	keep		CC BY-SA	5	0	Kaursko_groblje_03.jpg	B | E | NEKROPOLA | KAURSKO | NECROPOLIS
File:Mine! Zabranjen prolaz! (20221102 121214).jpg	keep		CC BY-SA	8	0	Mine_Zabranjen_prolaz_20221102_121214_.jpg	MINE! | CARTELDECAMPODEMINAS | GUERRADEYUGOSLAVIA | ANO1991 | PROLAZ | ZABRANJEN | IINEOVLASTENO | UKLANJANJE
File:20200423 180310 Aleja Ambasadora.jpg	drop	only 0 confident region(s)	CC BY-SA	0	0	20200423_180310_Aleja_Ambasadora.jpg	
File:Grude-07-2008-01249.JPG	drop	only 0 confident region(s)	CC BY-SA	0	0	Grude-07-2008-01249.JPG	
File:Ulaz u Goricu, Grude sa istoka01858.JPG	drop	only 1 confident region(s)	CC BY-SA	1	0	Ulaz_u_Goricu_Grude_sa_istoka01858.JPG	Gorica
File:Dzezve.jpg	drop	only 0 confident region(s)	CC BY	0	0	Dzezve.jpg	
File:Зеница 20230224 165424.jpg	drop	only 0 confident region(s)	CC BY-SA	0	0	Зеница_20230224_165424.jpg	
File:City of Sarajevo,Bosnia and Herzegovina in 2019.20.jpg	drop	only 0 confident region(s)	CC BY-SA	0	0	City_of_Sarajevo_Bosnia_and_Herzegovina_in_2019.20.jpg	
File:Зеница 20180620 051209.jpg	drop	only 0 confident region(s)	CC BY-SA	0	0	Зеница_20180620_051209.jpg	
File:Зеница 20190815 134753.jpg	drop	only 0 confident region(s)	CC BY-SA	0	0	Зеница_20190815_134753.jpg	
File:Територија Града Бања Лука.jpg	drop	only 1 confident region(s)	CC BY-SA	1	0	Територија_Града_Бања_Лука.jpg	Teputopuja
File:Kastel u ogledalu.JPG	drop	only 0 confident region(s)	CC BY-SA	0	0	Kastel_u_ogledalu.JPG	
File:Зеница 20180626 141409.jpg	drop	only 1 confident region(s)	CC BY-SA	1	0	Зеница_20180626_141409.jpg	S
File:Ulaz u Soviće,Grude sa zapada01859.JPG	drop	only 1 confident region(s)	CC BY-SA	1	1	Ulaz_u_Soviće_Grude_sa_zapada01859.JPG	Sovići
File:Зеница 20190819 094314.jpg	drop	only 0 confident region(s)	CC BY-SA	0	0	Зеница_20190819_094314.jpg	
File:Зеница 20190827 113532.jpg	drop	only 1 confident region(s)	CC BY-SA	1	1	Зеница_20190827_113532.jpg	BRIGAĆE
File:Sarajevo (11).JPG	drop	only 0 confident region(s)	CC BY	0	0	Sarajevo_11_.JPG	
File:Зеница 20230224 165429.jpg	drop	only 0 confident region(s)	CC BY-SA	0	0	Зеница_20230224_165429.jpg	
File:PA020034.JPG	drop	only 0 confident region(s)	CC BY-SA	0	0	PA020034.JPG	
File:Tuzla - Advertising column in front of the theater (2019).jpg	keep		CC BY-SA	7	1	Tuzla_-_Advertising_column_in_front_of_the_theater_2019_.jpg	15.12 | 3 | VLIM | TUZLU | MARIJA | ŠERIFOVI | MEJDAN
File:Velika aleja 38.jpg	drop	only 0 confident region(s)	CC BY-SA	0	0	Velika_aleja_38.jpg	
File:Franjevci na Bistriku, Sarajevo 11.jpg	keep		CC BY-SA	11	0	Franjevci_na_Bistriku_Sarajevo_11.jpg	1 | com | Sv.Ante | ChurchofSt. | OFFICIAL | GUIDE | Guide2Sarajevo | Crkva | Padovanskog | Anthony | Padua
File:Зеница 20190815 145811.jpg	drop	only 0 confident region(s)	CC BY-SA	0	0	Зеница_20190815_145811.jpg	
File:Turbe Mine.JPG	drop	only 0 confident region(s)	CC BY-SA	0	0	Turbe_Mine.JPG	
File:Postal Office and Vitex advert, Visoko.jpg	drop	only 0 confident region(s)	CC BY-SA	0	0	Postal_Office_and_Vitex_advert_Visoko.jpg	
File:Groblje Grahovčići09753.JPG	keep		CC BY-SA	2	0	Groblje_Grahovčići09753.JPG	A | LAVJET
File:Зеница 20230131 131230.jpg	drop	only 0 confident region(s)	CC BY-SA	0	0	Зеница_20230131_131230.jpg	
File:Шаховска табла у Мостару.JPG	drop	only 0 confident region(s)	PD	0	0	Шаховска_табла_у_Мостару.JPG	
File:West Mostar04998.JPG	drop	no region with 3+ letters	CC BY-SA	2	0	West_Mostar04998.JPG	1585 | M584
File:Зеница 20180623 175325.jpg	drop	only 1 confident region(s)	CC BY-SA	1	0	Зеница_20180623_175325.jpg	5
File:Господска улица у Бањој Луци.jpg	drop	only 0 confident region(s)	CC BY-SA	0	0	Господска_улица_у_Бањој_Луци.jpg	
File:Tuzla City, Bosnia.jpg	drop	only 0 confident region(s)	CC BY	0	0	Tuzla_City_Bosnia.jpg	
File:Зеница 20180712 220102.jpg	drop	only 0 confident region(s)	CC BY-SA	0	0	Зеница_20180712_220102.jpg	
File:Зеница 20190810 165114.jpg	keep		CC BY-SA	5	1	Зеница_20190810_165114.jpg	OPĆINAZENICA | ULICE | CE | hallight | AUGUSTA
File:Зеница 20180626 142715.jpg	keep		PD	6	0	Зеница_20180626_142715.jpg	GRILL | OSTALO | n | DOMACEPITE | VODA | sokovI
File:Velika aleja 35.jpg	drop	only 0 confident region(s)	CC BY-SA	0	0	Velika_aleja_35.jpg	
File:Амбијентална цјелина, ул. Младена Стојановића и Краља Петра (2).jpg	drop	only 0 confident region(s)	CC BY-SA	0	0	Амбијентална_цјелина_ул._Младена_Стојановића_и_Краља_Петра_2_.jpg	
File:Зеница 20190810 165733.jpg	drop	only 1 confident region(s)	CC BY-SA	1	0	Зеница_20190810_165733.jpg	Cpe
File:Une rue - A1572.jpg	drop	only 1 confident region(s)	CC0	1	0	Une_rue_-_A1572.jpg	t
File:Bihać, center.jpg	drop	only 1 confident region(s)	CC BY-SA	1	0	Bihać_center.jpg	KIBBAnkA
File:Mepas Mall Mostar, September 2024.jpg	keep		CC0	2	0	Mepas_Mall_Mostar_September_2024.jpg	EE | Bershka
File:Dan općine Vitez.jpg	drop	only 1 confident region(s)	CC BY	1	0	Dan_općine_Vitez.jpg	28th AprildayoftheboroughofVitez
File:Зеница 20190815 145824.jpg	drop	only 0 confident region(s)	CC BY-SA	0	0	Зеница_20190815_145824.jpg	
File:Velika aleja 31.jpg	drop	only 0 confident region(s)	CC BY-SA	0	0	Velika_aleja_31.jpg	
File:Tuzla - Patriotske Lige n°5 (2019).jpg	keep		CC BY-SA	4	0	Tuzla_-_Patriotske_Lige_n_5_2019_.jpg	u]ica | PATRIOTSKE | LIGE | 5
File:Путоказ ГП Јазавац и СД Обилићево.jpg	keep		CC BY-SA	2	2	Путоказ_ГП_Јазавац_и_СД_Обилићево.jpg	ČityTheaterJazavac | TorthallObilićevo
File:1997 in Sarajevo 007.jpg	drop	flat colour (255 shades): a drawing, not a photograph	CC BY	0	0	1997_in_Sarajevo_007.jpg	
File:Зеница 20190428 220412.jpg	drop	only 0 confident region(s)	CC BY-SA	0	0	Зеница_20190428_220412.jpg	
File:Han01983.JPG	drop	only 0 confident region(s)	PD	0	0	Han01983.JPG	
File:Зеница 20190810 164641.jpg	drop	only 0 confident region(s)	CC BY-SA	0	0	Зеница_20190810_164641.jpg	
File:Velika aleja 02.jpg	drop	only 0 confident region(s)	CC BY-SA	0	0	Velika_aleja_02.jpg	
File:Skulptura teniski reket Banja Luka.jpg	drop	only 0 confident region(s)	CC BY	0	0	Skulptura_teniski_reket_Banja_Luka.jpg	
File:Velika aleja 36.jpg	drop	only 0 confident region(s)	CC BY-SA	0	0	Velika_aleja_36.jpg	
File:Зеница 20190810 165500.jpg	drop	only 0 confident region(s)	CC BY-SA	0	0	Зеница_20190810_165500.jpg	
File:F.T.B.L. 21.jpg	drop	only 1 confident region(s)	CC BY-SA	1	0	F.T.B.L._21.jpg	CITADELA
File:Зеница 20180628 090240.jpg	drop	only 0 confident region(s)	CC BY-SA	0	0	Зеница_20180628_090240.jpg	
File:Patrija.jpg	drop	only 0 confident region(s)	CC BY-SA	0	0	Patrija.jpg	
File:Зеница 20180620 053109.jpg	drop	only 0 confident region(s)	CC BY-SA	0	0	Зеница_20180620_053109.jpg	
File:Bosnien 3934 (5552933894).jpg	keep		CC BY-SA	4	1	Bosnien_3934_5552933894_.jpg	FRANČAFERDINANDA | SOFLJU | GAVRLO | FRANZ
File:Travnik 0488.jpg	keep		CC BY-SA	3	0	Travnik_0488.jpg	g | atelje | HAZIM
File:Зеница 20190811 115712.jpg	drop	only 0 confident region(s)	CC BY-SA	0	0	Зеница_20190811_115712.jpg	
File:Зеница 20190810 165044.jpg	drop	only 1 confident region(s)	CC BY-SA	1	0	Зеница_20190810_165044.jpg	RIJEKA
File:Old Town Visoko 2.jpg	drop	only 0 confident region(s)	CC BY-SA	0	0	Old_Town_Visoko_2.jpg	
File:Sarajevo Cengic-Vila 2011-11-06 (3).jpg	drop	only 0 confident region(s)	CC BY-SA	0	0	Sarajevo_Cengic-Vila_2011-11-06_3_.jpg	
File:Зеница 20190811 115901.jpg	drop	only 0 confident region(s)	CC BY-SA	0	0	Зеница_20190811_115901.jpg	
File:Зеница 20221230 200007.jpg	drop	only 0 confident region(s)	CC BY-SA	0	0	Зеница_20221230_200007.jpg	
File:Зеница 20190729 083318.jpg	drop	only 1 confident region(s)	CC BY-SA	1	0	Зеница_20190729_083318.jpg	ZENICA
File:Зеница 20190719 085803.jpg	drop	only 1 confident region(s)	CC BY-SA	1	0	Зеница_20190719_085803.jpg	E
File:Зеница 20190501 195527.jpg	drop	only 0 confident region(s)	CC BY-SA	0	0	Зеница_20190501_195527.jpg	
File:Црвена јабука Бања Лука.jpg	keep		CC BY-SA	2	0	Црвена_јабука_Бања_Лука.jpg	CRVENAJABUKA | 20.30h
File:Mostar, Bosnia & Herzegovina - 6797375043.jpg	drop	only 0 confident region(s)	CC BY-SA	0	0	Mostar_Bosnia_Herzegovina_-_6797375043.jpg	
File:Зеница 20191016 142050.jpg	drop	only 0 confident region(s)	CC BY-SA	0	0	Зеница_20191016_142050.jpg	
File:Mostar, Bosnia and Herzegovina 2022-08 - Mepas Mall.jpg	keep		CC BY	2	0	Mostar_Bosnia_and_Herzegovina_2022-08_-_Mepas_Mall.jpg	ULLGBEAR | MEPAS
File:Mahala Inner Bosnian Border.JPG	drop	only 0 confident region(s)	CC BY	0	0	Mahala_Inner_Bosnian_Border.JPG	
File:Sarajevo, Stojimo uz Ukrajinu.jpg	keep		CC BY-SA	18	0	Sarajevo_Stojimo_uz_Ukrajinu.jpg	KONCERT | dirigenta | RAT | STOKE | WHEN | PUTINS | BROKE | Uk | PLACE | SARAJEVO | SToP | WAR | UKRAINE | UKRAINE | NARODNO | EOZORI | GLORY | UKRAINE
File:Зеница 20190810 164049.jpg	keep		CC BY-SA	2	0	Зеница_20190810_164049.jpg	Pr | TEL
File:Зеница 20190504 212708.jpg	drop	only 0 confident region(s)	CC BY-SA	0	0	Зеница_20190504_212708.jpg	
File:Velika aleja 17.jpg	drop	only 0 confident region(s)	CC BY-SA	0	0	Velika_aleja_17.jpg	
File:КраљаАлфонса0025.jpg	drop	only 0 confident region(s)	CC BY-SA	0	0	КраљаАлфонса0025.jpg	
File:Zapadni Mostar.jpg	drop	only 0 confident region(s)	CC BY-SA	0	0	Zapadni_Mostar.jpg	
File:Зеница 20190810 163634.jpg	drop	only 0 confident region(s)	CC BY-SA	0	0	Зеница_20190810_163634.jpg	
File:Mostar02.jpg	drop	only 0 confident region(s)	CC BY	0	0	Mostar02.jpg	
File:Господска улица NKD015.jpg	drop	only 0 confident region(s)	CC BY-SA	0	0	Господска_улица_NKD015.jpg	
File:Tuzla - Trnovac Groblje 2 (2019).jpg	drop	only 1 confident region(s)	CC BY-SA	1	0	Tuzla_-_Trnovac_Groblje_2_2019_.jpg	BETOHA
File:Solila.jpg	drop	only 1 confident region(s)	CC BY	1	0	Solila.jpg	ovoM
File:Sarajevo Visit (6097107095).jpg	keep		CC BY-SA	7	2	Sarajevo_Visit_6097107095_.jpg	TAXI | Stajalištebr. | 8 | ROBNAKUĆA | SARAJEVOI | 230-970 | 06349
File:Зеница 20230223 130633.jpg	drop	only 0 confident region(s)	CC BY-SA	0	0	Зеница_20230223_130633.jpg	
File:Džemaludin Čaušević Bihać.jpg	keep		CC BY	3	0	Džemaludin_Čaušević_Bihać.jpg	REISA | DZEMALUDINA | CAUSEVICA
File:West Mostar05009.JPG	drop	only 0 confident region(s)	CC BY-SA	0	0	West_Mostar05009.JPG	
File:Зеница мај 2019 Нова Зеница принт студио.jpg	drop	only 0 confident region(s)	CC BY-SA	0	0	Зеница_мај_2019_Нова_Зеница_принт_студио.jpg	
File:Velika aleja 21.jpg	drop	only 0 confident region(s)	CC BY-SA	0	0	Velika_aleja_21.jpg	
File:Зеница 20190812 132512.jpg	drop	only 0 confident region(s)	CC BY-SA	0	0	Зеница_20190812_132512.jpg	
File:Hrastova glava Mine 01.jpg	keep		CC BY-SA	3	0	Hrastova_glava_Mine_01.jpg	L | MINE! | PROLA
File:Radmilja 2.jpg	keep		CC BY-SA	2	0	Radmilja_2.jpg	Radimlja | Nekropola/Necropolis
File:Sarajevo (16802341181).jpg	drop	only 0 confident region(s)	CC BY	0	0	Sarajevo_16802341181_.jpg	
File:Ministarstvo Grude01282.JPG	drop	only 0 confident region(s)	CC BY-SA	0	0	Ministarstvo_Grude01282.JPG	
File:Зеница 20190812 131143.jpg	drop	only 0 confident region(s)	CC BY-SA	0	0	Зеница_20190812_131143.jpg	
File:Ruined bank building in Mostar 002.jpg	drop	only 0 confident region(s)	CC BY	0	0	Ruined_bank_building_in_Mostar_002.jpg	
File:Banja Luka April 2011 (5645333731).jpg	keep		CC BY-SA	2	0	Banja_Luka_April_2011_5645333731_.jpg	AUTO | LULUKA
File:Зеница 20190815 144613.jpg	drop	only 0 confident region(s)	CC BY-SA	0	0	Зеница_20190815_144613.jpg	
File:Kovaci 13.jpg	drop	only 1 confident region(s)	CC BY-SA	1	0	Kovaci_13.jpg	5
File:Зеница 20190713 125911.jpg	drop	only 0 confident region(s)	CC BY-SA	0	0	Зеница_20190713_125911.jpg	
File:Von Hans Jochen Peters gesponsorter Baum in Sarajevo (Inschrift).jpg	drop	only 1 confident region(s)	CC BY-SA	1	0	Von_Hans_Jochen_Peters_gesponsorter_Baum_in_Sarajevo_Inschrift_.jpg	AMBAsADOR
File:Зеница 20190729 133800.jpg	drop	only 0 confident region(s)	CC BY-SA	0	0	Зеница_20190729_133800.jpg	
File:Зеница 20221214 152936.jpg	drop	only 0 confident region(s)	CC BY-SA	0	0	Зеница_20221214_152936.jpg	
File:Зеница 20190812 230812.jpg	drop	only 0 confident region(s)	CC BY-SA	0	0	Зеница_20190812_230812.jpg	
File:Господска улица - Бања Лука.jpg	drop	only 1 confident region(s)	CC BY-SA	1	0	Господска_улица_-_Бања_Лука.jpg	SVE
File:Добој, парк зими 2.jpg	drop	only 1 confident region(s)	CC BY-SA	1	0	Добој_парк_зими_2.jpg	Foto Gordana.CI
File:Зеница 20201207 093858.jpg	drop	only 0 confident region(s)	CC BY-SA	0	0	Зеница_20201207_093858.jpg	
File:Rudnik gipsa u Bistrici.jpg	drop	only 0 confident region(s)	CC BY	0	0	Rudnik_gipsa_u_Bistrici.jpg	
File:Зеница 20230131 125902.jpg	drop	only 0 confident region(s)	CC BY-SA	0	0	Зеница_20230131_125902.jpg	
File:Прашнице Зеница 20180625 182857.jpg	drop	only 0 confident region(s)	CC BY-SA	0	0	Прашнице_Зеница_20180625_182857.jpg	
File:Прашнице Зеница 20180625 182933.jpg	drop	only 0 confident region(s)	CC BY-SA	0	0	Прашнице_Зеница_20180625_182933.jpg	
File:BASA-1771K-1-1163-85-Jajce.jpeg	drop	only 1 confident region(s)	PD	1	0	BASA-1771K-1-1163-85-Jajce.jpeg	JajceKapija
File:Park šuma Trapisti.jpg	drop	only 0 confident region(s)	CC BY-SA	0	0	Park_šuma_Trapisti.jpg	
File:Velika aleja 32.jpg	drop	only 0 confident region(s)	CC BY-SA	0	0	Velika_aleja_32.jpg	
File:Зеница 20230224 180524.jpg	drop	only 0 confident region(s)	CC BY-SA	0	0	Зеница_20230224_180524.jpg	
File:Sarajevo - panoramio (4).jpg	drop	only 0 confident region(s)	CC BY-SA	0	0	Sarajevo_-_panoramio_4_.jpg	
File:Зеница 20190815 150119.jpg	drop	only 0 confident region(s)	CC BY-SA	0	0	Зеница_20190815_150119.jpg	
File:Лонџа Зеница 20180625 184549.jpg	keep		CC BY-SA	3	0	Лонџа_Зеница_20180625_184549.jpg	TOBACC | PRESS | E21-0-357
File:Grude-ulaz zapad01250.jpg	drop	only 1 confident region(s)	CC BY-SA	1	0	Grude-ulaz_zapad01250.jpg	Grude
File:Monument to Petar II Petrović-Njegoš in Banja Luka.jpg	drop	only 0 confident region(s)	CC BY-SA	0	0	Monument_to_Petar_II_Petrović-Njegoš_in_Banja_Luka.jpg	
File:Poginulim borcima 2. krajiške brigade.jpg	drop	only 1 confident region(s)	CC BY-SA	1	0	Poginulim_borcima_2._krajiške_brigade.jpg	09
File:Bobovac 1.jpg	drop	only 1 confident region(s)	CC BY-SA	1	0	Bobovac_1.jpg	KRALJEVSKIGRAD
File:Зеница 20180620 051519.jpg	drop	only 0 confident region(s)	CC BY-SA	0	0	Зеница_20180620_051519.jpg	
File:Бања Лука-градови партнери.jpg	keep		CC BY-SA	20	0	Бања_Лука-градови_партнери.jpg	CityofBanjaLuka | PartnerCities | CpemckaMutpobna | Kranj | SremskaMitrovica | MockBa | Kaiserslautern | Moscow | Kamriobaco | Campobasso | Lviv | BMTOHTO | Bitonto | NoviSad | Bapn | Bari | Belgrade | Modi'in-Maccabim-Re'ut | Patras | Kpar
File:Зеница 20180628 084941.jpg	drop	only 0 confident region(s)	CC BY-SA	0	0	Зеница_20180628_084941.jpg	
File:Mostar, casco antiguo 24.jpg	drop	only 0 confident region(s)	CC BY-SA	0	0	Mostar_casco_antiguo_24.jpg	
File:Kozarska Dubica - ulaz.jpg	drop	only 0 confident region(s)	PD	0	0	Kozarska_Dubica_-_ulaz.jpg	
File:Jajce – Old town ruins 2.jpg	drop	only 0 confident region(s)	CC BY-SA	0	0	Jajce_Old_town_ruins_2.jpg	
File:Ulaz u BiH, Gorica, GrudeC02257.JPG	drop	only 1 confident region(s)	CC BY-SA	1	0	Ulaz_u_BiH_Gorica_GrudeC02257.JPG	GORICA
File:Господска улица 12.jpg	keep		CC BY-SA	3	0	Господска_улица_12.jpg	DALE | IGFIEI | SALE
File:Velika aleja 29.jpg	drop	only 0 confident region(s)	CC BY-SA	0	0	Velika_aleja_29.jpg	
File:Sarajevo, Stojimo uz Ukrajinu 2.jpg	drop	only 0 confident region(s)	CC BY-SA	0	0	Sarajevo_Stojimo_uz_Ukrajinu_2.jpg	
File:Bobovac city plan (official document).jpg	keep		CC BY-SA	38	4	Bobovac_city_plan_official_document_.jpg	Grad | Vis | Buc | Vis | BraniekulanaVisu | gacisternom | Franjevačkapalaća | Squarewithcistern | Franciscanpalace | KompleksnaCrkvici | Pomnoćniobjekt | ThecomplexatCrkvica | Outbuilding | Okruglakula | Velikacrkva | Roundtower | Greatchurch | Grobnakapelu | Tombchapel | Stambenonaseljeunutarbedema
File:Зеница 20190815 144900.jpg	drop	only 0 confident region(s)	CC BY-SA	0	0	Зеница_20190815_144900.jpg	
File:Zenica 20230325 085908.jpg	drop	only 0 confident region(s)	CC0	0	0	Zenica_20230325_085908.jpg	
File:Планина Озрен (58).jpg	drop	only 0 confident region(s)	CC BY-SA	0	0	Планина_Озрен_58_.jpg	
File:Зеница 20190810 165446.jpg	drop	only 0 confident region(s)	CC BY-SA	0	0	Зеница_20190810_165446.jpg	
File:Kosača-fort-ljubuški02123.JPG	drop	only 0 confident region(s)	CC BY-SA	0	0	Kosača-fort-ljubuški02123.JPG	
File:Tuzla - Pannonian Lakes 11 (2019).jpg	keep		CC BY-SA	2	2	Tuzla_-_Pannonian_Lakes_11_2019_.jpg	ZABRANJEMOUVOĐENJE | ŽIVOTINJA
File:Tuzla - Pannonian Lakes 9 (2019).jpg	keep		CC BY-SA	7	2	Tuzla_-_Pannonian_Lakes_9_2019_.jpg	JAVNO KOMUNALNOPREDUZEĆE | d.0.0.zasportsko-rekreativne aktivnosti | niga | počistitiizasvogpsa | ZONA | VIDEO | NADZORA
File:Зеница 20190502 091208.jpg	drop	only 0 confident region(s)	CC BY-SA	0	0	Зеница_20190502_091208.jpg	
File:Зеница 20190504 135039.jpg	drop	only 0 confident region(s)	CC BY-SA	0	0	Зеница_20190504_135039.jpg	
File:Sarajevo (49090843052).jpg	drop	only 0 confident region(s)	CC BY	0	0	Sarajevo_49090843052_.jpg	
File:Mostar, Bosnia & Herzegovina - 6797374269.jpg	drop	only 0 confident region(s)	CC BY-SA	0	0	Mostar_Bosnia_Herzegovina_-_6797374269.jpg	
File:Зеница 20190810 163820.jpg	drop	only 0 confident region(s)	CC BY-SA	0	0	Зеница_20190810_163820.jpg	
File:Господска улица.jpg	drop	only 0 confident region(s)	CC BY-SA	0	0	Господска_улица.jpg	
File:Зеница 20190719 092730.jpg	keep		CC BY-SA	5	1	Зеница_20190719_092730.jpg	br.1 | Bul. | ULAZ-STUBIŠTE | Bana | Kulina
File:Зеница 20190810 165427.jpg	drop	only 0 confident region(s)	CC BY-SA	0	0	Зеница_20190810_165427.jpg	
File:Зеница 20190815 144946.jpg	drop	only 0 confident region(s)	CC BY-SA	0	0	Зеница_20190815_144946.jpg	
File:Прашнице Зеница 20180625 182141.jpg	drop	only 0 confident region(s)	CC BY-SA	0	0	Прашнице_Зеница_20180625_182141.jpg	
File:Bosnien 3936 (5552348833).jpg	drop	only 1 confident region(s)	CC BY-SA	1	1	Bosnien_3936_5552348833_.jpg	ŽEL
File:Зеница 20230223 132337.jpg	drop	only 0 confident region(s)	CC BY-SA	0	0	Зеница_20230223_132337.jpg	
File:Зеница 20180802 100831.jpg	drop	only 0 confident region(s)	CC BY-SA	0	0	Зеница_20180802_100831.jpg	
File:Зеница 20190815 135040.jpg	drop	only 0 confident region(s)	CC BY-SA	0	0	Зеница_20190815_135040.jpg	
File:Зеница 20200301 130505.jpg	drop	only 0 confident region(s)	CC BY-SA	0	0	Зеница_20200301_130505.jpg	
File:20200423 175022 Aleja Ambasadora.jpg	drop	only 0 confident region(s)	CC BY-SA	0	0	20200423_175022_Aleja_Ambasadora.jpg	
File:Crkva sv. Ilije, Zenica - panoramio.jpg	drop	only 0 confident region(s)	CC BY-SA	0	0	Crkva_sv._Ilije_Zenica_-_panoramio.jpg	
File:Зеница 20190815 144759.jpg	drop	only 0 confident region(s)	CC BY-SA	0	0	Зеница_20190815_144759.jpg	
File:Trash bin in Sarajevo.jpg	keep		CC BY-SA	2	0	Trash_bin_in_Sarajevo.jpg	IJA | Aur
File:Skretanje za Cerov Dolac310138.JPG	drop	only 0 confident region(s)	CC BY-SA	0	0	Skretanje_za_Cerov_Dolac310138.JPG	
File:Зеница 20190815 144526.jpg	drop	only 0 confident region(s)	CC BY-SA	0	0	Зеница_20190815_144526.jpg	
File:Banja Luka April 2011 (5645595866).jpg	drop	only 0 confident region(s)	CC BY-SA	0	0	Banja_Luka_April_2011_5645595866_.jpg	
File:Belgrade, Yugoslavia, 1973 - newly installed parking meters.jpg	keep		PD	3	0	Belgrade_Yugoslavia_1973_-_newly_installed_parking_meters.jpg	Doto | P | TASNE
File:Velika aleja 20.jpg	drop	only 0 confident region(s)	CC BY-SA	0	0	Velika_aleja_20.jpg	
File:Зеница 20190810 163719.jpg	drop	only 0 confident region(s)	CC BY-SA	0	0	Зеница_20190810_163719.jpg	
File:Velika aleja 34.jpg	drop	only 0 confident region(s)	CC BY-SA	0	0	Velika_aleja_34.jpg	
File:Sarajevo Kolodvorska 2011-10-27 (12).jpg	drop	only 0 confident region(s)	CC BY-SA	0	0	Sarajevo_Kolodvorska_2011-10-27_12_.jpg	
File:Зеница 20180623 175420.jpg	keep		CC BY-SA	2	0	Зеница_20180623_175420.jpg	REST0RAN | TAPAS
File:Зеница 20190729 083859.jpg	drop	only 1 confident region(s)	CC BY-SA	1	0	Зеница_20190729_083859.jpg	ND
File:Velika aleja 19.jpg	drop	only 0 confident region(s)	CC BY-SA	0	0	Velika_aleja_19.jpg	
File:Зеница 20180620 052637.jpg	drop	only 0 confident region(s)	CC BY-SA	0	0	Зеница_20180620_052637.jpg	
File:Vrelo Bosne by фарис.jpg	drop	only 0 confident region(s)	CC BY-SA	0	0	Vrelo_Bosne_by_фарис.jpg	
File:Celebici.JPG	drop	only 1 confident region(s)	CC BY-SA	1	2	Celebici.JPG	Čelebići
File:Banjaluka 2024.jpg	keep		CC BY-SA	2	0	Banjaluka_2024.jpg	Ocum | 22.0
File:Зеница 20190810 164548.jpg	drop	only 0 confident region(s)	CC BY-SA	0	0	Зеница_20190810_164548.jpg	
File:20130606 Mostar 047.jpg	drop	only 0 confident region(s)	CC BY-SA	0	0	20130606_Mostar_047.jpg	
File:Зеница 20190509 170905.jpg	drop	only 0 confident region(s)	CC BY-SA	0	0	Зеница_20190509_170905.jpg	
File:Sarajevo (16616175600).jpg	drop	only 0 confident region(s)	CC BY	0	0	Sarajevo_16616175600_.jpg	
File:Tuzla Airport Passport Control.jpg	keep		CC BY-SA	4	0	Tuzla_Airport_Passport_Control.jpg	Carina | Customs | Informac | Informat
File:Grude-07-2008-01280.JPG	drop	only 0 confident region(s)	CC BY-SA	0	0	Grude-07-2008-01280.JPG	
File:Прашнице Зеница 20180625 182104.jpg	drop	only 0 confident region(s)	CC BY-SA	0	0	Прашнице_Зеница_20180625_182104.jpg	
File:Kosača-fort-Ljubuški02207.JPG	drop	only 0 confident region(s)	CC BY-SA	0	0	Kosača-fort-Ljubuški02207.JPG	
File:Šeher-Cehajina cuprija 25022014386.jpg	drop	only 0 confident region(s)	CC BY-SA	0	0	Šeher-Cehajina_cuprija_25022014386.jpg	
File:Зеница 20230203 183134.jpg	drop	only 0 confident region(s)	CC BY-SA	0	0	Зеница_20230203_183134.jpg	
File:Споменик погинулим руским добровољцима и борцима ВРС на Граду - Вишеград 03.jpg	drop	only 1 confident region(s)	CC BY-SA	1	0	Споменик_погинулим_руским_добровољцима_и_борцима_ВРС_на_Граду_-_Вишеград_03.jpg	Kocoba
File:Зеница 20190502 173154.jpg	drop	only 0 confident region(s)	CC BY-SA	0	0	Зеница_20190502_173154.jpg	
File:Benzinkút, Bare, Doboj.jpg	drop	only 0 confident region(s)	CC BY-SA	0	0	Benzinkút_Bare_Doboj.jpg	
File:Kraljeva Sutjeska̞ 1.jpg	drop	only 0 confident region(s)	CC BY-SA	0	0	Kraljeva_Sutjeska_1.jpg	
File:Зеница 20190427 142912.jpg	drop	only 0 confident region(s)	CC BY-SA	0	0	Зеница_20190427_142912.jpg	
File:Hastahana 02.jpg	keep		CC BY-SA	3	0	Hastahana_02.jpg	XACTAXAHA | HASTAHANA | tn
File:Зеница 20200301 164925.jpg	drop	only 1 confident region(s)	CC BY-SA	1	0	Зеница_20200301_164925.jpg	Fpierrecardin
File:Зеница 20200223 163216.jpg	drop	only 0 confident region(s)	CC BY-SA	0	0	Зеница_20200223_163216.jpg	
File:Зеница 20190815 135152.jpg	drop	only 0 confident region(s)	CC BY-SA	0	0	Зеница_20190815_135152.jpg	
File:Зеница 20190815 145919.jpg	drop	only 0 confident region(s)	CC BY-SA	0	0	Зеница_20190815_145919.jpg	
File:Зеница 20190810 163839.jpg	drop	only 0 confident region(s)	CC BY-SA	0	0	Зеница_20190810_163839.jpg	
File:20200423 174326 Aleja Ambasadora.jpg	drop	only 0 confident region(s)	CC BY-SA	0	0	20200423_174326_Aleja_Ambasadora.jpg	
File:Ruined Building Mostar 2009.jpg	drop	only 0 confident region(s)	CC BY-SA	0	0	Ruined_Building_Mostar_2009.jpg	
File:The Sebilj (14102922401).jpg	drop	only 0 confident region(s)	CC BY	0	0	The_Sebilj_14102922401_.jpg	
File:Vuksic Ortstafel.png	keep		CC BY-SA	2	2	Vuksic_Ortstafel.png	D | Vukšić
File:Зеница 20190810 164036.jpg	drop	only 0 confident region(s)	CC BY-SA	0	0	Зеница_20190810_164036.jpg	
File:Political correctness in Bosnia (14151146675).jpg	keep		CC BY	19	4	Political_correctness_in_Bosnia_14151146675_.jpg	oko | Violet | vama | šteti | vamai | va5. | ozbiljno | Taste | oko | šteti | Pušenje | drugim | va5- | ozbiljno | Fine | drugima | Pušenje | oko | Taste
File:Not Wet, Bosnia (3801779595).jpg	keep		CC BY-SA	2	0	Not_Wet_Bosnia_3801779595_.jpg	Mokro | Mokpo
File:Зеница 20221220 104133.jpg	drop	only 0 confident region(s)	CC BY-SA	0	0	Зеница_20221220_104133.jpg	
File:Зеница 20190810 171856.jpg	drop	only 0 confident region(s)	CC BY-SA	0	0	Зеница_20190810_171856.jpg	
File:Зеница 20190729 133421.jpg	drop	only 0 confident region(s)	CC BY-SA	0	0	Зеница_20190729_133421.jpg	
File:M16 (Bosnien-Herzegowina).jpg	keep		CC BY-SA	6	1	M16_Bosnien-Herzegowina_.jpg	Beorpaa | Beograd | BanjaLuka | Buxah | Bihać | MGrad
File:Repúblika Srpska (33219967290).jpg	keep		CC BY	3	0	Repúblika_Srpska_33219967290_.jpg	V | WELCOME | TOREPUBLIC OF SRPSKA
File:Sarajevo (13).JPG	drop	only 0 confident region(s)	CC BY	0	0	Sarajevo_13_.JPG	
File:Sarajevo Visit (6097097843).jpg	drop	only 0 confident region(s)	CC BY-SA	0	0	Sarajevo_Visit_6097097843_.jpg	
File:Зеница 20190812 230543.jpg	drop	only 0 confident region(s)	CC BY-SA	0	0	Зеница_20190812_230543.jpg	
File:Bulevar Stepe Stepanovica u Adi.jpg	drop	only 0 confident region(s)	CC BY	0	0	Bulevar_Stepe_Stepanovica_u_Adi.jpg	
File:BosOtoka-most.jpg	drop	only 1 confident region(s)	PD	1	0	BosOtoka-most.jpg	Ua
File:Kresevo, view eastward - panoramio.jpg	drop	only 0 confident region(s)	CC BY	0	0	Kresevo_view_eastward_-_panoramio.jpg	
File:BASA-1771K-1-1163-83-Jajce.jpeg	drop	only 0 confident region(s)	PD	0	0	BASA-1771K-1-1163-83-Jajce.jpeg	
File:Široki09086.JPG	drop	only 0 confident region(s)	PD	0	0	Široki09086.JPG	
File:Banjaluko, srećan ti praznik.jpg	drop	only 0 confident region(s)	CC BY-SA	0	0	Banjaluko_srećan_ti_praznik.jpg	
File:Зеница 20190810 164625.jpg	drop	only 0 confident region(s)	CC BY-SA	0	0	Зеница_20190810_164625.jpg	
File:Tuzla - Tušanj Stadium 18 (2019).jpg	drop	only 1 confident region(s)	CC BY-SA	1	0	Tuzla_-_Tušanj_Stadium_18_2019_.jpg	PLAN
File:Зеница 20190715 111602.jpg	drop	only 0 confident region(s)	CC BY-SA	0	0	Зеница_20190715_111602.jpg	
File:Kuca porodice Jovic Banja Luka.jpg	keep		CC0	3	0	Kuca_porodice_Jovic_Banja_Luka.jpg	I0 | 10 | MOBILE
File:Zenica05289.JPG	drop	only 0 confident region(s)	PD	0	0	Zenica05289.JPG	
File:Photo-tour Novi Grad - Participants 13.jpg	keep		CC BY-SA	4	0	Photo-tour_Novi_Grad_-_Participants_13.jpg	V | TO | CPTICKY | WELCOME
File:Зеница 20190504 212629.jpg	drop	only 0 confident region(s)	CC BY-SA	0	0	Зеница_20190504_212629.jpg	
File:Зеница 20190810 165537.jpg	drop	only 0 confident region(s)	CC BY-SA	0	0	Зеница_20190810_165537.jpg	
File:Zastava near Koševo stadium, Sarajevo.JPG	keep		CC BY-SA	2	0	Zastava_near_Koševo_stadium_Sarajevo.JPG	PLANKRETANJA | EVAKUACIJE
File:Зеница 20200323 121205.jpg	keep		CC BY-SA	2	2	Зеница_20200323_121205.jpg	DENARO | GRAĐEŠE
File:Зеница 20190810 163620.jpg	drop	only 0 confident region(s)	CC BY-SA	0	0	Зеница_20190810_163620.jpg	
File:Kraljevac, Visoko.jpg	drop	only 0 confident region(s)	CC BY-SA	0	0	Kraljevac_Visoko.jpg	
File:Ilidza Pizzeria-Ildzis 2010-07-05.jpg	drop	only 0 confident region(s)	CC BY-SA	0	0	Ilidza_Pizzeria-Ildzis_2010-07-05.jpg	
File:Inscript in Morića Han.JPG	drop	only 0 confident region(s)	CC0	0	0	Inscript_in_Morića_Han.JPG	
File:Livno, Bosna i Hercegovina, obelisk iz 1925., tekst.jpg	keep		CC BY	2	0	Livno_Bosna_i_Hercegovina_obelisk_iz_1925._tekst.jpg	PFVOG | TOMISLAVA
File:Зеница 20191204 012654.jpg	drop	only 0 confident region(s)	CC BY-SA	0	0	Зеница_20191204_012654.jpg	
File:Зеница 20190713 130246.jpg	drop	only 0 confident region(s)	CC BY-SA	0	0	Зеница_20190713_130246.jpg	
File:Зеница 20200323 121404.jpg	drop	only 0 confident region(s)	CC BY-SA	0	0	Зеница_20200323_121404.jpg	
File:Зеница 20190713 131325.jpg	drop	only 0 confident region(s)	CC BY-SA	0	0	Зеница_20190713_131325.jpg	
File:Prelovo 13.jpg	keep		CC BY-SA	2	0	Prelovo_13.jpg	CIIABA | MM
File:Зеница 20190815 084536.jpg	drop	only 0 confident region(s)	CC BY-SA	0	0	Зеница_20190815_084536.jpg	
File:Зеница 20180315 161639.jpg	drop	only 0 confident region(s)	CC BY-SA	0	0	Зеница_20180315_161639.jpg	
File:Second photo-tour Trace of Soul 2017 06.jpg	drop	only 0 confident region(s)	CC BY-SA	0	0	Second_photo-tour_Trace_of_Soul_2017_06.jpg	
File:Alley in Novo Naselje, Visoko.jpg	drop	only 0 confident region(s)	CC BY-SA	0	0	Alley_in_Novo_Naselje_Visoko.jpg	
File:Tuzla - Konzum Patriotske lige (2019).jpg	keep		CC BY-SA	3	0	Tuzla_-_Konzum_Patriotske_lige_2019_.jpg	065706249 | KONZUM | OD
File:Gradsko narodno pozorište Foča 02.jpg	drop	only 1 confident region(s)	CC BY-SA	1	0	Gradsko_narodno_pozorište_Foča_02.jpg	004a
File:Zenica05291.JPG	drop	only 0 confident region(s)	PD	0	0	Zenica05291.JPG	
File:Museo della Storia, Sarajevo (9545958353).jpg	drop	only 0 confident region(s)	CC BY	0	0	Museo_della_Storia_Sarajevo_9545958353_.jpg	
File:Njivice01879.JPG	drop	only 1 confident region(s)	CC BY-SA	1	1	Njivice01879.JPG	š
File:Зеница 20190812 132534.jpg	drop	only 0 confident region(s)	CC BY-SA	0	0	Зеница_20190812_132534.jpg	
File:Magribija 01.jpg	drop	only 1 confident region(s)	CC BY-SA	1	1	Magribija_01.jpg	MIAGRIBIJADŽAMIJA
File:Зеница 20190811 114533.jpg	drop	only 0 confident region(s)	CC BY-SA	0	0	Зеница_20190811_114533.jpg	
File:Зеница 20180620 052746.jpg	drop	only 0 confident region(s)	CC BY-SA	0	0	Зеница_20180620_052746.jpg	
File:Зеница 20180628 090152.jpg	keep		PD	3	0	Зеница_20180628_090152.jpg	Drustvozaproizvodnju,trgovinuiusluge | DAJIC | Gorazdanska 87
File:Бањалука 20190605 134959.jpg	drop	only 0 confident region(s)	CC BY-SA	0	0	Бањалука_20190605_134959.jpg	
File:Ulaz u Žegulju.jpg	drop	only 1 confident region(s)	CC BY-SA	1	0	Ulaz_u_Žegulju.jpg	eryta
File:Visoko opština.jpg	drop	only 0 confident region(s)	CC0	0	0	Visoko_opština.jpg	
File:Sarajevo siege sniper screens.jpg	drop	flat colour (256 shades): a drawing, not a photograph	CC BY	0	0	Sarajevo_siege_sniper_screens.jpg	
File:94540-Saravejo (8269350670).jpg	drop	only 0 confident region(s)	CC BY	0	0	94540-Saravejo_8269350670_.jpg	
File:Mostar14BIH75.JPG	drop	only 0 confident region(s)	CC BY-SA	0	0	Mostar14BIH75.JPG	
File:Kazandziluk.jpg	drop	only 0 confident region(s)	CC BY	0	0	Kazandziluk.jpg	
File:Velika aleja 30.jpg	drop	only 0 confident region(s)	CC BY-SA	0	0	Velika_aleja_30.jpg	
File:Mostar, Bosnia and Herzegovina 31 July 2022 - 05.jpg	drop	only 1 confident region(s)	CC BY	1	0	Mostar_Bosnia_and_Herzegovina_31_July_2022_-_05.jpg	Lamie
File:Privalj-raskrižje08631.JPG	keep		CC BY-SA	3	1	Privalj-raskrižje08631.JPG	Livno | Posušje | Grude
File:Bulevar vojvode Petra Bojovica - Istocni tranzit.jpg	drop	only 1 confident region(s)	CC BY	1	0	Bulevar_vojvode_Petra_Bojovica_-_Istocni_tranzit.jpg	0
File:NKD015 Господска улица.jpg	drop	only 0 confident region(s)	CC BY-SA	0	0	NKD015_Господска_улица.jpg	
File:Velika aleja 01.jpg	drop	only 0 confident region(s)	CC BY-SA	0	0	Velika_aleja_01.jpg	
File:Зеница 20200323 121144.jpg	drop	only 1 confident region(s)	CC BY-SA	1	2	Зеница_20200323_121144.jpg	GRAĐEŠE
File:Зеница 20190614 091150.jpg	drop	only 0 confident region(s)	CC BY-SA	0	0	Зеница_20190614_091150.jpg	
File:Nacionalni park Drina 17.jpg	drop	only 1 confident region(s)	CC BY-SA	1	0	Nacionalni_park_Drina_17.jpg	15091992
File:Republica Srpska Banja Luka David Dragicevic upright.jpg	drop	only 1 confident region(s)	CC BY	1	0	Republica_Srpska_Banja_Luka_David_Dragicevic_upright.jpg	TPET
File:Tuzla - Derviš Sušić Biblioteka 4 (2019).jpg	keep		CC BY-SA	4	0	Tuzla_-_Derviš_Sušić_Biblioteka_4_2019_.jpg	IRSKOJ | GOVERNMENT | AND | THE
File:Зеница 20190810 165128.jpg	drop	only 0 confident region(s)	CC BY-SA	0	0	Зеница_20190810_165128.jpg	
File:Travnik 0480-.jpg	drop	only 0 confident region(s)	CC BY-SA	0	0	Travnik_0480-.jpg	
File:Зеница 20200223 163202.jpg	drop	only 0 confident region(s)	CC BY-SA	0	0	Зеница_20200223_163202.jpg	
File:Зеница 20190810 162759.jpg	drop	only 0 confident region(s)	CC BY-SA	0	0	Зеница_20190810_162759.jpg	
File:Зеница 20190501 103636.jpg	drop	only 0 confident region(s)	CC BY-SA	0	0	Зеница_20190501_103636.jpg	
File:Зеница 20190810 163940.jpg	drop	only 0 confident region(s)	CC BY-SA	0	0	Зеница_20190810_163940.jpg	
File:Sanski Most5.JPG	drop	only 0 confident region(s)	PD	0	0	Sanski_Most5.JPG	
File:Зеница 20190719 084931.jpg	keep		CC BY-SA	3	0	Зеница_20190719_084931.jpg	NE | GAZITE | TRAVU
File:Зеница 20190810 173612.jpg	drop	only 0 confident region(s)	CC BY-SA	0	0	Зеница_20190810_173612.jpg	
File:Photo Exhibition Trebinje 02.jpg	drop	only 0 confident region(s)	CC BY-SA	0	0	Photo_Exhibition_Trebinje_02.jpg	
File:Trnovo RS north Krupac IMG 1056.jpg	drop	only 0 confident region(s)	CC BY-SA	0	0	Trnovo_RS_north_Krupac_IMG_1056.jpg	
File:Зеница 20190810 164314.jpg	keep		CC BY-SA	3	0	Зеница_20190810_164314.jpg	PEKARA | PEKARA | ZLATAR
File:Господска0031.jpg	drop	only 0 confident region(s)	CC BY-SA	0	0	Господска0031.jpg	
File:Зеница 20190119 150439.jpg	drop	only 0 confident region(s)	CC BY-SA	0	0	Зеница_20190119_150439.jpg	
File:Зеница 20180712 220042.jpg	drop	only 0 confident region(s)	CC BY-SA	0	0	Зеница_20180712_220042.jpg	
File:Добој, парк зими.jpg	keep		CC BY-SA	2	1	Добој_парк_зими.jpg	Foto | Gorđana-CI
File:20130606 Mostar 079.jpg	drop	only 1 confident region(s)	CC BY-SA	1	0	20130606_Mostar_079.jpg	Ncubli
File:Une rue - A1579.jpg	drop	only 0 confident region(s)	CC0	0	0	Une_rue_-_A1579.jpg	
File:Zenica map.jpg	keep		CC BY	3	0	Zenica_map.jpg	LEGENDA | PLANGRADA | ZENICE
File:Horse carriage at Vrelo Bosne.JPG	drop	only 0 confident region(s)	CC BY-SA	0	0	Horse_carriage_at_Vrelo_Bosne.JPG	
File:Dariva.jpg	drop	only 0 confident region(s)	CC BY-SA	0	0	Dariva.jpg	
File:Velika aleja 06.jpg	drop	only 0 confident region(s)	CC BY-SA	0	0	Velika_aleja_06.jpg	
File:Skretanje za Amhiće09277.JPG	drop	only 1 confident region(s)	CC BY-SA	1	1	Skretanje_za_Amhiće09277.JPG	Ahmići
File:Зеница 20191017 185109.jpg	drop	only 0 confident region(s)	CC BY-SA	0	0	Зеница_20191017_185109.jpg	
File:Зеница 20190811 115735.jpg	drop	only 0 confident region(s)	CC BY-SA	0	0	Зеница_20190811_115735.jpg	
File:Velika aleja 09.jpg	drop	only 0 confident region(s)	CC BY-SA	0	0	Velika_aleja_09.jpg	
File:Sarajevo 20170717 C.jpg	drop	only 0 confident region(s)	CC BY-SA	0	0	Sarajevo_20170717_C.jpg	
File:Зеница 20190819 160226.jpg	drop	only 0 confident region(s)	CC BY-SA	0	0	Зеница_20190819_160226.jpg	
File:Зеница 20180628 072942.jpg	drop	only 0 confident region(s)	CC BY-SA	0	0	Зеница_20180628_072942.jpg	
File:Velika aleja 39.jpg	drop	only 0 confident region(s)	CC BY-SA	0	0	Velika_aleja_39.jpg	
File:NKD015 Господска улица6.jpg	drop	no region with 3+ letters	CC BY-SA	4	0	NKD015_Господска_улица6.jpg	30 | 50 | 50 | 30
File:Kazandziluk 10.jpg	drop	only 0 confident region(s)	CC BY-SA	0	0	Kazandziluk_10.jpg	
File:Studenci 094844.jpg	keep		CC BY-SA	2	0	Studenci_094844.jpg	Rijeka | Studenci
File:Sarajevo (49090407521).jpg	keep		CC BY	6	0	Sarajevo_49090407521_.jpg	B0 | 0000 | Kaffee | RCA | nicef | DO
File:Glavatičevo – groblje.jpg	drop	only 1 confident region(s)	CC BY-SA	1	0	Glavatičevo_groblje.jpg	RAHO
File:Зеница 20180712 220323.jpg	keep		CC BY-SA	7	0	Зеница_20180712_220323.jpg	Travnik | Vitez | Centar | Lehtap | Astanica | Mittal | A.ctahna
File:Sarajevo Saraci 2011-11-08 (4).jpg	drop	only 0 confident region(s)	CC BY-SA	0	0	Sarajevo_Saraci_2011-11-08_4_.jpg	
File:Aleja Ambasadora.jpg	drop	only 0 confident region(s)	CC BY-SA	0	0	Aleja_Ambasadora.jpg	
File:Sarajevo Sipad-Komerc 2011-11-09.jpg	drop	only 1 confident region(s)	CC BY-SA	1	1	Sarajevo_Sipad-Komerc_2011-11-09.jpg	ŠIPAD
File:Umoljani – nekropole 8.jpg	keep		CC BY-SA	3	0	Umoljani_nekropole_8.jpg	NEKROPOLE | HEKPONON | NECROPOLISES
File:Зеница 20221214 152817.jpg	drop	only 0 confident region(s)	CC BY-SA	0	0	Зеница_20221214_152817.jpg	
File:Travnik (10349605645).jpg	drop	only 0 confident region(s)	CC BY	0	0	Travnik_10349605645_.jpg	
File:Прашнице Зеница 20180625 182641.jpg	drop	only 0 confident region(s)	CC BY-SA	0	0	Прашнице_Зеница_20180625_182641.jpg	
File:Зеница 20180802 103942.jpg	drop	only 0 confident region(s)	CC BY-SA	0	0	Зеница_20180802_103942.jpg	
File:Зеница 20221214 152825.jpg	drop	only 0 confident region(s)	CC BY-SA	0	0	Зеница_20221214_152825.jpg	
File:Зеница 20190815 145721.jpg	drop	only 0 confident region(s)	CC BY-SA	0	0	Зеница_20190815_145721.jpg	
File:Sarajevo (49090408181).jpg	keep		CC BY	2	1	Sarajevo_49090408181_.jpg	Demleme | trileće
File:Зеница 20190810 173616.jpg	drop	only 0 confident region(s)	CC BY-SA	0	0	Зеница_20190810_173616.jpg	
File:Господска улица кроз вријеме.jpg	keep		CC BY-SA	6	0	Господска_улица_кроз_вријеме.jpg	PR | 065 | OF | Inda | 27X | 1969
File:Зеница 20221220 103536.jpg	drop	only 0 confident region(s)	CC BY-SA	0	0	Зеница_20221220_103536.jpg	
File:West Mostar04994.JPG	drop	only 1 confident region(s)	CC BY-SA	1	0	West_Mostar04994.JPG	vlMI
File:Зеница 20200323 121234.jpg	drop	only 1 confident region(s)	CC BY-SA	1	2	Зеница_20200323_121234.jpg	GRAĐEŠE
File:VisokoTransport.jpg	drop	only 0 confident region(s)	PD	0	0	VisokoTransport.jpg	
File:Зеница 20180620 052000.jpg	drop	only 1 confident region(s)	CC BY-SA	1	0	Зеница_20180620_052000.jpg	PEHARE
File:Mostar 01, Bosna a Hercegovina.jpg	drop	only 0 confident region(s)	CC BY-SA	0	0	Mostar_01_Bosna_a_Hercegovina.jpg	
File:Avtovac, krávy na silnici.jpg	drop	only 0 confident region(s)	CC BY	0	0	Avtovac_krávy_na_silnici.jpg	
File:Kazandziluk 09.jpg	keep		CC BY-SA	4	1	Kazandziluk_09.jpg	6 | KAZANDŽILUK | ZANATSKA | SAMOSTALNA
File:Зеница 20230203 211044.jpg	drop	only 0 confident region(s)	CC BY-SA	0	0	Зеница_20230203_211044.jpg	
File:Sarajevo FR-BER 2011-11-13 (9).jpg	keep		CC BY-SA	2	0	Sarajevo_FR-BER_2011-11-13_9_.jpg	P | MOTOREXI
File:Zenica05292.JPG	drop	only 0 confident region(s)	PD	0	0	Zenica05292.JPG	
File:West Mostar04993.JPG	drop	only 0 confident region(s)	CC BY-SA	0	0	West_Mostar04993.JPG	
File:Зеница 20190810 165105.jpg	keep		CC BY-SA	3	0	Зеница_20190810_165105.jpg	ZENIA | PLANGBADA | ZENICE
File:Skretanje za Brkiće,Ljubuški310141.JPG	drop	only 0 confident region(s)	CC BY-SA	0	0	Skretanje_za_Brkiće_Ljubuški310141.JPG	
File:Otvorenje Ljeta 2007 (19).JPG	skip	too small: 500x375					
File:Give way ahead.jpg	skip	too small: 214x223					
File:Children ahead.jpg	skip	too small: 248x216					
File:Falling from Coast.jpg	skip	too small: 208x183					
File:RSwelcome.JPG	skip	too small: 312x500					
File:Steep ascent.jpg	skip	too small: 207x174					
File:Зеница 20190810 182945.ogv	skip	not a photo format: application/ogg					
File:End of overtaking prohibition.jpg	skip	too small: 228x196					
File:Зеница - 1891-03-31 - Изрок, позив за упис власништва 2. страница.jpg	skip	too small: 417x728					
File:Амерички универзитет у Тузли.jpg	skip	too small: 670x509					
File:Velika realna gimnazija nakon dogradnje zapadnog krila, 1903. godine.jpg	skip	too small: 600x385					
File:Židovski kulturni centar Banja Luka.jpg	skip	too small: 700x393					
File:Grahovčići 124010.ogv	skip	not a photo format: application/ogg					
File:Sarajevo City Council 2024.svg	skip	not a photo format: image/svg+xml					
File:Zmija2.jpg	skip	too small: 401x303					
File:Tuzla-Park sojenica.jpg	skip	too small: 816x414					
File:S mitinga u oslobođenom Mostaru. 16. studenoga 1945. godine.jpg	skip	too small: 738x524					
File:Шарл Иријарт панорама Бање Луке.png	skip	too small: 814x453					
File:Siegelmarke Stadt-Bezirksamt D. Tuzla W0301738.jpg	skip	too small: 230x270					
File:Brajkovići 100826.webm	skip	not a photo format: video/webm					
File:ETH-BIB-Mostar, Türkin im Bazar-Dia 247-10371.tif	skip	not a photo format: image/tiff					
File:Patch of the 44th Home Guard Battalion.svg	skip	not a photo format: image/svg+xml					
File:Зеница - 1891-03-31 - Изрок, позив за упис власништва 1. страница.jpg	skip	too small: 417x761					
File:Зеница - 1906 - штрајк зеничких радника 1.jpg	skip	too small: 410x355					
File:Зеница - 1468, 1469 - први сумарни попис Босанског санџака, дефтер.jpg	skip	too small: 421x566					
File:University of Mostar Rectorate Building 1.jpg	skip	too small: 450x600					
File:Banja Luka 1890s.png	skip	too small: 555x711					
File:Refugees Fleeing from Tuzla 1999.jpg	skip	too small: 400x364					
File:Lokomotive Seitenansicht Ljubljana 20231228.tiff	skip	not a photo format: image/tiff					
File:Guča Gora 122019.webm	skip	not a photo format: video/webm					
File:Durch Bosnien und die Herzegovina kreuz und quer; Wanderungen (1897) (14801793493).jpg	refused	licence not on the list: 'No restrictions'					
File:Tuzla Stara Gimnazija.jpg	skip	too small: 536x336					
File:Дом синдиката у Бањој Луци.jpg	skip	too small: 700x516					
File:Tuzla-Tuzlanka.jpg	skip	too small: 544x408					
File:КраљаПетра0064.jpg	drop	only 0 confident region(s)	CC BY-SA	0	0	КраљаПетра0064.jpg	
File:Vjeverica.jpg	drop	only 0 confident region(s)	CC BY-SA	0	0	Vjeverica.jpg	
File:Maršal Tito govori na velikom narodnom zboru u slobodnom Sarajevu novembra 1945.jpg	drop	flat colour (256 shades): a drawing, not a photograph	PD	0	0	Maršal_Tito_govori_na_velikom_narodnom_zboru_u_slobodnom_Sarajevu_novembra_1945.jpg	
File:Bosnia and Herzegovina-02250 - Overall View (10481345065).jpg	drop	only 0 confident region(s)	CC BY-SA	0	0	Bosnia_and_Herzegovina-02250_-_Overall_View_10481345065_.jpg	
File:Cinovnicki paviljon aleja sv s 24 nkd 161.JPG	drop	only 0 confident region(s)	CC BY-SA	0	0	Cinovnicki_paviljon_aleja_sv_s_24_nkd_161.JPG	
File:Mostar 02.jpg	drop	only 0 confident region(s)	CC BY-SA	0	0	Mostar_02.jpg	
File:Mostar (5821100799).jpg	drop	only 0 confident region(s)	CC BY	0	0	Mostar_5821100799_.jpg	
File:Old Town Architecture - Mostar - Bosnia and Herzegovina.jpg	drop	only 0 confident region(s)	CC BY-SA	0	0	Old_Town_Architecture_-_Mostar_-_Bosnia_and_Herzegovina.jpg	
File:Old town, Mostar (21) (29768492441).jpg	drop	only 0 confident region(s)	CC BY	0	0	Old_town_Mostar_21_29768492441_.jpg	
File:Mostar (2690100558).jpg	drop	flat colour (256 shades): a drawing, not a photograph	CC BY	0	0	Mostar_2690100558_.jpg	
File:Mostar14BIH23.JPG	drop	only 0 confident region(s)	CC BY-SA	0	0	Mostar14BIH23.JPG	
File:Omerbegovica zgrada Jevrejska 12 14 16 18 Banja Luka.jpg	drop	only 1 confident region(s)	CC0	1	1	Omerbegovica_zgrada_Jevrejska_12_14_16_18_Banja_Luka.jpg	ŽITOPEKA
File:FotoTuraBL131341.jpg	drop	only 0 confident region(s)	CC BY-SA	0	0	FotoTuraBL131341.jpg	
File:Bristol 576x768.jpg	drop	only 0 confident region(s)	CC BY-SA	0	0	Bristol_576x768.jpg	
File:Milomir Kovacevic Strasni.jpg	drop	only 0 confident region(s)	CC BY-SA	0	0	Milomir_Kovacevic_Strasni.jpg	
File:Sparrow nesting in a bullet hole in Sarajevo.jpg	drop	only 0 confident region(s)	CC BY-SA	0	0	Sparrow_nesting_in_a_bullet_hole_in_Sarajevo.jpg	
File:Зеница - 1903 - „Дорфлебен” (Сеоски живот), Рихард Конрад Кромар фон Хохенволф 5.jpg	drop	only 0 confident region(s)	PD	0	0	Зеница_-_1903_-_Дорфлебен_Сеоски_живот_Рихард_Конрад_Кромар_фон_Хохенволф_5.jpg	
File:FotoTuraBL125218.jpg	keep		CC BY-SA	4	1	FotoTuraBL125218.jpg	ZA | DRUŠTVO | MIKROKREDITNO | PENZIONERE
File:Travnik Bahnhof.jpg	drop	only 0 confident region(s)	PD	0	0	Travnik_Bahnhof.jpg	
File:WeddingCoupleSarajevo (3).JPG	drop	only 0 confident region(s)	CC BY-SA	0	0	WeddingCoupleSarajevo_3_.JPG	
File:Грчка0059.jpg	drop	only 0 confident region(s)	CC BY-SA	0	0	Грчка0059.jpg	
File:Зеница 20180620 051502.jpg	drop	only 0 confident region(s)	CC BY-SA	0	0	Зеница_20180620_051502.jpg	
File:НиколеПашића0049.jpg	drop	only 0 confident region(s)	CC BY-SA	0	0	НиколеПашића0049.jpg	
File:West Mostar04999.JPG	drop	only 1 confident region(s)	CC BY-SA	1	0	West_Mostar04999.JPG	896
File:Skottskadat hus 25 juli 2023.jpg	drop	only 0 confident region(s)	CC0	0	0	Skottskadat_hus_25_juli_2023.jpg	
File:Mostar, 2013 (02).jpg	drop	only 0 confident region(s)	CC BY-SA	0	0	Mostar_2013_02_.jpg	
File:20130606 Mostar 113.jpg	drop	only 0 confident region(s)	CC BY-SA	0	0	20130606_Mostar_113.jpg	
File:Зеница 20190821 173150.jpg	keep		PD	3	0	Зеница_20190821_173150.jpg	1:6125) | Z | Stara katolieka crkva
File:Стара жељезничка станица.jpg	keep		CC BY-SA	2	0	Стара_жељезничка_станица.jpg	1891 | PERR
File:Kastel - zgrada Zavoda za kulturno i prirodno nasleđe Republike Srpske.JPG	drop	only 0 confident region(s)	CC BY-SA	0	0	Kastel_-_zgrada_Zavoda_za_kulturno_i_prirodno_nasleđe_Republike_Srpske.JPG	
File:FotoTuraBL130100.jpg	drop	only 1 confident region(s)	CC BY-SA	1	0	FotoTuraBL130100.jpg	57
File:Mostar 22 Bosni i Hercegovini.jpg	drop	only 0 confident region(s)	CC BY-SA	0	0	Mostar_22_Bosni_i_Hercegovini.jpg	
File:Travnik 72270, Bosnia and Herzegovina - panoramio (1).jpg	drop	only 0 confident region(s)	CC BY-SA	0	0	Travnik_72270_Bosnia_and_Herzegovina_-_panoramio_1_.jpg	
File:Mostar lecamp III.jpeg	drop	only 0 confident region(s)	CC BY-SA	0	0	Mostar_lecamp_III.jpeg	
File:Зеница 20190821 175513.jpg	keep		PD	7	0	Зеница_20190821_175513.jpg	Zenica 20. oktobra 1697 | vrijeme prolaska Eugena Savojskog ka Sarajevu | Skizze zuam bognischen | des Prinzen | Savogen | im Jahre | Zaga
File:Travnik - Stari Grad - Konatur, Bosna i Hercegovina - panoramio.jpg	drop	only 0 confident region(s)	CC BY-SA	0	0	Travnik_-_Stari_Grad_-_Konatur_Bosna_i_Hercegovina_-_panoramio.jpg	
File:20130606 Mostar 283.jpg	drop	flat colour (256 shades): a drawing, not a photograph	CC BY-SA	0	0	20130606_Mostar_283.jpg	
File:Panorama de Mostar.jpg	drop	only 0 confident region(s)	CC BY-SA	0	0	Panorama_de_Mostar.jpg	
File:Seattle - Catholic Seafarers' Center and Sarajevo Lounge 02.jpg	drop	only 1 confident region(s)	CC BY-SA	1	0	Seattle_-_Catholic_Seafarers_Center_and_Sarajevo_Lounge_02.jpg	SARAJEVO
File:Cultural Center Mostar.jpg	keep		CC BY-SA	3	0	Cultural_Center_Mostar.jpg	ZA | ULTURU | CENTAR
File:Bisera Alikadić, Kaptol, Sarajevo.jpg	keep		CC BY-SA	10	1	Bisera_Alikadić_Kaptol_Sarajevo.jpg	BIOCRAFIJA | NE ČITAJTE | SANJARICAMA | Ciganika | Zirala | 999I | Nacionalnoj | ubce | Nagrace | Ked nas
File:Zgrade kule Ravnogorska 10 8 Banja Luka.jpg	drop	only 0 confident region(s)	CC0	0	0	Zgrade_kule_Ravnogorska_10_8_Banja_Luka.jpg	
File:FotoTuraBL123231.jpg	drop	only 0 confident region(s)	CC BY-SA	0	0	FotoTuraBL123231.jpg	
File:Zgrada Ravnogorska 13 15 17 Banja Luka.jpg	drop	only 0 confident region(s)	CC0	0	0	Zgrada_Ravnogorska_13_15_17_Banja_Luka.jpg	
File:Mostar-Muslibegovica kuca - muzeum.jpg	drop	only 0 confident region(s)	CC BY	0	0	Mostar-Muslibegovica_kuca_-_muzeum.jpg	
File:First session of the AVNOJ in Bihać.jpg	drop	flat colour (256 shades): a drawing, not a photograph	PD	0	0	First_session_of_the_AVNOJ_in_Bihać.jpg	
File:Прашнице Зеница 20180625 182836.jpg	keep		CC BY-SA	2	0	Прашнице_Зеница_20180625_182836.jpg	BISS-TOURS | M
File:Зеница 20230224 135521.jpg	drop	only 0 confident region(s)	CC BY-SA	0	0	Зеница_20230224_135521.jpg	
File:Objekat u ulici brace Mazar i majke Marije 50 i 52 nkd 090.JPG	keep		CC BY-SA	22	1	Objekat_u_ulici_brace_Mazar_i_majke_Marije_50_i_52_nkd_090.JPG	BIS | izleti | SVE OVO. | 212 - 507 | salon | R | AJ BOPAL | Travel | Agency | TURS | ljetovanja | zimovanja | daćke | easkurzije | organizovana | putovanja | zemlji | inostranstuu | prodaja | autobuskih | karata | fotokopiranje
File:Femmes des environs de Mostar - A1578.jpg	drop	only 0 confident region(s)	CC0	0	0	Femmes_des_environs_de_Mostar_-_A1578.jpg	
File:Mostar BW 2024-10-01 13-16-41.jpg	drop	only 1 confident region(s)	CC BY-SA	1	0	Mostar_BW_2024-10-01_13-16-41.jpg	BANKOMAT
File:Mostar14BIH76.JPG	drop	only 0 confident region(s)	CC BY-SA	0	0	Mostar14BIH76.JPG	
File:Mostar-Old Town-1-08.JPG	drop	only 0 confident region(s)	CC BY-SA	0	0	Mostar-Old_Town-1-08.JPG	
File:Mostar croatia dreaming.jpg	drop	only 1 confident region(s)	CC BY-SA	1	0	Mostar_croatia_dreaming.jpg	Frane Kapic
File:Mostar and Neretva.jpg	drop	only 0 confident region(s)	CC BY-SA	0	0	Mostar_and_Neretva.jpg	
File:Mostar - panoramio - lienyuan lee (1).jpg	drop	only 0 confident region(s)	CC BY	0	0	Mostar_-_panoramio_-_lienyuan_lee_1_.jpg	
File:Mostar samen met Wies , Oktober 2010 - panoramio (1).jpg	drop	only 0 confident region(s)	CC BY	0	0	Mostar_samen_met_Wies_Oktober_2010_-_panoramio_1_.jpg	
File:Old town, Mostar (20) (29558328600).jpg	drop	only 0 confident region(s)	CC BY	0	0	Old_town_Mostar_20_29558328600_.jpg	
File:Dining Alfresco in Mostar.jpg	drop	only 0 confident region(s)	CC BY-SA	0	0	Dining_Alfresco_in_Mostar.jpg	
File:Bihc Bosnie Herzegovine O (137556025).jpeg	drop	only 0 confident region(s)	CC BY	0	0	Bihc_Bosnie_Herzegovine_O_137556025_.jpeg	
File:Mostar Oestliche Stadthaelfte.jpg	keep		CC BY-SA	2	0	Mostar_Oestliche_Stadthaelfte.jpg	TORA | CUROPA
File:Mostarin kaupunkia 1870-luvulla.jpg	drop	flat colour (256 shades): a drawing, not a photograph	PD	0	0	Mostarin_kaupunkia_1870-luvulla.jpg	
File:20130606 Mostar 077.jpg	drop	only 0 confident region(s)	CC BY-SA	0	0	20130606_Mostar_077.jpg	
File:Mostar IMG 9618.JPG	drop	only 0 confident region(s)	CC BY-SA	0	0	Mostar_IMG_9618.JPG	
File:Una-Bihac.jpg	drop	only 0 confident region(s)	CC BY-SA	0	0	Una-Bihac.jpg	
File:20130606 Mostar 277.jpg	drop	flat colour (256 shades): a drawing, not a photograph	CC BY-SA	0	0	20130606_Mostar_277.jpg	
File:Protesti u BL1.jpg	drop	only 0 confident region(s)	CC BY-SA	0	0	Protesti_u_BL1.jpg	
File:Stari grad, Mostar.jpg	drop	only 0 confident region(s)	CC BY-SA	0	0	Stari_grad_Mostar.jpg	
File:Tajna Tanovic@NYC.jpg	drop	only 0 confident region(s)	CC BY-SA	0	0	Tajna_Tanovic_NYC.jpg	
File:Sarajevo (49094946068).jpg	drop	only 0 confident region(s)	CC BY	0	0	Sarajevo_49094946068_.jpg	
File:1997 in Sarajevo 001.jpg	drop	flat colour (256 shades): a drawing, not a photograph	CC BY	0	0	1997_in_Sarajevo_001.jpg	
File:Зеница 20221230 201243.jpg	drop	only 0 confident region(s)	CC BY-SA	0	0	Зеница_20221230_201243.jpg	
File:Prvo pominanje imena Zenice.jpg	keep		CC BY	14	1	Prvo_pominanje_imena_Zenice.jpg	PTVO | pominjanje | imena | zenice | the first | mentioning of | the | nane | of zenica | nrl | nar | e | S | Onbrovnćk
File:Mostar - Bosnia - Shells as Objets d'Art.jpg	drop	only 0 confident region(s)	CC BY-SA	0	0	Mostar_-_Bosnia_-_Shells_as_Objets_d_Art.jpg	
File:Pansion Oscar - panoramio.jpg	keep		CC BY	4	0	Pansion_Oscar_-_panoramio.jpg	PANSION | OSCAR | SUMMER | GARDEN
File:Eparhija banjalučka.jpg	drop	only 0 confident region(s)	CC BY	0	0	Eparhija_banjalučka.jpg	
File:West Mostar05553.JPG	drop	only 0 confident region(s)	CC BY-SA	0	0	West_Mostar05553.JPG	
File:FotoTuraBL123156.jpg	drop	only 0 confident region(s)	CC BY-SA	0	0	FotoTuraBL123156.jpg	
File:Mostar, 2013 (14).jpg	drop	only 0 confident region(s)	CC BY-SA	0	0	Mostar_2013_14_.jpg	
File:View from the Mostar Bridge upstream (4060848074).jpg	drop	only 0 confident region(s)	CC BY	0	0	View_from_the_Mostar_Bridge_upstream_4060848074_.jpg	
File:20130606 Mostar 269.jpg	drop	only 0 confident region(s)	CC BY-SA	0	0	20130606_Mostar_269.jpg	
File:The Sarajevo Drum Orchestra beat the drum to ban cluster bombs for 2 hours.jpg	keep		CC BY	4	0	The_Sarajevo_Drum_Orchestra_beat_the_drum_to_ban_cluster_bombs_for_2_hours.jpg	BOSNA | HERCEGOUINA | BEZ MINA  KASETIE MUNICIJE | INICINATIVE
File:Tuzla - panoramio.jpg	drop	only 1 confident region(s)	CC BY	1	0	Tuzla_-_panoramio.jpg	Foto:Stari Djed Aljo
File:Graveyard sarajevo.JPG	drop	only 0 confident region(s)	CC BY-SA	0	0	Graveyard_sarajevo.JPG	
File:Боро Брковић.jpg	drop	only 0 confident region(s)	CC BY-SA	0	0	Боро_Брковић.jpg	
File:Kujundžiluk.jpg	keep		CC BY-SA	2	0	Kujundžiluk.jpg	DON | FORGET
File:Rkt groblje, Brajkovići 121942.jpg	drop	only 0 confident region(s)	CC BY-SA	0	0	Rkt_groblje_Brajkovići_121942.jpg	
File:20130606 Mostar 009.jpg	drop	only 0 confident region(s)	CC BY-SA	0	0	20130606_Mostar_009.jpg	
File:Sarajevo Siege firewood couple 1992.jpg	drop	flat colour (256 shades): a drawing, not a photograph	CC BY-SA	0	0	Sarajevo_Siege_firewood_couple_1992.jpg	
File:Ferhadija, Banja Luka 1912.jpg	drop	only 0 confident region(s)	PD	0	0	Ferhadija_Banja_Luka_1912.jpg	
File:Gradska pošta.jpg	drop	only 0 confident region(s)	CC BY-SA	0	0	Gradska_pošta.jpg	
File:20130606 Mostar 119.jpg	drop	only 0 confident region(s)	CC BY-SA	0	0	20130606_Mostar_119.jpg	
File:Neretva riverside at Mostar 2 - panoramio.jpg	drop	only 0 confident region(s)	CC BY-SA	0	0	Neretva_riverside_at_Mostar_2_-_panoramio.jpg	
File:Tuzlanska Barutana1.jpg	drop	only 0 confident region(s)	CC BY-SA	0	0	Tuzlanska_Barutana1.jpg	
File:Starcevica zgrade Bulevar Desanke Maksimovic.jpg	drop	only 0 confident region(s)	CC BY	0	0	Starcevica_zgrade_Bulevar_Desanke_Maksimovic.jpg	
File:Vranicine zgrade Borik Banja Luka.jpg	drop	only 0 confident region(s)	CC0	0	0	Vranicine_zgrade_Borik_Banja_Luka.jpg	
File:Borci VI krajiške brigade pored uništene nemačke motorizovane kolone, reon Travnika, februar 1945.jpg	drop	flat colour (238 shades): a drawing, not a photograph	CC0	0	0	Borci_VI_krajiške_brigade_pored_uništene_nemačke_motorizovane_kolone_reon_Travnika_februar_1945.jpg	
File:Ignaz Konigsberger's Verlag, Sarajewo - Studio portrait of a young unmarried townswoman.jpg	drop	only 1 confident region(s)	PD	1	0	Ignaz_Konigsberger_s_Verlag_Sarajewo_-_Studio_portrait_of_a_young_unmarried_townswoman.jpg	Ignaz Königsberger's Verlag, Sarajewo.
File:Posta glavna.JPG	drop	only 0 confident region(s)	CC BY-SA	0	0	Posta_glavna.JPG	
File:Кућа Џинић, Браће Мажар и мајке Марије 58.jpg	drop	only 0 confident region(s)	CC BY-SA	0	0	Кућа_Џинић_Браће_Мажар_и_мајке_Марије_58.jpg	
File:Зеница 20180726 132117.jpg	drop	only 0 confident region(s)	CC BY-SA	0	0	Зеница_20180726_132117.jpg	
File:Српска0043.jpg	drop	only 0 confident region(s)	CC BY-SA	0	0	Српска0043.jpg	
File:P1020373 (23122575).jpg	drop	only 0 confident region(s)	CC BY-SA	0	0	P1020373_23122575_.jpg	
File:Tuzla, Kapija place.jpg	drop	only 0 confident region(s)	PD	0	0	Tuzla_Kapija_place.jpg	
File:Stray dogs in Mostar 03.jpg	drop	only 0 confident region(s)	CC BY-SA	0	0	Stray_dogs_in_Mostar_03.jpg	
File:НиколеПашића0048.jpg	drop	only 1 confident region(s)	CC BY-SA	1	0	НиколеПашића0048.jpg	EKI
File:Зеница - 1903 - „Дорфлебен” (Сеоски живот), Рихард Конрад Кромар фон Хохенволф 3.jpg	drop	only 0 confident region(s)	PD	0	0	Зеница_-_1903_-_Дорфлебен_Сеоски_живот_Рихард_Конрад_Кромар_фон_Хохенволф_3.jpg	
File:Ekonomska skola.JPG	drop	no region with 3+ letters	CC BY-SA	2	0	Ekonomska_skola.JPG	P | 20
File:20130606 Mostar 226.jpg	drop	only 0 confident region(s)	CC BY-SA	0	0	20130606_Mostar_226.jpg	
File:Зеница 20230219 154651.jpg	drop	only 0 confident region(s)	CC BY-SA	0	0	Зеница_20230219_154651.jpg	
File:Travnik Österreichisches Konsulat.JPG	drop	only 0 confident region(s)	CC BY-SA	0	0	Travnik_Österreichisches_Konsulat.JPG	
File:Starcevica zgrade Bulevar Desanke Maksimovic 2.jpg	drop	only 0 confident region(s)	CC BY	0	0	Starcevica_zgrade_Bulevar_Desanke_Maksimovic_2.jpg	
File:Mostar (5821685350).jpg	drop	only 0 confident region(s)	CC BY	0	0	Mostar_5821685350_.jpg	
File:Mostar (5821088721).jpg	drop	only 0 confident region(s)	CC BY	0	0	Mostar_5821088721_.jpg	
File:Zenica, Željezara Zenica sa brda.jpg	drop	only 0 confident region(s)	CC BY-SA	0	0	Zenica_Željezara_Zenica_sa_brda.jpg	
File:Tuzla. Handelsschule und Quai.jpg	keep		PD	3	0	Tuzla._Handelsschule_und_Quai.jpg	Cuzla. | Mandelsschule und | Quai.
File:Зеница - 1884 - ред вожње.jpg	keep		PD	79	10	Зеница_-_1884_-_ред_вожње.jpg	C.KR BOSANSKA ŽELJEZNICA | Važi od 16. maja 1882. | RED VOZIDBE | Kilometar | omran | Kilometar | Stanice | Stanice | Odlazak | 10 | Zenica | (Restauracija) | Odlazak | 15 | (Pecraypannja) | 4.6 | Sijekovac | 24 | 45.1 | Žepče | 24.1 | Dervent (Restauracija) | 34 | Dolazak | 12 | 50 | 81.1 | Maglaj 
File:Објекат у улици Краља Петра I Карађорђевића 41 03.JPG	drop	only 0 confident region(s)	CC BY-SA	0	0	Објекат_у_улици_Краља_Петра_I_Карађорђевића_41_03.JPG	
File:Cntrsq.png	drop	only 1 confident region(s)	CC BY-SA	1	0	Cntrsq.png	EP
File:P1020367 (23119538).jpg	drop	only 0 confident region(s)	CC BY-SA	0	0	P1020367_23119538_.jpg	
File:Зеница 20221230 201234.jpg	drop	only 0 confident region(s)	CC BY-SA	0	0	Зеница_20221230_201234.jpg	
File:Mostar (49033682946).jpg	drop	only 1 confident region(s)	CC BY	1	0	Mostar_49033682946_.jpg	JE ELEK
File:Mapa položaja Banja Luka.png	drop	only 1 confident region(s)	CC BY	1	0	Mapa_položaja_Banja_Luka.png	Banja Luka
File:Mostar (5821702002).jpg	drop	only 0 confident region(s)	CC BY	0	0	Mostar_5821702002_.jpg	
File:20130606 Mostar 228.jpg	drop	only 0 confident region(s)	CC BY-SA	0	0	20130606_Mostar_228.jpg	
File:Une femme habillée vue de dos, sac noir - A1610.jpg	keep		CC0	3	0	Une_femme_habillée_vue_de_dos_sac_noir_-_A1610.jpg	AJT | N | 1610
File:01 - Mostar.jpg	drop	only 0 confident region(s)	CC BY-SA	0	0	01_-_Mostar.jpg	
File:Plave vode.png	drop	only 0 confident region(s)	CC BY-SA	0	0	Plave_vode.png	
File:Nordlager bei Mostar waehrend des Bosnienfeldzugs 1878.jpg	drop	only 0 confident region(s)	PD	0	0	Nordlager_bei_Mostar_waehrend_des_Bosnienfeldzugs_1878.jpg	
File:House with bullet holes in Sarajevo 01.jpg	drop	only 0 confident region(s)	CC BY-SA	0	0	House_with_bullet_holes_in_Sarajevo_01.jpg	
File:FotoTuraBL124730.jpg	drop	only 0 confident region(s)	CC BY-SA	0	0	FotoTuraBL124730.jpg	
File:Зеница - 1882 - ред вожње.jpg	keep		PD	134	22	Зеница_-_1882_-_ред_вожње.jpg	željeznican | ozni | važi | od | 15 | oktobra | Stanice | Stanice | Sarajevo (Rest.) Odlazak | 125 | Drorv | 20 | Z | Visoka | Brucka na | Dobrinjev | Beč drž. žel. preko | Kakanj Doboj | Marchegga | Gora | (puta. | 350 | Janjiče | Bog.-Rrod | Dolazak | Zenica (Reat.) | Odlazak | Boa.-Brod | Odlazak
File:Mtel Banja Luka.jpg	drop	only 1 confident region(s)	CC BY-SA	1	0	Mtel_Banja_Luka.jpg	m-tel
File:Seattle - Catholic Seafarers' Center and Sarajevo Lounge 01.jpg	keep		CC BY-SA	2	0	Seattle_-_Catholic_Seafarers_Center_and_Sarajevo_Lounge_01.jpg	GE | OPEN
File:F.T.B.L. 26.jpg	drop	only 0 confident region(s)	CC BY-SA	0	0	F.T.B.L._26.jpg	
File:Magaza Mujage Komadina Mostar.jpg	drop	only 0 confident region(s)	CC BY-SA	0	0	Magaza_Mujage_Komadina_Mostar.jpg	
File:Tuzla - Arhiva Tuzlanskog kantona (2019).jpg	drop	only 1 confident region(s)	CC BY-SA	1	0	Tuzla_-_Arhiva_Tuzlanskog_kantona_2019_.jpg	ARHIV
File:Објекат пословног центра „Екватор“, угао улица Краља Петра I Карађорђевића и Булевара цара Душана (1).jpg	drop	only 0 confident region(s)	CC BY-SA	0	0	Објекат_пословног_центра_Екватор_угао_улица_Краља_Петра_I_Карађорђевића_и_Булевара_цара_Душана_1_.jpg	
File:Mostar 03.jpg	drop	only 0 confident region(s)	CC BY-SA	0	0	Mostar_03.jpg	
File:Employment Bureau - panoramio.jpg	drop	only 0 confident region(s)	CC BY	0	0	Employment_Bureau_-_panoramio.jpg	
File:20130606 Mostar 093.jpg	drop	only 0 confident region(s)	CC BY-SA	0	0	20130606_Mostar_093.jpg	
File:Зеница 20221230 222232.jpg	drop	only 0 confident region(s)	CC BY-SA	0	0	Зеница_20221230_222232.jpg	
File:Зеница 20230219 150841.jpg	keep		CC BY-SA	2	0	Зеница_20230219_150841.jpg	SRCEJEE | NO
File:20130606 Mostar 273.jpg	drop	only 0 confident region(s)	CC BY-SA	0	0	20130606_Mostar_273.jpg	
File:Sportska dvorana Obilicevo.jpg	drop	only 0 confident region(s)	CC BY-SA	0	0	Sportska_dvorana_Obilicevo.jpg	
File:Stray dogs in Mostar 01.jpg	drop	only 0 confident region(s)	CC BY-SA	0	0	Stray_dogs_in_Mostar_01.jpg	
File:Nasiha Kapidžić-Hadžić, Kaptol, Sarajevo.jpg	drop	only 1 confident region(s)	CC BY-SA	1	0	Nasiha_Kapidžić-Hadžić_Kaptol_Sarajevo.jpg	Na
File:TZEKLR 2018.jpg	drop	only 0 confident region(s)	CC BY-SA	0	0	TZEKLR_2018.jpg	
File:BL prirodni prirastaj.png	drop	flat colour (155 shades): a drawing, not a photograph	CC BY-SA	0	0	BL_prirodni_prirastaj.png	
File:Mostar, 2013 (28).jpg	drop	only 1 confident region(s)	CC BY-SA	1	0	Mostar_2013_28_.jpg	LL
File:Српска0041.jpg	drop	only 0 confident region(s)	CC BY-SA	0	0	Српска0041.jpg	
File:20130606 Mostar 080.jpg	drop	only 0 confident region(s)	CC BY-SA	0	0	20130606_Mostar_080.jpg	
File:1997 in Sarajevo 009.jpg	drop	flat colour (256 shades): a drawing, not a photograph	CC BY	0	0	1997_in_Sarajevo_009.jpg	
File:Old town, Mostar (18) (29558389440).jpg	keep		CC BY	2	1	Old_town_Mostar_18_29558389440_.jpg	Restoran | ŠADRVAN
File:Mostar14BIH21.JPG	drop	only 0 confident region(s)	CC BY-SA	0	0	Mostar14BIH21.JPG	
File:Mostar (49033679656).jpg	drop	only 0 confident region(s)	CC BY	0	0	Mostar_49033679656_.jpg	
File:Mostar (49033903967).jpg	drop	only 0 confident region(s)	CC BY	0	0	Mostar_49033903967_.jpg	
File:Sarajevo (49095463061).jpg	drop	only 1 confident region(s)	CC BY	1	0	Sarajevo_49095463061_.jpg	AZDE BODZ
File:Зеница 20190821 174244.jpg	drop	only 0 confident region(s)	PD	0	0	Зеница_20190821_174244.jpg	
File:FotoTuraBL125215.jpg	keep		CC BY-SA	7	1	FotoTuraBL125215.jpg	ZA | GAS | DRUŠTVO | MIKROKREDITNO | PENZIONERE | PENZIONERSKO | KREDITI
File:Зеница 20230218 112550.jpg	drop	no region with 3+ letters	CC BY-SA	2	0	Зеница_20230218_112550.jpg	ZD | Z
File:The best ćevapi in New York - panoramio.jpg	keep		CC BY	9	3	The_best_ćevapi_in_New_York_-_panoramio.jpg	SARAJEVO | SARAJEVO FAST FOOD INC. | ĆEVABDŽINICA | 718.752.9528 | FREE DELIVERY | TAKE-OUT | th AVE. | CEVAPDŽINICA | CEVABDZINICA SARAJEVO
File:Бањалука0068.jpg	keep		CC BY-SA	11	1	Бањалука0068.jpg	RACUNARI | MEGATRONIC | KOŠTAO | TELEFONAP | AKOLIKO | MOJEKRAN.COM | PAD | EKRANA | ZAMJENA | PREVOD | PIRAMIDA
File:Džavid Haverić.jpg	drop	flat colour (256 shades): a drawing, not a photograph	PD	0	0	Džavid_Haverić.jpg	
File:Reflections in Green (30769871128).jpg	drop	only 0 confident region(s)	CC BY	0	0	Reflections_in_Green_30769871128_.jpg	
File:Tuzla View of Tuzla (cropped).jpg	drop	only 0 confident region(s)	CC BY-SA	0	0	Tuzla_View_of_Tuzla_cropped_.jpg	
File:Lašva Travnik 0478.jpg	keep		CC BY-SA	2	2	Lašva_Travnik_0478.jpg	Karlovačko | Karlovači
File:Travnik, vlak.jpg	drop	only 0 confident region(s)	CC BY	0	0	Travnik_vlak.jpg	
File:Mostar - panoramio.jpg	drop	only 0 confident region(s)	CC BY-SA	0	0	Mostar_-_panoramio.jpg	
File:Mostar - panoramio - lienyuan lee.jpg	drop	only 0 confident region(s)	CC BY	0	0	Mostar_-_panoramio_-_lienyuan_lee.jpg	
File:Seattle - Catholic Seafarers' Center and Sarajevo Lounge and neighboring buildings.jpg	keep		CC BY-SA	4	0	Seattle_-_Catholic_Seafarers_Center_and_Sarajevo_Lounge_and_neighboring_buildings.jpg	ON | WA | Sarajevo | Batterv
File:Mostar14BIH18.JPG	drop	only 0 confident region(s)	CC BY-SA	0	0	Mostar14BIH18.JPG	
File:Зеница 20190821 174231.jpg	keep		PD	3	0	Зеница_20190821_174231.jpg	ZA | VDE | OGLAS
File:Czyścibut uliczny - Banjaluka - 003378n.jpg	drop	flat colour (256 shades): a drawing, not a photograph	CC BY-SA	0	0	Czyścibut_uliczny_-_Banjaluka_-_003378n.jpg	
File:Мапа Пријечана.png	drop	flat colour (1955 shades): a drawing, not a photograph	CC0	0	0	Мапа_Пријечана.png	
File:Bosnia Bihac from west IMG 9913.JPG	drop	only 0 confident region(s)	CC BY-SA	0	0	Bosnia_Bihac_from_west_IMG_9913.JPG	
File:Travnik entry.png	drop	only 0 confident region(s)	CC BY-SA	0	0	Travnik_entry.png	
File:20130606 Mostar 279.jpg	drop	only 0 confident region(s)	CC BY-SA	0	0	20130606_Mostar_279.jpg	
File:Објекат у улици Краља Петра I Карађорђевића 41 02.JPG	drop	only 0 confident region(s)	CC BY-SA	0	0	Објекат_у_улици_Краља_Петра_I_Карађорђевића_41_02.JPG	
File:Зеница 20190821 182946.jpg	drop	only 1 confident region(s)	PD	1	0	Зеница_20190821_182946.jpg	ZENICA
File:Sarajevo Hrgica 2011-11-08 (16).jpg	drop	only 0 confident region(s)	CC BY-SA	0	0	Sarajevo_Hrgica_2011-11-08_16_.jpg	
File:Svjetlana Bukvich.jpg	drop	only 1 confident region(s)	CC BY-SA	1	0	Svjetlana_Bukvich.jpg	srage2
File:Зграда Уставног суда, угао улица И. Ф. Јукића и Краља Алфонса ХIII (2).jpg	drop	only 0 confident region(s)	CC BY-SA	0	0	Зграда_Уставног_суда_угао_улица_И._Ф._Јукића_и_Краља_Алфонса_ХIII_2_.jpg	
File:Bihc Bosnie Herzegovine O (137556045).jpeg	drop	only 0 confident region(s)	CC BY	0	0	Bihc_Bosnie_Herzegovine_O_137556045_.jpeg	
File:Bihac postcard 1899.jpg	drop	only 1 confident region(s)	PD	1	0	Bihac_postcard_1899.jpg	iz
File:Zgrada Milosa Obilica 46 48 Banja Luka.jpg	drop	only 0 confident region(s)	CC0	0	0	Zgrada_Milosa_Obilica_46_48_Banja_Luka.jpg	
File:Storm Clouds Over Mostar (13274790554).jpg	drop	only 0 confident region(s)	CC BY	0	0	Storm_Clouds_Over_Mostar_13274790554_.jpg	
File:Bewo River Apartments Banja Luka.jpg	drop	only 0 confident region(s)	CC BY-SA	0	0	Bewo_River_Apartments_Banja_Luka.jpg	
File:Mzpjesme.jpg	keep		CC BY-SA	8	3	Mzpjesme.jpg	HRVACSKE | MUSLIMANSKĆ). | SVEZAK PRVI. | MEHMED DŽELALUDDIN KURT., | MOSTAR. | HRVACSKA DIONIČKA TISKARNA | 1902 | Cieja
File:Српска0046.jpg	drop	only 0 confident region(s)	CC BY-SA	0	0	Српска0046.jpg	
File:Franz Leo Ruben - Vier Damen am Basar von Sarajevo.jpg	drop	only 0 confident region(s)	PD	0	0	Franz_Leo_Ruben_-_Vier_Damen_am_Basar_von_Sarajevo.jpg	
File:NKD015 Господска улица1.jpg	drop	only 0 confident region(s)	CC BY-SA	0	0	NKD015_Господска_улица1.jpg	
File:S - panoramio (3).jpg	drop	only 0 confident region(s)	CC BY-SA	0	0	S_-_panoramio_3_.jpg	
File:20130606 Mostar 106.jpg	drop	only 0 confident region(s)	CC BY-SA	0	0	20130606_Mostar_106.jpg	
File:Travnik 72270, Bosnia and Herzegovina - panoramio (3).jpg	drop	only 0 confident region(s)	CC BY-SA	0	0	Travnik_72270_Bosnia_and_Herzegovina_-_panoramio_3_.jpg	
File:20130606 Mostar 041.jpg	drop	only 0 confident region(s)	CC BY-SA	0	0	20130606_Mostar_041.jpg	
File:Зеница - 1932 - жељезничари.jpg	drop	flat colour (256 shades): a drawing, not a photograph	PD	0	0	Зеница_-_1932_-_жељезничари.jpg	
File:Зеница 20180627 014638.jpg	drop	only 0 confident region(s)	CC BY-SA	0	0	Зеница_20180627_014638.jpg	
File:Зеница 20230219 154850.jpg	drop	only 0 confident region(s)	CC BY-SA	0	0	Зеница_20230219_154850.jpg	
File:Зеница 20230219 153225.jpg	drop	only 0 confident region(s)	CC BY-SA	0	0	Зеница_20230219_153225.jpg	
File:Зеница 20230219 154006.jpg	drop	only 0 confident region(s)	CC BY-SA	0	0	Зеница_20230219_154006.jpg	
File:Sarajevo Jevrejsko groblje 28.jpg	drop	only 0 confident region(s)	CC BY-SA	0	0	Sarajevo_Jevrejsko_groblje_28.jpg	
File:Hindin Han - panoramio.jpg	drop	only 0 confident region(s)	CC BY	0	0	Hindin_Han_-_panoramio.jpg	
File:Zgrda plan nlb razvojna banka bl.JPG	keep		CC BY-SA	4	0	Zgrda_plan_nlb_razvojna_banka_bl.JPG	Krediti | Z | 4,70 % | 4,70%
File:Mostar, logo su edificio.jpg	drop	only 0 confident region(s)	CC BY-SA	0	0	Mostar_logo_su_edificio.jpg	
File:Mostar Old Town.jpg	drop	only 0 confident region(s)	CC BY-SA	0	0	Mostar_Old_Town.jpg	
File:Mostar - panoramio - lienyuan lee (3).jpg	keep		CC BY	2	3	Mostar_-_panoramio_-_lienyuan_lee_3_.jpg	nažnovoćno | osvježenjel
File:Reconstructed residential building, Mostar.jpg	drop	only 1 confident region(s)	CC0	1	0	Reconstructed_residential_building_Mostar.jpg	REFUG
File:East Mostar05477.JPG	drop	only 1 confident region(s)	CC BY-SA	1	0	East_Mostar05477.JPG	Techn
File:Narrow-Gauge-Railway Spalatobahn Travnik Medresa (2).jpg	drop	only 0 confident region(s)	PD	0	0	Narrow-Gauge-Railway_Spalatobahn_Travnik_Medresa_2_.jpg	
File:Plave vode mlin.png	drop	only 0 confident region(s)	CC BY-SA	0	0	Plave_vode_mlin.png	
File:Зеница 20180627 013638.jpg	drop	only 0 confident region(s)	CC BY-SA	0	0	Зеница_20180627_013638.jpg	
File:Зеница - 1903 - „Дорфлебен” (Сеоски живот), Рихард Конрад Кромар фон Хохенволф.jpg	drop	only 0 confident region(s)	PD	0	0	Зеница_-_1903_-_Дорфлебен_Сеоски_живот_Рихард_Конрад_Кромар_фон_Хохенволф.jpg	
File:20130606 Mostar 260.jpg	drop	only 0 confident region(s)	CC BY-SA	0	0	20130606_Mostar_260.jpg	
File:West Mostar05552.JPG	drop	only 0 confident region(s)	CC BY-SA	0	0	West_Mostar05552.JPG	
File:Зеница 20230219 155023.jpg	drop	only 0 confident region(s)	CC BY-SA	0	0	Зеница_20230219_155023.jpg	
File:Bosnien-Herzegowina BV043564453.jpg	keep		PD	6	0	Bosnien-Herzegowina_BV043564453.jpg	TafelV. | Gefecht bei Banjaluka | Trappisten | Frurrlinie | Dschamja | Kenak
File:Зграда Уставног суда, угао улица И. Ф. Јукића и Краља Алфонса ХIII (1).jpg	drop	only 0 confident region(s)	CC BY-SA	0	0	Зграда_Уставног_суда_угао_улица_И._Ф._Јукића_и_Краља_Алфонса_ХIII_1_.jpg	
File:Vanjski izgled komore doktora medicine.jpg	keep		CC BY-SA	2	0	Vanjski_izgled_komore_doktora_medicine.jpg	KoMopa | Penybnkke
File:Зеница 20230219 155008.jpg	drop	only 1 confident region(s)	CC BY-SA	1	0	Зеница_20230219_155008.jpg	CRNO CRVE
File:Otto Lohner kuca Banja Luka.jpg	keep		CC0	4	0	Otto_Lohner_kuca_Banja_Luka.jpg	U | mobil | UMART | eni!
File:F.T.B.L. 15.jpg	drop	only 0 confident region(s)	CC BY-SA	0	0	F.T.B.L._15.jpg	
File:Bihać, Synagogue (01).jpg	drop	only 0 confident region(s)	PD	0	0	Bihać_Synagogue_01_.jpg	
File:Zgrada u Ulici Tina Ujevića 1 3 5 Banja Luka.jpg	drop	only 0 confident region(s)	CC0	0	0	Zgrada_u_Ulici_Tina_Ujevića_1_3_5_Banja_Luka.jpg	
File:Old town, Mostar (10) (29224602264).jpg	drop	only 1 confident region(s)	CC BY	1	0	Old_town_Mostar_10_29224602264_.jpg	ana
File:Slatina Playground - panoramio.jpg	drop	only 0 confident region(s)	CC BY	0	0	Slatina_Playground_-_panoramio.jpg	
File:Алеја 22.jpg	drop	only 1 confident region(s)	CC BY-SA	1	0	Алеја_22.jpg	Z2
File:FotoTuraBL123331.jpg	drop	only 0 confident region(s)	CC BY-SA	0	0	FotoTuraBL123331.jpg	
File:Mostar july 2015.JPG	drop	only 0 confident region(s)	CC BY-SA	0	0	Mostar_july_2015.JPG	
File:Zenica05167.JPG	drop	only 0 confident region(s)	PD	0	0	Zenica05167.JPG	
File:Travniki kapu. Fortepan 86952.jpg	drop	only 0 confident region(s)	PD	0	0	Travniki_kapu._Fortepan_86952.jpg	
File:Ignaz Konigsberger's Verlag, Sarajewo - 67. Türkin auf der Strasse.jpg	keep		PD	3	0	Ignaz_Konigsberger_s_Verlag_Sarajewo_-_67._Türkin_auf_der_Strasse.jpg	6Z. | Tiirkin auf der Strasse | Ignaz Königsberger's Verlag, Sarajewvo.
File:Two men in Sarajevo, ca.1930.jpg	drop	flat colour (4852 shades): a drawing, not a photograph	PD	0	0	Two_men_in_Sarajevo_ca.1930.jpg	
File:Bazar at Old Bridge in Mostar, Herzegovina.JPG	drop	only 0 confident region(s)	PD	0	0	Bazar_at_Old_Bridge_in_Mostar_Herzegovina.JPG	
File:F.T.B.L. 23.jpg	drop	only 0 confident region(s)	CC BY-SA	0	0	F.T.B.L._23.jpg	
File:Mostar Minaret 1.jpg	drop	only 0 confident region(s)	CC BY-SA	0	0	Mostar_Minaret_1.jpg	
File:Зеница - 1944-09-06 - бомбардовање Жељезничког моста Пехаре од стране италијанског СААФ-а.jpg	drop	flat colour (256 shades): a drawing, not a photograph	PD	0	0	Зеница_-_1944-09-06_-_бомбардовање_Жељезничког_моста_Пехаре_од_стране_италијанског_СААФ-а.jpg	
File:A house in Mostar.jpg	keep		CC BY-SA	3	0	A_house_in_Mostar.jpg	ive | MALI | RKING
File:The city of Tuzla.jpg	keep		CC BY-SA	2	0	The_city_of_Tuzla.jpg	STOP | tra
File:Гуштер.jpg	drop	only 0 confident region(s)	CC BY-SA	0	0	Гуштер.jpg	
File:Sarajevo (2674523975).jpg	drop	flat colour (256 shades): a drawing, not a photograph	CC BY	0	0	Sarajevo_2674523975_.jpg	
File:Narrow-Gauge-Railway Spalatobahn Travnik Panorama (2).jpg	drop	only 0 confident region(s)	PD	0	0	Narrow-Gauge-Railway_Spalatobahn_Travnik_Panorama_2_.jpg	
File:NKD082 Објекат пословног центра „Екватор“.jpg	drop	only 0 confident region(s)	CC BY-SA	0	0	NKD082_Објекат_пословног_центра_Екватор_.jpg	
File:Travnik 0484.jpg	drop	only 0 confident region(s)	CC BY-SA	0	0	Travnik_0484.jpg	
File:NK Jedinstvo Bihac.jpg	drop	only 1 confident region(s)	CC BY-SA	1	0	NK_Jedinstvo_Bihac.jpg	DIStr
File:Una,Bihac.jpg	drop	only 0 confident region(s)	PD	0	0	Una_Bihac.jpg	
File:Панорама Бањалуке, часопис Нова Искра, год 1, бр. 24 из 1899. године.png	drop	only 0 confident region(s)	PD	0	0	Панорама_Бањалуке_часопис_Нова_Искра_год_1_бр._24_из_1899._године.png	
File:County Court in Mostar.jpg	drop	only 0 confident region(s)	CC BY-SA	0	0	County_Court_in_Mostar.jpg	
File:20130606 Mostar 215.jpg	drop	only 0 confident region(s)	CC BY-SA	0	0	20130606_Mostar_215.jpg	
File:Паук1.jpg	drop	only 0 confident region(s)	CC BY-SA	0	0	Паук1.jpg	
File:20130606 Mostar 274.jpg	drop	only 0 confident region(s)	CC BY-SA	0	0	20130606_Mostar_274.jpg	
File:Mostar, casco antiguo 19.jpg	drop	only 0 confident region(s)	CC BY-SA	0	0	Mostar_casco_antiguo_19.jpg	
File:Bosnia and Herzegovina-02208 - Old Turkish Bath (10480860544).jpg	drop	only 0 confident region(s)	CC BY-SA	0	0	Bosnia_and_Herzegovina-02208_-_Old_Turkish_Bath_10480860544_.jpg	
File:06Mostar 03a.jpg	drop	only 0 confident region(s)	CC BY-SA	0	0	06Mostar_03a.jpg	
File:Vakufska palata nkd 012.JPG	drop	only 1 confident region(s)	CC BY-SA	1	0	Vakufska_palata_nkd_012.JPG	APOTEKA
File:Зеница 20190819 093300.jpg	drop	only 0 confident region(s)	CC BY-SA	0	0	Зеница_20190819_093300.jpg	
File:Higijenski zavod - centar za javno zdravstvo rs ugao jovana ducica i zdrave korde nkd151.JPG	drop	only 0 confident region(s)	CC BY-SA	0	0	Higijenski_zavod_-_centar_za_javno_zdravstvo_rs_ugao_jovana_ducica_i_zdrave_korde_nkd151.JPG	
File:Зеница 20221230 201220.jpg	drop	only 0 confident region(s)	CC BY-SA	0	0	Зеница_20221230_201220.jpg	
File:Rooftops in Mostar 01.jpg	drop	only 0 confident region(s)	CC BY-SA	0	0	Rooftops_in_Mostar_01.jpg	
File:Agency for Education and Professional Training Mostar - Building complex.jpg	drop	only 0 confident region(s)	CC0	0	0	Agency_for_Education_and_Professional_Training_Mostar_-_Building_complex.jpg	
File:Mostar14BIH72.JPG	keep		CC BY-SA	5	0	Mostar14BIH72.JPG	"ACCOMNO DATION | DAY TOURS | ""HERZEG | Onfo in SHOP | STA"
File:Зеница 20200725 145456.jpg	keep		CC BY-SA	10	0	Зеница_20200725_145456.jpg	GG | MERVANII | LIETOVI | Fax: | Tel: | 032/409-258, | 032/242 | 005 | Mob: | 062/171-285
File:Prvi republikanski slet fiskulturnika.jpg	keep		PD	4	0	Prvi_republikanski_slet_fiskulturnika.jpg	GARAJOVO | REPUBLIKANSKI | SLET | FISKULTURNIKA
File:Sarajevo Dzemala-Bijedica 2011-11-04 (41).jpg	keep		CC BY-SA	2	0	Sarajevo_Dzemala-Bijedica_2011-11-04_41_.jpg	weve | HOTEL
File:20130606 Mostar 195.jpg	drop	only 0 confident region(s)	CC BY-SA	0	0	20130606_Mostar_195.jpg	
File:Зеница - 1903 - „Дорфлебен” (Сеоски живот), Рихард Конрад Кромар фон Хохенволф 1.jpg	drop	only 0 confident region(s)	PD	0	0	Зеница_-_1903_-_Дорфлебен_Сеоски_живот_Рихард_Конрад_Кромар_фон_Хохенволф_1.jpg	
File:Neretva in Mostar 2022.11.08, 3.jpg	drop	only 1 confident region(s)	CC BY-SA	1	0	Neretva_in_Mostar_2022.11.08_3.jpg	TERASA
File:Зеница 20190821 173957.jpg	drop	only 0 confident region(s)	PD	0	0	Зеница_20190821_173957.jpg	
File:Зеница 20180621 084447.jpg	keep		CC BY-SA	35	5	Зеница_20180621_084447.jpg	JKP ZENICA | Prevoz putnina, | Bulevar Kralja | DI | N | 18024680002 | PUTNAKARTA | RN: 823392-141197-0106 | IZNOS ZA PLATITI: | 2,50 KN | OSNOVA : | 2,14 KN | Karta | Dužni | ste | ju čuvat | JKP ZENICA | br | N | B: | 2 | 18024680002 | PUTNA KARTA | na | Han Bila | IZNOS ZA PLATITA | 2,50 KN | OSN
File:Defense.gov News Photo 090909-F-3873G-120.jpg	drop	only 1 confident region(s)	PD	1	0	Defense.gov_News_Photo_090909-F-3873G-120.jpg	MAADEEN
File:Tuzla-4.JPG	drop	only 1 confident region(s)	CC BY-SA	1	0	Tuzla-4.JPG	RZAL
File:Travnik – from Mt Vlašić (3).jpg	drop	only 0 confident region(s)	CC BY-SA	0	0	Travnik_from_Mt_Vlašić_3_.jpg	
File:Demofest06 - Thursday (9312969851).jpg	keep		CC BY-SA	69	3	Demofest06_-_Thursday_9312969851_.jpg	m-tel | PROGRAM JELEN DEMOFEST: | DAVOR | DFK | DON | POZORNICA | KASTEL | POZORNICA | POZORNICA | KASTEL | RADIONICE | MANIC DRUN | RADIONICE | 114 | DOM OMLADINE | OMLADINE | DOM | OMLADINE | CASOPISA | MAZA | DOM OMLADINE | I7.00 | PAEDAVANJE | VICANOVIĆ | PECMAKUCMA NIONT | DON OMLADINE | LJETNJ
File:Kuća Mujage Komadina u Mostaru.jpg	drop	only 0 confident region(s)	CC BY-SA	0	0	Kuća_Mujage_Komadina_u_Mostaru.jpg	
File:F.T.B.L. 19.jpg	drop	only 0 confident region(s)	CC BY-SA	0	0	F.T.B.L._19.jpg	
File:FotoTuraBL125844.jpg	drop	only 1 confident region(s)	CC BY-SA	1	0	FotoTuraBL125844.jpg	M
File:Паук5.jpg	drop	only 0 confident region(s)	CC BY-SA	0	0	Паук5.jpg	
File:Mostar Colours.jpg	drop	only 1 confident region(s)	CC BY-SA	1	0	Mostar_Colours.jpg	Europa
File:Зеница 20230219 155011.jpg	drop	only 0 confident region(s)	CC BY-SA	0	0	Зеница_20230219_155011.jpg	
File:Zgrada u Ulici Bana dr Todora Lazarevica 3 5 7.jpg	drop	only 1 confident region(s)	CC0	1	0	Zgrada_u_Ulici_Bana_dr_Todora_Lazarevica_3_5_7.jpg	APOTEKA
File:Mostar14BIH20.JPG	keep		CC BY-SA	9	1	Mostar14BIH20.JPG	Durhanu | POD RUČJE STAROG | Sjednici | 29 | Africa- | Session inurban, Republic | on 29th | inacribed | South
File:FotoTuraBL123202.jpg	drop	only 0 confident region(s)	CC BY-SA	0	0	FotoTuraBL123202.jpg	
File:Mostar 05.jpg	drop	only 0 confident region(s)	CC BY-SA	0	0	Mostar_05.jpg	
File:P1020322 (20055711).jpg	drop	only 0 confident region(s)	CC BY-SA	0	0	P1020322_20055711_.jpg	
File:Kuća u srspkoj ulici.jpg	drop	only 0 confident region(s)	CC BY-SA	0	0	Kuća_u_srspkoj_ulici.jpg	
File:20130606 Mostar 178.jpg	keep		CC BY-SA	4	0	20130606_Mostar_178.jpg	iNovine | ovmne | ca | Novine
File:Travnik Fortress 1.JPG	drop	only 0 confident region(s)	CC BY-SA	0	0	Travnik_Fortress_1.JPG	
File:FotoTuraBL130640.jpg	drop	only 0 confident region(s)	CC BY-SA	0	0	FotoTuraBL130640.jpg	
File:Mostar (49032343468).jpg	drop	only 1 confident region(s)	CC BY	1	0	Mostar_49032343468_.jpg	RA
File:Sarajevo Siege Children 3 (cropped).jpg	drop	flat colour (821 shades): a drawing, not a photograph	CC BY	0	0	Sarajevo_Siege_Children_3_cropped_.jpg	
File:Mostar - Tursko kupatilo (49033069637).jpg	drop	only 1 confident region(s)	CC BY	1	0	Mostar_-_Tursko_kupatilo_49033069637_.jpg	RL
File:Bihac tvrdi grad AD 1590.jpg	drop	flat colour (256 shades): a drawing, not a photograph	PD	0	0	Bihac_tvrdi_grad_AD_1590.jpg	
File:ЈКЦ (Бања Лука).jpg	drop	only 0 confident region(s)	CC BY-SA	0	0	ЈКЦ_Бања_Лука_.jpg	
File:Nove zgrade Obilicevo Banja Luka.jpg	drop	only 0 confident region(s)	CC BY	0	0	Nove_zgrade_Obilicevo_Banja_Luka.jpg	
File:Зеница 20190901 215316.jpg	drop	only 0 confident region(s)	CC BY-SA	0	0	Зеница_20190901_215316.jpg	
File:Travnik Fortress.JPG	drop	only 0 confident region(s)	CC BY-SA	0	0	Travnik_Fortress.JPG	
File:Зеница 20230219 151100.jpg	drop	only 0 confident region(s)	CC BY-SA	0	0	Зеница_20230219_151100.jpg	
File:Stari Most (2008, From The Neighbouring Bridge).JPG	drop	only 0 confident region(s)	CC BY-SA	0	0	Stari_Most_2008_From_The_Neighbouring_Bridge_.JPG	
File:Зеница 20190901 204625.jpg	drop	only 0 confident region(s)	CC BY-SA	0	0	Зеница_20190901_204625.jpg	
File:Зеница 20180621 084844.jpg	keep		PD	3	0	Зеница_20180621_084844.jpg	Pujtzteujel | D | NRW
File:Tourist Info Center - panoramio - lienyuan lee (1).jpg	keep		CC BY	2	0	Tourist_Info_Center_-_panoramio_-_lienyuan_lee_1_.jpg	VATROGASNI | PUT
File:20130606 Mostar 001.jpg	keep		CC BY-SA	2	0	20130606_Mostar_001.jpg	SHOP | EP
File:Slika 5.jpg	drop	only 0 confident region(s)	CC BY-SA	0	0	Slika_5.jpg	
File:БанаЛазаревића0053.jpg	drop	only 0 confident region(s)	CC BY-SA	0	0	БанаЛазаревића0053.jpg	
File:Српска0042.jpg	drop	only 0 confident region(s)	CC BY-SA	0	0	Српска0042.jpg	
File:P1020320 (20055482).jpg	drop	only 0 confident region(s)	CC BY-SA	0	0	P1020320_20055482_.jpg	
File:Grób paszy Bele - Trawnik - 003393n.jpg	drop	flat colour (256 shades): a drawing, not a photograph	CC BY-SA	0	0	Grób_paszy_Bele_-_Trawnik_-_003393n.jpg	
File:Leszek Hensel - drzewo.jpg	drop	only 0 confident region(s)	CC BY-SA	0	0	Leszek_Hensel_-_drzewo.jpg	
File:FotoTuraBL131042.jpg	drop	only 0 confident region(s)	CC BY-SA	0	0	FotoTuraBL131042.jpg	
File:Anton Schädler, Young couple with child (Sarajevo, 1900).jpg	drop	only 1 confident region(s)	CC BY-SA	1	0	Anton_Schädler_Young_couple_with_child_Sarajevo_1900_.jpg	SARAJEVO
File:Зеница 20180802 100827.jpg	drop	only 0 confident region(s)	CC BY-SA	0	0	Зеница_20180802_100827.jpg	
File:20130606 Mostar 153.jpg	drop	only 0 confident region(s)	CC BY-SA	0	0	20130606_Mostar_153.jpg	
File:Travnik 0474.jpg	drop	only 0 confident region(s)	CC BY-SA	0	0	Travnik_0474.jpg	
File:Tuzla - Jala River 1 (2019).jpg	drop	only 0 confident region(s)	CC BY-SA	0	0	Tuzla_-_Jala_River_1_2019_.jpg	
File:BIRS Index Performance Graph (May 04-Sep 06).jpg	keep		CC BY-SA	25	0	BIRS_Index_Performance_Graph_May_04-Sep_06_.jpg	BIRS | 2,400 | 2,200 | 2,000 | ,800 | ,600 | 400 | 1,200 | O00 | 300 | May-04 | Jan-05 | Mar-05 | May-05 | Oct-05 | Jan-08 | Sep-08 | Sep-04 | Dec-04 | Feb-05 | Dec-05 | Feb-08 | NOV-C | Mar-C | May-
File:20130606 Mostar 065.jpg	drop	only 0 confident region(s)	CC BY-SA	0	0	20130606_Mostar_065.jpg	
File:Banja Luka pre austrijske okupacije.png	drop	flat colour (209 shades): a drawing, not a photograph	PD	0	0	Banja_Luka_pre_austrijske_okupacije.png	
File:20130606 Mostar 270.jpg	drop	only 0 confident region(s)	CC BY-SA	0	0	20130606_Mostar_270.jpg	
File:Sarajevo Film Director Mehmed Fehimovic 001.jpg	drop	flat colour (256 shades): a drawing, not a photograph	CC BY	0	0	Sarajevo_Film_Director_Mehmed_Fehimovic_001.jpg	
File:Mostar (49033903832).jpg	keep		CC BY	5	2	Mostar_49033903832_.jpg	SAL | Lejla | ŽENSK | MUSKI | KROJAČKI
File:FotoTuraBL122225.jpg	drop	only 0 confident region(s)	CC BY-SA	0	0	FotoTuraBL122225.jpg	
File:Ignaz Konigsberger's Verlag, Sarajewo - 73. Türke.jpg	keep		PD	3	0	Ignaz_Konigsberger_s_Verlag_Sarajewo_-_73._Türke.jpg	73. | Tiirke | Ignaz Königsberger's Verlag, Sarajewo.
File:Зеница 20180626 145923.jpg	keep		PD	8	1	Зеница_20180626_145923.jpg	sejarin | aglobal | +387 32 456 682 | SARAJEVO. | PvevoaPućnika | aglobal | BELLONA | ZENICA
File:WeddingWitnessesSarajevo.JPG	drop	only 0 confident region(s)	CC BY-SA	0	0	WeddingWitnessesSarajevo.JPG	
File:Mostar East side.JPG	drop	only 0 confident region(s)	CC BY-SA	0	0	Mostar_East_side.JPG	
File:Bosnian bread merchant.jpg	drop	only 1 confident region(s)	PD	1	0	Bosnian_bread_merchant.jpg	ALBERT-KAHN
File:Mostar Old Town Panorama.jpg	drop	only 0 confident region(s)	CC BY-SA	0	0	Mostar_Old_Town_Panorama.jpg	
File:Tuzla - SDA Party building (2019).jpg	drop	only 0 confident region(s)	CC BY-SA	0	0	Tuzla_-_SDA_Party_building_2019_.jpg	
File:Mostar (49033681211).jpg	drop	only 1 confident region(s)	CC BY	1	0	Mostar_49033681211_.jpg	PARKING
File:Travnik – from Mt Vlašić (2).jpg	drop	only 0 confident region(s)	CC BY-SA	0	0	Travnik_from_Mt_Vlašić_2_.jpg	
File:Kuca Milanovica Banja Luka 1893.jpg	drop	only 0 confident region(s)	CC0	0	0	Kuca_Milanovica_Banja_Luka_1893.jpg	
File:Zmija.jpg	drop	only 0 confident region(s)	PD	0	0	Zmija.jpg	
File:Cevapi in Travnik.jpg	drop	only 0 confident region(s)	CC BY	0	0	Cevapi_in_Travnik.jpg	
File:Facade Mostar 1.jpg	drop	only 0 confident region(s)	CC BY-SA	0	0	Facade_Mostar_1.jpg	
File:Feeding the birds - Flickr - spiderman (Frank).jpg	drop	only 1 confident region(s)	CC BY-SA	1	0	Feeding_the_birds_-_Flickr_-_spiderman_Frank_.jpg	SUPERERUT
File:20130606 Mostar 257.jpg	drop	only 0 confident region(s)	CC BY-SA	0	0	20130606_Mostar_257.jpg	
File:Mostar - Kujundžiluk (49032344678).jpg	keep		CC BY	3	0	Mostar_-_Kujundžiluk_49032344678_.jpg	Om | TOILET | WC
File:The Fortress (42442504775).jpg	drop	only 0 confident region(s)	CC BY	0	0	The_Fortress_42442504775_.jpg	
File:Mostar, Kroatien.jpg	drop	only 0 confident region(s)	CC BY-SA	0	0	Mostar_Kroatien.jpg	
File:Mostar14BIH64.JPG	drop	only 0 confident region(s)	CC BY-SA	0	0	Mostar14BIH64.JPG	
File:Andrzej Krawczyk - drzewo.jpg	drop	only 1 confident region(s)	CC BY-SA	1	0	Andrzej_Krawczyk_-_drzewo.jpg	ANBBZE
File:Plakat premijere drame Mirazka.jpg	drop	flat colour (256 shades): a drawing, not a photograph	PD	0	0	Plakat_premijere_drame_Mirazka.jpg	
File:20130606 Mostar 078.jpg	drop	only 0 confident region(s)	CC BY-SA	0	0	20130606_Mostar_078.jpg	
File:Mostar 04.jpg	drop	only 0 confident region(s)	CC BY-SA	0	0	Mostar_04.jpg	
File:Зеница 20190821 174125.jpg	keep		PD	2	0	Зеница_20190821_174125.jpg	DVETNIK | ZE
File:Српска0040.jpg	drop	no region with 3+ letters	CC BY-SA	2	0	Српска0040.jpg	cm | cm
File:Mostar (49033681691).jpg	drop	only 1 confident region(s)	CC BY	1	1	Mostar_49033681691_.jpg	šta
File:Зеница 20190821 173127.jpg	keep		PD	5	0	Зеница_20190821_173127.jpg	ZENICA | Kazneno-popravni Zavod izmedu 1900. | 1910. | Zgrada Tvornice papira oko 1900. godine | rapierabrik
File:Зеница 20180620 184426.jpg	keep		PD	15	1	Зеница_20180620_184426.jpg	od 09.00 do 17.00 sati | Subotom | nedjeljom | izvan okvira | vremena samo za najavljene grupe | MUZEJ GRADA ZENICE | LIKOVNA RADIONICA | UPIS POLAZNIKA NA LIKOVNU RADIONICU | Kurs crtanja, slikanja i grafike | Lokacija: Muzej Grada Zenice | Obavezna prijava nan | Tel: 062 362 300 | Dolazak na kurse
File:Зеница 20230219 154002.jpg	drop	only 0 confident region(s)	CC BY-SA	0	0	Зеница_20230219_154002.jpg	
File:Mostar (5821599348).jpg	drop	only 0 confident region(s)	CC BY	0	0	Mostar_5821599348_.jpg	
File:Sarajevo Olympic Symbol.jpg	drop	only 0 confident region(s)	CC BY-SA	0	0	Sarajevo_Olympic_Symbol.jpg	
File:Tuzla - Jala River 3 (2019).jpg	drop	only 0 confident region(s)	CC BY-SA	0	0	Tuzla_-_Jala_River_3_2019_.jpg	
File:Sarajevo Siege Queue for UNHCR-rations.jpg	drop	flat colour (256 shades): a drawing, not a photograph	CC BY	0	0	Sarajevo_Siege_Queue_for_UNHCR-rations.jpg	
File:Електрокрајина.jpg	drop	only 0 confident region(s)	CC BY-SA	0	0	Електрокрајина.jpg	
File:Kuca Dusana Petrovica Gajeva 2 Banja Luka.jpg	drop	only 1 confident region(s)	CC0	1	0	Kuca_Dusana_Petrovica_Gajeva_2_Banja_Luka.jpg	NERZZ
File:Tuzla center, Bosnia.jpg	drop	only 0 confident region(s)	CC BY	0	0	Tuzla_center_Bosnia.jpg	
File:Зеница 20230219 170644.jpg	drop	only 0 confident region(s)	CC BY-SA	0	0	Зеница_20230219_170644.jpg	
File:View from The Old Bridge in Mostar.jpg	drop	only 0 confident region(s)	CC BY-SA	0	0	View_from_The_Old_Bridge_in_Mostar.jpg	
File:Mostar, casco antiguo 22.jpg	drop	only 0 confident region(s)	CC BY-SA	0	0	Mostar_casco_antiguo_22.jpg	
File:CNTRTZ.png	drop	only 1 confident region(s)	CC BY-SA	1	0	CNTRTZ.png	BOE
File:View over Travnik.jpg	drop	only 0 confident region(s)	CC BY-SA	0	0	View_over_Travnik.jpg	
File:Зеница 20180621 072742.jpg	drop	only 0 confident region(s)	CC BY-SA	0	0	Зеница_20180621_072742.jpg	
File:Bosnia and Herzegovina-02252 - Don't Forget - PLEASE (10481408215).jpg	keep		CC BY-SA	2	0	Bosnia_and_Herzegovina-02252_-_Don_t_Forget_-_PLEASE_10481408215_.jpg	DONT | FORGET
File:Mostar (2689295611).jpg	drop	flat colour (256 shades): a drawing, not a photograph	CC BY	0	0	Mostar_2689295611_.jpg	
File:20130606 Mostar 118.jpg	drop	only 0 confident region(s)	CC BY-SA	0	0	20130606_Mostar_118.jpg	
File:20130606 Mostar 056.jpg	drop	only 0 confident region(s)	CC BY-SA	0	0	20130606_Mostar_056.jpg	
File:Mostar 4.jpg	keep		CC BY-SA	2	0	Mostar_4.jpg	oko Staroga Mosta | Mostaru
File:Зеница 20221230 222542.jpg	drop	only 0 confident region(s)	CC BY-SA	0	0	Зеница_20221230_222542.jpg	
File:Old town, Mostar (15) (29225114223).jpg	drop	only 0 confident region(s)	CC BY	0	0	Old_town_Mostar_15_29225114223_.jpg	
File:Заклетва војника 2001. године на Војном полигону Мањача..jpg	drop	only 0 confident region(s)	CC BY-SA	0	0	Заклетва_војника_2001._године_на_Војном_полигону_Мањача..jpg	
File:F.T.B.L. 14.jpg	drop	only 0 confident region(s)	CC BY-SA	0	0	F.T.B.L._14.jpg	
File:Tri u jedan.jpg	drop	only 0 confident region(s)	CC BY-SA	0	0	Tri_u_jedan.jpg	
File:FotoTuraBL124328.jpg	drop	only 0 confident region(s)	CC BY-SA	0	0	FotoTuraBL124328.jpg	
File:Mostar Stari 3.jpg	drop	only 1 confident region(s)	CC BY-SA	1	0	Mostar_Stari_3.jpg	MJENJACNICA
File:Зеница 20180627 013633.jpg	drop	only 0 confident region(s)	CC BY-SA	0	0	Зеница_20180627_013633.jpg	
File:Residental Building Stupine Tuzla.jpg	drop	only 0 confident region(s)	CC BY	0	0	Residental_Building_Stupine_Tuzla.jpg	
File:Зеница 20180730 054331.jpg	drop	only 0 confident region(s)	CC0	0	0	Зеница_20180730_054331.jpg	
File:Partizani Prve krajiške brigade kod Travnika 1943.jpg	drop	flat colour (222 shades): a drawing, not a photograph	PD	0	0	Partizani_Prve_krajiške_brigade_kod_Travnika_1943.jpg	
File:Mostar - schody Starego Mostu - panoramio.jpg	drop	only 0 confident region(s)	CC BY	0	0	Mostar_-_schody_Starego_Mostu_-_panoramio.jpg	
File:Зеница 20190119 153036.jpg	drop	only 0 confident region(s)	CC BY-SA	0	0	Зеница_20190119_153036.jpg	
File:Travnik 03.jpg	drop	only 0 confident region(s)	CC BY-SA	0	0	Travnik_03.jpg	
File:Vue de Mostar - A1609.jpg	drop	only 1 confident region(s)	CC0	1	0	Vue_de_Mostar_-_A1609.jpg	E
File:Зеница - 1931 - жељезничари ускотрачне пруге.jpg	drop	only 1 confident region(s)	PD	1	0	Зеница_-_1931_-_жељезничари_ускотрачне_пруге.jpg	Cekaonica
File:Зеница 20190821 174156.jpg	keep		PD	24	6	Зеница_20190821_174156.jpg	SVE VRSTE VALJANOG | GVOZĐA | KONSTRUKTIVNE ĆELIKE UGLJE | NIĆNE | NISKO LEGIRANE U ISTIM | PROFILIMA KAO VALJANO GVOZ | Drugovi | RUDOKOPNE TRAĆNICE | 512, | KG M | SAV | PRIBOR, | LJANU ZICU, SVE VRSTE VUCENE | ZICE SVE VRSTE ZELJEZNIH EK | SERA PREUZIMA | RADIONICI SVE | VRSTE RADOVA | Zagreb, | 
File:20130606 Mostar 030.jpg	drop	only 0 confident region(s)	CC BY-SA	0	0	20130606_Mostar_030.jpg	
File:Кућа Зејре Шеранић, Бања Лука.jpg	drop	only 0 confident region(s)	CC BY-SA	0	0	Кућа_Зејре_Шеранић_Бања_Лука.jpg	
File:Majka kosturnica Travnik.jpg	keep		CC BY-SA	2	1	Majka_kosturnica_Travnik.jpg	više. | om
File:BiH 2012 - Travnik (8144162598).jpg	drop	only 0 confident region(s)	CC BY	0	0	BiH_2012_-_Travnik_8144162598_.jpg	
File:Зеница 20190821 173241.jpg	keep		PD	16	0	Зеница_20190821_173241.jpg	RO-UGARSKE MONARHIJE ( 1878. | remaljakih | Pluvanje na | niekih stanica | u kolima iz zdravstvenih je | obzirarabranjeno. | Ravnatelistvo | dar | Daas Ausspucken auf den Fussboden in | ist | Gesundheitsricksichten | verboten. | Die Dlrektlon | itavoj remlji. | sVakodobni | pod
File:Gradski bazen Dobrinja Sarajevo.jpg	drop	only 1 confident region(s)	CC BY-SA	1	0	Gradski_bazen_Dobrinja_Sarajevo.jpg	Bagefnja
File:20130606 Mostar 282.jpg	drop	flat colour (256 shades): a drawing, not a photograph	CC BY-SA	0	0	20130606_Mostar_282.jpg	
File:Omega (robna kuća)Stari Djed Aljo - panoramio.jpg	drop	only 1 confident region(s)	CC BY	1	0	Omega_robna_kuća_Stari_Djed_Aljo_-_panoramio.jpg	M
File:Travnik Poturmahala2.jpg	drop	only 0 confident region(s)	CC BY-SA	0	0	Travnik_Poturmahala2.jpg	
File:Зеница 20180621 072805.jpg	drop	only 0 confident region(s)	CC BY-SA	0	0	Зеница_20180621_072805.jpg	
File:Mostar14BIH74.JPG	drop	only 0 confident region(s)	CC BY-SA	0	0	Mostar14BIH74.JPG	
File:Bosnia and Herzegovina-02212 - Neretva River (10480890195).jpg	drop	only 0 confident region(s)	CC BY-SA	0	0	Bosnia_and_Herzegovina-02212_-_Neretva_River_10480890195_.jpg	
File:Зеница 20180802 093330.jpg	drop	only 0 confident region(s)	CC BY-SA	0	0	Зеница_20180802_093330.jpg	
File:Зеница 20230224 135514.jpg	drop	only 0 confident region(s)	CC BY-SA	0	0	Зеница_20230224_135514.jpg	
File:Зеница 20190901 204610.jpg	drop	only 0 confident region(s)	CC BY-SA	0	0	Зеница_20190901_204610.jpg	
File:Banja l..jpg	drop	only 0 confident region(s)	PD	0	0	Banja_l..jpg	
File:Kazandziluk.PNG	drop	only 0 confident region(s)	CC BY-SA	0	0	Kazandziluk.PNG	
File:Mostar8.JPG	drop	only 0 confident region(s)	CC BY-SA	0	0	Mostar8.JPG	
File:Centar naselja Obilicevo Banja Luka.jpg	drop	only 0 confident region(s)	CC BY	0	0	Centar_naselja_Obilicevo_Banja_Luka.jpg	
File:Mostar BW 2024-10-01 13-14-27.jpg	drop	only 0 confident region(s)	CC BY-SA	0	0	Mostar_BW_2024-10-01_13-14-27.jpg	
File:FotoTuraBL122214.jpg	drop	only 1 confident region(s)	CC BY-SA	1	0	FotoTuraBL122214.jpg	PA
File:Prvi cinovnicki paviljon Banja Luka.jpg	drop	only 0 confident region(s)	CC0	0	0	Prvi_cinovnicki_paviljon_Banja_Luka.jpg	
File:Policijska akademija Banja Luka.jpg	drop	only 0 confident region(s)	CC BY-SA	0	0	Policijska_akademija_Banja_Luka.jpg	
File:Sarajevo Jugoslavija (English).jpg	drop	only 1 confident region(s)	PD	1	0	Sarajevo_Jugoslavija_English_.jpg	JUGOSLAVIA
File:Mostar14BIH70.JPG	drop	only 0 confident region(s)	CC BY-SA	0	0	Mostar14BIH70.JPG	
File:Зеница 20180626 145851.jpg	keep		PD	5	0	Зеница_20180626_145851.jpg	.D. | JKP | ZENI-TOURS | ZENICATRANS | PREVOZ PUTNIKA
File:High-rises in Mostar, 1996.JPEG	drop	only 0 confident region(s)	PD	0	0	High-rises_in_Mostar_1996.JPEG	
File:Зеница 20180621 072750.jpg	drop	only 0 confident region(s)	CC BY-SA	0	0	Зеница_20180621_072750.jpg	
File:Jovana ducica 41.JPG	drop	only 0 confident region(s)	CC BY-SA	0	0	Jovana_ducica_41.JPG	
File:Зеница 20230219 154709.jpg	drop	only 0 confident region(s)	CC BY-SA	0	0	Зеница_20230219_154709.jpg	
File:Sarajevo - panoramio (13).jpg	drop	only 0 confident region(s)	CC BY-SA	0	0	Sarajevo_-_panoramio_13_.jpg	
File:20130606 Mostar 004.jpg	drop	only 0 confident region(s)	CC BY-SA	0	0	20130606_Mostar_004.jpg	
File:Mostar Rooftops1.jpg	drop	only 0 confident region(s)	CC BY-SA	0	0	Mostar_Rooftops1.jpg	
File:F.T.B.L. 52.jpg	keep		CC BY-SA	2	0	F.T.B.L._52.jpg	VAV | 40
File:Објекат у улици Краља Петра I Карађорђевића 41 06.JPG	drop	only 0 confident region(s)	CC BY-SA	0	0	Објекат_у_улици_Краља_Петра_I_Карађорђевића_41_06.JPG	
File:Neretva riverside at Mostar - panoramio.jpg	drop	only 0 confident region(s)	CC BY-SA	0	0	Neretva_riverside_at_Mostar_-_panoramio.jpg	
File:Зеница 20180802 102458.jpg	drop	only 0 confident region(s)	CC BY-SA	0	0	Зеница_20180802_102458.jpg	
File:Зеница 20230219 150652.jpg	drop	only 1 confident region(s)	CC BY-SA	1	0	Зеница_20230219_150652.jpg	SRCE JEOJE
File:Bihac jewish.jpg	drop	only 0 confident region(s)	CC BY-SA	0	0	Bihac_jewish.jpg	
File:Бањалука 20190605 132335.jpg	drop	only 0 confident region(s)	CC BY-SA	0	0	Бањалука_20190605_132335.jpg	
File:Mostar house.jpg	drop	only 0 confident region(s)	CC BY-SA	0	0	Mostar_house.jpg	
File:Mostar, 2013 (10).jpg	drop	only 0 confident region(s)	CC BY-SA	0	0	Mostar_2013_10_.jpg	
File:Mepas Mall Mostar.jpg	drop	only 1 confident region(s)	CC BY-SA	1	0	Mepas_Mall_Mostar.jpg	GBEAN
File:Tuzla nightlife, Red Bull Replica.jpg	drop	only 0 confident region(s)	CC BY-SA	0	0	Tuzla_nightlife_Red_Bull_Replica.jpg	
File:Mostar - Mostarsko javno kupalište (49032844946).jpg	drop	only 0 confident region(s)	CC BY	0	0	Mostar_-_Mostarsko_javno_kupalište_49032844946_.jpg	
File:20130606 Mostar 020.jpg	drop	only 1 confident region(s)	CC BY-SA	1	0	20130606_Mostar_020.jpg	LCA
File:Visoka škola unutrašnjih poslova.jpg	drop	only 0 confident region(s)	CC BY-SA	0	0	Visoka_škola_unutrašnjih_poslova.jpg	
File:20130606 Mostar 261.jpg	drop	only 0 confident region(s)	CC BY-SA	0	0	20130606_Mostar_261.jpg	
File:OSCE Mostar Office.jpg	drop	only 0 confident region(s)	CC BY-SA	0	0	OSCE_Mostar_Office.jpg	
File:Зеница 20180620 184151.jpg	keep		CC BY-SA	14	4	Зеница_20180620_184151.jpg	SEDMICA | NJEMAČKOG | FILMA | Zenica, 25.-29.06.2018.u 19.30h | Filmovi na njemačkom jeziku sa BHS titlovima | JU Muzej grada Zenice | MS. Serdarevića bb | 25.06.2018.JACK | 26.06.2018. ZAUSTAVLJEN NA PUTU | 27.06.2018. HANNAH ARENDT | 28.06.2018. IZMEĐU SVJETOVA | GOETHE | ULAZ SLOBODAN | INSTITUT
File:SARAJEVO JUGOSLAVIJA.jpg	keep		PD	2	0	SARAJEVO_JUGOSLAVIJA.jpg	S ARA J E V O | JUGOSLAVIJA
File:Travnik postcard 1901.jpg	keep		PD	3	0	Travnik_postcard_1901.jpg	Gruss | auS Cravnik | 8180
File:Bihac centar - panoramio.jpg	drop	only 0 confident region(s)	CC BY	0	0	Bihac_centar_-_panoramio.jpg	
File:Mostar - panoramio - lienyuan lee (2).jpg	drop	only 1 confident region(s)	CC BY	1	0	Mostar_-_panoramio_-_lienyuan_lee_2_.jpg	osvjezenje!
File:Зеница 20230219 165151.jpg	drop	only 0 confident region(s)	CC BY-SA	0	0	Зеница_20230219_165151.jpg	
File:Narrow-Gauge-Railway Spalatobahn Travnik East-End.jpg	drop	only 0 confident region(s)	PD	0	0	Narrow-Gauge-Railway_Spalatobahn_Travnik_East-End.jpg	
File:Alois Schönn Markt in Sarajewo.jpg	drop	only 0 confident region(s)	PD	0	0	Alois_Schönn_Markt_in_Sarajewo.jpg	
File:Objekat u srpskoj 36 bravarija Cengic.JPG	drop	only 0 confident region(s)	CC BY-SA	0	0	Objekat_u_srpskoj_36_bravarija_Cengic.JPG	
File:Зеница 20230104 125532.jpg	drop	only 1 confident region(s)	CC BY-SA	1	0	Зеница_20230104_125532.jpg	Leisen BANK
File:Vue d'ensemble de Mostar - A1576.jpg	drop	only 0 confident region(s)	CC0	0	0	Vue_d_ensemble_de_Mostar_-_A1576.jpg	
File:Zgrada HDZ-a BiH.jpg	drop	only 1 confident region(s)	CC BY-SA	1	0	Zgrada_HDZ-a_BiH.jpg	HOZ
File:Velimir Milošević, Kaptol, Sarajevo.jpg	keep		CC BY-SA	3	0	Velimir_Milošević_Kaptol_Sarajevo.jpg	ZEML | MOJA | OVO
File:Јеврејска0023.jpg	keep		CC BY-SA	4	0	Јеврејска0023.jpg	alpina | alpina | alpina' | NOVA
File:20130606 Mostar 166.jpg	drop	only 0 confident region(s)	CC BY-SA	0	0	20130606_Mostar_166.jpg	
File:Дом синдиката Бања Лука.jpg	keep		CC BY-SA	2	0	Дом_синдиката_Бања_Лука.jpg	32 | IVKA
File:Mostar 3, Bosna a Hercegovina.jpg	drop	only 0 confident region(s)	CC BY-SA	0	0	Mostar_3_Bosna_a_Hercegovina.jpg	
File:Buildings in Mostar (11409218545).jpg	drop	only 0 confident region(s)	CC BY	0	0	Buildings_in_Mostar_11409218545_.jpg	
File:Osnovna skola Jovan Cvijic Banja Luka.jpg	drop	only 0 confident region(s)	CC0	0	0	Osnovna_skola_Jovan_Cvijic_Banja_Luka.jpg	
File:Bosnia Bihac from west IMG 9909.JPG	drop	only 0 confident region(s)	CC BY-SA	0	0	Bosnia_Bihac_from_west_IMG_9909.JPG	
File:Una in Bihac.JPG	drop	only 0 confident region(s)	CC BY-SA	0	0	Una_in_Bihac.JPG	
File:Кућа Жоржа Паскола, угао улица Грчке и Јована Дучића.jpg	drop	only 0 confident region(s)	CC BY-SA	0	0	Кућа_Жоржа_Паскола_угао_улица_Грчке_и_Јована_Дучића.jpg	
File:Neretva in Mostar 2022.11.08, 1.jpg	drop	only 0 confident region(s)	CC BY-SA	0	0	Neretva_in_Mostar_2022.11.08_1.jpg	
File:Зеница 20180620 184226.jpg	drop	only 0 confident region(s)	CC BY-SA	0	0	Зеница_20180620_184226.jpg	
File:20130606 Mostar 164.jpg	drop	only 0 confident region(s)	CC BY-SA	0	0	20130606_Mostar_164.jpg	
File:Mostar - Kujundžiluk (49033180628).jpg	drop	only 0 confident region(s)	CC BY	0	0	Mostar_-_Kujundžiluk_49033180628_.jpg	
File:Travnik, Bosnia and Herzegovina - panoramio (1).jpg	drop	only 0 confident region(s)	CC BY-SA	0	0	Travnik_Bosnia_and_Herzegovina_-_panoramio_1_.jpg	
File:Kula in Travnik.jpg	drop	only 0 confident region(s)	CC BY-SA	0	0	Kula_in_Travnik.jpg	
File:F.T.B.L. 13.jpg	drop	only 1 confident region(s)	CC BY-SA	1	0	F.T.B.L._13.jpg	CENTAR
File:2023.02.08 Mostar, view from the Old Bridge to the South.jpg	drop	only 0 confident region(s)	CC BY-SA	0	0	2023.02.08_Mostar_view_from_the_Old_Bridge_to_the_South.jpg	
File:Зеница 20190821 173217.jpg	keep		PD	5	0	Зеница_20190821_173217.jpg	Bosanskog Sabora, Sarajevo 1910. godine | SOCAHCKA BMAA | Saraijevu | sagradena 1897. godine | NADA
File:20130606 Mostar 091.jpg	drop	only 0 confident region(s)	CC BY-SA	0	0	20130606_Mostar_091.jpg	
File:Mostar-old-town2-08.JPG	drop	only 0 confident region(s)	CC BY-SA	0	0	Mostar-old-town2-08.JPG	
File:Mostar BW 2024-10-01 11-42-02.jpg	drop	only 1 confident region(s)	CC BY-SA	1	0	Mostar_BW_2024-10-01_11-42-02.jpg	TABHANA
File:Tuzla - panoramio (1).jpg	keep		CC BY-SA	3	0	Tuzla_-_panoramio_1_.jpg	ZRAAT BANK | TURKISH | BOSNA
File:20130606 Mostar 055.jpg	drop	only 0 confident region(s)	CC BY-SA	0	0	20130606_Mostar_055.jpg	
File:Kujundžiluk - panoramio.jpg	drop	only 0 confident region(s)	CC BY	0	0	Kujundžiluk_-_panoramio.jpg	
File:SS Sarajevo ÖL.jpg	keep		PD	3	0	SS_Sarajevo_ÖL.jpg	OSTERREICHISCHER | LLOYD | D. SARAJEVO.
File:Ekvator poslovni centar.JPG	drop	only 0 confident region(s)	CC BY-SA	0	0	Ekvator_poslovni_centar.JPG	
File:Tuzla, October, 2017-2.jpg	keep		CC BY-SA	3	0	Tuzla_October_2017-2.jpg	CEVABDZINICA | SARAJKA | G
File:Зеница 20190821 173935.jpg	keep		PD	17	3	Зеница_20190821_173935.jpg	HRVATSKA | Ž ENA | U | Z ENICI | SMREKAR | Muzickog | instri | entalnog | društva | Zenici | L | a | PLES DO ZORE | BOGATA TOMBOLA | Početak | 20 | sati.
File:Mostar 10.jpg	keep		CC BY-SA	3	0	Mostar_10.jpg	RADIC | MOS | HERCE
File:Yugoslavian flag in Mostar.jpg	drop	only 0 confident region(s)	CC BY	0	0	Yugoslavian_flag_in_Mostar.jpg	
File:Зеница 20230219 154028.jpg	drop	only 0 confident region(s)	CC BY-SA	0	0	Зеница_20230219_154028.jpg	
File:Work Affair Building Tuzla 01TE.jpg	drop	only 0 confident region(s)	CC BY-SA	0	0	Work_Affair_Building_Tuzla_01TE.jpg	
File:Зеница 20190821 174400.jpg	keep		PD	2	0	Зеница_20190821_174400.jpg	DIV | TDIV
File:Mostar (49033681756).jpg	drop	only 0 confident region(s)	CC BY	0	0	Mostar_49033681756_.jpg	
File:Petunija 20260628 092613.jpg	drop	only 0 confident region(s)	CC0	0	0	Petunija_20260628_092613.jpg	
File:La rivière Una-Bihac.jpg	drop	only 0 confident region(s)	CC BY-SA	0	0	La_rivière_Una-Bihac.jpg	
File:Old town, Mostar (16) (29768714581).jpg	drop	only 0 confident region(s)	CC BY	0	0	Old_town_Mostar_16_29768714581_.jpg	
File:Mostar (5821718444).jpg	drop	only 0 confident region(s)	CC BY	0	0	Mostar_5821718444_.jpg	
File:West Mostar05521.JPG	drop	only 0 confident region(s)	CC BY-SA	0	0	West_Mostar05521.JPG	
File:Вакуфска палата.jpg	keep		CC BY-SA	3	0	Вакуфска_палата.jpg	RS GOLD | RS GOLD | RS GOLD
File:14.07.2007. Osnovna skola Elementary school in Gornja Ravska (Grades 1-4) - panoramio.jpg	drop	only 0 confident region(s)	CC BY-SA	0	0	14.07.2007._Osnovna_skola_Elementary_school_in_Gornja_Ravska_Grades_1-4_-_panoramio.jpg	
File:20130606 Mostar 219.jpg	drop	only 0 confident region(s)	CC BY-SA	0	0	20130606_Mostar_219.jpg	
File:Зеница 20230219 155916.jpg	keep		CC BY-SA	3	0	Зеница_20230219_155916.jpg	CRVI | VO | SRCEJE MOE
File:20130606 Mostar 006.jpg	keep		CC BY-SA	4	0	20130606_Mostar_006.jpg	STR | BEJRUT | B | NOVO
File:01 Tuzla East - panoramio.jpg	drop	only 0 confident region(s)	CC BY	0	0	01_Tuzla_East_-_panoramio.jpg	
File:Narrow-Gauge-Railway Spalatobahn Travnik Panorama.jpg	drop	only 0 confident region(s)	PD	0	0	Narrow-Gauge-Railway_Spalatobahn_Travnik_Panorama.jpg	
File:Mostar14BIH28.JPG	keep		CC BY-SA	2	0	Mostar14BIH28.JPG	DONT | FORGET
File:Зеница - 1958 - распјеване Зеничанке заузеле цесту.jpg	drop	only 0 confident region(s)	PD	0	0	Зеница_-_1958_-_распјеване_Зеничанке_заузеле_цесту.jpg	
File:Зеница 20190901 210532.jpg	drop	only 0 confident region(s)	CC BY-SA	0	0	Зеница_20190901_210532.jpg	
File:Kuća Šeranića (Banjaluka, 2019).jpg	drop	flat colour (256 shades): a drawing, not a photograph	CC BY-SA	0	0	Kuća_Šeranića_Banjaluka_2019_.jpg	
File:20130606 Mostar 032.jpg	drop	only 0 confident region(s)	CC BY-SA	0	0	20130606_Mostar_032.jpg	
File:Зеница 20190821 174336.jpg	keep		PD	2	0	Зеница_20190821_174336.jpg	Srhije | PETVE
File:FotoTuraBL122552.jpg	drop	only 0 confident region(s)	CC BY-SA	0	0	FotoTuraBL122552.jpg	
File:Mostar 88000, Bosnia and Herzegovina - panoramio (2).jpg	drop	only 1 confident region(s)	CC BY-SA	1	0	Mostar_88000_Bosnia_and_Herzegovina_-_panoramio_2_.jpg	TERASA
File:Ignaz Königsberger’s Verlag in Sarajevo, Strassenszene mit drei Damen in bosnisch-islamischer Tracht der Totalverhüllung.jpg	drop	only 0 confident region(s)	PD	0	0	Ignaz_Königsberger_s_Verlag_in_Sarajevo_Strassenszene_mit_drei_Damen_in_bosnisch-islamischer_Tracht_der_Totalverhüllung.	
File:Old industrial park, Tuzla, Bosnia.jpg	drop	only 0 confident region(s)	CC BY-SA	0	0	Old_industrial_park_Tuzla_Bosnia.jpg	
File:Banja Luka - 35-45.jpg	drop	only 0 confident region(s)	PD	0	0	Banja_Luka_-_35-45.jpg	
File:Зеница 20180620 184040.jpg	drop	only 0 confident region(s)	CC BY-SA	0	0	Зеница_20180620_184040.jpg	
File:Зеница 20190901 210507.jpg	drop	only 0 confident region(s)	CC BY-SA	0	0	Зеница_20190901_210507.jpg	
File:F.T.B.L. 51.jpg	drop	only 0 confident region(s)	CC BY-SA	0	0	F.T.B.L._51.jpg	
File:Harem Kalin hadži Alijine džamije.jpg	keep		CC BY-SA	2	0	Harem_Kalin_hadži_Alijine_džamije.jpg	Salon | ena
File:Mostar (49032344923).jpg	drop	only 0 confident region(s)	CC BY	0	0	Mostar_49032344923_.jpg	
File:Mostar (49032845331).jpg	drop	only 0 confident region(s)	CC BY	0	0	Mostar_49032845331_.jpg	
File:Titanik zgrada Borik Banja Luka.jpg	drop	only 0 confident region(s)	CC0	0	0	Titanik_zgrada_Borik_Banja_Luka.jpg	
File:Rafting-Start slalom staza.jpg	keep		CC BY-SA	2	0	Rafting-Start_slalom_staza.jpg	START SLALOM STAZA | START OF SLALOM COURSE
File:Kury w Mostarze.jpg	drop	only 0 confident region(s)	CC BY-SA	0	0	Kury_w_Mostarze.jpg	
File:Ignaz Konigsberger's Verlag, Bula (Türkische Frau).jpg	keep		PD	5	0	Ignaz_Konigsberger_s_Verlag_Bula_Türkische_Frau_.jpg	a | ara | el | ah | a
File:Una Beton, Bihac.jpg	drop	only 0 confident region(s)	CC0	0	0	Una_Beton_Bihac.jpg	
File:Poslovnice-vokabula-centra-gdje-se-nalazimo.jpg	keep		CC BY-SA	10	1	Poslovnice-vokabula-centra-gdje-se-nalazimo.jpg	Wil | d | itar | MOJ | BKM | JEMA | EŠII | SEODM | UPIS | ke
File:Mostar, 2013 (12).jpg	drop	only 0 confident region(s)	CC BY-SA	0	0	Mostar_2013_12_.jpg	
File:Зеница 20230219 150953.jpg	drop	only 0 confident region(s)	CC BY-SA	0	0	Зеница_20230219_150953.jpg	
File:Mostar IMG 9608.JPG	drop	only 0 confident region(s)	CC BY-SA	0	0	Mostar_IMG_9608.JPG	
File:Patke -rijeka Vrbas-Banja Luka.jpg	drop	only 0 confident region(s)	CC BY-SA	0	0	Patke_-rijeka_Vrbas-Banja_Luka.jpg	
File:Mostar14BIH40.JPG	drop	only 0 confident region(s)	CC BY-SA	0	0	Mostar14BIH40.JPG	
File:F.T.B.L. 24.jpg	drop	only 0 confident region(s)	CC BY-SA	0	0	F.T.B.L._24.jpg	
File:Bihac Orthodox Church and Medresa.jpg	drop	only 0 confident region(s)	PD	0	0	Bihac_Orthodox_Church_and_Medresa.jpg	
File:Mostar facade.jpg	drop	only 0 confident region(s)	CC BY-SA	0	0	Mostar_facade.jpg	
File:Зеница 20230104 140623.jpg	drop	only 0 confident region(s)	CC BY-SA	0	0	Зеница_20230104_140623.jpg	
File:Una Pokoj Flood - panoramio.jpg	drop	only 0 confident region(s)	CC BY	0	0	Una_Pokoj_Flood_-_panoramio.jpg	
File:ИвеАндрића0060.jpg	drop	only 0 confident region(s)	CC BY-SA	0	0	ИвеАндрића0060.jpg	
File:Sarajevo siege bullet holed window.jpg	drop	flat colour (744 shades): a drawing, not a photograph	CC BY	0	0	Sarajevo_siege_bullet_holed_window.jpg	
File:Narodno pozorište Mostar.jpg	drop	only 0 confident region(s)	CC BY-SA	0	0	Narodno_pozorište_Mostar.jpg	
File:СтараЖељезничкаСтаница0063.jpg	drop	only 1 confident region(s)	CC BY-SA	1	0	СтараЖељезничкаСтаница0063.jpg	R
File:Sava Efendi Bilić.jpg	drop	only 0 confident region(s)	PD	0	0	Sava_Efendi_Bilić.jpg	
File:Зеница 20230224 164416.jpg	drop	only 0 confident region(s)	CC BY-SA	0	0	Зеница_20230224_164416.jpg	
File:Чиновнички павиљон.jpg	drop	only 0 confident region(s)	CC BY-SA	0	0	Чиновнички_павиљон.jpg	
File:Mostar14BIH29.JPG	drop	only 0 confident region(s)	CC BY-SA	0	0	Mostar14BIH29.JPG	
File:I love Tuzla, Tuzla.jpg	drop	only 0 confident region(s)	CC BY-SA	0	0	I_love_Tuzla_Tuzla.jpg	
File:Neretva in Mostar 2022.11.08, 4.jpg	drop	only 0 confident region(s)	CC BY-SA	0	0	Neretva_in_Mostar_2022.11.08_4.jpg	
File:КраљаПетра0057.jpg	drop	only 0 confident region(s)	CC BY-SA	0	0	КраљаПетра0057.jpg	
File:FotoTuraBL131933.jpg	drop	only 0 confident region(s)	CC BY-SA	0	0	FotoTuraBL131933.jpg	
File:Facade Mostar.jpg	drop	only 0 confident region(s)	CC BY-SA	0	0	Facade_Mostar.jpg	
File:20130606 Mostar 149.jpg	drop	only 0 confident region(s)	CC BY-SA	0	0	20130606_Mostar_149.jpg	
File:Tuzla-6.JPG	drop	only 1 confident region(s)	CC BY-SA	1	0	Tuzla-6.JPG	OST
File:Travnik 72270, Bosnia and Herzegovina - panoramio.jpg	drop	only 0 confident region(s)	CC BY-SA	0	0	Travnik_72270_Bosnia_and_Herzegovina_-_panoramio.jpg	
File:Girl of Sarajevo Bosnia Austro-Hungary.jpg	drop	only 0 confident region(s)	CC BY-SA	0	0	Girl_of_Sarajevo_Bosnia_Austro-Hungary.jpg	
File:Mostar (5821117387).jpg	drop	only 0 confident region(s)	CC BY	0	0	Mostar_5821117387_.jpg	
File:Sarajevo (2675364050).jpg	drop	only 0 confident region(s)	CC BY	0	0	Sarajevo_2675364050_.jpg	
File:КолоСрпскихСестара0052.jpg	drop	only 0 confident region(s)	CC BY-SA	0	0	КолоСрпскихСестара0052.jpg	
File:Brückenbau (19576918788).jpg	drop	only 0 confident region(s)	CC BY-SA	0	0	Brückenbau_19576918788_.jpg	
File:F.T.B.L. 54.jpg	drop	only 0 confident region(s)	CC BY-SA	0	0	F.T.B.L._54.jpg	
File:Mostar14BIH63.JPG	keep		CC BY-SA	5	0	Mostar14BIH63.JPG	"PANSION | ""OSCAR' | SUMMER | GARDEN | OSCAR"
File:V Korpus, Travnik 1944.jpg	drop	flat colour (233 shades): a drawing, not a photograph	PD	0	0	V_Korpus_Travnik_1944.jpg	
File:Зеница 20230219 151033.jpg	drop	only 0 confident region(s)	CC BY-SA	0	0	Зеница_20230219_151033.jpg	
File:Opcinski sud Mostar.jpg	keep		CC BY-SA	2	0	Opcinski_sud_Mostar.jpg	KA | POLICIJA
File:Protesti u BL3.jpg	drop	only 1 confident region(s)	CC BY-SA	1	0	Protesti_u_BL3.jpg	AAJEM
File:Tuzla-7.JPG	drop	only 1 confident region(s)	CC BY-SA	1	0	Tuzla-7.JPG	L
File:Tuzla (collage image).jpg	drop	only 0 confident region(s)	CC BY-SA	0	0	Tuzla_collage_image_.jpg	
File:Зеница 20230104 141035 – плаветнило ведрог зимског неба.jpg	drop	flat colour (558 shades): a drawing, not a photograph	CC0	0	0	Зеница_20230104_141035_плаветнило_ведрог_зимског_неба.jpg	
File:Stećci u Bihaću01.JPG	drop	only 0 confident region(s)	CC BY-SA	0	0	Stećci_u_Bihaću01.JPG	
File:Зеница - 1888 - брачни пар Буреш.jpg	drop	only 0 confident region(s)	PD	0	0	Зеница_-_1888_-_брачни_пар_Буреш.jpg	
File:Travnik Castell - Bosnia and Herzegovina.jpg	drop	only 0 confident region(s)	CC BY-SA	0	0	Travnik_Castell_-_Bosnia_and_Herzegovina.jpg	
File:10. Brigate erzegovese, 1942.jpg	drop	flat colour (225 shades): a drawing, not a photograph	PD	0	0	10._Brigate_erzegovese_1942.jpg	
File:Bosanska Poljana.jpg	drop	only 0 confident region(s)	CC BY-SA	0	0	Bosanska_Poljana.jpg	
File:Sarajevo Ruins-of-Marshal-Tito-Military-Barracks 2011-10-28 (9).jpg	drop	only 0 confident region(s)	CC BY-SA	0	0	Sarajevo_Ruins-of-Marshal-Tito-Military-Barracks_2011-10-28_9_.jpg	
File:Tuzla - Jala River 2 (2019).jpg	drop	only 0 confident region(s)	CC BY-SA	0	0	Tuzla_-_Jala_River_2_2019_.jpg	
File:FotoTuraBL124930.jpg	drop	only 0 confident region(s)	CC BY-SA	0	0	FotoTuraBL124930.jpg	
File:Sarajevo Siege Fetching Water1.jpg	drop	flat colour (299 shades): a drawing, not a photograph	CC BY	0	0	Sarajevo_Siege_Fetching_Water1.jpg	
File:Old town, Mostar (12) (29558735280).jpg	drop	only 1 confident region(s)	CC BY	1	0	Old_town_Mostar_12_29558735280_.jpg	N
File:Зеница 20180626 145747.jpg	drop	only 1 confident region(s)	PD	1	0	Зеница_20180626_145747.jpg	Centrotransa
File:Serbian military members at Kozara Barracks Banja Luka.jpg	drop	only 0 confident region(s)	PD	0	0	Serbian_military_members_at_Kozara_Barracks_Banja_Luka.jpg	
File:Mostar - panoramio (21).jpg	drop	only 0 confident region(s)	CC BY	0	0	Mostar_-_panoramio_21_.jpg	
File:Old town, Mostar (6) (29738714302).jpg	drop	only 0 confident region(s)	CC BY	0	0	Old_town_Mostar_6_29738714302_.jpg	
File:Old Factory in Dolac na Lašvi - Stari tvornički dimnjak u Docu na Lašvi - panoramio.jpg	drop	only 0 confident region(s)	CC BY	0	0	Old_Factory_in_Dolac_na_Lašvi_-_Stari_tvornički_dimnjak_u_Docu_na_Lašvi_-_panoramio.jpg	
File:Mostar (49033069912).jpg	drop	only 0 confident region(s)	CC BY	0	0	Mostar_49033069912_.jpg	
File:20130606 Mostar 259.jpg	drop	only 0 confident region(s)	CC BY-SA	0	0	20130606_Mostar_259.jpg	
File:The Coming of Spring in Mostar, 1903.jpg	drop	only 0 confident region(s)	PD	0	0	The_Coming_of_Spring_in_Mostar_1903.jpg	
File:Mostar, casco antiguo 17.jpg	drop	only 0 confident region(s)	CC BY-SA	0	0	Mostar_casco_antiguo_17.jpg	
File:Mostar14BIH48.JPG	drop	only 0 confident region(s)	CC BY-SA	0	0	Mostar14BIH48.JPG	
File:Sarajevo, September, 2017.jpg	keep		CC BY-SA	2	4	Sarajevo_September_2017.jpg	ĆEVABDŽINICA | HODŽIĆ
File:Зеница 20180728 095800.jpg	drop	only 0 confident region(s)	CC0	0	0	Зеница_20180728_095800.jpg	
File:20130606 Mostar 120.jpg	drop	only 0 confident region(s)	CC BY-SA	0	0	20130606_Mostar_120.jpg	
File:Зеница 20200301 130622.jpg	drop	only 0 confident region(s)	CC BY-SA	0	0	Зеница_20200301_130622.jpg	
File:Mostar14BIH19.JPG	keep		CC BY-SA	5	0	Mostar14BIH19.JPG	TOILET | ALi | LOUNG BAR | VINOTEKA | DISCOTEOUE
File:WeddingCoupleSarajevo.JPG	drop	only 1 confident region(s)	CC BY-SA	1	0	WeddingCoupleSarajevo.JPG	NER
File:20130606 Mostar 200.jpg	drop	only 1 confident region(s)	CC BY-SA	1	0	20130606_Mostar_200.jpg	DENAL
File:Travnik Panorama 2.JPG	drop	only 0 confident region(s)	CC BY-SA	0	0	Travnik_Panorama_2.JPG	
File:Mostar (49033179043).jpg	drop	only 0 confident region(s)	CC BY	0	0	Mostar_49033179043_.jpg	
File:20130606 Mostar 007.jpg	drop	only 0 confident region(s)	CC BY-SA	0	0	20130606_Mostar_007.jpg	
File:Зеница - 1895 - породица Буреш.jpg	drop	only 1 confident region(s)	PD	1	0	Зеница_-_1895_-_породица_Буреш.jpg	ZENICA-
File:Зеница 20180621 084902.jpg	drop	only 0 confident region(s)	PD	0	0	Зеница_20180621_084902.jpg	
File:20130606 Mostar 054.jpg	drop	only 0 confident region(s)	CC BY-SA	0	0	20130606_Mostar_054.jpg	
File:20130606 Mostar 068.jpg	drop	only 0 confident region(s)	CC BY-SA	0	0	20130606_Mostar_068.jpg	
File:20130606 Mostar 096.jpg	drop	only 0 confident region(s)	CC BY-SA	0	0	20130606_Mostar_096.jpg	
File:Travnik view.jpg	drop	only 0 confident region(s)	CC BY	0	0	Travnik_view.jpg	
File:Царска кућа.jpg	drop	only 0 confident region(s)	CC BY-SA	0	0	Царска_кућа.jpg	
File:БанаЛазаревића0054.jpg	drop	only 1 confident region(s)	CC BY-SA	1	0	БанаЛазаревића0054.jpg	G
File:Mostar IMG 9614.JPG	drop	only 0 confident region(s)	CC BY-SA	0	0	Mostar_IMG_9614.JPG	
File:Old town, Mostar (8) (29816666986).jpg	drop	only 1 confident region(s)	CC BY	1	0	Old_town_Mostar_8_29816666986_.jpg	Terasa
File:Mostar14BIH17.JPG	drop	only 0 confident region(s)	CC BY-SA	0	0	Mostar14BIH17.JPG	
File:Mostar - Iranian Consulate (49033180913).jpg	drop	only 0 confident region(s)	CC BY	0	0	Mostar_-_Iranian_Consulate_49033180913_.jpg	
File:Shelled out Buildings, Bosnia (3802587582).jpg	drop	only 1 confident region(s)	CC BY-SA	1	0	Shelled_out_Buildings_Bosnia_3802587582_.jpg	ME
File:FotoTuraBL124432.jpg	keep		CC BY-SA	3	0	FotoTuraBL124432.jpg	UPIS | TOKU | 387
File:Ottoman fountain in Mostar 02.jpg	drop	only 0 confident region(s)	CC BY-SA	0	0	Ottoman_fountain_in_Mostar_02.jpg	
File:Објекат у улици Краља Петра I Карађорђевића 41 04.JPG	drop	only 0 confident region(s)	CC BY-SA	0	0	Објекат_у_улици_Краља_Петра_I_Карађорђевића_41_04.JPG	
File:Mostar (5821660764).jpg	drop	only 1 confident region(s)	CC BY	1	0	Mostar_5821660764_.jpg	STARSKA
File:F.T.B.L. 17.jpg	keep		CC BY-SA	4	0	F.T.B.L._17.jpg	alpina | ELIKA | alpina | rOPUSTA
File:NKD015 Господска улица5.jpg	keep		CC BY-SA	3	0	NKD015_Господска_улица5.jpg	XII | 4 | IIA
File:Зеница 20230219 160055.jpg	drop	only 0 confident region(s)	CC BY-SA	0	0	Зеница_20230219_160055.jpg	
File:Mostar (2680356623).jpg	drop	only 0 confident region(s)	CC BY	0	0	Mostar_2680356623_.jpg	
File:Зеница 20190821 172944.jpg	drop	only 0 confident region(s)	PD	0	0	Зеница_20190821_172944.jpg	
File:20130606 Mostar 208.jpg	drop	only 0 confident region(s)	CC BY-SA	0	0	20130606_Mostar_208.jpg	
File:Tuzla - doo Higijena 2 (2019).jpg	keep		CC BY-SA	2	0	Tuzla_-_doo_Higijena_2_2019_.jpg	HIGIJENA | Tuza
File:Pecat i grb Bihaca iz XIV st.jpg	keep		PD	8	5	Pecat_i_grb_Bihaca_iz_XIV_st.jpg	Pečat grada | Bišća | Grb grada Bišća | iz XIV. | vieka. | iz | XVI. | vieka.
File:Travnik eastern suburbs.JPG	drop	only 0 confident region(s)	CC BY-SA	0	0	Travnik_eastern_suburbs.JPG	
File:20130606 Mostar 220.jpg	keep		CC BY-SA	5	0	20130606_Mostar_220.jpg	PANSION | LADYBIRD | PANSIONI | LOMBRELLO | BUBAMARA
File:Sarajevo Jevrejsko groblje 18.jpg	drop	only 0 confident region(s)	CC BY-SA	0	0	Sarajevo_Jevrejsko_groblje_18.jpg	
File:Mostar14BIH27.JPG	drop	only 0 confident region(s)	CC BY-SA	0	0	Mostar14BIH27.JPG	
File:Број умрлих и рођених у Бањалуци (2005-2009).jpg	keep		CC BY-SA	20	1	Број_умрлих_и_рођених_у_Бањалуци_2005-2009_.jpg	Broj umrlih | Broj rođenih | 2500 | 1977 | 2010 | 2000 | 1813 | 1781 1775 | 1773 | 1778 | 1796 | 1765 | 1728 | 1500 | 1000 | 500 | 2005 | 2006 | 2007 | 2009
File:Mostar (5821585512).jpg	drop	only 0 confident region(s)	CC BY	0	0	Mostar_5821585512_.jpg	
File:University of Zenica gradute promotion.jpg	drop	only 0 confident region(s)	CC BY-SA	0	0	University_of_Zenica_gradute_promotion.jpg	
File:Mostar Karadjoz Beg Moschee.jpg	drop	only 0 confident region(s)	CC BY-SA	0	0	Mostar_Karadjoz_Beg_Moschee.jpg	
File:Izet Sarajlić, Kaptol, Sarajevo.jpg	keep		CC BY-SA	3	1	Izet_Sarajlić_Kaptol_Sarajevo.jpg	IRAŽM | ULICU | G
File:Kuca u ulici Petra Kocia 51.JPG	drop	only 0 confident region(s)	CC BY-SA	0	0	Kuca_u_ulici_Petra_Kocia_51.JPG	
File:Stari most Kuca.jpg	drop	only 0 confident region(s)	CC BY-SA	0	0	Stari_most_Kuca.jpg	
File:Stara zgrada Vlade Republike Srpske.jpg	drop	only 0 confident region(s)	CC0	0	0	Stara_zgrada_Vlade_Republike_Srpske.jpg	
File:Kulturni Centar Bihac. Bihacko Ljeto 2022. Ulaz u Kulturni centar.jpg	keep		CC BY-SA	2	1	Kulturni_Centar_Bihac._Bihacko_Ljeto_2022._Ulaz_u_Kulturni_centar.jpg	BIHAĆKO | LJETO
File:Зеница - 1934 - првотни планинарски дом на Сметовима.jpg	drop	flat colour (248 shades): a drawing, not a photograph	PD	0	0	Зеница_-_1934_-_првотни_планинарски_дом_на_Сметовима.jpg	
File:Downtown travnik.png	drop	only 0 confident region(s)	CC BY-SA	0	0	Downtown_travnik.png	
File:20130606 Mostar 110.jpg	keep		CC BY-SA	2	0	20130606_Mostar_110.jpg	AESTORAN | AESTORANTEATA
File:Mostar (5821639340).jpg	drop	only 0 confident region(s)	CC BY	0	0	Mostar_5821639340_.jpg	
File:FotoTuraBL.jpg	drop	only 0 confident region(s)	CC BY-SA	0	0	FotoTuraBL.jpg	
File:Arhiv rs.JPG	drop	only 0 confident region(s)	CC BY-SA	0	0	Arhiv_rs.JPG	
File:Rkt groblje, Brajkovići 121910.jpg	drop	only 0 confident region(s)	CC BY-SA	0	0	Rkt_groblje_Brajkovići_121910.jpg	
File:Travnik Festung 1.JPG	drop	only 0 confident region(s)	CC BY-SA	0	0	Travnik_Festung_1.JPG	
File:Narrow-Gauge-Railway Spalatobahn Travnik East-End (2).jpg	drop	flat colour (256 shades): a drawing, not a photograph	PD	0	0	Narrow-Gauge-Railway_Spalatobahn_Travnik_East-End_2_.jpg	
File:Homeless in Sarajevo BiH.jpg	drop	only 1 confident region(s)	CC BY-SA	1	0	Homeless_in_Sarajevo_BiH.jpg	Z
File:Mostar (3788263505).jpg	drop	only 0 confident region(s)	CC BY	0	0	Mostar_3788263505_.jpg	
File:Prozor u Gospodskoj.jpg	drop	only 0 confident region(s)	CC BY-SA	0	0	Prozor_u_Gospodskoj.jpg	
File:Зеница 20180728 095730.jpg	drop	only 0 confident region(s)	CC0	0	0	Зеница_20180728_095730.jpg	
File:Зеница - cca 1955 - свадба Јеле и Воје Милешић у Дривуши.jpg	drop	only 0 confident region(s)	PD	0	0	Зеница_-_cca_1955_-_свадба_Јеле_и_Воје_Милешић_у_Дривуши.jpg	
File:Clouds over the Mountains, Mostar (5459198504).jpg	drop	only 0 confident region(s)	CC BY	0	0	Clouds_over_the_Mountains_Mostar_5459198504_.jpg	
File:Зеница 20221230 201204.jpg	drop	only 0 confident region(s)	CC BY-SA	0	0	Зеница_20221230_201204.jpg	
File:20130606 Mostar 075.jpg	drop	only 0 confident region(s)	CC BY-SA	0	0	20130606_Mostar_075.jpg	
File:Crveni krst-Banja Luka.jpg	drop	only 1 confident region(s)	CC BY-SA	1	0	Crveni_krst-Banja_Luka.jpg	E
File:Зеница 20230219 170419.jpg	drop	only 0 confident region(s)	CC BY-SA	0	0	Зеница_20230219_170419.jpg	
File:Mostar14BIH73.JPG	drop	only 0 confident region(s)	CC BY-SA	0	0	Mostar14BIH73.JPG	
File:Зеница 20230224 135502.jpg	drop	only 0 confident region(s)	CC BY-SA	0	0	Зеница_20230224_135502.jpg	
File:Зеница 20221230 222314.jpg	drop	only 0 confident region(s)	CC BY-SA	0	0	Зеница_20221230_222314.jpg	
File:Паук4.jpg	drop	only 0 confident region(s)	CC BY-SA	0	0	Паук4.jpg	
File:Glavna pošta, Petra I Karađorđevića (1).jpg	drop	only 0 confident region(s)	CC BY-SA	0	0	Glavna_pošta_Petra_I_Karađorđevića_1_.jpg	
File:Зеница - 1890-11-15 - легенде („Како је турски цар Фатих Мехмед освојио Градишће и Врандук 1463”, Босанска вила — бр. 19 и 20, стр. 301, 15).jpg	keep		PD	79	0	Зеница_-_1890-11-15_-_легенде_Како_је_турски_цар_Фатих_Мехмед_освојио_Градишће_и_Врандук_1463_Босанска_вила_бр._19_и_20_.jpg	Bp. 19 u 20 | Crp.301 | anambe je | ce.0 | Tpaaninhe | A | nube | ce | O3rop | T3 | Tpaanmha | T3 | rona | crapora | rpaaa, | ROMe | TTpeonje | je | rope | Ma.O | yonje | ABa | ITO | He | opujery, | OAMa | Ha | IO.e | OA | Baonna | rope | rpaA AO reme.ba | ce.1O | Te- | OA | CaA ce | Beh | rpaaumhe,
File:Kuca Pere Betunca 1903 Banja Luka.jpg	drop	only 0 confident region(s)	CC0	0	0	Kuca_Pere_Betunca_1903_Banja_Luka.jpg	
File:Зеница - 1895 - Врандук, панорама.jpg	drop	only 0 confident region(s)	PD	0	0	Зеница_-_1895_-_Врандук_панорама.jpg	
File:Грчка0058.jpg	drop	only 0 confident region(s)	CC BY-SA	0	0	Грчка0058.jpg	
File:Demofest06 - Thursday (9315655164).jpg	keep		CC BY-SA	6	0	Demofest06_-_Thursday_9315655164_.jpg	RIOSKOP PALAS | PRESS CENTAR | SBERBANK | mrtel | JELEN | Bane
File:Објекат у улици Петра Кочића 59.jpg	drop	only 0 confident region(s)	CC BY-SA	0	0	Објекат_у_улици_Петра_Кочића_59.jpg	
File:Зеница 20230224 164356.jpg	drop	only 0 confident region(s)	CC BY-SA	0	0	Зеница_20230224_164356.jpg	
File:Una,Bihac 2004.JPG	drop	only 0 confident region(s)	PD	0	0	Una_Bihac_2004.JPG	
File:Зеница 20230219 154038.jpg	drop	only 0 confident region(s)	CC BY-SA	0	0	Зеница_20230219_154038.jpg	
File:Una kor Brvice.jpg	drop	only 0 confident region(s)	CC BY-SA	0	0	Una_kor_Brvice.jpg	
File:Travnička tvrđava.jpg	drop	only 0 confident region(s)	CC BY	0	0	Travnička_tvrđava.jpg	
File:Kuca Afgan Mise Stupara 2 Banja Luka.jpg	drop	only 0 confident region(s)	CC0	0	0	Kuca_Afgan_Mise_Stupara_2_Banja_Luka.jpg	
File:Grupa preživjelih vijećnika Prvog zasjedanja AVNOJ-a, na proslavi 26. novembra 1952.jpg	drop	flat colour (256 shades): a drawing, not a photograph	PD	0	0	Grupa_preživjelih_vijećnika_Prvog_zasjedanja_AVNOJ-a_na_proslavi_26._novembra_1952.jpg	
File:Зеница - 1936 - жељезара Зеница, панорама.jpg	drop	only 0 confident region(s)	PD	0	0	Зеница_-_1936_-_жељезара_Зеница_панорама.jpg	
File:Gradska nosnja.jpg	drop	only 0 confident region(s)	PD	0	0	Gradska_nosnja.jpg	
File:Mostar - piękno chodnika - panoramio.jpg	drop	only 0 confident region(s)	CC BY	0	0	Mostar_-_piękno_chodnika_-_panoramio.jpg	
File:Bihać, Synagogue (03).jpg	drop	only 0 confident region(s)	PD	0	0	Bihać_Synagogue_03_.jpg	
File:20130606 Mostar 285.jpg	drop	only 0 confident region(s)	CC BY-SA	0	0	20130606_Mostar_285.jpg	
File:Mostar (2681135590).jpg	drop	only 0 confident region(s)	CC BY	0	0	Mostar_2681135590_.jpg	
File:War damage on Sarajevo buildings (14024736919).jpg	drop	only 0 confident region(s)	CC BY	0	0	War_damage_on_Sarajevo_buildings_14024736919_.jpg	
File:Travnik Winter.jpg	drop	only 0 confident region(s)	CC BY-SA	0	0	Travnik_Winter.jpg	
File:Zgrada Republickog pedagoskog zavoda Republike Srpske.jpg	drop	only 0 confident region(s)	CC0	0	0	Zgrada_Republickog_pedagoskog_zavoda_Republike_Srpske.jpg	
File:Travnik, Bosnia and Herzegovina - panoramio (2).jpg	drop	only 0 confident region(s)	CC BY-SA	0	0	Travnik_Bosnia_and_Herzegovina_-_panoramio_2_.jpg	
File:Sarajevo Children BlueCar.jpg	drop	only 1 confident region(s)	CC BY	1	0	Sarajevo_Children_BlueCar.jpg	SA
File:Колибри вртић, бл.jpg	drop	only 0 confident region(s)	CC BY-SA	0	0	Колибри_вртић_бл.jpg	
File:Mostar - panoramio (15).jpg	drop	only 0 confident region(s)	CC BY	0	0	Mostar_-_panoramio_15_.jpg	
File:Објекат Кола српских сестара, улица Бана Милосављевића.jpg	drop	only 0 confident region(s)	CC BY-SA	0	0	Објекат_Кола_српских_сестара_улица_Бана_Милосављевића.jpg	
File:Mostar 22 Bosni i Hercegovini 3.jpg	drop	only 0 confident region(s)	CC BY-SA	0	0	Mostar_22_Bosni_i_Hercegovini_3.jpg	
File:Lichen in Sarajevo 01.jpg	drop	only 0 confident region(s)	CC BY-SA	0	0	Lichen_in_Sarajevo_01.jpg	
File:Ale.jpg	drop	only 0 confident region(s)	CC BY-SA	0	0	Ale.jpg	
File:Bank rondo 968x768.jpg	drop	only 0 confident region(s)	CC BY-SA	0	0	Bank_rondo_968x768.jpg	
File:Pozdrav - Gruss iz Bihaca.jpg	drop	only 0 confident region(s)	PD	0	0	Pozdrav_-_Gruss_iz_Bihaca.jpg	
File:Stambeni objekat Poljokan Jevrejska 22 Banja Luka.jpg	drop	only 1 confident region(s)	CC0	1	0	Stambeni_objekat_Poljokan_Jevrejska_22_Banja_Luka.jpg	alpina
File:Објекат у улици Краља Петра I Карађорђевића 41 01.JPG	drop	only 0 confident region(s)	CC BY-SA	0	0	Објекат_у_улици_Краља_Петра_I_Карађорђевића_41_01.JPG	
File:Mostar - panoramio (3).jpg	drop	only 0 confident region(s)	CC BY	0	0	Mostar_-_panoramio_3_.jpg	
File:Mostar - panoramio (12).jpg	drop	only 0 confident region(s)	CC BY-SA	0	0	Mostar_-_panoramio_12_.jpg	
File:Zgrada na uglu Prvog krajiskog korpusa i Olimpijskih pobjednika Banja Luka.jpg	drop	only 0 confident region(s)	CC0	0	0	Zgrada_na_uglu_Prvog_krajiskog_korpusa_i_Olimpijskih_pobjednika_Banja_Luka.jpg	
File:Jelsingrad livnica nkd 028.JPG	drop	only 0 confident region(s)	CC BY-SA	0	0	Jelsingrad_livnica_nkd_028.JPG	
File:Mostar14BIH22.JPG	drop	only 0 confident region(s)	CC BY-SA	0	0	Mostar14BIH22.JPG	
File:Зеница 20230219 153208.jpg	drop	only 0 confident region(s)	CC BY-SA	0	0	Зеница_20230219_153208.jpg	
File:Bihac Una2.jpg	drop	only 0 confident region(s)	CC BY-SA	0	0	Bihac_Una2.jpg	
File:Mostar P8070159.jpg	drop	only 0 confident region(s)	CC BY-SA	0	0	Mostar_P8070159.jpg	
File:Зеница 20180626 145902.jpg	drop	only 0 confident region(s)	PD	0	0	Зеница_20180626_145902.jpg	
File:ВасеПелагића0051.jpg	drop	only 0 confident region(s)	CC BY-SA	0	0	ВасеПелагића0051.jpg	
File:Roof Mostar (4060843896).jpg	drop	only 0 confident region(s)	CC BY	0	0	Roof_Mostar_4060843896_.jpg	
File:20130606 Mostar 203.jpg	keep		CC BY-SA	2	0	20130606_Mostar_203.jpg	"JA | ""GRIM"""
File:Зеница 20221230 201237.jpg	drop	only 0 confident region(s)	CC BY-SA	0	0	Зеница_20221230_201237.jpg	
File:Old town, Mostar (9) (29224673644).jpg	drop	only 0 confident region(s)	CC BY	0	0	Old_town_Mostar_9_29224673644_.jpg	
File:Rat i djeca. U okolici Sarajeva, maj 1945.jpg	drop	flat colour (256 shades): a drawing, not a photograph	PD	0	0	Rat_i_djeca._U_okolici_Sarajeva_maj_1945.jpg	
File:Зеница 20221230 214031.jpg	drop	only 0 confident region(s)	CC BY-SA	0	0	Зеница_20221230_214031.jpg	
File:Zeljezara Zenica 1895.jpg	drop	flat colour (256 shades): a drawing, not a photograph	PD	0	0	Zeljezara_Zenica_1895.jpg	
File:Catholique Serbe - A1604.jpg	drop	no region with 3+ letters	CC0	2	0	Catholique_Serbe_-_A1604.jpg	A | V T.
File:Зеница 20230219 150920.jpg	drop	only 1 confident region(s)	CC BY-SA	1	0	Зеница_20230219_150920.jpg	NO
File:Turistički informativni centar - panoramio (2).jpg	drop	only 1 confident region(s)	CC BY	1	0	Turistički_informativni_centar_-_panoramio_2_.jpg	TOURIST INFO CENTRE
File:20130606 Mostar 053.jpg	drop	only 0 confident region(s)	CC BY-SA	0	0	20130606_Mostar_053.jpg	
File:Domky v Bihaći.jpg	drop	flat colour (252 shades): a drawing, not a photograph	CC BY-SA	0	0	Domky_v_Bihaći.jpg	
File:Poslovni centar Ekvator.JPG	drop	only 0 confident region(s)	CC BY-SA	0	0	Poslovni_centar_Ekvator.JPG	
File:Bihaćko ljeto 2022.jpg	keep		CC BY-SA	2	1	Bihaćko_ljeto_2022.jpg	LJETO | BIHAĆKO
File:Stray dogs in Mostar 04.jpg	drop	only 0 confident region(s)	CC BY-SA	0	0	Stray_dogs_in_Mostar_04.jpg	
File:Borci VI krajiške brigade za vreme borbi u Travniku, 20.X.1944.jpg	drop	flat colour (233 shades): a drawing, not a photograph	CC0	0	0	Borci_VI_krajiške_brigade_za_vreme_borbi_u_Travniku_20.X.1944.jpg	
File:Levi poljokan ul srpska 71 nkd 044.JPG	drop	only 0 confident region(s)	CC BY-SA	0	0	Levi_poljokan_ul_srpska_71_nkd_044.JPG	
File:Sarajevo Mula-Mustafe-Baseskije 2011-11-08 (2).jpg	drop	only 0 confident region(s)	CC BY-SA	0	0	Sarajevo_Mula-Mustafe-Baseskije_2011-11-08_2_.jpg	
File:Šejh Mahmudovo turbe Mostar.jpg	drop	only 0 confident region(s)	CC BY-SA	0	0	Šejh_Mahmudovo_turbe_Mostar.jpg	
File:FotoTuraBL124944.jpg	drop	only 0 confident region(s)	CC BY-SA	0	0	FotoTuraBL124944.jpg	
File:Onescukova - panoramio.jpg	keep		CC BY	3	0	Onescukova_-_panoramio.jpg	VATROGASNI | PUT H | 040-J-742
File:Bivša zgrada Vlade RS.jpg	drop	only 0 confident region(s)	CC BY-SA	0	0	Bivša_zgrada_Vlade_RS.jpg	
File:Зеница 20190821 173653.jpg	drop	only 0 confident region(s)	PD	0	0	Зеница_20190821_173653.jpg	
File:Зеница 20190821 173725.jpg	keep		PD	10	3	Зеница_20190821_173725.jpg	Mehmed Spaho | Beogradu sredinom 30-ih godina | Umjetnica Adela Ber (1888. | 1966. | 1974. | Pjesnik Antun Branko Šimić (1898. | Snimak atentata na kralja Aleksandra | Karadordevića | Marseju (Francuska) | oktobra 1934. godine
File:Sight From The Minaret (198064195).jpeg	drop	only 0 confident region(s)	CC BY	0	0	Sight_From_The_Minaret_198064195_.jpeg	
File:Жељезничка колонија.jpg	drop	only 0 confident region(s)	CC BY-SA	0	0	Жељезничка_колонија.jpg	
File:Зеница 20180627 013648.jpg	drop	only 0 confident region(s)	CC BY-SA	0	0	Зеница_20180627_013648.jpg	
File:The Coming of Spring in Mostar, with frame, 1903.jpg	drop	only 0 confident region(s)	PD	0	0	The_Coming_of_Spring_in_Mostar_with_frame_1903.jpg	
File:Зеница 20230219 150925.jpg	drop	only 1 confident region(s)	CC BY-SA	1	0	Зеница_20230219_150925.jpg	E
File:Neretva in Mostar 2022.11.08, 2.jpg	drop	only 0 confident region(s)	CC BY-SA	0	0	Neretva_in_Mostar_2022.11.08_2.jpg	
File:Ustavni sud zgrada.JPG	drop	only 0 confident region(s)	CC BY-SA	0	0	Ustavni_sud_zgrada.JPG	
File:Зеница - 1932-08-02 - народни збор пред католичком Црквом Св. Илије на празник Свети Илија.jpg	drop	only 0 confident region(s)	PD	0	0	Зеница_-_1932-08-02_-_народни_збор_пред_католичком_Црквом_Св._Илије_на_празник_Свети_Илија.jpg	
File:Прашнице Зеница 20180625 182815.jpg	keep		CC BY-SA	4	0	Прашнице_Зеница_20180625_182815.jpg	PREJOZ | DZENAZE | ER | BISSTOURS
File:20130606 Mostar 254.jpg	drop	only 0 confident region(s)	CC BY-SA	0	0	20130606_Mostar_254.jpg	
File:Đaci travničkog sjemeništa.jpg	drop	only 0 confident region(s)	PD	0	0	Đaci_travničkog_sjemeništa.jpg	
File:Narrow-Gauge-Railway Spalatobahn Travnik Medresa.jpg	drop	only 0 confident region(s)	PD	0	0	Narrow-Gauge-Railway_Spalatobahn_Travnik_Medresa.jpg	
File:Sarajevo Reflections.jpg	drop	only 0 confident region(s)	CC BY-SA	0	0	Sarajevo_Reflections.jpg	
File:F.T.B.L. 53.jpg	drop	only 0 confident region(s)	CC BY-SA	0	0	F.T.B.L._53.jpg	
File:Dom sindikata.JPG	drop	only 0 confident region(s)	CC BY-SA	0	0	Dom_sindikata.JPG	
File:Mostar - Kujundžiluk (49033904782).jpg	drop	only 0 confident region(s)	CC BY	0	0	Mostar_-_Kujundžiluk_49033904782_.jpg	
File:Varoška džamija.jpg	drop	only 0 confident region(s)	CC BY-SA	0	0	Varoška_džamija.jpg	
File:Porta do Sarajevo Club (3207298701).jpg	drop	only 1 confident region(s)	CC BY	1	0	Porta_do_Sarajevo_Club_3207298701_.jpg	jaca
File:Mostar (49033069527).jpg	drop	only 0 confident region(s)	CC BY	0	0	Mostar_49033069527_.jpg	
File:Mostar BW 2024-10-01 13-14-31.jpg	drop	only 0 confident region(s)	CC BY-SA	0	0	Mostar_BW_2024-10-01_13-14-31.jpg	
File:F.T.B.L. 16.jpg	keep		CC BY-SA	6	0	F.T.B.L._16.jpg	Ipina | alpina | aalpina | BAKA | Cat | A RATE
File:Mostar 4957-4959mod.jpg	drop	only 0 confident region(s)	CC BY-SA	0	0	Mostar_4957-4959mod.jpg	
File:Panorama BL 1878.png	drop	only 1 confident region(s)	PD	1	0	Panorama_BL_1878.png	BANJALUKA.
File:Mostar (5821713698).jpg	drop	only 0 confident region(s)	CC BY	0	0	Mostar_5821713698_.jpg	
File:Travnik Festung 2.JPG	drop	only 0 confident region(s)	CC BY-SA	0	0	Travnik_Festung_2.JPG	
File:Tuzlanski ćevapi.jpg	drop	only 0 confident region(s)	CC BY-SA	0	0	Tuzlanski_ćevapi.jpg	
File:Зеница - 1928 - краљев рођендан, улица краља Петра I (данашња Титова), ретуширана разгледница.jpg	drop	only 0 confident region(s)	PD	0	0	Зеница_-_1928_-_краљев_рођендан_улица_краља_Петра_I_данашња_Титова_ретуширана_разгледница.jpg	
File:Sarajevo Siege Gathering Firewood.jpg	drop	flat colour (256 shades): a drawing, not a photograph	CC BY	0	0	Sarajevo_Siege_Gathering_Firewood.jpg	
File:Mostar (2681171484).jpg	drop	flat colour (256 shades): a drawing, not a photograph	CC BY	0	0	Mostar_2681171484_.jpg	
File:20130606 Mostar 267.jpg	drop	only 0 confident region(s)	CC BY-SA	0	0	20130606_Mostar_267.jpg	
File:Girl of Sarajevo, Bosnia, Austro-Hungary WDL2637.png	drop	only 0 confident region(s)	PD	0	0	Girl_of_Sarajevo_Bosnia_Austro-Hungary_WDL2637.png	
File:Mostar 88000, Bosnia and Herzegovina - panoramio.jpg	drop	only 0 confident region(s)	CC BY	0	0	Mostar_88000_Bosnia_and_Herzegovina_-_panoramio.jpg	
File:Зеница - 1933 - дјеца-стипендисти (1933. ш.г.) запосленика Рудника мрког угља у Зеници.jpg	drop	only 0 confident region(s)	PD	0	0	Зеница_-_1933_-_дјеца-стипендисти_1933._ш.г._запосленика_Рудника_мрког_угља_у_Зеници.jpg	
File:NKD082 Објекат пословног центра „Екватор“1.jpg	drop	only 1 confident region(s)	CC BY-SA	1	0	NKD082_Објекат_пословног_центра_Екватор_1.jpg	beko
File:Mostar BW 2024-10-01 13-13-35.jpg	drop	only 1 confident region(s)	CC BY-SA	1	0	Mostar_BW_2024-10-01_13-13-35.jpg	Moal
File:Old town, Mostar (29) (29223247504).jpg	keep		CC BY	2	0	Old_town_Mostar_29_29223247504_.jpg	VODA | kiselia
File:Зеница - тврђава Врандук за вријеме турске (османске) окупације Босне.jpg	drop	only 1 confident region(s)	PD	1	0	Зеница_-_тврђава_Врандук_за_вријеме_турске_османске_окупације_Босне.jpg	http./Iwmw.facebook.com/Zenica
File:FotoTuraBL124737.jpg	drop	only 0 confident region(s)	CC BY-SA	0	0	FotoTuraBL124737.jpg	
File:Old town, Mostar (5) (29559202110).jpg	drop	only 1 confident region(s)	CC BY	1	0	Old_town_Mostar_5_29559202110_.jpg	B
File:Паук3.jpg	drop	only 0 confident region(s)	CC BY-SA	0	0	Паук3.jpg	
File:Old Town - panoramio.jpg	drop	only 0 confident region(s)	CC BY	0	0	Old_Town_-_panoramio.jpg	
File:Mostar (49033905042).jpg	drop	only 0 confident region(s)	CC BY	0	0	Mostar_49033905042_.jpg	
File:Travnik Panorama 1.JPG	drop	only 0 confident region(s)	CC BY-SA	0	0	Travnik_Panorama_1.JPG	
File:Travnik 04.jpg	drop	only 0 confident region(s)	CC BY-SA	0	0	Travnik_04.jpg	
File:Mostar - Kujundžiluk (49033069437).jpg	drop	only 0 confident region(s)	CC BY	0	0	Mostar_-_Kujundžiluk_49033069437_.jpg	
File:Tuzla-1.JPG	drop	only 0 confident region(s)	CC BY-SA	0	0	Tuzla-1.JPG	
File:Зеница 20230219 160124.jpg	drop	only 0 confident region(s)	CC BY-SA	0	0	Зеница_20230219_160124.jpg	
File:Mostar (5821141941).jpg	drop	only 1 confident region(s)	CC BY	1	0	Mostar_5821141941_.jpg	ESTORAN
File:Bihc Bosnie Herzegovine O (137556119).jpeg	drop	only 0 confident region(s)	CC BY	0	0	Bihc_Bosnie_Herzegovine_O_137556119_.jpeg	
File:Зграда Уставног суда, угао улица И. Ф. Јукића и Краља Алфонса ХIII.jpg	drop	only 0 confident region(s)	CC BY-SA	0	0	Зграда_Уставног_суда_угао_улица_И._Ф._Јукића_и_Краља_Алфонса_ХIII.jpg	
File:Puž (Krupa na Vrbasu).jpg	drop	only 0 confident region(s)	CC BY-SA	0	0	Puž_Krupa_na_Vrbasu_.jpg	
File:Lichen in Sarajevo 02.jpg	drop	only 0 confident region(s)	CC BY-SA	0	0	Lichen_in_Sarajevo_02.jpg	
File:The Other Side of Tuzla - panoramio.jpg	drop	only 0 confident region(s)	CC BY	0	0	The_Other_Side_of_Tuzla_-_panoramio.jpg	
File:Nove zgrade u naselju Ada.jpg	drop	only 0 confident region(s)	CC BY	0	0	Nove_zgrade_u_naselju_Ada.jpg	
File:Sparrow nesting in a bullet hole in Sarajevo 2.jpg	drop	only 0 confident region(s)	CC BY-SA	0	0	Sparrow_nesting_in_a_bullet_hole_in_Sarajevo_2.jpg	
File:Mostar (49033905762).jpg	drop	only 1 confident region(s)	CC BY	1	1	Mostar_49033905762_.jpg	KONČAA
File:Herceguša kula Stari most Mostar.JPG	drop	only 0 confident region(s)	CC BY-SA	0	0	Herceguša_kula_Stari_most_Mostar.JPG	
File:Slap u Travniku 0477.jpg	drop	only 0 confident region(s)	CC BY-SA	0	0	Slap_u_Travniku_0477.jpg	
File:Zgrada ugao Prvog krajiskog korpusa i Pave Radana Banja Luka.jpg	drop	only 1 confident region(s)	CC0	1	0	Zgrada_ugao_Prvog_krajiskog_korpusa_i_Pave_Radana_Banja_Luka.jpg	Venna
File:Travnik Altstadt 3.JPG	drop	only 0 confident region(s)	CC BY-SA	0	0	Travnik_Altstadt_3.JPG	
File:Publikacija povodom 50 godina SPD Gusle u Mostaru, 1938.jpg	drop	only 1 confident region(s)	CC BY-SA	1	0	Publikacija_povodom_50_godina_SPD_Gusle_u_Mostaru_1938.jpg	1888-1938
File:20130606 Mostar 003.jpg	drop	only 1 confident region(s)	CC BY-SA	1	0	20130606_Mostar_003.jpg	SHOP
File:Mostar (5821697196).jpg	drop	only 0 confident region(s)	CC BY	0	0	Mostar_5821697196_.jpg	
File:Mostar samen met Wies , Oktober 2010 - panoramio.jpg	drop	only 0 confident region(s)	CC BY	0	0	Mostar_samen_met_Wies_Oktober_2010_-_panoramio.jpg	
File:Objekat u ulici ive andrica 12 nkd 059.JPG	drop	only 0 confident region(s)	CC BY-SA	0	0	Objekat_u_ulici_ive_andrica_12_nkd_059.JPG	
File:Habsburg Birodalom, Bosznia-Hercegovina, Mostar látképe. - Fortepan 76343.jpg	drop	only 0 confident region(s)	PD	0	0	Habsburg_Birodalom_Bosznia-Hercegovina_Mostar_látképe._-_Fortepan_76343.jpg	
File:Mostar14BIH65.JPG	drop	only 1 confident region(s)	CC BY-SA	1	0	Mostar14BIH65.JPG	zenjel
File:Mostar Historic View.jpg	drop	only 0 confident region(s)	PD	0	0	Mostar_Historic_View.jpg	
File:20130606 Mostar 284.jpg	drop	flat colour (256 shades): a drawing, not a photograph	CC BY-SA	0	0	20130606_Mostar_284.jpg	
File:20130606 Mostar 067.jpg	drop	only 0 confident region(s)	CC BY-SA	0	0	20130606_Mostar_067.jpg	
File:Travnik, pohled z pevnosti.jpg	drop	only 0 confident region(s)	CC BY	0	0	Travnik_pohled_z_pevnosti.jpg	
File:Зеница 20190901 210452.jpg	drop	only 0 confident region(s)	CC BY-SA	0	0	Зеница_20190901_210452.jpg	
File:NKD015 Господска улица4.jpg	keep		CC BY-SA	4	0	NKD015_Господска_улица4.jpg	CITADELA | CITADELA | IZL | PESTOR
File:Lašva Travnik 0479.jpg	drop	only 0 confident region(s)	CC BY-SA	0	0	Lašva_Travnik_0479.jpg	
File:Old Town Mostar Facade.jpg	drop	only 0 confident region(s)	CC BY-SA	0	0	Old_Town_Mostar_Facade.jpg	
File:Mostar (49033679731).jpg	drop	only 0 confident region(s)	CC BY	0	0	Mostar_49033679731_.jpg	
File:Crni labudovi,Una,Bihac.jpg	drop	only 0 confident region(s)	PD	0	0	Crni_labudovi_Una_Bihac.jpg	
File:AroundStariMost.jpg	drop	only 0 confident region(s)	CC BY-SA	0	0	AroundStariMost.jpg	
File:Titanik zgrada Banja Luka.jpg	drop	only 0 confident region(s)	CC0	0	0	Titanik_zgrada_Banja_Luka.jpg	
File:Зеница 20190901 215311.jpg	drop	only 0 confident region(s)	CC BY-SA	0	0	Зеница_20190901_215311.jpg	
File:FotoTuraBL123513.jpg	drop	only 0 confident region(s)	CC BY-SA	0	0	FotoTuraBL123513.jpg	
File:Објекат у улици Петра Кочића 51.jpg	drop	only 1 confident region(s)	CC BY-SA	1	0	Објекат_у_улици_Петра_Кочића_51.jpg	NEKTAR
File:Зеница 20190821 173808.jpg	keep		PD	11	0	Зеница_20190821_173808.jpg	IETPA | OBEHALA | apajeBy. | rale | M HAPEAABA | ZBORNIK | ZAKONA | NAREDABA | BOSNU | HERCEGOVINU. | Godlna 1920
File:1895. panorama sjevernog dijela grada, lijevo Crkva svete bogorodice.jpg	keep		CC0	5	0	1895._panorama_sjevernog_dijela_grada_lijevo_Crkva_svete_bogorodice.jpg	Z | Gruss | aus | Zenica. | n
File:Mostar - Mostarsko javno kupalište (49033068927).jpg	drop	only 0 confident region(s)	CC BY	0	0	Mostar_-_Mostarsko_javno_kupalište_49033068927_.jpg	
File:Mostar Stari most - panoramio.jpg	drop	only 0 confident region(s)	CC BY	0	0	Mostar_Stari_most_-_panoramio.jpg	
File:Vila Franje Klindica Ive Andrica 12 Banja Luka.jpg	drop	only 0 confident region(s)	CC0	0	0	Vila_Franje_Klindica_Ive_Andrica_12_Banja_Luka.jpg	
File:Neboderi Bulevar cara Dusana Banja Luka.jpg	drop	only 0 confident region(s)	CC0	0	0	Neboderi_Bulevar_cara_Dusana_Banja_Luka.jpg	
File:FotoTuraBL122523.jpg	drop	only 0 confident region(s)	CC BY-SA	0	0	FotoTuraBL122523.jpg	
File:Kuca Stern Branka Radicevica 2 Banja Luka.jpg	drop	only 0 confident region(s)	CC0	0	0	Kuca_Stern_Branka_Radicevica_2_Banja_Luka.jpg	
File:Mostar (5778467602).jpg	drop	only 0 confident region(s)	CC BY	0	0	Mostar_5778467602_.jpg	
File:Чиновнички прозор.jpg	drop	only 0 confident region(s)	CC BY-SA	0	0	Чиновнички_прозор.jpg	
File:Mostar, 2013 (15).jpg	drop	only 0 confident region(s)	CC BY-SA	0	0	Mostar_2013_15_.jpg	
File:20130606 Mostar 051.jpg	drop	only 0 confident region(s)	CC BY-SA	0	0	20130606_Mostar_051.jpg	
File:West Mostar05522.JPG	drop	only 0 confident region(s)	CC BY-SA	0	0	West_Mostar05522.JPG	
File:Зеница 20190804 154720.jpg	keep		CC BY-SA	6	0	Зеница_20190804_154720.jpg	NAJEFEKTIVNIIA | DOSTUPNA | RADIOTERAPIIA | SVIJETUP | OVDIE | SMOI
File:Paprikovac14.JPG	drop	only 0 confident region(s)	CC BY-SA	0	0	Paprikovac14.JPG	
File:Old Town, Mostar.jpg	drop	only 0 confident region(s)	CC BY-SA	0	0	Old_Town_Mostar.jpg	
File:20201220 Mostar.jpg	keep		CC BY-SA	3	0	20201220_Mostar.jpg	ERASA | ITERASA | TERASA
File:Mostar - Narodno pozorište (49032845251).jpg	keep		CC BY	5	0	Mostar_-_Narodno_pozorište_49032845251_.jpg	RESTORAN | PANSION | BUBAMARA | LADYBIRD | 1Om
File:Costume des femmes du peuple - A1603.jpg	drop	only 1 confident region(s)	CC0	1	0	Costume_des_femmes_du_peuple_-_A1603.jpg	AVT
File:Зеница 20190821 173924.jpg	keep		PD	35	5	Зеница_20190821_173924.jpg	Kraljevske | vlade, | dana | Senatu | 26 | o ktobra | 1934 | godine, | koju | Je | pročitao Pretsednik | Saveta | Nikola | T. | Uzun | Moja | sveta | svim sred | stvima | državno | jedinstvo, | beZ | kole- | ispunim | Cuvati jedinstvo narodno | cjelinu | državnu, | to je najviši cilj Moje vlada | vi
File:Зеница 20180730 054236.jpg	keep		CC0	4	1	Зеница_20180730_054236.jpg	Oćujeka | vitinka | vitinka | Ditinka
File:FotoTuraBL123300.jpg	drop	only 0 confident region(s)	CC BY-SA	0	0	FotoTuraBL123300.jpg	
File:Mostar - panoramio (18).jpg	drop	only 1 confident region(s)	CC BY	1	0	Mostar_-_panoramio_18_.jpg	ZLATAR
File:Зеница - 1903 - „Дорфлебен” (Сеоски живот), Рихард Конрад Кромар фон Хохенволф 4.jpg	drop	only 0 confident region(s)	PD	0	0	Зеница_-_1903_-_Дорфлебен_Сеоски_живот_Рихард_Конрад_Кромар_фон_Хохенволф_4.jpg	
File:Ignaz Konigsberger's Verlag, Sarajewo - Studio portrait of a man in aristocratic clothes.jpg	drop	only 1 confident region(s)	PD	1	0	Ignaz_Konigsberger_s_Verlag_Sarajewo_-_Studio_portrait_of_a_man_in_aristocratic_clothes.jpg	Ignaz Königsberger's Verlag, Sarajewo.
File:Mostar BW 2024-10-01 13-16-00.jpg	keep		CC BY-SA	2	0	Mostar_BW_2024-10-01_13-16-00.jpg	TOILET | WC
File:Mostar the park below the bridge in morning light September 2012.jpg	drop	only 0 confident region(s)	CC0	0	0	Mostar_the_park_below_the_bridge_in_morning_light_September_2012.jpg	
File:20130606 Mostar 022.jpg	drop	only 0 confident region(s)	CC BY-SA	0	0	20130606_Mostar_022.jpg	
File:By the canal - panoramio (1332).jpg	drop	only 1 confident region(s)	CC BY-SA	1	0	By_the_canal_-_panoramio_1332_.jpg	foto by Lida
File:Raiffeisen bank-Banja Luka.jpg	drop	only 1 confident region(s)	CC BY-SA	1	0	Raiffeisen_bank-Banja_Luka.jpg	STOP
File:Zgrada u Ulici majke Knezopoljke 2 4 6 8 10 Banja Luka.jpg	drop	only 0 confident region(s)	CC0	0	0	Zgrada_u_Ulici_majke_Knezopoljke_2_4_6_8_10_Banja_Luka.jpg	
File:Travnik 72270, Bosnia and Herzegovina - panoramio (2).jpg	drop	only 0 confident region(s)	CC BY-SA	0	0	Travnik_72270_Bosnia_and_Herzegovina_-_panoramio_2_.jpg	
File:Le Stari Most en 2022.jpg	drop	only 0 confident region(s)	CC BY-SA	0	0	Le_Stari_Most_en_2022.jpg	
File:Зеница 20190821 174014.jpg	keep		PD	3	1	Зеница_20190821_174014.jpg	nedelju | Radnićhod doma | Box-match
File:20130606 Mostar 272.jpg	drop	only 0 confident region(s)	CC BY-SA	0	0	20130606_Mostar_272.jpg	
File:Old building facade across the Vrbanja Bridge at Marijin Dvor, Sarajevo.jpg	drop	only 0 confident region(s)	CC BY-SA	0	0	Old_building_facade_across_the_Vrbanja_Bridge_at_Marijin_Dvor_Sarajevo.jpg	
File:Зеница - 1895 - криминалац из Зенице.jpg	keep		PD	2	0	Зеница_-_1895_-_криминалац_из_Зенице.jpg	CRIMIN ELS | ZINITZA
File:20130606 Mostar 097.jpg	drop	only 0 confident region(s)	CC BY-SA	0	0	20130606_Mostar_097.jpg	
File:20130606 Mostar 005.jpg	keep		CC BY-SA	2	0	20130606_Mostar_005.jpg	BEKO | polma
File:Зеница 20230219 154618.jpg	drop	only 1 confident region(s)	CC BY-SA	1	0	Зеница_20230219_154618.jpg	SRCE
File:West Mostar04995.JPG	drop	only 0 confident region(s)	CC BY-SA	0	0	West_Mostar04995.JPG	
File:Sarajevo siege garbage.jpg	drop	flat colour (256 shades): a drawing, not a photograph	CC BY	0	0	Sarajevo_siege_garbage.jpg	
File:20130606 Mostar 202.jpg	drop	only 0 confident region(s)	CC BY-SA	0	0	20130606_Mostar_202.jpg	
File:2023.02.08 Mostar, view from the Old Bridge to the North.jpg	drop	only 0 confident region(s)	CC BY-SA	0	0	2023.02.08_Mostar_view_from_the_Old_Bridge_to_the_North.jpg	
File:Зеница 20230219 172451.jpg	drop	only 0 confident region(s)	CC BY-SA	0	0	Зеница_20230219_172451.jpg	
File:Mostar (49032845636).jpg	drop	only 0 confident region(s)	CC BY	0	0	Mostar_49032845636_.jpg	
File:FotoTuraBL123640.jpg	drop	only 0 confident region(s)	CC BY-SA	0	0	FotoTuraBL123640.jpg	
File:Mostar 02, Bosna a Hercegovina.jpg	drop	only 0 confident region(s)	CC BY-SA	0	0	Mostar_02_Bosna_a_Hercegovina.jpg	
File:Mostar - Kujundžiluk (49033904717).jpg	drop	only 1 confident region(s)	CC BY	1	0	Mostar_-_Kujundžiluk_49033904717_.jpg	[KOR
File:Зеница 20230219 153213.jpg	drop	only 0 confident region(s)	CC BY-SA	0	0	Зеница_20230219_153213.jpg	
File:Зеница 20190821 173553.jpg	keep		PD	6	1	Зеница_20190821_173553.jpg	Iadanje | Objava | rata. | Optužnica. | Objava | para.
File:Mostar roof.JPG	drop	only 0 confident region(s)	CC BY-SA	0	0	Mostar_roof.JPG	
File:Kuca porodice Pfaf pave radana 1.JPG	keep		CC BY-SA	3	3	Kuca_porodice_Pfaf_pave_radana_1.JPG	Proljeće | Kako nisliš mene | nštejazavac
File:Prevrnuti kontejneri Banja Luka.jpg	drop	only 0 confident region(s)	CC BY-SA	0	0	Prevrnuti_kontejneri_Banja_Luka.jpg	
File:Artiljerci VI krajiške brigade pred napad na Travnik 1944.jpg	drop	flat colour (230 shades): a drawing, not a photograph	PD	0	0	Artiljerci_VI_krajiške_brigade_pred_napad_na_Travnik_1944.jpg	
File:Зеница 20230219 152114.jpg	drop	only 0 confident region(s)	CC BY-SA	0	0	Зеница_20230219_152114.jpg	
File:Прашнице Зеница 20180625 182912.jpg	drop	only 1 confident region(s)	CC BY-SA	1	0	Прашнице_Зеница_20180625_182912.jpg	BISS-TORS
File:Lasva River Travnik.jpg	drop	only 0 confident region(s)	CC BY-SA	0	0	Lasva_River_Travnik.jpg	
File:Зеница 20190901 210510.jpg	drop	only 0 confident region(s)	CC BY-SA	0	0	Зеница_20190901_210510.jpg	
File:Зеница 20190821 174046.jpg	keep		PD	5	4	Зеница_20190821_174046.jpg	ZENIČKI | GRADONAČELNICI | 1023, | 19B2. | Enia Mutapčić
File:Mostar, 2013 (18).jpg	drop	only 0 confident region(s)	CC BY-SA	0	0	Mostar_2013_18_.jpg	
File:Banjalucka banka - unkredit banka.JPG	drop	only 0 confident region(s)	CC BY-SA	0	0	Banjalucka_banka_-_unkredit_banka.JPG	
File:Зеница 20230219 153303.jpg	drop	only 0 confident region(s)	CC BY-SA	0	0	Зеница_20230219_153303.jpg	
File:Зеница 20230219 155012.jpg	drop	only 0 confident region(s)	CC BY-SA	0	0	Зеница_20230219_155012.jpg	
File:Vrtic Plavi cuperak Banja Luka.jpg	drop	only 0 confident region(s)	CC0	0	0	Vrtic_Plavi_cuperak_Banja_Luka.jpg	
File:Паук2.jpg	drop	only 0 confident region(s)	CC BY-SA	0	0	Паук2.jpg	
File:Neretva (the river in Mostar).jpg	drop	only 0 confident region(s)	CC BY	0	0	Neretva_the_river_in_Mostar_.jpg	
File:1959. visoka peć, čelićana II, valjaonica I, kovačnica i termoelektrana.jpg	drop	only 0 confident region(s)	CC0	0	0	1959._visoka_peć_čelićana_II_valjaonica_I_kovačnica_i_termoelektrana.jpg	
File:Зеница 20190821 174025.jpg	keep		PD	3	0	Зеница_20190821_174025.jpg	CBeroC | NOS | uacona
File:Travnik Fort.jpg	drop	only 0 confident region(s)	CC BY-SA	0	0	Travnik_Fort.jpg	
File:ISM 02 Tuzla.jpg	drop	only 0 confident region(s)	CC BY-SA	0	0	ISM_02_Tuzla.jpg	
File:20130606 Mostar 174.jpg	drop	only 0 confident region(s)	CC BY-SA	0	0	20130606_Mostar_174.jpg	
File:Zgrada SPP-a.jpg	drop	only 0 confident region(s)	CC BY-SA	0	0	Zgrada_SPP-a.jpg	
File:20130606 Mostar 105.jpg	drop	only 0 confident region(s)	CC BY-SA	0	0	20130606_Mostar_105.jpg	
File:Protesti u BL2.jpg	keep		CC BY-SA	3	0	Protesti_u_BL2.jpg	super | cijene | BANK
File:A Park - panoramio.jpg	drop	only 0 confident region(s)	CC BY	0	0	A_Park_-_panoramio.jpg	
File:Stadion Fk BSK-a.jpg	drop	only 0 confident region(s)	CC BY-SA	0	0	Stadion_Fk_BSK-a.jpg	
File:Mostar - panoramio (14).jpg	drop	only 0 confident region(s)	CC BY	0	0	Mostar_-_panoramio_14_.jpg	
File:20130606 Mostar 012.jpg	keep		CC BY-SA	3	0	20130606_Mostar_012.jpg	rt | HOTEL | LLEG RI NO
File:Travnik Altstadt 4.JPG	drop	only 0 confident region(s)	CC BY-SA	0	0	Travnik_Altstadt_4.JPG	
File:Travnik 07.jpg	drop	only 0 confident region(s)	CC BY-SA	0	0	Travnik_07.jpg	
File:14.07.2007 Gornja Ravska Family Begic's Old House Stara kuca familije Begic - panoramio.jpg	drop	only 0 confident region(s)	CC BY-SA	0	0	14.07.2007_Gornja_Ravska_Family_Begic_s_Old_House_Stara_kuca_familije_Begic_-_panoramio.jpg	
File:Moulin de pierre - A1551.jpg	drop	only 0 confident region(s)	CC0	0	0	Moulin_de_pierre_-_A1551.jpg	
File:Stari Most 01.jpg	keep		CC BY-SA	2	0	Stari_Most_01.jpg	TERASA | TE RASA
File:Ispred kuće Afgan.jpg	drop	only 0 confident region(s)	CC BY-SA	0	0	Ispred_kuće_Afgan.jpg	
File:Stray dogs in Mostar 02.jpg	drop	only 0 confident region(s)	CC BY-SA	0	0	Stray_dogs_in_Mostar_02.jpg	
File:Slatina - panoramio.jpg	drop	only 0 confident region(s)	CC BY	0	0	Slatina_-_panoramio.jpg	
File:Mlinica terrasce - panoramio.jpg	drop	only 0 confident region(s)	CC BY-SA	0	0	Mlinica_terrasce_-_panoramio.jpg	
File:Зеница 20180628 085024.jpg	drop	only 0 confident region(s)	CC BY-SA	0	0	Зеница_20180628_085024.jpg	
File:Bihc Bosnie Herzegovine O (137556057).jpeg	drop	only 0 confident region(s)	CC BY	0	0	Bihc_Bosnie_Herzegovine_O_137556057_.jpeg	
File:20130606 Mostar 263.jpg	drop	only 0 confident region(s)	CC BY-SA	0	0	20130606_Mostar_263.jpg	
File:Tuzla Grb Coat of arms.jpg	drop	no region with 3+ letters	CC BY-SA	2	0	Tuzla_Grb_Coat_of_arms.jpg	Z | O
File:FotoTuraBL124208.jpg	drop	only 0 confident region(s)	CC BY-SA	0	0	FotoTuraBL124208.jpg	
File:Sarajevo siege man and garbage.jpg	drop	flat colour (256 shades): a drawing, not a photograph	CC BY	0	0	Sarajevo_siege_man_and_garbage.jpg	
File:20130606 Mostar 064.jpg	drop	only 0 confident region(s)	CC BY-SA	0	0	20130606_Mostar_064.jpg	
File:Kruzni tok Obilicevo Banja Luka.jpg	drop	only 0 confident region(s)	CC0	0	0	Kruzni_tok_Obilicevo_Banja_Luka.jpg	
File:Doruk.jpg	drop	only 0 confident region(s)	CC BY-SA	0	0	Doruk.jpg	
File:1997 in Sarajevo 010.jpg	drop	flat colour (256 shades): a drawing, not a photograph	CC BY	0	0	1997_in_Sarajevo_010.jpg	
File:By Niederkasseler - panoramio (1).jpg	drop	only 0 confident region(s)	CC BY-SA	0	0	By_Niederkasseler_-_panoramio_1_.jpg	
File:FAP 1921 cisterna za otčepljavanje kanalizacije Vodovod Banja Luka.jpg	drop	only 0 confident region(s)	CC0	0	0	FAP_1921_cisterna_za_otčepljavanje_kanalizacije_Vodovod_Banja_Luka.jpg	
File:Зеница 20190821 191655.jpg	keep		PD	3	0	Зеница_20190821_191655.jpg	"BATON"" ZENICA | 'BATON"" ZENICA | Promocija knjige"
File:P1020325 (20055891).jpg	drop	only 0 confident region(s)	CC BY-SA	0	0	P1020325_20055891_.jpg	
File:Зеница 20230219 165215.jpg	drop	only 0 confident region(s)	CC BY-SA	0	0	Зеница_20230219_165215.jpg	
File:20130606 Mostar 060.jpg	drop	only 0 confident region(s)	CC BY-SA	0	0	20130606_Mostar_060.jpg	
File:Ribe u rijeci Vrbas-Banja Luka.jpg	drop	only 0 confident region(s)	CC BY-SA	0	0	Ribe_u_rijeci_Vrbas-Banja_Luka.jpg	
File:Зеница 20190821 173228.jpg	keep		PD	7	0	Зеница_20190821_173228.jpg	PERIOD AU | Bosnien | Gramatika | bosanskoga jezika | PROGLAS | Mi Pranjo Josif, | BEHAB
File:Old town, Mostar (25) (29224356623).jpg	drop	only 0 confident region(s)	CC BY	0	0	Old_town_Mostar_25_29224356623_.jpg	
File:Јеврејска0022.jpg	drop	only 0 confident region(s)	CC BY-SA	0	0	Јеврејска0022.jpg	
File:Зеница 20190901 204655.jpg	drop	only 0 confident region(s)	CC BY-SA	0	0	Зеница_20190901_204655.jpg	
File:National Theatre Mostar.jpg	drop	only 0 confident region(s)	CC BY-SA	0	0	National_Theatre_Mostar.jpg	
File:Зеница 20190821 181738.jpg	keep		PD	4	0	Зеница_20190821_181738.jpg	BATON' | BATON | ZENICA | Pramocija knjive
File:Зеница 20230219 155010.jpg	drop	only 0 confident region(s)	CC BY-SA	0	0	Зеница_20230219_155010.jpg	
File:Zgrada Uprave MUP Republike Srpske 2019.jpg	drop	only 0 confident region(s)	CC BY-SA	0	0	Zgrada_Uprave_MUP_Republike_Srpske_2019.jpg	
File:Зеница 20230219 155017.jpg	drop	only 0 confident region(s)	CC BY-SA	0	0	Зеница_20230219_155017.jpg	
File:20130606 Mostar 069.jpg	drop	only 0 confident region(s)	CC BY-SA	0	0	20130606_Mostar_069.jpg	
File:Mostar bridge 17-08-2018.jpg	drop	only 0 confident region(s)	CC BY-SA	0	0	Mostar_bridge_17-08-2018.jpg	
File:F.T.B.L. 18.jpg	drop	only 0 confident region(s)	CC BY-SA	0	0	F.T.B.L._18.jpg	
File:Cinovnicki paviljon aleja sv s 30 nkd 162.JPG	drop	only 0 confident region(s)	CC BY-SA	0	0	Cinovnicki_paviljon_aleja_sv_s_30_nkd_162.JPG	
File:Tuzla2 (collage image).jpg	drop	only 0 confident region(s)	CC BY-SA	0	0	Tuzla2_collage_image_.jpg	
File:Dom penzionera Tuzla.jpg	drop	only 0 confident region(s)	CC BY-SA	0	0	Dom_penzionera_Tuzla.jpg	
File:RK Herceg 2014.jpg	drop	only 1 confident region(s)	CC BY-SA	1	0	RK_Herceg_2014.jpg	STEVJAR
File:Kobieta w stroju tradycyjnym - Jugosławia - 003250n.jpg	drop	flat colour (253 shades): a drawing, not a photograph	CC BY-SA	0	0	Kobieta_w_stroju_tradycyjnym_-_Jugosławia_-_003250n.jpg	
File:Зеница 20230219 154851.jpg	drop	only 0 confident region(s)	CC BY-SA	0	0	Зеница_20230219_154851.jpg	
File:ECC2.jpg	drop	only 0 confident region(s)	CC BY-SA	0	0	ECC2.jpg	
File:20130606 Mostar 265.jpg	drop	only 0 confident region(s)	CC BY-SA	0	0	20130606_Mostar_265.jpg	
File:Зеница 20180730 054948.jpg	drop	only 0 confident region(s)	CC0	0	0	Зеница_20180730_054948.jpg	
File:Клупске просторије ФК БСК-а.jpg	drop	only 1 confident region(s)	PD	1	0	Клупске_просторије_ФК_БСК-а.jpg	"""ECK"""
File:Old town, Mostar (28) (29815233046).jpg	drop	only 0 confident region(s)	CC BY	0	0	Old_town_Mostar_28_29815233046_.jpg	
File:Tuzla - Turističko informativni centar (2019).jpg	keep		CC BY-SA	2	1	Tuzla_-_Turističko_informativni_centar_2019_.jpg	TOURIST INFO CENTER TUZLA | TURISTIČKO-INFORMATIVNI CENTAR TUZLA
File:Mostar - Meczet (49033181053).jpg	drop	only 0 confident region(s)	CC BY	0	0	Mostar_-_Meczet_49033181053_.jpg	
File:Kantonalna bolnica Dr. Safet Mujić Mostar - Aerial view of the hospital complex.jpg	drop	only 0 confident region(s)	CC0	0	0	Kantonalna_bolnica_Dr._Safet_Mujić_Mostar_-_Aerial_view_of_the_hospital_complex.jpg	
File:Banja facade 1024x768.jpg	drop	only 0 confident region(s)	CC BY-SA	0	0	Banja_facade_1024x768.jpg	
File:Mostar - Bosnia and Herzegovina - Waitress.jpg	drop	only 0 confident region(s)	CC BY-SA	0	0	Mostar_-_Bosnia_and_Herzegovina_-_Waitress.jpg	
File:Travnik Uhrturm und Festung.JPG	drop	only 0 confident region(s)	CC BY-SA	0	0	Travnik_Uhrturm_und_Festung.JPG	
File:NKD015 Господска улица2.jpg	drop	only 0 confident region(s)	CC BY-SA	0	0	NKD015_Господска_улица2.jpg	
File:General view of Tuzla - panoramio (1330).jpg	drop	only 0 confident region(s)	CC BY-SA	0	0	General_view_of_Tuzla_-_panoramio_1330_.jpg	
File:СтараЖељезничкаСтаница0062.jpg	drop	only 0 confident region(s)	CC BY-SA	0	0	СтараЖељезничкаСтаница0062.jpg	
File:Katolički školski centar u Travniku tijekom rekonstrukcije 2024.jpg	drop	only 0 confident region(s)	CC BY	0	0	Katolički_školski_centar_u_Travniku_tijekom_rekonstrukcije_2024.jpg	
File:P1020359 (22784148).jpg	drop	only 0 confident region(s)	CC BY-SA	0	0	P1020359_22784148_.jpg	
File:Зеница 20230219 155929.jpg	drop	only 1 confident region(s)	CC BY-SA	1	0	Зеница_20230219_155929.jpg	DNO
File:Old town, Mostar (17) (29738096642).jpg	drop	only 0 confident region(s)	CC BY	0	0	Old_town_Mostar_17_29738096642_.jpg	
File:Zmija jede ribu (Vrbas).jpg	drop	only 0 confident region(s)	CC BY-SA	0	0	Zmija_jede_ribu_Vrbas_.jpg	
File:Зеница 20190821 173831.jpg	drop	only 0 confident region(s)	PD	0	0	Зеница_20190821_173831.jpg	
File:Zgrada Borik Banja Luka.jpg	drop	only 0 confident region(s)	CC0	0	0	Zgrada_Borik_Banja_Luka.jpg	
File:Mostar (5821709188).jpg	drop	only 0 confident region(s)	CC BY	0	0	Mostar_5821709188_.jpg	
File:Cskt-tavasz mosztarban (1903).jpg	drop	only 0 confident region(s)	PD	0	0	Cskt-tavasz_mosztarban_1903_.jpg	
File:Mostar - panoramio (9).jpg	drop	only 0 confident region(s)	CC BY	0	0	Mostar_-_panoramio_9_.jpg	
File:Mostar14BIH26.JPG	keep		CC BY-SA	9	0	Mostar14BIH26.JPG	Bazar | ATIONAL MONUMENT | KOSKI MEHMET | PASHA MOSQUE | OPEN FOR | VISITORS | BEST VIEW AT | THE OLD BRIDCE | 1618
File:Old town, Mostar (4) (29225854893).jpg	drop	only 0 confident region(s)	CC BY	0	0	Old_town_Mostar_4_29225854893_.jpg	
File:Зеница 20230219 153315.jpg	drop	only 0 confident region(s)	CC BY-SA	0	0	Зеница_20230219_153315.jpg	
File:Зеница 20190821 173820.jpg	keep		PD	5	3	Зеница_20190821_173820.jpg	Kralja Aleksandar | Karadordević (1888. | Svečano proglašenje Kraljevine Srba, Hrvata | Slovenaca, decembra 1918. | Beogradu
File:Зеница 20230219 155013.jpg	drop	only 1 confident region(s)	CC BY-SA	1	0	Зеница_20230219_155013.jpg	CPNOICRVE
File:Narod Sarajeva prati suđenje Draži Mihailoviću preko zvučnika.jpg	drop	flat colour (207 shades): a drawing, not a photograph	PD	0	0	Narod_Sarajeva_prati_suđenje_Draži_Mihailoviću_preko_zvučnika.jpg	
File:Zgrada MUPa Republike Srpske.jpg	drop	only 0 confident region(s)	CC BY-SA	0	0	Zgrada_MUPa_Republike_Srpske.jpg	
File:Central Bank of Bosnia and Herzegovina, Banja Luka 02.jpg	drop	only 0 confident region(s)	CC BY-SA	0	0	Central_Bank_of_Bosnia_and_Herzegovina_Banja_Luka_02.jpg	
File:FotoTuraBL122613.jpg	drop	only 0 confident region(s)	CC BY-SA	0	0	FotoTuraBL122613.jpg	
File:20130606 Mostar 034.jpg	drop	only 0 confident region(s)	CC BY-SA	0	0	20130606_Mostar_034.jpg	
File:Mostar, 2013 (17).jpg	drop	only 0 confident region(s)	CC BY-SA	0	0	Mostar_2013_17_.jpg	
File:Ignaz Konigsberger's Verlag, Sarajewo - 113. Bosnischer Bettler (Sonntagsstaat).jpg	drop	only 0 confident region(s)	PD	0	0	Ignaz_Konigsberger_s_Verlag_Sarajewo_-_113._Bosnischer_Bettler_Sonntagsstaat_.jpg	
File:View of Mostar.jpg	drop	only 0 confident region(s)	CC BY-SA	0	0	View_of_Mostar.jpg	
File:NKD015 Господска улица8.jpg	keep		CC BY-SA	2	0	NKD015_Господска_улица8.jpg	BANK | Raiffeisen
File:View From Stari Most at Mostar, 03.08.2015 - panoramio.jpg	drop	only 0 confident region(s)	CC BY-SA	0	0	View_From_Stari_Most_at_Mostar_03.08.2015_-_panoramio.jpg	
File:20130606 Mostar 171.jpg	drop	only 1 confident region(s)	CC BY-SA	1	0	20130606_Mostar_171.jpg	rinRa
File:Зеница 20230219 155009.jpg	drop	only 0 confident region(s)	CC BY-SA	0	0	Зеница_20230219_155009.jpg	
File:West Mostar05554.JPG	drop	only 1 confident region(s)	CC BY-SA	1	0	West_Mostar05554.JPG	HSP
File:Mostar (49032844576).jpg	drop	only 1 confident region(s)	CC BY	1	0	Mostar_49032844576_.jpg	BALKAN
File:Old Town Mostar 2014.jpg	drop	only 1 confident region(s)	CC BY-SA	1	0	Old_Town_Mostar_2014.jpg	Oi
File:Dario Džamonja, Kaptol, Sarajevo.jpg	keep		CC BY-SA	4	0	Dario_Džamonja_Kaptol_Sarajevo.jpg	MCULICA | Noa | -825 | Fa
File:FotoTuraBL130055.jpg	drop	only 0 confident region(s)	CC BY-SA	0	0	FotoTuraBL130055.jpg	
File:Partisans in Bihać 1942.jpg	drop	flat colour (256 shades): a drawing, not a photograph	PD	0	0	Partisans_in_Bihać_1942.jpg	
File:Јеврејска0021.jpg	drop	only 0 confident region(s)	CC BY-SA	0	0	Јеврејска0021.jpg	
File:X O 14.jpg	drop	only 0 confident region(s)	CC BY-SA	0	0	X_O_14.jpg	
File:Mostar - panoramio - lienyuan lee (4).jpg	drop	only 0 confident region(s)	CC BY	0	0	Mostar_-_panoramio_-_lienyuan_lee_4_.jpg	
File:Zabudowania - Banjaluka - 003377n.jpg	drop	flat colour (256 shades): a drawing, not a photograph	CC BY-SA	0	0	Zabudowania_-_Banjaluka_-_003377n.jpg	
File:Зеница 20190821 175659.jpg	keep		PD	9	2	Зеница_20190821_175659.jpg	DIIPLOMA | Veleucenomgospodinu | Zenici | juna | pebuajeno | Va | Zabrat | poćasnimgragjaninom | HarmandiĆ.
File:20130606 Mostar 276.jpg	drop	flat colour (256 shades): a drawing, not a photograph	CC BY-SA	0	0	20130606_Mostar_276.jpg	
File:20130606 Mostar 104.jpg	keep		CC BY-SA	8	0	20130606_Mostar_104.jpg	11 | JESMOKRALI | OVI | MOSTAR | P | 3C | BOSNLA-HERZEGOVINA | FCVELEZ
File:Mostar, Bosnia and Herzegovina 2022-08 - Shell of a building.jpg	keep		CC BY	7	0	Mostar_Bosnia_and_Herzegovina_2022-08_-_Shell_of_a_building.jpg	Pa | ZP | ZONA | max | NAPLATA | PARKIRANJA | sata
File:Mostar - Iranian Consulate (49033681091).jpg	drop	only 0 confident region(s)	CC BY	0	0	Mostar_-_Iranian_Consulate_49033681091_.jpg	
File:Muhamed Kurt.jpg	drop	flat colour (192 shades): a drawing, not a photograph	PD	0	0	Muhamed_Kurt.jpg	
File:Главнапошта, Петра I Карађорђевића (1).jpg	drop	only 0 confident region(s)	CC BY-SA	0	0	Главнапошта_Петра_I_Карађорђевића_1_.jpg	
File:Sarajevo, Bosnia (revise) (3801776275).jpg	drop	only 0 confident region(s)	CC BY-SA	0	0	Sarajevo_Bosnia_revise_3801776275_.jpg	
File:Прозор стамбеног објекта за раднике на жељезници.jpg	drop	only 0 confident region(s)	CC BY-SA	0	0	Прозор_стамбеног_објекта_за_раднике_на_жељезници.jpg	
File:Зеница 20190821 175605.jpg	keep		PD	3	1	Зеница_20190821_175605.jpg	L | Cc | Maravićaa
File:Зеница 20230224 164038.jpg	drop	only 0 confident region(s)	CC BY-SA	0	0	Зеница_20230224_164038.jpg	
File:Зеница 20190821 173708.jpg	keep		PD	8	5	Зеница_20190821_173708.jpg	Josip Korošec, Milan Stojadinović i Mehmed Spaho | Umjetnica Adela Ber (1888. | 1966.) | 1974.) | Pjesnik Antun Branko Šimić (1898. | 1925.) | 6068-CA6 | Karadordevića
File:Кућа Миловановића, улица Бана Милосављевића.jpg	drop	only 0 confident region(s)	CC BY-SA	0	0	Кућа_Миловановића_улица_Бана_Милосављевића.jpg	
File:20130606 Mostar 074.jpg	drop	only 0 confident region(s)	CC BY-SA	0	0	20130606_Mostar_074.jpg	
File:Construction mercur.jpg	drop	only 0 confident region(s)	CC BY-SA	0	0	Construction_mercur.jpg	
File:Stambeno poslovni soliter Obilicevo Mejdan Banja Luka.jpg	drop	only 0 confident region(s)	CC0	0	0	Stambeno_poslovni_soliter_Obilicevo_Mejdan_Banja_Luka.jpg	
File:Zgrada Ravnogorska 1 3 5 Banja Luka.jpg	drop	no region with 3+ letters	CC0	2	0	Zgrada_Ravnogorska_1_3_5_Banja_Luka.jpg	30 | 30 HA
File:Bihać – Inner City.jpg	drop	only 0 confident region(s)	CC BY-SA	0	0	Bihać_Inner_City.jpg	
File:Зеница 20190821 175450.jpg	drop	only 0 confident region(s)	PD	0	0	Зеница_20190821_175450.jpg	
File:Зеница 20180620 184106.jpg	keep		CC BY-SA	4	0	Зеница_20180620_184106.jpg	DJECA | 20.6.2018. | Muzej Grada Zenica | 11.00h
File:Siege-Shattered Facade - Sarajevo - Bosnia and Herzegovina.jpg	drop	only 0 confident region(s)	CC BY-SA	0	0	Siege-Shattered_Facade_-_Sarajevo_-_Bosnia_and_Herzegovina.jpg	
File:Ignaz Konigsberger's Verlag, Sarajewo (Bosnian Woman).jpg	drop	only 0 confident region(s)	PD	0	0	Ignaz_Konigsberger_s_Verlag_Sarajewo_Bosnian_Woman_.jpg	
File:Mostar 01.jpg	drop	only 0 confident region(s)	CC BY-SA	0	0	Mostar_01.jpg	
File:Bihać (collage image).jpg	drop	only 0 confident region(s)	CC BY-SA	0	0	Bihać_collage_image_.jpg	
File:Die Gartenlaube (1894) b 145.jpg	drop	flat colour (256 shades): a drawing, not a photograph	PD	0	0	Die_Gartenlaube_1894_b_145.jpg	
File:2023.01.29 Sarajevo IMG 1895.jpg	drop	only 0 confident region(s)	CC BY-SA	0	0	2023.01.29_Sarajevo_IMG_1895.jpg	
File:Зеница 20221230 214024.jpg	drop	only 0 confident region(s)	CC BY-SA	0	0	Зеница_20221230_214024.jpg	
File:Narrow-Gauge-Railway Spalatobahn Travnik Musala (3).jpg	drop	only 0 confident region(s)	PD	0	0	Narrow-Gauge-Railway_Spalatobahn_Travnik_Musala_3_.jpg	
File:Park šuma Ada Vrbas Banja Luka (PPŠ001).jpg	drop	only 0 confident region(s)	CC BY-SA	0	0	Park_šuma_Ada_Vrbas_Banja_Luka_PPŠ001_.jpg	
File:Neretva - panoramio - lienyuan lee (3).jpg	drop	only 0 confident region(s)	CC BY	0	0	Neretva_-_panoramio_-_lienyuan_lee_3_.jpg	
File:20130606 Mostar 278.jpg	drop	flat colour (256 shades): a drawing, not a photograph	CC BY-SA	0	0	20130606_Mostar_278.jpg	
File:Jezuitska gimnazija 1924.jpg	drop	only 0 confident region(s)	PD	0	0	Jezuitska_gimnazija_1924.jpg	
File:Mostar klímadiagram hu.png	drop	flat colour (3381 shades): a drawing, not a photograph	CC BY	0	0	Mostar_klímadiagram_hu.png	
File:F.T.B.L. 20.jpg	drop	only 0 confident region(s)	CC BY-SA	0	0	F.T.B.L._20.jpg	
File:Kuca Riste Trifkovica Kralja Alfonsa 11 Banja Luka.jpg	drop	only 0 confident region(s)	CC0	0	0	Kuca_Riste_Trifkovica_Kralja_Alfonsa_11_Banja_Luka.jpg	
File:Bihc Bosnie Herzegovine O (137556007).jpeg	drop	only 0 confident region(s)	CC BY	0	0	Bihc_Bosnie_Herzegovine_O_137556007_.jpeg	
File:20130606 Mostar 016.jpg	drop	only 1 confident region(s)	CC BY-SA	1	0	20130606_Mostar_016.jpg	UNITED COLORS OF BENETITON
File:Bihc Bosnie Herzegovine O (137556139).jpeg	drop	only 0 confident region(s)	CC BY	0	0	Bihc_Bosnie_Herzegovine_O_137556139_.jpeg	
File:FotoTuraBL125900.jpg	drop	only 0 confident region(s)	CC BY-SA	0	0	FotoTuraBL125900.jpg	
File:Mostar (49033179213).jpg	keep		CC BY	5	0	Mostar_49033179213_.jpg	ATTENTION | DANGEROUS | RUINGE | ACCESS TO THE RUIN | MDVEHICLEPARKING
File:Mostar (49032343938).jpg	drop	only 0 confident region(s)	CC BY	0	0	Mostar_49032343938_.jpg	
File:Tuzla View of Tuzla.jpg	drop	only 0 confident region(s)	CC BY-SA	0	0	Tuzla_View_of_Tuzla.jpg	
File:Sarajevo buildings.JPG	drop	only 0 confident region(s)	CC BY-SA	0	0	Sarajevo_buildings.JPG	
File:Архив0056.jpg	drop	only 0 confident region(s)	CC BY-SA	0	0	Архив0056.jpg	
File:Tuzla Has Fırın, İstanbul 2025.jpg	drop	only 1 confident region(s)	CC BY-SA	1	0	Tuzla_Has_Fırın_İstanbul_2025.jpg	HAS FIRIM
File:14.07.2007 Gornja Ravska Family Begic's Old House Stara kuca familije Begic - panoramio - Sandor Bordas.jpg	drop	only 0 confident region(s)	CC BY-SA	0	0	14.07.2007_Gornja_Ravska_Family_Begic_s_Old_House_Stara_kuca_familije_Begic_-_panoramio_-_Sandor_Bordas.jpg	
File:Зеница - 1903 - „Дорфлебен” (Сеоски живот), Рихард Конрад Кромар фон Хохенволф 2.jpg	drop	only 0 confident region(s)	PD	0	0	Зеница_-_1903_-_Дорфлебен_Сеоски_живот_Рихард_Конрад_Кромар_фон_Хохенволф_2.jpg	
File:Jelen Demofest 2011 (5990220236).jpg	keep		CC BY-SA	6	0	Jelen_Demofest_2011_5990220236_.jpg	d | 2.15 | Program | Jelen | Demofesta | Srijeda
File:Чиновнички балкони.jpg	drop	only 0 confident region(s)	CC BY-SA	0	0	Чиновнички_балкони.jpg	
File:Зеница 20180620 063545.jpg	drop	only 0 confident region(s)	PD	0	0	Зеница_20180620_063545.jpg	
File:Зеница 20190819 093229.jpg	drop	only 0 confident region(s)	CC BY-SA	0	0	Зеница_20190819_093229.jpg	
File:Зеница 20230219 165221.jpg	drop	flat colour (4436 shades): a drawing, not a photograph	CC BY-SA	0	0	Зеница_20230219_165221.jpg	
File:Jarosław Lindenberg - drzewo.jpg	drop	only 1 confident region(s)	CC BY-SA	1	0	Jarosław_Lindenberg_-_drzewo.jpg	JAROSLA
File:Зграда ГП Крајина.jpg	drop	only 1 confident region(s)	CC BY-SA	1	0	Зграда_ГП_Крајина.jpg	PARFIMERIJA
File:Russian Airborne Troops in Bosnia.JPEG	drop	only 0 confident region(s)	PD	0	0	Russian_Airborne_Troops_in_Bosnia.JPEG	
File:Sunce iza citadele.jpg	keep		CC BY-SA	2	0	Sunce_iza_citadele.jpg	RESTORAN | CITADELA
File:Mostar 22 Bosni i Hercegovini 5.jpg	drop	only 0 confident region(s)	CC BY-SA	0	0	Mostar_22_Bosni_i_Hercegovini_5.jpg	
File:Girl-of-sarajevo-bosnia-austro-hungary-wdl2637-2a5546.png	drop	only 0 confident region(s)	CC BY-SA	0	0	Girl-of-sarajevo-bosnia-austro-hungary-wdl2637-2a5546.png	
File:Bokserski klub Slavija.jpg	keep		CC BY-SA	2	0	Bokserski_klub_Slavija.jpg	BOKSERSKI KLUB  SLAVIJABANJA LUKA | SLAVIJA
File:Bahnhof in Zenica, Bosnien. (BildID 15570283).jpg	drop	only 0 confident region(s)	PD	0	0	Bahnhof_in_Zenica_Bosnien._BildID_15570283_.jpg	
File:Tuzla 1886.jpg	drop	only 0 confident region(s)	PD	0	0	Tuzla_1886.jpg	
File:Kuca u Ulici Petra Kocica 59 Banja Luka.jpg	drop	only 0 confident region(s)	CC0	0	0	Kuca_u_Ulici_Petra_Kocica_59_Banja_Luka.jpg	
File:Eparhija.jpg	drop	only 0 confident region(s)	CC BY	0	0	Eparhija.jpg	
File:Poslovni centar -Ekvator-.JPG	keep		CC BY-SA	3	0	Poslovni_centar_-Ekvator-.JPG	TOR | rerer | VULTURES
File:Зеница 20230219 155128.jpg	drop	only 0 confident region(s)	CC BY-SA	0	0	Зеница_20230219_155128.jpg	
File:Narrow-Gauge-Railway Bosnabahn Train Zenica.jpg	drop	only 1 confident region(s)	PD	1	0	Narrow-Gauge-Railway_Bosnabahn_Train_Zenica.jpg	Zenica
File:Poslovni centar Banja Luka.jpg	drop	only 0 confident region(s)	CC BY-SA	0	0	Poslovni_centar_Banja_Luka.jpg	
File:Објекат у улици Краља Петра I Карађорђевића 41 07.JPG	drop	only 0 confident region(s)	CC BY-SA	0	0	Објекат_у_улици_Краља_Петра_I_Карађорђевића_41_07.JPG	
File:Dženana Šehanović.jpg	drop	only 0 confident region(s)	CC BY-SA	0	0	Dženana_Šehanović.jpg	
File:Soliteri u Boriku Banja Luka.jpg	drop	only 0 confident region(s)	CC0	0	0	Soliteri_u_Boriku_Banja_Luka.jpg	
File:Mostar - panoramio (11).jpg	drop	only 0 confident region(s)	CC BY-SA	0	0	Mostar_-_panoramio_11_.jpg	
File:Klimadiagramm-deutsch-Mostar-Bosnien-Herzegowina.png	drop	flat colour (3468 shades): a drawing, not a photograph	CC BY	0	0	Klimadiagramm-deutsch-Mostar-Bosnien-Herzegowina.png	
File:Српска0045.jpg	drop	only 0 confident region(s)	CC BY-SA	0	0	Српска0045.jpg	
File:Željezara Zenica sa brda.jpg	drop	only 0 confident region(s)	CC BY-SA	0	0	Željezara_Zenica_sa_brda.jpg	
File:Mostar IMG 9611.JPG	drop	only 0 confident region(s)	CC BY-SA	0	0	Mostar_IMG_9611.JPG	
File:Travnik western panorama.jpg	drop	only 0 confident region(s)	CC BY-SA	0	0	Travnik_western_panorama.jpg	
File:Зеница 20190815 143526.jpg	drop	only 0 confident region(s)	CC BY-SA	0	0	Зеница_20190815_143526.jpg	
File:NKD015 Господска улица3.jpg	drop	only 1 confident region(s)	CC BY-SA	1	0	NKD015_Господска_улица3.jpg	N
File:Kuca Milanovica Banja Luka.jpg	drop	only 0 confident region(s)	CC BY	0	0	Kuca_Milanovica_Banja_Luka.jpg	
File:TZJZN MAG05.jpg	drop	only 0 confident region(s)	CC BY-SA	0	0	TZJZN_MAG05.jpg	
File:Cika Misho.jpg	drop	only 0 confident region(s)	CC BY	0	0	Cika_Misho.jpg	
File:Зеница - 1935 - јужни дио Зенице.jpg	drop	flat colour (256 shades): a drawing, not a photograph	PD	0	0	Зеница_-_1935_-_јужни_дио_Зенице.jpg	
File:Neboderi na Bulevaru.jpg	drop	only 0 confident region(s)	CC BY-SA	0	0	Neboderi_na_Bulevaru.jpg	
File:Mostar, casco antiguo 23.jpg	drop	only 0 confident region(s)	CC BY-SA	0	0	Mostar_casco_antiguo_23.jpg	
File:Mostar, levy breh s historickymi domy, brano z mostu.jpg	drop	only 0 confident region(s)	CC BY	0	0	Mostar_levy_breh_s_historickymi_domy_brano_z_mostu.jpg	
File:Sa sprovoda narodnog heroja Petra Mećave. Travnik, listopad 1944.jpg	drop	flat colour (248 shades): a drawing, not a photograph	PD	0	0	Sa_sprovoda_narodnog_heroja_Petra_Mećave._Travnik_listopad_1944.jpg	
File:Porta do Sarajevo Club (3207296915).jpg	keep		CC BY	2	0	Porta_do_Sarajevo_Club_3207296915_.jpg	jaca | A
File:Зеница 20190821 174101.jpg	drop	only 1 confident region(s)	PD	1	1	Зеница_20190821_174101.jpg	Svjedoć
File:Зеница 20190821 175502.jpg	drop	only 1 confident region(s)	PD	1	0	Зеница_20190821_175502.jpg	povratku iz Sarajeva
File:Bihac obilaznica Ceravci - panoramio.jpg	drop	only 0 confident region(s)	CC BY	0	0	Bihac_obilaznica_Ceravci_-_panoramio.jpg	
File:Зеница 20190821 173001.jpg	drop	only 1 confident region(s)	PD	1	0	Зеница_20190821_173001.jpg	BATON
File:20130606 Mostar 280.jpg	drop	flat colour (256 shades): a drawing, not a photograph	CC BY-SA	0	0	20130606_Mostar_280.jpg	
File:Blick auf Sarajevo 2.JPG	drop	only 0 confident region(s)	CC BY-SA	0	0	Blick_auf_Sarajevo_2.JPG	
File:Die Gartenlaube (1894) 145.jpg	drop	flat colour (215 shades): a drawing, not a photograph	PD	0	0	Die_Gartenlaube_1894_145.jpg	
File:Зеница 20190821 173203.jpg	keep		PD	5	4	Зеница_20190821_173203.jpg	Ali ef. Harmandić, gradonačelnik Zenice | 1913. | Zeničke gradske ulice | između 1890.i 1910. | godine
File:Зеница 20190821 175415.jpg	keep		PD	2	0	Зеница_20190821_175415.jpg	SULTANA AEDULAZIZAI | l
File:Stambeni objekat (Poljokan), Jevrejska 22.jpg	keep		CC BY-SA	2	0	Stambeni_objekat_Poljokan_Jevrejska_22.jpg	alpina | AO
File:Un revêtement des maisons de bois - A1585.jpg	drop	only 1 confident region(s)	CC0	1	0	Un_revêtement_des_maisons_de_bois_-_A1585.jpg	H
File:20130606 Mostar 238.jpg	drop	only 1 confident region(s)	CC BY-SA	1	0	20130606_Mostar_238.jpg	CHICGO
File:Nova dionica autoceste, kod Zenice.jpg	drop	only 0 confident region(s)	CC BY-SA	0	0	Nova_dionica_autoceste_kod_Zenice-2.jpg	
File:Old town, Mostar (13) (29816319066).jpg	drop	only 0 confident region(s)	CC BY	0	0	Old_town_Mostar_13_29816319066_.jpg	
File:20130606 Mostar 102.jpg	keep		CC BY-SA	3	0	20130606_Mostar_102.jpg	DAY TOURS | SE | MOSTARSKA
File:Зеница 20230219 155015.jpg	drop	only 0 confident region(s)	CC BY-SA	0	0	Зеница_20230219_155015.jpg	
File:Mostar house 2.jpg	drop	only 0 confident region(s)	CC BY-SA	0	0	Mostar_house_2.jpg	
File:Зеница 20190821 173754.jpg	keep		PD	9	3	Зеница_20190821_173754.jpg	Pogtarinaplaćena | 1920. | Epoj | Regent | Sarajevu, prilikom izlaska iz katedrale. | DAĆKA KNJIŽICa | STEDNA KAJIZICA | PASSEPORT | KCIPABA
File:Mostar 22 Bosni i Hercegovini 4.jpg	drop	only 0 confident region(s)	CC BY-SA	0	0	Mostar_22_Bosni_i_Hercegovini_4.jpg	
File:Зеница - 1903 - „Дорфлебен” (Сеоски живот), Рихард Конрад Кромар фон Хохенволф потпис.jpg	drop	only 0 confident region(s)	PD	0	0	Зеница_-_1903_-_Дорфлебен_Сеоски_живот_Рихард_Конрад_Кромар_фон_Хохенволф_потпис.jpg	
File:Old town, Mostar (1) (29769684701).jpg	drop	only 0 confident region(s)	CC BY	0	0	Old_town_Mostar_1_29769684701_.jpg	
File:02 - Mostar.jpg	drop	only 1 confident region(s)	CC BY-SA	1	0	02_-_Mostar.jpg	restaurant
File:Зеница 20190821 173742.jpg	keep		PD	4	0	Зеница_20190821_173742.jpg	KRALJEVINA SHS I KRALJEVINA JUGOSLAVIJA | 1918. | 1941, | CKa
File:Travnik 02.jpg	drop	only 1 confident region(s)	CC BY-SA	1	0	Travnik_02.jpg	Bavaria
File:Mostar - kto mi zabroni spać - panoramio.jpg	drop	only 0 confident region(s)	CC BY	0	0	Mostar_-_kto_mi_zabroni_spać_-_panoramio.jpg	
File:Travnik, pohled z pevnosti II.jpg	drop	only 0 confident region(s)	CC BY	0	0	Travnik_pohled_z_pevnosti_II.jpg	
File:Mostar IMG 9621.JPG	drop	only 0 confident region(s)	CC BY-SA	0	0	Mostar_IMG_9621.JPG	
File:Rooftops in Mostar 02.jpg	drop	only 0 confident region(s)	CC BY-SA	0	0	Rooftops_in_Mostar_02.jpg	
File:Зеница 20221230 201159.jpg	drop	only 0 confident region(s)	CC BY-SA	0	0	Зеница_20221230_201159.jpg	
File:Travnik – from Mt Vlašić (1).jpg	drop	only 0 confident region(s)	CC BY-SA	0	0	Travnik_from_Mt_Vlašić_1_.jpg	
File:Behram-begova medresa Tuzlap.jpg	drop	only 0 confident region(s)	CC0	0	0	Behram-begova_medresa_Tuzlap.jpg	
File:Mostar 17 BIH2.jpg	drop	only 0 confident region(s)	CC BY-SA	0	0	Mostar_17_BIH2.jpg	
File:Porta do Sarajevo Club (3207300419).jpg	keep		CC BY	2	0	Porta_do_Sarajevo_Club_3207300419_.jpg	S | SPS1B
File:20130606 Mostar 121.jpg	drop	only 0 confident region(s)	CC BY-SA	0	0	20130606_Mostar_121.jpg	
File:FotoTuraBL124954.jpg	drop	only 0 confident region(s)	CC BY-SA	0	0	FotoTuraBL124954.jpg	
File:Zuti neboder Bulevar cara Dusana Banja Luka.jpg	drop	only 0 confident region(s)	CC0	0	0	Zuti_neboder_Bulevar_cara_Dusana_Banja_Luka.jpg	
File:FotoTuraBL124942.jpg	drop	only 0 confident region(s)	CC BY-SA	0	0	FotoTuraBL124942.jpg	
File:Bahnhof Travnik.jpg	drop	only 0 confident region(s)	PD	0	0	Bahnhof_Travnik.jpg	
File:1964-9-22 Mostar - Gezicht op de oude stad.jpg	drop	only 0 confident region(s)	CC BY-SA	0	0	1964-9-22_Mostar_-_Gezicht_op_de_oude_stad.jpg	
File:Sarajevo Siege Fetching Water 2.jpg	drop	flat colour (256 shades): a drawing, not a photograph	CC BY	0	0	Sarajevo_Siege_Fetching_Water_2.jpg	
File:20130606 Mostar 167.jpg	drop	only 0 confident region(s)	CC BY-SA	0	0	20130606_Mostar_167.jpg	
File:Зеница 20230219 153219.jpg	drop	only 0 confident region(s)	CC BY-SA	0	0	Зеница_20230219_153219.jpg	
File:20130606 Mostar 021.jpg	drop	only 0 confident region(s)	CC BY-SA	0	0	20130606_Mostar_021.jpg	
File:Kuca porodice Pisteljic Grcka 30 Banja Luka.jpg	drop	only 0 confident region(s)	CC0	0	0	Kuca_porodice_Pisteljic_Grcka_30_Banja_Luka.jpg	
File:Coat of Arms of Travnik.png	drop	only 0 confident region(s)	PD	0	0	Coat_of_Arms_of_Travnik.png	
File:Trzni centar Ekvator Banja Luka.jpg	drop	only 0 confident region(s)	CC BY	0	0	Trzni_centar_Ekvator_Banja_Luka.jpg	
File:Зеница 20230219 153203.jpg	drop	only 0 confident region(s)	CC BY-SA	0	0	Зеница_20230219_153203.jpg	
File:Lamele u Boriku Banja Luka.jpg	drop	only 0 confident region(s)	CC0	0	0	Lamele_u_Boriku_Banja_Luka.jpg	
File:FotoTuraBL124414.jpg	drop	only 1 confident region(s)	CC BY-SA	1	0	FotoTuraBL124414.jpg	G
File:Kriva Ćuprija05526.jpg	drop	only 0 confident region(s)	CC BY-SA	0	0	Kriva_Ćuprija05526.jpg	
File:Marija Fekete Sullivan.jpg	drop	only 0 confident region(s)	CC BY-SA	0	0	Marija_Fekete_Sullivan.jpg	
File:Зеница 20230219 170729.jpg	drop	only 0 confident region(s)	CC BY-SA	0	0	Зеница_20230219_170729.jpg	
File:Mostar - panoramio - Raki Man.jpg	drop	only 0 confident region(s)	CC BY	0	0	Mostar_-_panoramio_-_Raki_Man.jpg	
File:Sarajevo – Jewish cemetery, bullet holes.jpg	drop	only 0 confident region(s)	CC BY-SA	0	0	Sarajevo_Jewish_cemetery_bullet_holes.jpg	
File:Central Bank of Bosnia and Herzegovina, Banja Luka 01.jpg	drop	only 0 confident region(s)	CC BY-SA	0	0	Central_Bank_of_Bosnia_and_Herzegovina_Banja_Luka_01.jpg	
File:20130606 Mostar 111.jpg	drop	only 0 confident region(s)	CC BY-SA	0	0	20130606_Mostar_111.jpg	
File:20130606 Mostar 072.jpg	drop	only 0 confident region(s)	CC BY-SA	0	0	20130606_Mostar_072.jpg	
File:Mostar14BIH16.JPG	drop	only 0 confident region(s)	CC BY-SA	0	0	Mostar14BIH16.JPG	
File:Dsc00942 copy.jpg	drop	only 0 confident region(s)	CC BY-SA	0	0	Dsc00942_copy.jpg	
File:La rue Kujundžiluk à Mostar.jpg	drop	only 0 confident region(s)	CC BY-SA	0	0	La_rue_Kujundžiluk_à_Mostar.jpg	
File:Mostar, Bosnia and Herzegovina 2022-08 - Intact building and gutted building.jpg	drop	only 0 confident region(s)	CC BY	0	0	Mostar_Bosnia_and_Herzegovina_2022-08_-_Intact_building_and_gutted_building.jpg	
File:Protesti u BL4.jpg	drop	only 0 confident region(s)	CC BY-SA	0	0	Protesti_u_BL4.jpg	
File:Зеница 20190821 175733.jpg	keep		PD	17	2	Зеница_20190821_175733.jpg	polvrgjuje | godina | rogjen | Kroz | godina | učio | Kroz | OVO vrijeme posteno | Ijivovladao, | gornjega | danom | oslobodjujem | ime | vlastoručnipotpis | dne | Kojom | a
File:1944. zračni snimak bombardovanja Zenice, željezničkog mosta današnjih Pehara.jpg	drop	flat colour (243 shades): a drawing, not a photograph	CC0	0	0	1944._zračni_snimak_bombardovanja_Zenice_željezničkog_mosta_današnjih_Pehara.jpg	
File:20130606 Mostar 027.jpg	drop	only 0 confident region(s)	CC BY-SA	0	0	20130606_Mostar_027.jpg	
File:View over Travnik (from Kapelica sv. Ivana Krstitelja).jpg	drop	only 0 confident region(s)	CC BY-SA	0	0	View_over_Travnik_from_Kapelica_sv._Ivana_Krstitelja_.jpg	
File:F.T.B.L. 25.jpg	drop	only 0 confident region(s)	CC BY-SA	0	0	F.T.B.L._25.jpg	
File:1997 in Sarajevo 002.jpg	drop	flat colour (256 shades): a drawing, not a photograph	CC BY	0	0	1997_in_Sarajevo_002.jpg	
File:Grim War-Damaged Facade - Mostar - Bosnia and Herzegovina.jpg	drop	only 1 confident region(s)	CC BY-SA	1	0	Grim_War-Damaged_Facade_-_Mostar_-_Bosnia_and_Herzegovina.jpg	"""GRIM"""
File:Mostar - view from Koski Mehmed Pasha Mosque.jpg	drop	only 0 confident region(s)	CC BY-SA	0	0	Mostar_-_view_from_Koski_Mehmed_Pasha_Mosque.jpg	
File:Old town, Mostar (30) (29223175004).jpg	drop	only 0 confident region(s)	CC BY	0	0	Old_town_Mostar_30_29223175004_.jpg	
File:East Sarajevo night.jpg	drop	only 0 confident region(s)	CC BY-SA	0	0	East_Sarajevo_night.jpg	
File:Mostar Jugoslavija.jpg	drop	only 1 confident region(s)	PD	1	0	Mostar_Jugoslavija.jpg	MOSTAR
File:The Three Towers - panoramio.jpg	drop	only 0 confident region(s)	CC BY	0	0	The_Three_Towers_-_panoramio.jpg	
File:Прашнице Зеница 20180625 182820.jpg	keep		CC BY-SA	6	0	Прашнице_Зеница_20180625_182820.jpg	VANLINIISKI PREVOZ | PREVOZ | ER | K85-J-202 | BISS- | TOURS
File:Зеница 20190819 092401.jpg	drop	only 0 confident region(s)	CC BY-SA	0	0	Зеница_20190819_092401.jpg	
File:Arhiv Republike Srpske.jpg	drop	only 0 confident region(s)	CC BY-SA	0	0	Arhiv_Republike_Srpske.jpg	
File:Sarajevo Siege Children 3.jpg	drop	flat colour (754 shades): a drawing, not a photograph	CC BY	0	0	Sarajevo_Siege_Children_3.jpg	
File:Vieilles maisons en bois à toits de pierre - A1586.jpg	drop	only 1 confident region(s)	CC0	1	0	Vieilles_maisons_en_bois_à_toits_de_pierre_-_A1586.jpg	H
File:Mostar 22 Bosni i Hercegovini 6.jpg	drop	only 0 confident region(s)	CC BY-SA	0	0	Mostar_22_Bosni_i_Hercegovini_6.jpg	
File:Зеница 20230219 155051.jpg	drop	only 0 confident region(s)	CC BY-SA	0	0	Зеница_20230219_155051.jpg	
File:Predrag Finci.JPG	drop	only 0 confident region(s)	CC0	0	0	Predrag_Finci.JPG	
File:Mostar-MetropolitanPalace.JPG	drop	only 0 confident region(s)	CC BY-SA	0	0	Mostar-MetropolitanPalace.JPG	
File:FotoTuraBL124326.jpg	drop	only 0 confident region(s)	CC BY-SA	0	0	FotoTuraBL124326.jpg	
File:F.T.B.L. 27.jpg	drop	only 1 confident region(s)	CC BY-SA	1	0	F.T.B.L._27.jpg	PERTLICA
File:Beschossenes Spital Mostar 1996.jpg	drop	only 1 confident region(s)	CC BY-SA	1	0	Beschossenes_Spital_Mostar_1996.jpg	MOSTAR
File:Stećci u Bihaću02.JPG	drop	only 0 confident region(s)	CC BY-SA	0	0	Stećci_u_Bihaću02.JPG	
File:Sarajevo – Vrbanja br 6.jpg	drop	only 0 confident region(s)	CC BY-SA	0	0	Sarajevo_Vrbanja_br_6.jpg	
File:Mostar (5821615032).jpg	drop	only 0 confident region(s)	CC BY	0	0	Mostar_5821615032_.jpg	
File:Основна школа Бранислав Нушић у Српским Топлицама (Бања Лука).jpg	drop	only 0 confident region(s)	PD	0	0	Основна_школа_Бранислав_Нушић_у_Српским_Топлицама_Бања_Лука_.jpg	
File:Tuzla.jpg	drop	only 1 confident region(s)	CC BY	1	1	Tuzla.jpg	ATOMIK obuća
File:Mostar Colours1.jpg	drop	only 0 confident region(s)	CC BY-SA	0	0	Mostar_Colours1.jpg	
File:Plakat - II splet krajiških sokolova i pobratima.jpg	keep		CC BY-SA	2	0	Plakat_-_II_splet_krajiških_sokolova_i_pobratima.jpg	COKOJA | 194
File:Neretva River in Sutina, Mostar-bs.jpg	drop	only 0 confident region(s)	CC BY-SA	0	0	Neretva_River_in_Sutina_Mostar-bs.jpg	
File:20130606 Mostar 189.jpg	drop	only 0 confident region(s)	CC BY-SA	0	0	20130606_Mostar_189.jpg	
File:Most Alije Izetbegovica, Bihac.jpg	drop	only 0 confident region(s)	PD	0	0	Most_Alije_Izetbegovica_Bihac.jpg	
File:Зеница 20190821 173523.jpg	keep		PD	2	1	Зеница_20190821_173523.jpg	1918. | Dobro namdošaol
File:Kuća Afgan među krošnjama kestenova.jpg	drop	only 0 confident region(s)	CC BY-SA	0	0	Kuća_Afgan_među_krošnjama_kestenova.jpg	
File:Pogled s Kuka na Travničko polje - panoramio (1).jpg	drop	only 0 confident region(s)	CC BY	0	0	Pogled_s_Kuka_na_Travničko_polje_-_panoramio_1_.jpg	
File:West Mostar04996.JPG	drop	only 1 confident region(s)	CC BY-SA	1	0	West_Mostar04996.JPG	OIL-aC
File:Travnik Altstadt 1.JPG	drop	only 0 confident region(s)	CC BY-SA	0	0	Travnik_Altstadt_1.JPG	
File:East Sarajevo City Promenade.jpg	drop	only 0 confident region(s)	CC BY-SA	0	0	East_Sarajevo_City_Promenade.jpg	
File:Objekat u ulici brace Mazar i majke Marije broj 25 i 27 nkd 089.JPG	drop	only 0 confident region(s)	CC BY-SA	0	0	Objekat_u_ulici_brace_Mazar_i_majke_Marije_broj_25_i_27_nkd_089.JPG	
File:IMG 5487Bosznia Mostar (7586316128).jpg	drop	only 0 confident region(s)	CC BY-SA	0	0	IMG_5487Bosznia_Mostar_7586316128_.jpg	
File:Bosnia and Herzegovina-02265 - Salesman (10481506565).jpg	drop	only 0 confident region(s)	CC BY-SA	0	0	Bosnia_and_Herzegovina-02265_-_Salesman_10481506565_.jpg	
File:Mostar14BIH80.JPG	drop	only 0 confident region(s)	CC BY-SA	0	0	Mostar14BIH80.JPG	
File:Mostar (5821656404).jpg	drop	only 0 confident region(s)	CC BY	0	0	Mostar_5821656404_.jpg	
File:20130606 Mostar 117.jpg	keep		CC BY-SA	2	0	20130606_Mostar_117.jpg	DONT | FORGET
File:Зеница 20190821 173621.jpg	keep		PD	14	1	Зеница_20190821_173621.jpg	Michi | La | din | Franjo Josip | Franz Joseph m. p. | General 'der In- | Edler von | Appel, | gGona | folgenden Befchl: | Najnoviji brzojavi o ratovima | i položaju. | Anpel | Anel
File:Disturbing (20052720).jpg	keep		CC BY-SA	4	0	Disturbing_20052720_.jpg	Milka | okusom | Ajera | PLJEVLJA
File:Mostar (2681178422).jpg	drop	only 0 confident region(s)	CC BY	0	0	Mostar_2681178422_.jpg	
File:Mostar14BIH15.JPG	drop	only 0 confident region(s)	CC BY-SA	0	0	Mostar14BIH15.JPG	
File:Muva.jpg	drop	only 0 confident region(s)	CC BY-SA	0	0	Muva.jpg	
File:Plavi neboder Bulevar cara Dusana Banja Luka.jpg	drop	only 0 confident region(s)	CC0	0	0	Plavi_neboder_Bulevar_cara_Dusana_Banja_Luka.jpg	
File:Bihać noću..jpg	drop	only 0 confident region(s)	CC BY-SA	0	0	Bihać_noću..jpg	
File:TravnikCastle01.JPG	drop	only 0 confident region(s)	CC BY-SA	0	0	TravnikCastle01.JPG	
File:Mostar - Kujundžiluk (49033180703).jpg	drop	only 0 confident region(s)	CC BY	0	0	Mostar_-_Kujundžiluk_49033180703_.jpg	
File:Zenica Teretna.jpg	drop	only 0 confident region(s)	CC BY-SA	0	0	Zenica_Teretna.jpg	
File:Narrow-Gauge-Railway Spalatobahn Travnik Panorama (3).jpg	drop	only 0 confident region(s)	PD	0	0	Narrow-Gauge-Railway_Spalatobahn_Travnik_Panorama_3_.jpg	
File:Објекат у улици Петра Кочића 61.jpg	drop	only 0 confident region(s)	CC BY-SA	0	0	Објекат_у_улици_Петра_Кочића_61.jpg	
File:Bosnian retirement home.jpg	keep		CC BY-SA	4	0	Bosnian_retirement_home.jpg	DOM | VAS PARTNER | SOLARNU | ENERGIJU
File:NKD015 Господска улица7.jpg	keep		CC BY-SA	2	0	NKD015_Господска_улица7.jpg	KUPI ME | FREND
File:Mostar - Kujundžiluk (49033069727).jpg	drop	only 0 confident region(s)	CC BY	0	0	Mostar_-_Kujundžiluk_49033069727_.jpg	
File:Зеница 20230219 154601.jpg	drop	only 0 confident region(s)	CC BY-SA	0	0	Зеница_20230219_154601.jpg	
File:Old town, Mostar (24) (29557839740).jpg	drop	only 0 confident region(s)	CC BY	0	0	Old_town_Mostar_24_29557839740_.jpg	
File:Neolithic house.JPG	drop	only 0 confident region(s)	CC BY-SA	0	0	Neolithic_house.JPG	
File:20130606 Mostar 154.jpg	drop	only 0 confident region(s)	CC BY-SA	0	0	20130606_Mostar_154.jpg	
File:Sarajevo urban downhill race.JPG	drop	only 0 confident region(s)	CC BY-SA	0	0	Sarajevo_urban_downhill_race.JPG	
File:OSCE Mostar Office 2.jpg	drop	only 0 confident region(s)	CC BY-SA	0	0	OSCE_Mostar_Office_2.jpg	
File:Mostarski Sokoli.jpg	drop	only 0 confident region(s)	PD	0	0	Mostarski_Sokoli.jpg	
File:Bihać – Inner City (cropped).jpg	drop	only 0 confident region(s)	CC BY-SA	0	0	Bihać_Inner_City_cropped_.jpg	
File:Narrow-Gauge-Railway Spalatobahn Travnik Musala (2).jpg	drop	only 0 confident region(s)	PD	0	0	Narrow-Gauge-Railway_Spalatobahn_Travnik_Musala_2_.jpg	
File:Bosnia Bihac from west IMG 9904.JPG	drop	only 0 confident region(s)	CC BY-SA	0	0	Bosnia_Bihac_from_west_IMG_9904.JPG	
File:Onescukova - panoramio - lienyuan lee (1).jpg	drop	only 0 confident region(s)	CC BY	0	0	Onescukova_-_panoramio_-_lienyuan_lee_1_.jpg	
File:Зеница 20230219 163425.jpg	drop	only 0 confident region(s)	CC BY-SA	0	0	Зеница_20230219_163425.jpg	
File:Mostar14BIH68.JPG	keep		CC BY-SA	2	0	Mostar14BIH68.JPG	OLD | FREE
File:- panoramio (761).jpg	drop	only 0 confident region(s)	CC BY	0	0	-_panoramio_761_.jpg	
File:Klasična gimnazija Travnik0496.jpg	drop	only 0 confident region(s)	CC BY-SA	0	0	Klasična_gimnazija_Travnik0496.jpg	
File:Kujundziluk - panoramio.jpg	keep		CC BY	2	0	Kujundziluk_-_panoramio.jpg	DON | EORGET
File:Yunus Emre Institute (Mostar).jpg	drop	only 0 confident region(s)	CC BY-SA	0	0	Yunus_Emre_Institute_Mostar_.jpg	
File:Kuca u Ulici brace Pantic 1 Banja Luka.jpg	drop	only 0 confident region(s)	CC0	0	0	Kuca_u_Ulici_brace_Pantic_1_Banja_Luka.jpg	
File:Bihc Bosnie Herzegovine O (137556027).jpeg	drop	only 0 confident region(s)	CC BY	0	0	Bihc_Bosnie_Herzegovine_O_137556027_.jpeg	
File:Mostar14BIH69.JPG	drop	only 0 confident region(s)	CC BY-SA	0	0	Mostar14BIH69.JPG	
File:Mostar - panoramio (13).jpg	drop	only 0 confident region(s)	CC BY-SA	0	0	Mostar_-_panoramio_13_.jpg	
File:Чиновнички павиљон - угао.jpg	drop	only 1 confident region(s)	CC BY-SA	1	0	Чиновнички_павиљон_-_угао.jpg	DINAK
File:Mostar - panoramio (22).jpg	drop	only 0 confident region(s)	CC BY	0	0	Mostar_-_panoramio_22_.jpg	
File:Sarajevski Hrvati katolici sa svojim svećenicima župnicima krajem 19 stoljeća.jpg	drop	only 0 confident region(s)	PD	0	0	Sarajevski_Hrvati_katolici_sa_svojim_svećenicima_župnicima_krajem_19_stoljeća.jpg	
File:Зеница - 1948 - жељезнички мост на новој прузи Шамац—Сарајево.jpg	drop	flat colour (3095 shades): a drawing, not a photograph	PD	0	0	Зеница_-_1948_-_жељезнички_мост_на_новој_прузи_Шамац_Сарајево.jpg	
File:Зеница 20180726 132122.jpg	drop	only 0 confident region(s)	CC BY-SA	0	0	Зеница_20180726_132122.jpg	
File:Petunija 20260612 180433.jpg	drop	only 0 confident region(s)	CC0	0	0	Petunija_20260612_180433.jpg	
File:Rkt groblje, brajkovići 121730.jpg	drop	only 0 confident region(s)	CC BY-SA	0	0	Rkt_groblje_brajkovići_121730.jpg	
File:Mostar (5821724072).jpg	keep		CC BY	2	0	Mostar_5821724072_.jpg	DONT | FORGET
File:US Humvees in 1996.JPEG	keep		PD	2	0	US_Humvees_in_1996.JPEG	SECURITY | POILICE
File:Bihc Bosnie Herzegovine O (137556097).jpeg	drop	flat colour (256 shades): a drawing, not a photograph	CC BY	0	0	Bihc_Bosnie_Herzegovine_O_137556097_.jpeg	
File:House with bullet holes in Sarajevo 02.jpg	drop	only 0 confident region(s)	CC BY-SA	0	0	House_with_bullet_holes_in_Sarajevo_02.jpg	
File:Јеврејски културни центар (изградња) у Бањалуци.jpg	drop	only 0 confident region(s)	CC BY-SA	0	0	Јеврејски_културни_центар_изградња_у_Бањалуци.jpg	
File:Зеница 20230219 155022.jpg	drop	only 0 confident region(s)	CC BY-SA	0	0	Зеница_20230219_155022.jpg	
File:Mostar14BIH44.JPG	drop	only 1 confident region(s)	CC BY-SA	1	0	Mostar14BIH44.JPG	INovine
File:Вакуфска палата (1).jpg	keep		CC BY-SA	8	0	Вакуфска_палата_1_.jpg	& | KUCNI | BALON | TEKSTIL | POZIVNICE | BALONI | BAGAT | BAGAT
File:Cultural Center Mostar 1.jpg	keep		CC BY-SA	2	0	Cultural_Center_Mostar_1.jpg	CENTAR | ULTURU
File:Зеница 20230219 155007.jpg	drop	only 0 confident region(s)	CC BY-SA	0	0	Зеница_20230219_155007.jpg	
File:FotoTuraBL124931.jpg	drop	only 0 confident region(s)	CC BY-SA	0	0	FotoTuraBL124931.jpg	
File:Narrow-Gauge-Railway Spalatobahn Travnik Bridge-Lasva.jpg	drop	only 1 confident region(s)	PD	1	0	Narrow-Gauge-Railway_Spalatobahn_Travnik_Bridge-Lasva.jpg	Travnik
File:Зеница 20190821 173254.jpg	drop	only 1 confident region(s)	PD	1	0	Зеница_20190821_173254.jpg	KOR PUS
File:Зеница 20190821 174215.jpg	keep		PD	12	4	Зеница_20190821_174215.jpg	KOLEKTIVNI UGOVOR | Uro, Lazović | rud. | preduzeća | strućal | velnik | Ind. | gvoždja | Zenica | PODBREZJE. | Ing. StjepanBosak | Zenlca
File:West Mostar05014.JPG	drop	only 0 confident region(s)	CC BY-SA	0	0	West_Mostar05014.JPG	
File:Bihc Bosnie Herzegovine O (137556039).jpeg	drop	only 0 confident region(s)	CC BY	0	0	Bihc_Bosnie_Herzegovine_O_137556039_.jpeg	
File:Travnik (collage image).jpg	drop	only 0 confident region(s)	CC BY-SA	0	0	Travnik_collage_image_.jpg	
File:Herceguša kula daylight.JPG	drop	only 0 confident region(s)	CC BY-SA	0	0	Herceguša_kula_daylight.JPG	
File:Mostar BW 2024-10-01 12-53-06.jpg	drop	only 0 confident region(s)	CC BY-SA	0	0	Mostar_BW_2024-10-01_12-53-06.jpg	
File:Mostar14BIH56.JPG	drop	only 0 confident region(s)	CC BY-SA	0	0	Mostar14BIH56.JPG	
File:Mostar14BIH67.JPG	drop	only 0 confident region(s)	CC BY-SA	0	0	Mostar14BIH67.JPG	
File:Flag of Travnik.jpg	drop	only 0 confident region(s)	CC BY-SA	0	0	Flag_of_Travnik.jpg	
File:Зеница - 1879-06 - Жељезнички мост Пехаре — Нова Зеница преко Босне, ускотрачна пруга колосијека 760 мм.png	drop	flat colour (1722 shades): a drawing, not a photograph	PD	0	0	Зеница_-_1879-06_-_Жељезнички_мост_Пехаре_Нова_Зеница_преко_Босне_ускотрачна_пруга_колосијека_760_мм.png	
File:Mostar 08.jpg	keep		CC BY-SA	2	0	Mostar_08.jpg	ARS AEVI | 18.07.- 31.07.2004.
