family	bosnian_form	hr_form	sr_form	rate_bs	rate_hr	rate_sr	share_vs_hr	share_vs_sr	assoc_hr	assoc_sr	n_aligned_hr	n_aligned_sr	mined_hr	mined_sr
abdullah	abdullah		abdulah	69.83	76.51	0.39	0.4772	0.9944		0.950	0	179		bs->alt
abdullah	abdullaha		abdulaha	16.29	16.65	0.00	0.4946	1.0000		0.810	0	42		bs->alt
abdullah	abdullahom		abdulahom	20.56	15.46	0.00	0.5708	1.0000		0.943	0	53		bs->alt
advokat	advokat	odvjetnik		42.29	0.00	46.92	1.0000	0.4740	0.908		109	0	bs->alt	
advokat	advokata	odvjetnika		17.07	0.00	20.33	1.0000	0.4564	0.841		44	0	bs->alt	
afganistan	afganistan		avganistan	21.34	26.16	0.00	0.4492	1.0000		0.927	0	55		bs->alt
afganistan	afganistana		avganistana	21.34	17.84	0.00	0.5446	1.0000		0.691	0	55		bs->alt
afganistan	afganistanu		avganistanu	70.61	71.36	0.39	0.4973	0.9945		0.928	0	181		bs->alt
ahtisaari	ahtisaari		ahtisari	70.61	75.32	0.00	0.4838	1.0000		0.923	0	182		bs->alt
ahtisaari	ahtisaarija		ahtisarija	46.94	34.49	0.00	0.5765	1.0000		0.876	0	121		bs->alt
ahtisaari	ahtisaarijev		ahtisarijev	33.75	30.13	0.00	0.5283	1.0000		0.920	0	87		bs->alt
ahtisaarijevog	ahtisaarijevog		ahtisarijevog	17.07	3.57	0.39	0.8271	0.9776		0.860	0	43		bs->alt
ahtisaarijevog	ahtisaarijevom		ahtisarijevom	23.66	1.98	0.00	0.9227	1.0000		0.705	0	61		bs->alt
akcioni	akcioni	akcijski		25.60	0.00	27.76	1.0000	0.4798	0.818		66	0	bs->alt	
akcioni	akcionog	akcijskog		15.13	0.00	14.47	1.0000	0.5112	0.744		39	0	bs->alt	
ambasada	ambasada	veleposlanstvo		40.73	0.00	42.23	1.0000	0.4910	0.648		105	0	bs->alt	
ambasada	ambasade	veleposlanstva		46.94	0.00	46.92	1.0000	0.5001	0.835		121	0	bs->alt	
ambasada	ambasador	veleposlanik		145.48	0.00	145.85	1.0000	0.4994	0.917		375	0	bs->alt	
ambasada	ambasadora	veleposlanika		48.49	0.00	44.97	1.0000	0.5189	0.816		125	0	bs->alt	
ambasada	ambasadori	veleposlanici		17.46	0.00	18.77	1.0000	0.4819	0.956		45	0	bs->alt	
ambasadorica	ambasadorica	veleposlanica		13.58	0.40	0.00	0.9716	1.0000	0.971		35	0	bs->alt	
ambasada	ambasadorom	veleposlanikom		8.92	0.00	9.78	1.0000	0.4772	0.870		23	0	bs->alt	
ambasada	ambasadu	veleposlanstvo		21.72	0.00	23.07	1.0000	0.4850	0.929		56	0	bs->alt	
andy	andy		endi	24.83	25.77	0.00	0.4907	1.0000		0.953	0	64		bs->alt
annan	annan		anan	8.92	9.12	0.00	0.4946	1.0000		0.870	0	23		bs->alt
antonescu	antonescu		antonesku	9.31	9.91	0.00	0.4844	1.0000		1.000	0	24		bs->alt
april	april	travnja		133.06	0.00	51.62	1.0000	0.7205	0.749		343	0	bs->alt	
april	aprila	travnja		249.83	0.00	333.15	1.0000	0.4285	0.932		644	0	bs->alt	
april	aprilu	travnju		92.72	0.00	91.89	1.0000	0.5022	0.912		239	0	bs->alt	
armenija	armenija		jermenija	13.58	15.46	0.00	0.4676	1.0000		1.000	0	35		bs->alt
armenija	armenije		jermenije	10.86	11.89	0.00	0.4774	1.0000		0.679	0	28		bs->alt
armenija	armenijom		jermenijom	8.92	9.51	0.00	0.4840	1.0000		0.913	0	23		bs->alt
ashton	ashton		ešton	22.89	36.08	0.00	0.3882	1.0000		0.983	0	59		bs->alt
ashton	ashtonova		ešton	8.92	0.00	0.00	1.0000	1.0000		0.739	0	23		bs->alt
assada	assada		asada	10.86	11.10	0.00	0.4946	1.0000		0.786	0	28		bs->alt
atina	atina	atena		65.56	0.79	67.65	0.9881	0.4922	0.946		167	0	bs->alt	
atine	atine	atene		127.24	0.79	129.43	0.9938	0.4957	0.923		326	0	bs->alt	
atini	atini	ateni		174.57	0.00	170.49	1.0000	0.5059	0.891		450	0	bs->alt	
atinu	atinu	atenu		17.85	0.00	19.16	1.0000	0.4822	0.913		46	0	bs->alt	
atomstroyexport	atomstroyexport		atomstrojeksport	9.70	9.91	0.00	0.4946	1.0000		0.920	0	25		bs->alt
august	august	kolovoza	avgust	135.00	0.79	0.39	0.9942	0.9971	0.782	0.658	348	348	bs->alt	bs->alt
august	augusta	kolovoza		173.02	0.00	0.00	1.0000	1.0000	0.942		446	0	bs->alt	
august	augustu	kolovozu		43.84	0.00	0.00	1.0000	1.0000	0.947		113	0	bs->alt	
avio	avio	zrakoplovna		55.86	1.59	5.47	0.9724	0.9108	0.606		33	0	alt->bs	
ayhan	ayhan		ajhan	44.61	45.99	0.00	0.4924	1.0000		0.991	0	115		bs->alt
babacan	babacan		babačan	53.15	55.90	0.00	0.4874	1.0000		0.942	0	137		bs->alt
baconschi	baconschi		bakonši	10.86	11.50	0.00	0.4858	1.0000		0.929	0	28		bs->alt
bakoyannisova	bakoyannisova		bakojani	13.97	0.00	0.00	1.0000	1.0000		0.611	0	36		bs->alt
bancroft	bancroft		bankroft	14.74	15.46	0.00	0.4881	1.0000		0.974	0	38		bs->alt
barrot	barroso		barozo	61.29	64.22	0.00	0.4883	1.0000		0.842	0	158		bs->alt
barrot	barrot		baro	10.09	9.91	0.00	0.5044	1.0000		0.962	0	26		bs->alt
basescu	basescu		basesku	110.95	114.97	0.00	0.4911	1.0000		0.689	0	286		bs->alt
basescu	basescua		baseskua	28.71	25.77	0.00	0.5270	1.0000		0.608	0	74		bs->alt
benedikt	benedikt	benedict		9.31	0.00	8.99	1.0000	0.5087	0.958		24	0	bs->alt	
bengaziju	bengaziju	benghaziu		13.19	0.00	13.29	1.0000	0.4980	0.588		34	0	bs->alt	
beqaj	beqaj		bećaj	14.74	15.06	0.00	0.4946	1.0000		1.000	0	38		bs->alt
beqiri	beqiri		bećiri	28.71	28.94	0.39	0.4980	0.9866		0.973	0	73		bs->alt
berisha	berisha		beriša	142.76	152.63	0.78	0.4833	0.9946		0.989	0	366		bs->alt
berisha	berishom		berišom	15.52	15.86	0.00	0.4946	1.0000		0.925	0	40		bs->alt
berlusconi	berlusconi		berluskoni	8.92	9.51	0.00	0.4840	1.0000		1.000	0	23		bs->alt
berze	berze	burze		11.25	0.00	13.29	1.0000	0.4584	0.793		29	0	bs->alt	
bezbjedno	bezbjedno		bezbedno	12.03	0.00	0.00	1.0000	1.0000		0.677	0	31		bs->alt
bezbjedno	bezbjednost		bezbednost	38.79	0.00	0.00	1.0000	1.0000		0.670	0	100		bs->alt
biden	biden		bajden	19.40	20.61	0.00	0.4848	1.0000		0.960	0	50		bs->alt
bijegu	bijegu		bekstvu	17.85	29.34	0.00	0.3782	1.0000		0.761	0	46		bs->alt
bijele	bijele		bele	12.03	13.48	0.00	0.4715	1.0000		0.774	0	31		bs->alt
bijele	bijelu		belu	8.92	7.93	0.00	0.5295	1.0000		0.826	0	23		bs->alt
bijes	bijes		gnev	12.03	9.12	0.00	0.5688	1.0000		0.548	0	31		bs->alt
bildt	bildt		bilt	17.07	18.63	0.00	0.4781	1.0000		1.000	0	44		bs->alt
bit	bit		biće	394.92	626.76	1.17	0.3865	0.9970		0.686	0	1017		bs->alt
bjegunca	bjegunaca		begunaca	22.50	20.22	0.00	0.5267	1.0000		0.710	0	31		alt->bs
bjegunca	bjegunca		begunca	13.58	10.70	0.00	0.5592	1.0000		0.629	0	35		bs->alt
bježe	bježe		beže	9.31	7.53	0.00	0.5528	1.0000		0.917	0	24		bs->alt
boc	boc		bok	25.22	26.16	0.00	0.4908	1.0000		0.985	0	65		bs->alt
boyka	boyka		bojka	9.70	10.31	0.00	0.4848	1.0000		0.920	0	25		bs->alt
boyko	boyko		bojko	29.48	30.13	0.00	0.4946	1.0000		0.947	0	76		bs->alt
brajshori	brajshori		brajšori	39.57	40.83	0.39	0.4921	0.9902		1.000	0	101		bs->alt
brammertz	brammertz		bramerc	38.79	42.02	0.00	0.4800	1.0000		0.950	0	100		bs->alt
brisel	brisel	brussels		94.27	0.00	95.41	1.0000	0.4970	0.712		243	0	bs->alt	
brisel	brisela	brusselsa		32.59	0.00	33.24	1.0000	0.4951	0.429		84	0	bs->alt	
brisel	briselom	brusselsom		20.17	0.00	21.12	1.0000	0.4886	0.731		52	0	bs->alt	
brisel	briselu	brusselsu		210.26	0.79	219.37	0.9962	0.4894	0.704		540	0	bs->alt	
bronzu	bronzane	odličja		8.92	0.00	11.34	1.0000	0.4404	0.957		23	0	bs->alt	
bronzu	bronzanu	brončano		12.80	0.00	23.85	1.0000	0.3493	0.818		33	0	bs->alt	
bronzu	bronzu	odličje		15.13	0.00	5.08	1.0000	0.7485	0.667		39	0	bs->alt	
budžet	budžet	proračun		93.11	0.79	109.49	0.9916	0.4596	0.799		239	0	bs->alt	
budžet	budžeta	proračuna		90.78	0.40	86.81	0.9957	0.5112	0.815		233	0	bs->alt	
budžet	budžetske	proračunske		10.86	0.00	10.17	1.0000	0.5165	0.571		28	0	bs->alt	
budžet	budžetski	proračunski		37.24	0.00	48.88	1.0000	0.4324	0.740		96	0	bs->alt	
budžetskih	budžetskih	proračunskih		13.97	0.00	9.38	1.0000	0.5981	0.583		36	0	bs->alt	
budžetskih	budžetskim	proračunskim		8.53	0.00	10.17	1.0000	0.4564	0.545		22	0	bs->alt	
budžetskih	budžetskog	proračunskog		20.95	0.00	21.51	1.0000	0.4934	0.667		54	0	bs->alt	
buhler	buhler		buler	12.03	12.29	0.00	0.4946	1.0000		0.903	0	31		bs->alt
bush	bush		buš	46.16	49.95	0.39	0.4803	0.9916		1.000	0	118		bs->alt
busha	busha		buša	9.70	9.12	0.00	0.5154	1.0000		0.880	0	25		bs->alt
buyukanit	buyukanit		bujukanit	9.70	9.91	0.00	0.4946	1.0000		0.920	0	25		bs->alt
bytyci	bytyci		bitići	23.28	24.58	0.00	0.4864	1.0000		1.000	0	60		bs->alt
catherine	catherine		ketrin	24.05	24.18	0.00	0.4987	1.0000		0.935	0	62		bs->alt
centralne	centralne	središnje		104.74	0.40	104.01	0.9962	0.5018	0.730		270	0	bs->alt	
centralne	centralnoj	središnjoj		53.15	0.40	55.92	0.9926	0.4873	0.752		137	0	bs->alt	
centralne	centralnu	središnju		29.48	0.00	23.46	1.0000	0.5569	0.592		76	0	bs->alt	
christie	christie		kristi	16.68	17.05	0.00	0.4946	1.0000		0.953	0	43		bs->alt
christie	christofias		kristofijas	67.50	68.98	0.00	0.4946	1.0000		0.885	0	174		bs->alt
christofiasa	christofiasa		kristofijasa	12.80	13.88	0.00	0.4799	1.0000		0.848	0	33		bs->alt
christofiasa	christofiasom		kristofijasom	14.35	14.67	0.00	0.4946	1.0000		0.919	0	37		bs->alt
christie	christos		kristos	16.68	17.05	0.00	0.4946	1.0000		0.930	0	43		bs->alt
cijele	cijele		cele	57.80	56.69	0.00	0.5049	1.0000		0.633	0	90		alt->bs
cijele	cijeli		ceo	78.36	38.06	0.00	0.6731	1.0000		0.638	0	47		alt->bs
cijele	cijelo		celokupno	22.50	11.89	0.00	0.6542	1.0000		0.615	0	26		alt->bs
cijele	cijelog		celog	83.02	63.03	0.00	0.5684	1.0000		0.498	0	213		bs->alt
cijele	cijeloj		celokupnoj	44.61	37.26	0.00	0.5449	1.0000		0.528	0	36		alt->bs
cijele	cijelom		celom	55.09	26.56	0.00	0.6747	1.0000		0.441	0	34		alt->bs
cijele	cijelu		celu	37.63	34.09	0.00	0.5247	1.0000		0.589	0	56		alt->bs
cijena	cijena		cena	195.52	197.82	0.00	0.4971	1.0000		0.671	0	504		bs->alt
cijena	cijenama		cenama	23.28	20.22	0.00	0.5352	1.0000		0.550	0	60		bs->alt
cijena	cijene		cene	156.73	169.28	0.00	0.4808	1.0000		0.710	0	404		bs->alt
cijena	cijeni		ceni	32.97	34.49	0.00	0.4888	1.0000		0.624	0	85		bs->alt
cijena	cijenu		cenu	68.28	75.32	0.00	0.4755	1.0000		0.648	0	176		bs->alt
ciocoiu	ciocoiu		pol	69.83	71.36	0.78	0.4946	0.9889		0.888	0	178		bs->alt
cjelini	cjelini		celini	60.13	22.99	0.00	0.7234	1.0000		0.838	0	37		alt->bs
clinton	clinton		klinton	34.14	62.24	0.00	0.3542	1.0000		0.977	0	88		bs->alt
clinton	clintonova		klintonova	20.95	0.00	0.00	1.0000	1.0000		0.648	0	54		bs->alt
cristian	cristian		kristijan	14.35	15.46	0.39	0.4814	0.9735		0.972	0	36		bs->alt
davis	davis		dejvis	10.86	11.10	0.00	0.4946	1.0000		0.964	0	28		bs->alt
decembar	decembar	prosinca		127.63	0.00	60.22	1.0000	0.6794	0.717		329	0	bs->alt	
decembar	decembra	prosinca		294.83	0.00	369.52	1.0000	0.4438	0.971		760	0	bs->alt	
decembar	decembru	prosincu		121.04	0.00	119.26	1.0000	0.5037	0.939		312	0	bs->alt	
decenija	decenija	desetljeća		22.50	0.00	24.24	1.0000	0.4814	0.724		58	0	bs->alt	
decenija	decenijama	desetljećima		17.46	0.00	14.08	1.0000	0.5536	0.622		45	0	bs->alt	
decenija	decenije	desetljeća		87.67	0.00	74.69	1.0000	0.5400	0.708		226	0	bs->alt	
decenija	deceniji	desetljeću		8.92	0.00	16.42	1.0000	0.3520	0.522		23	0	bs->alt	
decenija	deceniju	desetljeće		14.74	0.00	9.78	1.0000	0.6013	0.711		38	0	bs->alt	
definira	definira		definiše	8.53	14.27	0.00	0.3742	1.0000		0.545	0	22		bs->alt
dejtonski	dejtonski	daytonski		20.56	0.00	22.68	1.0000	0.4755	0.792		53	0	bs->alt	
dejtonski	dejtonskim	daytonskim		10.86	0.00	14.08	1.0000	0.4356	0.786		28	0	bs->alt	
delegaciju	delegaciju	izaslanstvo		13.97	0.40	13.69	0.9724	0.5051	0.722		36	0	bs->alt	
demokratija	demokratija	demokracija		53.92	0.00	53.57	1.0000	0.5016	0.777		139	0	bs->alt	
demokratija	demokratije	demokracije		101.25	0.00	97.37	1.0000	0.5098	0.801		261	0	bs->alt	
demokratija	demokratiji	demokraciji		24.44	0.00	24.63	1.0000	0.4980	0.698		63	0	bs->alt	
demokratija	demokratiju	demokraciju		60.52	0.00	67.26	1.0000	0.4736	0.801		156	0	bs->alt	
demonstrante	demonstrante	prosvjednike		8.15	0.00	10.56	1.0000	0.4356	0.714		21	0	bs->alt	
desilo	desilo	događalo		57.80	0.79	40.67	0.9865	0.5870	0.476		21	0	alt->bs	
dicka	dicka		dika	10.86	10.70	0.00	0.5037	1.0000		0.929	0	28		bs->alt
dijela	dijela		dela	55.48	61.84	0.00	0.4729	1.0000		0.545	0	143		bs->alt
dijela	dijele		dele	24.44	34.49	0.00	0.4147	1.0000		0.683	0	63		bs->alt
dijela	dijeli		deli	27.54	34.09	0.00	0.4469	1.0000		0.718	0	71		bs->alt
dijela	dijelom		delom	77.20	46.38	0.00	0.6247	1.0000		0.451	0	91		alt->bs
dijela	dijelova		delova	27.16	45.19	0.00	0.3753	1.0000		0.671	0	70		bs->alt
dijela	dijelove		delove	30.65	38.06	0.00	0.4461	1.0000		0.709	0	79		bs->alt
dijela	dijelovi		delovi	22.50	28.54	0.00	0.4408	1.0000		0.707	0	58		bs->alt
dijelovima	dijelovima		delovima	54.70	67.39	0.00	0.4480	1.0000		0.702	0	141		bs->alt
dijela	dijelu		delu	100.48	99.90	0.00	0.5014	1.0000		0.579	0	259		bs->alt
dijete	dijete		dete	38.02	38.85	0.00	0.4946	1.0000		0.837	0	98		bs->alt
dio	dio		deo	359.62	540.74	0.00	0.3994	1.0000		0.800	0	927		bs->alt
dionica	dionica		deonica	36.08	58.67	0.00	0.3808	1.0000		0.484	0	93		bs->alt
dionica	dionice		deonice	18.62	34.49	0.00	0.3506	1.0000		0.583	0	48		bs->alt
diplomatija	diplomatija	diplomacija		9.31	0.00	19.55	1.0000	0.3226	0.792		24	0	bs->alt	
direktan	direkcija	ravnateljstvo		8.53	0.00	10.95	1.0000	0.4380	0.773		22	0	bs->alt	
direktan	direkcije	ravnateljstva		23.66	0.40	20.72	0.9835	0.5331	0.717		60	0	bs->alt	
direktan	direktan	izravan		10.47	0.00	17.99	1.0000	0.3680	0.444		27	0	bs->alt	
direktan	direktna	izravna		23.28	0.00	8.21	1.0000	0.7392	0.600		60	0	bs->alt	
direktan	direktni	izravni		15.52	0.00	12.12	1.0000	0.5614	0.475		40	0	bs->alt	
direktan	direktnih	izravnih		40.73	0.40	35.19	0.9904	0.5365	0.743		105	0	bs->alt	
direktan	direktnim	izravnim		13.19	0.00	14.08	1.0000	0.4837	0.441		34	0	bs->alt	
direktan	direktno	izravno		75.65	0.40	73.12	0.9948	0.5085	0.769		195	0	bs->alt	
direktan	direktnu	izravnu		18.62	0.00	12.12	1.0000	0.6057	0.438		48	0	bs->alt	
direktan	direktorica		direktorka	41.51	11.10	0.00	0.7890	1.0000		0.822	0	107		bs->alt
diyarbakiru	diyarbakiru		dijarbakiru	18.23	16.65	0.00	0.5227	1.0000		0.745	0	47		bs->alt
djeca	djeca		deca	96.21	100.30	0.00	0.4896	1.0000		0.891	0	248		bs->alt
djece	djece		dece	151.68	169.67	0.00	0.4720	1.0000		0.859	0	391		bs->alt
djeci	djeci		deci	27.93	30.13	0.00	0.4811	1.0000		0.764	0	72		bs->alt
djecom	djecom		decom	25.22	22.99	0.00	0.5231	1.0000		0.769	0	65		bs->alt
djecu	djecu		decu	73.71	79.29	0.00	0.4818	1.0000		0.742	0	190		bs->alt
djela	djela		dela	75.65	82.46	0.00	0.4785	1.0000		0.492	0	195		bs->alt
djelimično	djelimično	djelomice	delimično	38.41	0.00	0.00	1.0000	1.0000	0.414	0.768	99	99	bs->alt	bs->alt
djelo	djelo		delo	40.73	44.80	0.00	0.4762	1.0000		0.562	0	105		bs->alt
djeteta	djeteta		deteta	16.29	19.03	0.00	0.4613	1.0000		0.690	0	42		bs->alt
djevojka	djevojka		devojka	9.70	9.51	0.00	0.5048	1.0000		0.800	0	25		bs->alt
djevojka	djevojke		devojke	11.25	13.08	0.00	0.4624	1.0000		0.655	0	29		bs->alt
dječaka	dječaka		dečaka	20.17	22.20	0.00	0.4761	1.0000		0.865	0	52		bs->alt
dobrosusjedske	dobrosusjedske		dobrosusedske	8.92	6.74	0.00	0.5697	1.0000		0.565	0	23		bs->alt
dobrosusjedske	dobrosusjedskih		dobrosusedskih	13.19	12.29	0.00	0.5177	1.0000		0.706	0	34		bs->alt
dodijelio	dodijelila		dodelila	13.97	13.08	0.00	0.5163	1.0000		0.583	0	36		bs->alt
dodijelio	dodijelio		dodelio	9.70	9.51	0.00	0.5048	1.0000		0.520	0	25		bs->alt
dodjeljuje	dodjeljuje		dodeljuje	10.09	20.22	0.00	0.3328	1.0000		0.692	0	26		bs->alt
doktori	doktori	liječnici		28.32	0.00	18.38	1.0000	0.6064	0.959		73	0	bs->alt	
donijela	donijela		donela	31.42	37.66	0.00	0.4549	1.0000		0.506	0	81		bs->alt
donijela	donijeli		doneli	14.74	32.90	0.00	0.3094	1.0000		0.632	0	38		bs->alt
donijela	donijelo		donelo	11.64	22.60	0.00	0.3400	1.0000		0.467	0	30		bs->alt
donio	donio		doneo	38.79	57.88	0.00	0.4013	1.0000		0.440	0	100		bs->alt
doprinio	doprinijeli		doprineli	10.47	2.78	0.00	0.7906	1.0000		0.556	0	27		bs->alt
doprinio	doprinijeti	pridonijeti	doprineti	71.38	1.59	0.00	0.9783	1.0000	0.523	0.646	107	48	alt->bs	alt->bs
doprinio	doprinio		doprineo	13.19	0.79	0.00	0.9433	1.0000		0.412	0	34		bs->alt
dostigao	dostigao	dosegnuo		31.81	0.00	33.24	1.0000	0.4890	0.660		47	0	alt->bs	
downer	downer		dauner	15.91	16.65	0.00	0.4886	1.0000		1.000	0	41		bs->alt
droutsas	droutsas		drucas	20.17	21.41	0.00	0.4852	1.0000		0.981	0	52		bs->alt
dužini	dužini	duljine		15.52	0.40	2.74	0.9751	0.8501	0.410		39	0	bs->alt	
dvije	dvije		dve	740.19	583.55	0.00	0.5592	1.0000		0.897	0	1908		bs->alt
efikasnosti	efikasnosti	učinkovitosti		33.36	0.00	26.20	1.0000	0.5601	0.744		86	0	bs->alt	
ekonomijama	ekonomijama	gospodarstvima		15.52	0.40	16.42	0.9751	0.4858	0.821		39	0	bs->alt	
elektroprivredne	elektroprivredne	tvrtke		11.25	0.00	0.00	1.0000	1.0000	0.552		29	0	bs->alt	
eulex	eulex		euleks	291.34	298.51	3.91	0.4939	0.9868		0.997	0	741		bs->alt
eura	eura		evra	1421.80	1460.06	1.17	0.4934	0.9992		0.979	0	3663		bs->alt
euroatlantske	euroatlantske		evroatlantske	42.29	40.44	0.00	0.5112	1.0000		0.440	0	109		bs->alt
euroatlantske	euroatlantskih		evroatlantske	18.62	7.93	0.00	0.7014	1.0000		0.542	0	48		bs->alt
euroatlantske	euroatlantskim		evroatlantskoj	34.14	16.25	0.00	0.6775	1.0000		0.551	0	49		alt->bs
eurozone	eurozone		evrozone	83.80	88.40	0.00	0.4866	1.0000		0.889	0	216		bs->alt
eurozone	eurozoni		evrozoni	56.64	54.71	0.00	0.5087	1.0000		0.781	0	146		bs->alt
eurozone	eurozonu		evrozonu	18.62	16.65	0.00	0.5279	1.0000		0.708	0	48		bs->alt
evrope	evrope	europe		390.66	1.59	435.21	0.9960	0.4730	0.857		1003	0	bs->alt	
evrope	evropi	europi		373.20	0.79	366.78	0.9979	0.5043	0.800		960	0	bs->alt	
evropljani	evropljani	europljani		11.64	0.00	10.95	1.0000	0.5153	0.800		30	0	bs->alt	
evrope	evropom	europom		9.70	0.00	10.56	1.0000	0.4788	0.720		25	0	bs->alt	
evrope	evropska	europska		248.28	0.40	303.04	0.9984	0.4503	0.875		639	0	bs->alt	
evrope	evropske	europske		448.85	0.40	422.70	0.9991	0.5150	0.644		1156	0	bs->alt	
evrope	evropski	europski		264.19	0.40	189.65	0.9985	0.5821	0.501		679	0	bs->alt	
evrope	evropskih	europskih		192.81	0.00	138.42	1.0000	0.5821	0.489		497	0	bs->alt	
evrope	evropskim	europskim		154.40	0.00	99.32	1.0000	0.6085	0.487		398	0	bs->alt	
evrope	evropsko	europsko		26.38	0.00	27.76	1.0000	0.4872	0.721		68	0	bs->alt	
evrope	evropskog	europskog		171.86	0.40	156.02	0.9977	0.5242	0.693		443	0	bs->alt	
evrope	evropskoj	europskoj		63.23	0.00	84.46	1.0000	0.4281	0.675		163	0	bs->alt	
evrope	evropskom	europskom		117.93	0.40	126.69	0.9966	0.4821	0.667		303	0	bs->alt	
evrope	evropsku	europsku		78.36	0.00	108.71	1.0000	0.4189	0.668		202	0	bs->alt	
evrope	evropu	europu		142.37	0.00	125.13	1.0000	0.5322	0.698		367	0	bs->alt	
fakto	fakto	facto		10.86	0.00	10.95	1.0000	0.4980	0.964		28	0	bs->alt	
fakto	faktor	čimbenik		57.42	1.19	49.27	0.9797	0.5382	0.726		146	0	bs->alt	
fakto	faktora	čimbenika		41.12	0.79	39.88	0.9811	0.5076	0.750		104	0	bs->alt	
fakto	faktori	čimbenici		19.40	0.40	21.90	0.9800	0.4697	0.740		50	0	bs->alt	
februar	februar	veljače		142.37	0.00	62.56	1.0000	0.6947	0.965		367	0	bs->alt	
februar	februara	veljače		279.70	0.00	362.87	1.0000	0.4353	0.982		721	0	bs->alt	
februar	februaru	veljači		77.98	0.00	78.60	1.0000	0.4980	0.960		201	0	bs->alt	
feith	feith		fejt	24.44	25.37	0.00	0.4906	1.0000		1.000	0	63		bs->alt
finansija	finansija	financija		175.35	0.00	174.79	1.0000	0.5008	0.962		452	0	bs->alt	
finansija	finansije	financije		16.68	0.00	19.55	1.0000	0.4604	0.605		43	0	bs->alt	
finansija	finansijska	financijska		67.50	0.00	74.29	1.0000	0.4760	0.621		174	0	bs->alt	
finansija	finansijske	financijske		125.69	0.40	133.73	0.9969	0.4845	0.688		324	0	bs->alt	
finansija	finansijski	financijski		72.54	0.00	63.35	1.0000	0.5338	0.535		187	0	bs->alt	
finansija	finansijskih	financijskih		58.19	0.00	71.95	1.0000	0.4471	0.667		150	0	bs->alt	
finansija	finansijskim	financijskim		38.02	0.00	41.45	1.0000	0.4784	0.745		98	0	bs->alt	
finansija	finansijskog	financijskog		41.90	0.00	28.94	1.0000	0.5915	0.426		108	0	bs->alt	
finansija	finansijskoj	financijskoj		11.25	0.00	14.47	1.0000	0.4374	0.655		29	0	bs->alt	
finansija	finansijskom	financijskom		24.05	0.00	28.54	1.0000	0.4573	0.613		62	0	bs->alt	
finansija	finansijsku	financijsku		72.54	0.00	69.99	1.0000	0.5089	0.642		187	0	bs->alt	
finansija	finansira	financira		32.20	0.00	37.15	1.0000	0.4643	0.578		83	0	bs->alt	
finansija	finansiraju	financiraju		10.86	0.00	15.64	1.0000	0.4098	0.571		28	0	bs->alt	
finansija	finansiranja	financiranja		51.60	0.00	34.80	1.0000	0.5972	0.414		133	0	bs->alt	
finansija	finansiranje	financiranje		67.50	0.00	75.47	1.0000	0.4721	0.621		174	0	bs->alt	
finansija	finansiranju	financiranju		20.95	0.00	19.16	1.0000	0.5223	0.648		54	0	bs->alt	
finansija	finansirati	financirati		29.87	0.00	17.99	1.0000	0.6242	0.662		77	0	bs->alt	
firma	firma	tvrtka		74.10	0.40	25.81	0.9947	0.7417	0.450		191	0	bs->alt	
firma	firmama	tvrtkama		17.07	0.00	8.99	1.0000	0.6549	0.545		44	0	bs->alt	
firme	firme	tvrtke		136.94	0.00	52.79	1.0000	0.7218	0.462		353	0	bs->alt	
firmi	firmi	tvrtki		74.48	0.00	26.98	1.0000	0.7341	0.458		192	0	bs->alt	
firmom	firmom	tvrtkom		17.85	0.00	3.91	1.0000	0.8203	0.413		46	0	bs->alt	
fitch	fitch		fič	12.03	11.50	0.00	0.5113	1.0000		0.968	0	31		bs->alt
fogh	fogh		fog	12.03	13.08	0.00	0.4790	1.0000		0.903	0	31		bs->alt
fondacija	fondacija	zaklada		36.08	0.00	41.06	1.0000	0.4677	0.903		93	0	bs->alt	
fondacija	fondacije	zaklade		34.14	0.40	34.41	0.9885	0.4980	0.830		88	0	bs->alt	
foniqi	foniqi		fonići	48.88	49.95	0.00	0.4946	1.0000		0.992	0	126		bs->alt
fouere	fouere		fuer	15.52	15.86	0.00	0.4946	1.0000		1.000	0	40		bs->alt
franco	franco		franko	14.74	14.67	0.00	0.5013	1.0000		0.921	0	38		bs->alt
frattini	frattini		fratini	26.38	28.54	0.00	0.4803	1.0000		1.000	0	68		bs->alt
fried	fried		frid	25.60	26.96	0.00	0.4871	1.0000		1.000	0	66		bs->alt
fudbal	fudbal	nogomet		21.34	0.00	21.90	1.0000	0.4935	0.836		55	0	bs->alt	
fudbal	fudbala	nogometa		12.03	0.00	16.03	1.0000	0.4286	0.677		31	0	bs->alt	
fudbal	fudbalske	izbornik		19.40	0.00	20.72	1.0000	0.4835	0.419		31	0	alt->bs	
fudbalskih	fudbalskih	nogometnih		13.97	0.00	10.56	1.0000	0.5695	0.806		36	0	bs->alt	
fudbalskih	fudbalskog	nogometnog		20.95	0.00	19.94	1.0000	0.5123	0.778		54	0	bs->alt	
fudbal	fudbalu	nogometu		12.03	0.00	14.86	1.0000	0.4473	0.613		31	0	bs->alt	
fuele	fuele		fuel	34.14	32.90	0.00	0.5092	1.0000		1.000	0	29		alt->bs
fullani	fullani		fulani	12.80	13.08	0.00	0.4946	1.0000		1.000	0	33		bs->alt
funkcioniraju	funkcioniraju		funkcionišu	12.03	10.31	0.00	0.5385	1.0000		0.613	0	31		bs->alt
funkcioniraju	funkcioniranja		funkcionisanja	8.15	11.50	0.00	0.4147	1.0000		0.476	0	21		bs->alt
gaddafija	gaddafija		gadafija	20.56	5.15	0.00	0.7996	1.0000		0.830	0	53		bs->alt
garancije	garancije	jamstva		28.32	0.40	25.42	0.9862	0.5270	0.667		72	0	bs->alt	
garancije	garanciju	jamstvo		10.09	0.00	5.87	1.0000	0.6323	0.692		26	0	bs->alt	
garancije	garantira		garantuje	15.52	0.00	0.00	1.0000	1.0000		0.725	0	40		bs->alt
garancije	garantirati	jamčiti		12.41	0.00	0.00	1.0000	1.0000	0.812		32	0	bs->alt	
gasa	gasa	kubičnih		176.90	0.40	193.17	0.9978	0.4780	0.744		86	0	alt->bs	
gasna	gasna	tvrtka		8.92	0.00	3.13	1.0000	0.7404	0.435		23	0	bs->alt	
gasne	gasne	tvrtke		8.92	0.00	7.43	1.0000	0.5457	0.435		23	0	bs->alt	
gasova	gasova	plinova		8.53	0.00	10.56	1.0000	0.4470	0.864		22	0	bs->alt	
gasova	gasovodu	plinovodu		11.64	0.00	12.90	1.0000	0.4742	0.633		30	0	bs->alt	
gates	gates		gejts	22.11	24.18	0.00	0.4776	1.0000		0.982	0	57		bs->alt
gazette	gazette		gazete	8.92	9.12	0.00	0.4946	1.0000		0.913	0	23		bs->alt
gdje	gdje		gde	704.89	455.11	0.00	0.6077	1.0000		0.482	0	1817		bs->alt
generalštaba	generalštaba	stožera		37.63	0.00	49.27	1.0000	0.4330	0.918		97	0	bs->alt	
georgeom	georgeom		papandreuom	12.03	9.12	0.00	0.5688	1.0000		0.452	0	31		bs->alt
glasala	glasala	glasovala		10.47	0.00	13.69	1.0000	0.4335	0.741		27	0	bs->alt	
glasnogovornica	glasnogovornica		portparolka	62.07	63.83	0.00	0.4930	1.0000		0.838	0	160		bs->alt
glasnogovornica	glasnogovornika		portparola	13.58	15.46	0.39	0.4676	0.9720		0.600	0	35		bs->alt
grijanja	grijanja		grejanja	11.64	11.89	0.00	0.4946	1.0000		0.733	0	30		bs->alt
grijanja	grijanje		grejanje	8.15	9.91	0.00	0.4512	1.0000		0.810	0	21		bs->alt
grupama	grupama	skupinama		38.41	0.40	36.76	0.9898	0.5110	0.592		98	0	bs->alt	
grupe	grupe	skupine		325.48	8.33	351.53	0.9751	0.4808	0.724		826	0	bs->alt	
grupu	grupu	skupinu		63.23	0.79	71.17	0.9876	0.4705	0.636		162	0	bs->alt	
guardian	guardian		gardijan	43.06	44.00	0.39	0.4946	0.9910		1.000	0	110		bs->alt
hag	hag	haag		20.56	0.00	22.68	1.0000	0.4755	0.849		53	0	bs->alt	
hagu	hagu	haagu		74.87	1.59	74.29	0.9793	0.5019	0.826		190	0	bs->alt	
haos	haos	kaos		15.13	0.00	17.99	1.0000	0.4569	0.718		39	0	bs->alt	
hapšenja	hapšenja	uhićenja		101.25	0.00	108.31	1.0000	0.4832	0.805		261	0	bs->alt	
hapšenja	hapšenje	uhićenje		79.53	0.00	101.28	1.0000	0.4399	0.853		204	0	bs->alt	
hapšenja	hapšenjem	uhićenjem		18.23	0.00	13.69	1.0000	0.5712	0.638		47	0	bs->alt	
hapšenja	hapšenju	uhićenju		17.85	0.00	16.81	1.0000	0.5149	0.717		46	0	bs->alt	
hashim	hashim		hašim	79.14	79.29	0.00	0.4995	1.0000		0.990	0	204		bs->alt
haxhinasto	haxhinasto		hadžinasto	9.31	9.12	0.00	0.5052	1.0000		1.000	0	24		bs->alt
hidžaba	hidžaba	marama	marama	12.41	0.00	0.00	1.0000	1.0000	0.969	0.875	32	32	bs->alt	bs->alt
hiljada	hiljada	tisuća		78.75	0.00	136.86	1.0000	0.3653	0.788		203	0	bs->alt	
hiljada	hiljadama	tisućama		8.53	0.00	10.95	1.0000	0.4380	0.727		22	0	bs->alt	
hiljada	hiljade	tisuće		83.41	0.00	96.19	1.0000	0.4644	0.763		215	0	bs->alt	
hillary	hillary		hilari	25.60	27.75	0.00	0.4799	1.0000		0.985	0	66		bs->alt
historija	historija	povijest	istorija	22.89	0.00	0.00	1.0000	1.0000	0.898	0.746	59	59	bs->alt	bs->alt
historija	historije	povijesti	istorije	43.06	0.00	0.00	1.0000	1.0000	0.793	0.757	111	111	bs->alt	bs->alt
historija	historiji	povijesti	istoriji	73.71	0.00	0.00	1.0000	1.0000	0.926	0.916	190	190	bs->alt	bs->alt
historija	historijska	povijesna	istorijska	11.64	0.00	0.00	1.0000	1.0000	0.567	0.667	30	30	bs->alt	bs->alt
historija	historijske	povijesne	istorijske	30.26	0.00	0.00	1.0000	1.0000	0.538	0.692	78	78	bs->alt	bs->alt
historija	historijski	povijesni	istorijski	45.39	0.00	0.00	1.0000	1.0000	0.641	0.803	117	117	bs->alt	bs->alt
historija	historijskih	povijesnih	istorijskih	17.07	0.00	0.00	1.0000	1.0000	0.750	0.636	44	44	bs->alt	bs->alt
historija	historijskim	povijesnim	istorijskim	16.68	0.00	0.00	1.0000	1.0000	0.767	0.744	43	43	bs->alt	bs->alt
historija	historijsko	povijesno		9.31	0.00	0.00	1.0000	1.0000	0.500		24	0	bs->alt	
historija	historijskog	povijesnog	istorijskog	15.13	0.00	0.00	1.0000	1.0000	0.769	0.846	39	39	bs->alt	bs->alt
historija	historijskom	povijesnom	istorijskom	12.03	0.00	0.00	1.0000	1.0000	0.839	0.806	31	31	bs->alt	bs->alt
historija	historiju	povijest	istoriju	38.41	0.00	0.00	1.0000	1.0000	0.707	0.737	99	99	bs->alt	bs->alt
historija	historičar		istoričar	8.92	0.00	0.00	1.0000	1.0000		1.000	0	23		bs->alt
historija	historičari	povjesničari	istoričari	8.92	0.00	0.00	1.0000	1.0000	0.913	1.000	23	23	bs->alt	bs->alt
holandija	holandija	nizozemska		40.73	0.00	41.06	1.0000	0.4980	0.886		105	0	bs->alt	
holandija	holandije	nizozemske		25.60	0.00	23.46	1.0000	0.5218	0.773		66	0	bs->alt	
holandija	holandska	nizozemska		8.53	0.00	8.21	1.0000	0.5096	0.818		22	0	bs->alt	
holandija	holandske	nizozemske		9.31	0.00	9.78	1.0000	0.4878	0.750		24	0	bs->alt	
holandija	holandski	nizozemski		18.62	0.00	21.51	1.0000	0.4640	0.958		48	0	bs->alt	
holbrooke	holbrooke		holbruk	11.64	11.50	0.00	0.5031	1.0000		1.000	0	30		bs->alt
hoxhaj	hoxhaj		hodžaj	13.19	13.88	0.00	0.4873	1.0000		1.000	0	34		bs->alt
hrvanju	hrvanju		rvanju	12.03	13.88	0.00	0.4643	1.0000		0.839	0	31		bs->alt
htio	htio		želeo	27.93	9.51	0.00	0.7459	1.0000		0.417	0	72		bs->alt
htjela	htjela		želela	19.01	6.34	0.00	0.7498	1.0000		0.449	0	49		bs->alt
htjela	htjeli		želeli	34.14	17.05	0.00	0.6670	1.0000		0.523	0	88		bs->alt
hyseni	hyseni		hiseni	23.28	23.79	0.00	0.4946	1.0000		1.000	0	60		bs->alt
icg	icg		mkg	18.23	9.51	0.00	0.6571	1.0000		0.979	0	47		bs->alt
icty	icty		mksj	130.35	85.23	0.78	0.6046	0.9940		0.862	0	334		bs->alt
imat	imat		imaće	52.37	76.91	0.39	0.4051	0.9926		0.563	0	135		bs->alt
inostranstva	inostranstva	inozemstva		24.83	0.00	25.42	1.0000	0.4941	0.656		64	0	bs->alt	
inostranstva	inostranstvo	inozemstvo		28.71	0.00	27.76	1.0000	0.5084	0.743		74	0	bs->alt	
inostranstva	inostranstvu	inozemstvu		105.13	0.00	108.71	1.0000	0.4916	0.908		271	0	bs->alt	
insistirati	insistiranje	ustrajavanje		8.92	0.00	12.12	1.0000	0.4240	0.696		23	0	bs->alt	
insistirati	insistirati	ustrajavati		13.19	0.00	10.95	1.0000	0.5464	0.647		34	0	bs->alt	
investiciona	investiciona	investicijska		19.01	0.00	19.94	1.0000	0.4880	0.837		49	0	bs->alt	
investiciona	investicionih	investicijskih		9.31	0.00	8.60	1.0000	0.5198	0.625		24	0	bs->alt	
irish	irish		ajriš	14.74	15.06	0.00	0.4946	1.0000		0.947	0	38		bs->alt
ischinger	ischinger		išinger	15.13	16.65	0.00	0.4761	1.0000		1.000	0	39		bs->alt
iskopavanja	iskopavanja	iskapanja		23.66	0.00	21.12	1.0000	0.5285	0.557		61	0	bs->alt	
italijanska	italijanska	talijanska		16.68	0.00	15.64	1.0000	0.5161	0.698		43	0	bs->alt	
italijanska	italijanske	talijanske		12.41	0.00	15.64	1.0000	0.4425	0.594		32	0	bs->alt	
italijanska	italijanski	talijanski		46.16	0.00	46.53	1.0000	0.4980	0.866		119	0	bs->alt	
italijanska	italijanskim	talijanskim		10.86	0.00	11.73	1.0000	0.4808	0.893		28	0	bs->alt	
italijanska	italijanskog	talijanskog		13.19	0.00	16.42	1.0000	0.4454	0.853		34	0	bs->alt	
izbjeći	izbjegao		izbegao	9.31	15.06	0.00	0.3820	1.0000		0.917	0	24		bs->alt
izbjeći	izbjegava		izbegava	8.92	7.93	0.00	0.5295	1.0000		0.652	0	23		bs->alt
izbjegavaju	izbjegavaju		izbegavaju	10.86	7.14	0.00	0.6035	1.0000		0.643	0	28		bs->alt
izbjegavaju	izbjegavanju		izbegavanju	8.92	12.29	0.00	0.4206	1.0000		0.652	0	23		bs->alt
izbjeći	izbjegla		izbegla	11.25	16.25	0.00	0.4090	1.0000		0.552	0	29		bs->alt
izbjeći	izbjegli		izbegli	10.09	11.89	0.00	0.4589	1.0000		0.654	0	26		bs->alt
izbjeći	izbjeglica		izbeglica	48.10	52.73	0.00	0.4771	1.0000		0.903	0	124		bs->alt
izbjeći	izbjeglice		izbeglice	32.59	33.30	0.00	0.4946	1.0000		0.857	0	84		bs->alt
izbjeći	izbjegne		izbegne	11.64	5.95	0.00	0.6618	1.0000		0.833	0	30		bs->alt
izbjeći	izbjeći		izbegne	30.26	39.64	0.00	0.4329	1.0000		0.423	0	78		bs->alt
izmijeni	izmijeni		promeni	19.01	4.76	0.00	0.7998	1.0000		0.449	0	49		bs->alt
izmjene	izmjene		izmene	84.57	59.07	0.00	0.5888	1.0000		0.447	0	159		alt->bs
izvijestio	izvijestio		informisao	25.22	123.29	0.00	0.1698	1.0000		0.415	0	41		alt->bs
izvještaj	izvještaj	izvješće	izveštaj	227.33	0.79	0.00	0.9965	1.0000	0.786	0.787	585	586	bs->alt	bs->alt
izvještaj	izvještaja	izvješća	izveštaja	103.58	0.00	0.00	1.0000	1.0000	0.798	0.738	267	267	bs->alt	bs->alt
izvještaj	izvještaje	izvješća	izveštaje	31.81	0.00	0.00	1.0000	1.0000	0.780	0.744	82	82	bs->alt	bs->alt
izvještaj	izvještajem	izvješćem	izveštajem	11.25	0.00	0.00	1.0000	1.0000	0.552	0.586	29	29	bs->alt	bs->alt
izvještaj	izvještaji	izvješća	izveštaji	25.99	0.00	0.00	1.0000	1.0000	0.537	0.403	67	67	bs->alt	bs->alt
izvještaj	izvještajima	izvješćima	izveštajima	180.00	0.00	0.00	1.0000	1.0000	0.429	0.787	464	235	bs->alt	alt->bs
izvještaj	izvještaju	izvješću	izveštaju	458.55	1.19	0.00	0.9974	1.0000	0.819	0.818	1180	1182	bs->alt	bs->alt
izvještaj	izvještava		izvestio	204.83	4.76	0.00	0.9773	1.0000		0.768	0	228		alt->bs
izvještaj	izvještavaju	izvješćuju	izvestili	98.54	0.40	0.00	0.9960	1.0000	0.535	0.520	43	254	alt->bs	bs->alt
izvještavanje	izvještavanje		izveštavanje	8.92	1.98	0.00	0.8182	1.0000		0.565	0	23		bs->alt
izvodljivosti	izvodljivosti	izvedivosti		17.46	0.00	17.60	1.0000	0.4980	0.889		45	0	bs->alt	
jacques	jacques		žak	9.31	8.72	0.00	0.5163	1.0000		0.917	0	24		bs->alt
james	james		džejms	17.85	20.61	0.39	0.4640	0.9786		0.933	0	45		bs->alt
januar	januar	siječnja		161.00	0.40	68.82	0.9975	0.7005	0.696		415	0	bs->alt	
januar	januara	siječnja		305.70	0.00	404.32	1.0000	0.4305	0.956		788	0	bs->alt	
januar	januaru	siječnju		84.57	0.00	81.72	1.0000	0.5086	0.904		218	0	bs->alt	
javier	javier		havijer	33.75	34.49	0.00	0.4946	1.0000		0.977	0	87		bs->alt
javier	javiera		havijera	8.53	8.72	0.00	0.4946	1.0000		0.909	0	22		bs->alt
jean	jean		žan	32.59	34.09	0.00	0.4887	1.0000		0.964	0	84		bs->alt
jevreja	jevreja	židova		12.41	0.00	10.56	1.0000	0.5404	0.781		32	0	bs->alt	
joachim	joachim		joakim	12.80	13.88	0.00	0.4799	1.0000		0.970	0	33		bs->alt
jones	jones		džons	13.19	14.67	0.39	0.4735	0.9712		0.788	0	33		bs->alt
jul	jul	srpnja		122.98	0.00	80.55	1.0000	0.6042	0.716		317	0	bs->alt	
jula	jula	srpnja		282.03	0.00	330.03	1.0000	0.4608	0.955		727	0	bs->alt	
juli	juli	srpanj		10.47	0.00	1.56	1.0000	0.8701	0.593		27	0	bs->alt	
julu	julu	srpnju		103.19	0.00	106.75	1.0000	0.4915	0.947		266	0	bs->alt	
jun	jun	lipnja		131.12	0.00	85.24	1.0000	0.6060	0.627		338	0	bs->alt	
juna	juna	lipnja		312.68	0.40	366.00	0.9987	0.4607	0.940		805	0	bs->alt	
junu	junu	lipnju		100.09	0.00	106.75	1.0000	0.4839	0.953		258	0	bs->alt	
kabashi	kabashi		kabaši	56.25	57.88	0.00	0.4929	1.0000		0.986	0	145		bs->alt
kaczynski	kaczynski		kazinski	9.70	10.31	0.00	0.4848	1.0000		0.800	0	25		bs->alt
kaide	kaide	qaede		29.10	0.00	28.94	1.0000	0.5014	0.853		75	0	bs->alt	
kathimerini	kathimerini		katimerini	24.83	24.18	0.39	0.5066	0.9845		0.952	0	63		bs->alt
kavanaugha	kavanaugha		kavanoa	11.64	10.31	0.00	0.5303	1.0000		0.800	0	30		bs->alt
kipar	kipar	cipar		175.35	5.15	172.83	0.9714	0.5036	0.902		449	0	bs->alt	
kipar	kiparska	ciparska		15.91	0.00	21.12	1.0000	0.4296	0.878		41	0	bs->alt	
kipar	kiparske	ciparske		13.97	0.00	21.51	1.0000	0.3937	0.778		36	0	bs->alt	
kipar	kiparski	ciparski		102.80	0.00	101.28	1.0000	0.5037	0.808		265	0	bs->alt	
kiparskih	kiparskih	ciparskih		151.30	0.00	151.33	1.0000	0.5000	0.897		390	0	bs->alt	
kiparskih	kiparskim	ciparskim		29.87	0.00	25.03	1.0000	0.5441	0.662		77	0	bs->alt	
kiparskih	kiparskog	ciparskog		25.60	0.00	25.42	1.0000	0.5018	0.545		66	0	bs->alt	
kipra	kipra	cipra		122.20	0.00	143.90	1.0000	0.4592	0.771		315	0	bs->alt	
kipru	kipru	cipru		112.11	0.40	107.14	0.9965	0.5113	0.760		288	0	bs->alt	
koalicioni	koalicioni	koalicijski		18.23	0.00	17.99	1.0000	0.5034	0.766		47	0	bs->alt	
kolegica	kolegica		koleginica	10.86	10.31	0.00	0.5131	1.0000		0.893	0	28		bs->alt
kolumnista	kolumnista	kolumnist		19.01	0.40	19.55	0.9796	0.4930	0.918		49	0	bs->alt	
kom	kom	kojemu		318.11	2.38	34.80	0.9926	0.9014	0.439		114	0	alt->bs	
komande	komandant	zapovjednik		80.69	0.00	82.51	1.0000	0.4944	0.913		208	0	bs->alt	
komande	komandanta	zapovjednika		39.18	0.00	40.28	1.0000	0.4931	0.861		101	0	bs->alt	
komande	komande	zapovjedništva		13.58	0.00	14.08	1.0000	0.4910	0.514		35	0	bs->alt	
komande	komandom	zapovjedništvom		10.86	0.00	11.73	1.0000	0.4808	0.893		28	0	bs->alt	
komentirati	komentirati		komentariše	9.31	17.84	0.00	0.3429	1.0000		0.542	0	24		bs->alt
kompjuter	kompjuter	računalo		8.15	0.00	5.87	1.0000	0.5814	0.810		21	0	bs->alt	
kompjuter	kompjutera	računala		21.72	0.00	16.42	1.0000	0.5695	0.821		56	0	bs->alt	
kompjuter	kompjutere	računala		15.13	0.00	11.73	1.0000	0.5633	0.795		39	0	bs->alt	
kompjuter	kompjuterske	računalne		8.53	0.00	8.99	1.0000	0.4869	0.409		22	0	bs->alt	
kompjuterskih	kompjuterskih	računalnih		12.03	0.00	8.21	1.0000	0.5942	0.484		31	0	bs->alt	
kompozitora	kompozitora	skladatelja		10.09	0.00	9.38	1.0000	0.5180	0.846		26	0	bs->alt	
konsultacija	konsultacija	konzultacija		16.29	0.00	16.03	1.0000	0.5040	0.786		42	0	bs->alt	
konsultacija	konsultacije	konzultacije		19.78	0.00	17.21	1.0000	0.5349	0.706		51	0	bs->alt	
kontrolira	kontrolira		kontroliše	25.99	4.36	0.00	0.8563	1.0000		0.716	0	67		bs->alt
kontrolira	kontroliraju		kontrolišu	13.97	3.57	0.00	0.7965	1.0000		0.639	0	36		bs->alt
konzorcij	konzorcij		konzorcijum	31.04	36.87	0.00	0.4570	1.0000		0.963	0	80		bs->alt
konzorcij	konzorcija		konzorcijuma	10.09	13.08	0.00	0.4353	1.0000		0.808	0	26		bs->alt
koordinatorica	koordinatorica		koordinatorka	12.80	13.08	0.00	0.4946	1.0000		0.697	0	33		bs->alt
korijena	korijena		korene	13.58	4.76	0.00	0.7405	1.0000		0.486	0	35		bs->alt
korijena	korijene		korene	12.80	28.94	0.00	0.3067	1.0000		0.667	0	33		bs->alt
korijena	korijenima		korene	13.19	4.36	0.00	0.7515	1.0000		0.529	0	34		bs->alt
korištenje	korištenje		korišćenje	23.66	81.27	0.39	0.2255	0.9837		0.508	0	61		bs->alt
kouchner	kouchner		kušner	15.91	16.25	0.00	0.4946	1.0000		0.976	0	41		bs->alt
krasniqi	krasniqi		krasnići	38.41	42.02	0.00	0.4775	1.0000		0.980	0	99		bs->alt
kriterija	kriterija		kriterijuma	50.82	51.54	0.00	0.4965	1.0000		0.748	0	131		bs->alt
kriterija	kriterije		kriterijume	41.51	45.99	0.00	0.4744	1.0000		0.869	0	107		bs->alt
kriterija	kriteriji		kriterijumi	11.64	8.72	0.00	0.5716	1.0000		0.700	0	30		bs->alt
kriterija	kriterijima		kriterijumima	15.13	18.24	0.00	0.4535	1.0000		0.718	0	39		bs->alt
kritizirala	kritizirala		kritikovala	22.11	30.53	0.00	0.4201	1.0000		0.842	0	57		bs->alt
ksf	ksf		kbs	38.79	6.74	0.39	0.8520	0.9900		0.889	0	99		bs->alt
kurs	kurs	tečaj		24.05	0.40	24.24	0.9838	0.4980	0.410		61	0	bs->alt	
kvadratnih	kvadratnih	četvornih		31.04	0.40	34.02	0.9874	0.4771	0.949		79	0	bs->alt	
kyprianou	kyprianou		kiprijanu	13.19	13.88	0.00	0.4873	1.0000		1.000	0	34		bs->alt
libanu	libanu	libanonu		10.86	0.00	10.56	1.0000	0.5071	0.964		28	0	bs->alt	
lica	lica	uhićene		360.40	9.51	98.54	0.9743	0.7853	0.538		26	0	alt->bs	
lideri	lideri	čelnici		307.25	0.79	310.47	0.9974	0.4974	0.818		790	0	bs->alt	
lijekova	lijekova		lekova	19.78	19.43	0.00	0.5046	1.0000		0.647	0	51		bs->alt
lijekova	lijekove		lekove	15.13	17.44	0.00	0.4645	1.0000		0.949	0	39		bs->alt
lijepo	lijepo		lepo	12.41	7.14	0.00	0.6350	1.0000		0.438	0	32		bs->alt
lijevo	lijevo		levo	133.06	135.98	0.00	0.4946	1.0000		0.991	0	343		bs->alt
liječenje	liječenje		lečenje	13.58	16.25	0.39	0.4552	0.9720		0.588	0	34		bs->alt
lične	lične	iskaznice		44.61	0.00	47.31	1.0000	0.4853	0.691		55	0	alt->bs	
ličnih	ličnih	iskaznica		27.93	0.00	35.19	1.0000	0.4425	0.459		37	0	alt->bs	
lično	lično	osobno		32.20	0.00	28.15	1.0000	0.5335	0.695		82	0	bs->alt	
ljekara	ljekara	liječnika		8.53	0.00	0.00	1.0000	1.0000	0.636		22	0	bs->alt	
ljepote	ljepote		lepote	8.15	5.95	0.00	0.5781	1.0000		0.571	0	21		bs->alt
ljetne	ljetne		letnje	15.91	19.43	0.00	0.4502	1.0000		0.634	0	41		bs->alt
ljetne	ljetni		letnji	16.29	16.65	0.00	0.4946	1.0000		0.738	0	42		bs->alt
ljeto	ljeto		leto	18.62	17.44	0.00	0.5163	1.0000		0.667	0	48		bs->alt
ljevice	ljevice		levice	8.53	12.29	0.00	0.4098	1.0000		0.727	0	22		bs->alt
maj	maj	svibnja		153.24	2.38	56.70	0.9847	0.7299	0.710		390	0	bs->alt	
maju	maju	svibnju		101.64	0.40	102.45	0.9961	0.4980	0.935		262	0	bs->alt	
marnhac	marnhac		marnak	15.52	16.25	0.00	0.4884	1.0000		0.950	0	40		bs->alt
mart	mart	ožujka		140.43	1.59	73.51	0.9888	0.6564	0.713		359	0	bs->alt	
marta	marta	ožujka		332.08	1.98	397.67	0.9941	0.4551	0.928		851	0	bs->alt	
marttija	marttija		martija	39.18	34.89	0.00	0.5290	1.0000		0.960	0	101		bs->alt
martu	martu	ožujku		96.60	0.40	103.23	0.9959	0.4834	0.944		249	0	bs->alt	
matthew	matthew		metju	19.40	20.61	0.00	0.4848	1.0000		1.000	0	50		bs->alt
michael	michael		majkl	30.65	30.13	0.00	0.5043	1.0000		0.620	0	79		bs->alt
microsofta	microsofta		majkrosofta	11.25	11.50	0.00	0.4946	1.0000		0.655	0	29		bs->alt
mijenja	mijenja		menja	24.05	31.32	0.00	0.4344	1.0000		0.742	0	62		bs->alt
mijenja	mijenjaju		menjaju	12.41	13.08	0.00	0.4869	1.0000		0.719	0	32		bs->alt
miješanja	miješanja		mešanja	13.19	1.59	0.00	0.8927	1.0000		0.524	0	21		alt->bs
miješanja	miješanje		mešanje	12.80	5.95	0.00	0.6828	1.0000		0.455	0	33		bs->alt
milion	milion	milijun		60.91	0.00	74.69	1.0000	0.4492	0.720		157	0	bs->alt	
milion	miliona	milijuna		489.97	0.79	1019.01	0.9984	0.3247	0.960		1263	0	bs->alt	
milion	milione	milijune		12.03	0.00	11.73	1.0000	0.5062	0.613		31	0	bs->alt	
miller	miller		miler	23.66	25.37	0.39	0.4826	0.9837		0.983	0	60		bs->alt
ministrica	ministrica		ministarka	122.98	128.05	0.00	0.4899	1.0000		0.861	0	317		bs->alt
ministrica	ministrice		ministarke	13.19	14.67	0.00	0.4735	1.0000		0.647	0	34		bs->alt
ministrica	ministricom		ministarkom	12.03	12.29	0.00	0.4946	1.0000		0.710	0	31		bs->alt
mircea	mircea		džoana	12.03	13.08	0.00	0.4790	1.0000		0.548	0	31		bs->alt
mjera	mjera		mera	205.22	197.42	0.00	0.5097	1.0000		0.724	0	529		bs->alt
mjera	mjerama		merama	64.79	52.73	0.00	0.5513	1.0000		0.557	0	167		bs->alt
mjere	mjere		mere	291.34	281.07	0.00	0.5090	1.0000		0.760	0	751		bs->alt
mjeru	mjeru		meru	19.40	16.65	0.00	0.5381	1.0000		0.400	0	50		bs->alt
mjesec	mjesec		mesec	82.24	79.29	0.00	0.5092	1.0000		0.802	0	212		bs->alt
mjesec	mjeseca		meseca	553.59	581.17	0.00	0.4878	1.0000		0.961	0	1427		bs->alt
mjesec	mjeseci		meseci	293.67	313.98	0.00	0.4833	1.0000		0.923	0	757		bs->alt
mjesec	mjesecima		mesecima	53.15	42.81	0.00	0.5538	1.0000		0.518	0	137		bs->alt
mjesec	mjesečne		mesečne	19.78	16.25	0.00	0.5490	1.0000		0.706	0	51		bs->alt
mjesec	mjesečno		mesečno	41.12	42.02	0.00	0.4946	1.0000		0.906	0	106		bs->alt
mjesta	mjesta		mesta	429.06	407.93	0.00	0.5126	1.0000		0.667	0	1106		bs->alt
mjesta	mjestima		mestima	50.04	59.07	0.00	0.4586	1.0000		0.628	0	129		bs->alt
mjesta	mjesto		mesto	340.22	374.63	0.00	0.4759	1.0000		0.522	0	876		bs->alt
mjesta	mjestu		mestu	202.50	212.09	0.00	0.4884	1.0000		0.475	0	522		bs->alt
mlijeka	mlijeka		mleka	20.56	21.41	0.00	0.4899	1.0000		0.868	0	53		bs->alt
mlijeka	mlijeko		mleko	10.09	9.91	0.00	0.5044	1.0000		0.962	0	26		bs->alt
mnijenje	mnijenje		mnjenje	11.25	6.74	0.00	0.6254	1.0000		0.931	0	29		bs->alt
moisiu	moisiu		mojsiju	11.25	11.89	0.00	0.4861	1.0000		0.966	0	29		bs->alt
moody	moody		mudis	19.40	19.82	0.39	0.4946	0.9802		0.612	0	49		bs->alt
moon	moon		mun	34.14	34.49	0.39	0.4974	0.9887		0.954	0	87		bs->alt
moona	moona		muna	12.03	12.69	0.00	0.4867	1.0000		0.871	0	31		bs->alt
moonom	moonom		munom	8.92	9.51	0.00	0.4840	1.0000		1.000	0	23		bs->alt
morat	morat		moraće	27.93	41.63	0.00	0.4016	1.0000		0.653	0	72		bs->alt
municije	municije	streljiva		27.16	0.00	30.11	1.0000	0.4742	0.886		70	0	bs->alt	
muzici	muzici	glazbi		8.15	0.00	8.21	1.0000	0.4980	0.714		21	0	bs->alt	
muzika	muzika	glazba		11.64	0.00	14.47	1.0000	0.4458	0.867		30	0	bs->alt	
muzika	muzike	glazbe		35.30	0.00	39.49	1.0000	0.4720	0.758		91	0	bs->alt	
muzika	muziku	glazbu		18.62	0.00	17.60	1.0000	0.5142	0.771		48	0	bs->alt	
muzičke	muzičara	glazbenika		12.41	0.00	12.51	1.0000	0.4980	0.781		32	0	bs->alt	
muzičke	muzičari	glazbenici		9.70	0.00	10.17	1.0000	0.4882	0.880		25	0	bs->alt	
muzičke	muzičke	glazbene		12.41	0.00	11.34	1.0000	0.5226	0.594		32	0	bs->alt	
muzičke	muzički	glazbeni		17.46	0.00	19.16	1.0000	0.4767	0.733		45	0	bs->alt	
muzičke	muzičkih	glazbenih		10.47	0.00	11.73	1.0000	0.4717	0.778		27	0	bs->alt	
muzičke	muzičkog	glazbenog		8.92	0.00	7.82	1.0000	0.5329	0.565		23	0	bs->alt	
nabucco	nabucco		nabuko	70.22	70.57	0.78	0.4988	0.9890		0.872	0	179		bs->alt
namjera	namjera		namera	28.71	9.91	0.00	0.7434	1.0000		0.514	0	74		bs->alt
namjera	namjerava		namerava	43.84	33.70	0.00	0.5654	1.0000		0.735	0	113		bs->alt
namjeravaju	namjeravaju		nameravaju	8.92	9.51	0.00	0.4840	1.0000		0.609	0	23		bs->alt
namjera	namjere		namere	15.13	6.74	0.00	0.6918	1.0000		0.538	0	39		bs->alt
namjera	namjerno		namerno	25.22	17.05	0.00	0.5967	1.0000		0.785	0	65		bs->alt
namjera	namjeru		nameru	31.42	5.55	0.00	0.8499	1.0000		0.519	0	81		bs->alt
namjera	namještaja		nameštaja	9.31	9.51	0.00	0.4946	1.0000		0.958	0	24		bs->alt
naprijed	naprijed		napred	108.24	108.23	0.00	0.5000	1.0000		0.624	0	279		bs->alt
naslijeđa	naslijeđa	nasljeđa	nasleđa	61.68	1.19	0.00	0.9811	1.0000	0.538	0.629	158	159	bs->alt	bs->alt
naslijeđa	naslijeđe		nasleđe	34.14	2.38	0.00	0.9349	1.0000		0.625	0	88		bs->alt
nasljednika	nasljednika		naslednika	13.58	12.29	0.00	0.5249	1.0000		0.600	0	35		bs->alt
nastavit	nastavit		nastaviće	22.50	47.57	0.00	0.3211	1.0000		0.586	0	58		bs->alt
natjecat	natjecanje		konkurs	41.90	59.86	0.00	0.4117	1.0000		0.560	0	25		alt->bs
natjecat	natjecat		takmičiće	12.41	11.89	0.00	0.5107	1.0000		0.594	0	32		bs->alt
nauka	nauka	znanost		166.04	0.00	162.67	1.0000	0.5051	0.549		428	0	bs->alt	
nauke	nauke	znanosti		113.28	0.40	108.31	0.9965	0.5112	0.924		291	0	bs->alt	
naučna	naučna	znanstvena		19.40	0.00	21.51	1.0000	0.4742	0.700		50	0	bs->alt	
naučna	naučne	znanstvene		16.68	0.00	19.55	1.0000	0.4604	0.698		43	0	bs->alt	
naučna	naučni	znanstveni		12.41	0.00	16.03	1.0000	0.4364	0.438		32	0	bs->alt	
naučna	naučnici	znanstvenici		53.15	0.00	57.87	1.0000	0.4787	0.912		137	0	bs->alt	
naučna	naučnih	znanstvenih		16.29	0.00	14.47	1.0000	0.5297	0.619		42	0	bs->alt	
naučna	naučnika	znanstvenika		32.97	0.00	33.63	1.0000	0.4951	0.871		85	0	bs->alt	
naučna	naučnim	znanstvenim		9.31	0.00	10.95	1.0000	0.4596	0.750		24	0	bs->alt	
naučna	naučnog	znanstvenog		9.70	0.00	10.95	1.0000	0.4697	0.760		25	0	bs->alt	
naznačio	naznačila		nagovestila	8.92	0.79	0.00	0.9184	1.0000		0.739	0	23		bs->alt
naznačio	naznačili		nagovestili	11.25	0.40	0.00	0.9660	1.0000		0.586	0	29		bs->alt
naznačio	naznačio		nagovestio	20.95	1.98	0.00	0.9136	1.0000		0.611	0	54		bs->alt
nedjelju	nedjeljnim		nedeljnim	10.09	15.06	0.00	0.4010	1.0000		0.577	0	26		bs->alt
nedjelju	nedjeljom		nedeljom	8.15	9.51	0.00	0.4613	1.0000		0.905	0	21		bs->alt
nedjelju	nedjelju		nedelju	467.86	474.53	0.00	0.4965	1.0000		0.939	0	1206		bs->alt
negdje	negdje		negde	20.95	13.08	0.00	0.6156	1.0000		0.514	0	37		alt->bs
neizvjesna	neizvjesna		neizvesna	9.31	8.33	0.00	0.5279	1.0000		0.667	0	24		bs->alt
neizvjesna	neizvjesnost		neizvesnost	13.58	12.29	0.00	0.5249	1.0000		0.714	0	35		bs->alt
neizvjesna	neizvjesnosti		neizvesnosti	20.56	18.63	0.00	0.5246	1.0000		0.717	0	53		bs->alt
nepovjerenja	nepovjerenja		poverenju	21.72	9.12	0.00	0.7044	1.0000		0.411	0	56		bs->alt
nepovjerenja	nepovjerenje		nepoverenje	13.19	12.29	0.00	0.5177	1.0000		0.794	0	34		bs->alt
neriješena	neriješena		nerešena	11.25	6.74	0.00	0.6254	1.0000		0.586	0	29		bs->alt
neriješena	neriješenih		nerešenih	13.58	9.91	0.00	0.5781	1.0000		0.514	0	35		bs->alt
neuspjeh	neuspjeh		neuspeh	17.07	45.99	0.00	0.2707	1.0000		0.636	0	44		bs->alt
nimetz	nimetz		nimic	36.47	39.64	0.00	0.4791	1.0000		0.989	0	94		bs->alt
nivo	nivo	razina		206.77	0.00	124.74	1.0000	0.6237	0.603		156	0	alt->bs	
nivoima	nivoima	razinama		20.17	0.00	25.03	1.0000	0.4463	0.788		52	0	bs->alt	
nivoom	nivoom	razinom		18.62	0.00	9.78	1.0000	0.6557	0.630		27	0	alt->bs	
nivou	nivou	razini		314.23	0.40	218.19	0.9987	0.5902	0.462		809	0	bs->alt	
njegu	njegu		negu	14.74	1.59	0.00	0.9029	1.0000		0.553	0	38		bs->alt
njemačka	njemačka		nemačka	145.48	158.18	0.00	0.4791	1.0000		0.885	0	375		bs->alt
njemačka	njemačke		nemačke	128.41	122.50	0.00	0.5118	1.0000		0.779	0	331		bs->alt
njemačka	njemački		nemački	82.63	86.42	0.00	0.4888	1.0000		0.854	0	213		bs->alt
njemačka	njemačkih		nemačkih	12.41	12.29	0.00	0.5025	1.0000		0.688	0	32		bs->alt
njemačka	njemačkim		nemačkim	10.47	12.69	0.00	0.4523	1.0000		0.815	0	27		bs->alt
njemačka	njemačkog		nemačkog	30.26	28.15	0.00	0.5181	1.0000		0.667	0	78		bs->alt
njemačka	njemačkoj		nemačkoj	71.38	67.79	0.00	0.5129	1.0000		0.815	0	184		bs->alt
njemačka	njemačkom		nemačkom	25.99	30.13	0.00	0.4631	1.0000		0.761	0	67		bs->alt
njemačka	njemačku		nemačku	27.93	31.71	0.00	0.4683	1.0000		0.764	0	72		bs->alt
njenoj	njenoj	njezinoj		46.94	1.19	46.92	0.9753	0.5001	0.436		101	0	alt->bs	
novembar	novembar	studenog		159.44	0.40	61.00	0.9975	0.7233	0.707		410	0	bs->alt	
novembar	novembra	studenog		257.20	0.00	360.13	1.0000	0.4166	0.937		663	0	bs->alt	
novembar	novembru	studenom		83.02	0.00	84.46	1.0000	0.4957	0.977		214	0	bs->alt	
nvo	nvo	udruga		32.20	0.00	4.69	1.0000	0.8728	0.566		83	0	bs->alt	
obaveze	obavezala	obvezala		12.80	0.00	6.65	1.0000	0.6582	0.485		33	0	bs->alt	
obaveze	obaveze	obveze		78.75	1.59	96.97	0.9803	0.4482	0.700		200	0	bs->alt	
obaveze	obavezu	obvezu		27.54	0.79	29.33	0.9720	0.4843	0.586		70	0	bs->alt	
obavještajne	obavještajne		obaveštajne	19.78	20.61	0.00	0.4897	1.0000		0.745	0	51		bs->alt
obavještajne	obavještajnih		obaveštajnih	17.85	15.46	0.00	0.5358	1.0000		0.717	0	46		bs->alt
obezbijedit	obezbijedit		obezbediće	9.31	0.00	0.00	1.0000	1.0000		0.625	0	24		bs->alt
obezbijedit	obezbijediti		obezbediti	82.63	0.00	0.00	1.0000	1.0000		0.438	0	80		alt->bs
obilježava	obilježava		obeležava	34.91	38.06	0.00	0.4785	1.0000		0.567	0	90		bs->alt
obilježava	obilježavanja		obeležavanja	28.32	25.37	0.00	0.5275	1.0000		0.522	0	46		alt->bs
obilježava	obilježena		obeležena	18.23	14.27	0.00	0.5609	1.0000		0.426	0	47		bs->alt
obilježava	obilježila		obeležila	12.80	11.89	0.00	0.5184	1.0000		0.500	0	26		alt->bs
obje	obje		obe	178.45	139.54	0.00	0.5612	1.0000		0.824	0	460		bs->alt
objekat	objekat	objekt		53.92	0.00	43.01	1.0000	0.5563	0.424		139	0	bs->alt	
ocjena	ocjena		ocena	36.85	30.53	0.00	0.5470	1.0000		0.474	0	95		bs->alt
ocjena	ocjenama		ocenama	10.47	11.50	0.00	0.4767	1.0000		0.704	0	27		bs->alt
ocjena	ocjene		ocene	55.09	45.99	0.00	0.5450	1.0000		0.570	0	142		bs->alt
ocjena	ocjeni		oceni	8.53	5.95	0.00	0.5894	1.0000		0.455	0	22		bs->alt
ocjena	ocjenom		ocenom	18.23	27.75	0.00	0.3965	1.0000		0.638	0	47		bs->alt
ocjena	ocjenu		ocenu	57.03	50.74	0.00	0.5292	1.0000		0.435	0	147		bs->alt
odbrana	odbrambene	obrambene		12.80	0.00	11.73	1.0000	0.5218	0.424		33	0	bs->alt	
odbrana	odbrana	obrana		12.80	0.00	12.90	1.0000	0.4980	0.636		33	0	bs->alt	
odbrana	odbrane	obrane		255.26	0.40	242.44	0.9984	0.5129	0.871		657	0	bs->alt	
odbrana	odbrani	obrani		18.23	0.00	18.77	1.0000	0.4928	0.553		47	0	bs->alt	
odbrana	odbranu	obranu		58.97	0.00	52.79	1.0000	0.5276	0.513		152	0	bs->alt	
odista	odista	doista		41.90	0.00	0.00	1.0000	1.0000	0.593		108	0	bs->alt	
odjel	odjel		odeljenje	32.59	34.89	0.00	0.4830	1.0000		0.452	0	84		bs->alt
odjel	odjela		odeljenja	51.60	57.48	0.00	0.4730	1.0000		0.594	0	133		bs->alt
odjel	odjelu		odeljenju	12.41	14.27	0.00	0.4652	1.0000		0.531	0	32		bs->alt
odjeću	odjeću		odeću	10.86	13.48	0.00	0.4463	1.0000		0.607	0	28		bs->alt
oficir	oficir	časnik		12.41	0.00	12.12	1.0000	0.5060	0.906		32	0	bs->alt	
oficir	oficira	časnika		25.60	0.00	28.15	1.0000	0.4763	0.894		66	0	bs->alt	
oktobar	oktobar	listopada		182.72	0.00	85.63	1.0000	0.6809	0.873		471	0	bs->alt	
oktobar	oktobra	listopada		296.00	0.00	395.72	1.0000	0.4279	0.904		763	0	bs->alt	
oktobar	oktobru	listopadu		108.62	0.00	109.10	1.0000	0.4989	0.939		280	0	bs->alt	
olli	olli		oli	81.86	93.16	0.00	0.4677	1.0000		0.991	0	211		bs->alt
ollijem	ollijem		olijem	10.47	8.33	0.00	0.5572	1.0000		1.000	0	27		bs->alt
omladine	omladine	mladeži		25.22	0.00	13.69	1.0000	0.6482	0.492		65	0	bs->alt	
omladine	omladinu	mladež		10.09	0.00	8.60	1.0000	0.5397	0.462		26	0	bs->alt	
omogućit	omogućit		omogućiće	16.29	22.20	0.00	0.4233	1.0000		0.690	0	42		bs->alt
operiraju	operiraju		deluju	9.31	0.00	0.00	1.0000	1.0000		0.750	0	24		bs->alt
opoziciona	opoziciona	oporbena		56.25	0.00	59.44	1.0000	0.4862	0.759		145	0	bs->alt	
opoziciona	opozicione	oporbene		106.30	0.00	114.96	1.0000	0.4804	0.777		274	0	bs->alt	
opoziciona	opozicioni	oporbeni		41.90	0.00	36.37	1.0000	0.5353	0.639		108	0	bs->alt	
opoziciona	opozicionih	oporbenih		23.66	0.00	22.29	1.0000	0.5150	0.705		61	0	bs->alt	
opoziciona	opozicionog	oporbenog		12.41	0.00	9.78	1.0000	0.5595	0.500		32	0	bs->alt	
opredijeljena	opredijeljena	predana		20.56	0.00	0.00	1.0000	1.0000	0.679		53	0	bs->alt	
opredijeljena	opredijeljenost	predanost		28.32	0.00	0.00	1.0000	1.0000	0.849		73	0	bs->alt	
opredijeljena	opredijeljenosti	predanosti		11.25	0.00	0.00	1.0000	1.0000	0.621		29	0	bs->alt	
opskrba	opskrba		snabdevanje	10.09	15.86	0.00	0.3888	1.0000		0.615	0	26		bs->alt
opskrba	opskrbe		snabdevanja	27.54	44.00	0.00	0.3850	1.0000		0.479	0	71		bs->alt
opskrba	opskrbu		snabdevanje	19.01	31.71	0.00	0.3748	1.0000		0.469	0	49		bs->alt
optimista	optimista	optimist		18.62	0.00	19.16	1.0000	0.4929	0.688		48	0	bs->alt	
opći	opći		opšti	29.87	30.92	0.00	0.4914	1.0000		0.675	0	77		bs->alt
općih	općih		opštih	25.99	40.83	0.00	0.3890	1.0000		0.836	0	67		bs->alt
općim	općim		opštim	27.54	30.53	0.00	0.4743	1.0000		0.662	0	71		bs->alt
općina	općina		opština	96.99	91.58	0.00	0.5143	1.0000		0.864	0	250		bs->alt
općina	općinama		opštinama	21.72	30.92	0.00	0.4127	1.0000		0.946	0	56		bs->alt
općina	općine		opštine	72.54	69.38	0.00	0.5112	1.0000		0.850	0	187		bs->alt
općina	općini		opštini	29.87	34.09	0.00	0.4670	1.0000		0.922	0	77		bs->alt
općina	općinske		opštinske	19.01	15.46	0.00	0.5515	1.0000		0.551	0	49		bs->alt
općina	općinskih		opštinskih	13.19	8.72	0.00	0.6020	1.0000		0.647	0	34		bs->alt
organizira	organizira		organizuje	30.65	33.30	0.00	0.4793	1.0000		0.658	0	79		bs->alt
organizira	organiziraju		organizuju	17.46	18.63	0.00	0.4837	1.0000		0.644	0	45		bs->alt
organizira	organizirala		organizovala	31.81	41.63	0.00	0.4332	1.0000		0.768	0	82		bs->alt
organizira	organizirale		organizovale	8.92	7.53	0.00	0.5422	1.0000		0.565	0	23		bs->alt
organizira	organizirali		organizovali	31.04	45.99	0.00	0.4029	1.0000		0.838	0	80		bs->alt
organizira	organiziralo		organizovalo	13.58	15.86	0.00	0.4613	1.0000		0.600	0	35		bs->alt
organizira	organizirani		organizovani	60.91	68.58	0.00	0.4704	1.0000		0.854	0	157		bs->alt
organizira	organiziranim		organizovanim	12.41	26.16	0.00	0.3218	1.0000		0.938	0	32		bs->alt
organizira	organiziranog		organizovanog	178.06	172.45	0.00	0.5080	1.0000		0.867	0	459		bs->alt
organizira	organizirao		organizovao	31.42	33.70	0.00	0.4825	1.0000		0.728	0	81		bs->alt
osce	osce		oebs	122.59	9.12	1.17	0.9308	0.9905		0.994	0	313		bs->alt
osjeća	osjeća		oseća	23.66	27.35	0.00	0.4638	1.0000		0.705	0	61		bs->alt
osjeća	osjećaj		osećaj	34.91	33.30	0.00	0.5118	1.0000		0.678	0	90		bs->alt
osjeća	osjećaju		osećaju	32.59	37.66	0.00	0.4639	1.0000		0.679	0	84		bs->alt
osjeća	osjećam		osećam	12.80	14.67	0.00	0.4660	1.0000		0.727	0	33		bs->alt
osnovu	osnovu	temelju		210.65	4.36	222.88	0.9797	0.4859	0.403		539	0	bs->alt	
ostat	ostat		ostaće	11.25	26.56	0.00	0.2975	1.0000		0.655	0	29		bs->alt
otcjepljenje	otcjepljenje		otcepljenje	13.58	0.79	0.00	0.9448	1.0000		0.520	0	25		alt->bs
otvorit	otvorit		otvoriće	15.52	18.24	0.00	0.4597	1.0000		0.575	0	40		bs->alt
ovdje	ovdje		ovde	122.98	137.17	0.00	0.4727	1.0000		0.807	0	316		bs->alt
ovlasti	ovlasti		ovlašćenja	74.48	91.18	0.00	0.4496	1.0000		0.615	0	192		bs->alt
pacolli	pacolli		pacoli	8.53	10.31	0.00	0.4530	1.0000		1.000	0	22		bs->alt
papaconstantinou	papaconstantinou		papakonstantinu	9.31	9.91	0.00	0.4844	1.0000		1.000	0	24		bs->alt
papadopoulos	papadopoulos		papadopulos	15.13	15.46	0.00	0.4946	1.0000		0.974	0	39		bs->alt
papandreou	papandreou		papandreu	89.23	96.73	1.17	0.4798	0.9870		0.956	0	227		bs->alt
papandreou	papandreoua		papandreua	22.89	20.22	0.39	0.5310	0.9832		0.862	0	58		bs->alt
papoulias	papoulias		papuljas	24.44	25.77	0.00	0.4868	1.0000		0.952	0	63		bs->alt
pasoš	pasoš	putovnicu		12.41	0.00	13.29	1.0000	0.4829	0.562		32	0	bs->alt	
pasoš	pasoša	putovnica		27.54	0.00	25.03	1.0000	0.5240	0.620		71	0	bs->alt	
pasoš	pasoše	putovnice		19.01	0.00	21.51	1.0000	0.4692	0.776		49	0	bs->alt	
pasoš	pasoši	putovnice		10.09	0.00	12.12	1.0000	0.4542	0.885		26	0	bs->alt	
penzija	penzija	mirovina		37.63	0.00	34.41	1.0000	0.5223	0.784		97	0	bs->alt	
penzija	penzije	mirovine		44.61	0.00	47.71	1.0000	0.4833	0.704		115	0	bs->alt	
penzija	penzioner	umirovljenik		10.09	0.00	10.95	1.0000	0.4795	0.923		26	0	bs->alt	
penzija	penzioneri	umirovljenici		11.25	0.00	11.73	1.0000	0.4895	0.966		29	0	bs->alt	
penzionisani	penzionisani	umirovljeni		13.58	0.00	15.25	1.0000	0.4710	0.829		35	0	bs->alt	
penzija	penzionog	mirovinskog		11.25	0.00	3.91	1.0000	0.7421	0.759		29	0	bs->alt	
period	period	razdoblje		126.86	0.00	107.53	1.0000	0.5412	0.486		327	0	bs->alt	
period	periodom	razdobljem		8.53	0.00	19.16	1.0000	0.3082	0.545		22	0	bs->alt	
period	periodu	razdoblju		235.09	0.00	142.33	1.0000	0.6229	0.404		406	0	alt->bs	
pjesama	pjesama		pesama	9.70	10.70	0.00	0.4754	1.0000		0.680	0	25		bs->alt
pjesma	pjesma		pesma	17.07	20.22	0.00	0.4578	1.0000		0.909	0	44		bs->alt
pjesma	pjesme		pesme	31.81	30.13	0.00	0.5136	1.0000		0.720	0	82		bs->alt
pjesma	pjesmom		pesmom	14.35	12.69	0.00	0.5308	1.0000		0.784	0	37		bs->alt
pjesma	pjesmu		pesmu	34.91	39.64	0.00	0.4683	1.0000		0.722	0	90		bs->alt
pjesnik	pjesnik		pesnik	10.09	9.91	0.00	0.5044	1.0000		0.962	0	26		bs->alt
pjesnik	pjesnika		pesnika	12.80	13.48	0.00	0.4871	1.0000		0.848	0	33		bs->alt
pjevač	pjevač		pevač	22.50	23.79	0.00	0.4861	1.0000		0.897	0	58		bs->alt
pjevač	pjevača		pevača	16.68	15.46	0.00	0.5190	1.0000		0.767	0	43		bs->alt
pjevač	pjevačica		pevačica	16.68	17.05	0.00	0.4946	1.0000		0.907	0	43		bs->alt
plaćama	plaćama		platama	11.25	13.88	0.00	0.4478	1.0000		0.517	0	29		bs->alt
pobijedi	pobijedi		pobedi	16.29	9.51	0.00	0.6313	1.0000		0.714	0	42		bs->alt
pobijedi	pobijedila		pobedila	81.47	79.29	0.00	0.5068	1.0000		0.643	0	210		bs->alt
pobijedi	pobijedili		pobedili	15.91	16.65	0.00	0.4886	1.0000		0.537	0	41		bs->alt
pobijedi	pobijedio		pobedio	90.00	87.61	0.00	0.5067	1.0000		0.608	0	232		bs->alt
pobijedi	pobijediti		pobediti	28.71	23.79	0.00	0.5469	1.0000		0.486	0	74		bs->alt
pobijedi	pobijedivši		pobedivši	10.09	29.34	0.00	0.2559	1.0000		0.769	0	26		bs->alt
pobjede	pobjede		pobede	48.10	46.78	0.39	0.5070	0.9919		0.667	0	123		bs->alt
pobjede	pobjednik		pobednik	28.32	32.90	0.00	0.4626	1.0000		0.726	0	73		bs->alt
pobjede	pobjednika		pobednika	16.29	17.44	0.00	0.4830	1.0000		0.738	0	42		bs->alt
pobjede	pobjedom		pobedom	14.74	19.82	0.39	0.4265	0.9742		0.649	0	37		bs->alt
pobjede	pobjedu		pobedu	88.45	106.24	0.39	0.4543	0.9956		0.743	0	226		bs->alt
pobjede	pobjegao		pobegao	14.74	15.06	0.00	0.4946	1.0000		0.816	0	38		bs->alt
pobjede	pobjegli		pobegli	9.70	9.91	0.00	0.4946	1.0000		0.800	0	25		bs->alt
pobjede	pobjeći		pobegne	14.35	13.88	0.00	0.5085	1.0000		0.405	0	37		bs->alt
podijeljen	podijeljen		podeljen	15.52	16.65	0.00	0.4824	1.0000		0.700	0	40		bs->alt
podijeljen	podijeljena		podeljena	27.93	30.92	0.00	0.4746	1.0000		0.847	0	72		bs->alt
podijeljen	podijeljene		podeljene	8.92	7.93	0.00	0.5295	1.0000		0.478	0	23		bs->alt
podijeljen	podijeljeni		podeljeni	18.62	24.58	0.00	0.4310	1.0000		0.792	0	48		bs->alt
podijeljen	podijeljeno		podeljeno	12.41	11.50	0.00	0.5192	1.0000		0.719	0	32		bs->alt
podijeljen	podijeljenog		podeljenog	25.60	23.79	0.00	0.5184	1.0000		0.909	0	66		bs->alt
podijeljen	podijeljenom		podeljenom	20.56	21.80	0.00	0.4853	1.0000		0.811	0	53		bs->alt
podjela	podjela		podela	34.53	33.70	0.00	0.5061	1.0000		0.730	0	89		bs->alt
podjela	podjele		podele	65.17	70.17	0.00	0.4815	1.0000		0.667	0	168		bs->alt
podjela	podjeli		podeli	19.01	19.82	0.00	0.4895	1.0000		0.673	0	49		bs->alt
podjela	podjelu		podelu	30.26	27.75	0.00	0.5216	1.0000		0.526	0	78		bs->alt
podnio	podnijela		podnela	20.95	49.55	0.00	0.2971	1.0000		0.815	0	54		bs->alt
podnio	podnijeli		podneli	12.41	32.51	0.00	0.2763	1.0000		0.625	0	32		bs->alt
podnio	podnio		podneo	43.06	95.14	0.00	0.3116	1.0000		0.874	0	111		bs->alt
podsekretar	podsekretar	podtajnik		10.86	0.00	10.56	1.0000	0.5071	0.893		28	0	bs->alt	
podsjeća	podsjetio		podsetio	13.19	15.06	0.00	0.4668	1.0000		0.882	0	34		bs->alt
podsjeća	podsjeća		podseća	9.31	16.25	0.00	0.3642	1.0000		0.792	0	24		bs->alt
poduzele	poduzele		preduzele	10.47	10.70	0.00	0.4946	1.0000		0.556	0	27		bs->alt
poduzele	poduzimaju		preduzimaju	15.13	15.86	0.00	0.4883	1.0000		0.667	0	39		bs->alt
polovini	polovini	polovici		33.36	0.00	41.06	1.0000	0.4483	0.849		86	0	bs->alt	
ponedjeljak	ponedjeljak		ponedeljak	877.13	902.68	0.00	0.4928	1.0000		0.982	0	2261		bs->alt
ponedjeljak	ponedjeljka		ponedeljka	58.58	44.80	0.00	0.5667	1.0000		0.642	0	151		bs->alt
poor	poor		purs	19.01	20.22	0.39	0.4846	0.9798		0.958	0	48		bs->alt
popescu	popescu		popesku	26.38	31.32	0.00	0.4572	1.0000		1.000	0	68		bs->alt
poređenju	poređenju	usporedbi		50.43	0.00	118.48	1.0000	0.2986	0.746		130	0	bs->alt	
porijeklom	porijeklom		poreklom	12.80	3.96	0.00	0.7636	1.0000		0.485	0	33		bs->alt
porodica	porodica	obitelj		91.17	0.00	100.10	1.0000	0.4766	0.553		235	0	bs->alt	
porodica	porodicama	obiteljima		31.04	0.00	32.46	1.0000	0.4888	0.812		80	0	bs->alt	
porodica	porodice	obitelji		131.51	0.40	137.25	0.9970	0.4893	0.876		338	0	bs->alt	
porodica	porodici	obitelji		57.80	0.00	62.17	1.0000	0.4818	0.826		149	0	bs->alt	
porodica	porodicom	obitelji		14.35	0.00	14.47	1.0000	0.4980	0.865		37	0	bs->alt	
porodica	porodicu	obitelj		36.47	0.00	32.85	1.0000	0.5261	0.734		94	0	bs->alt	
posjeta	posjeta		poseta	100.48	256.49	0.00	0.2815	1.0000		0.822	0	259		bs->alt
posjeta	posjete		posete	242.85	19.43	0.00	0.9259	1.0000		0.895	0	626		bs->alt
posjeta	posjeti		poseti	120.26	16.25	0.00	0.8809	1.0000		0.594	0	310		bs->alt
posjeta	posjetila		posetila	24.44	19.03	0.00	0.5622	1.0000		0.841	0	63		bs->alt
posjetilaca	posjetilaca	posjetitelja	posetilaca	52.76	0.40	0.00	0.9925	1.0000	0.733	0.684	135	136	bs->alt	bs->alt
posjeta	posjetili		posetili	27.54	29.73	0.00	0.4809	1.0000		0.803	0	71		bs->alt
posjeta	posjetilo		posetilo	13.19	26.96	0.00	0.3285	1.0000		0.853	0	34		bs->alt
posjeta	posjetio		posetio	115.99	155.40	0.00	0.4274	1.0000		0.906	0	299		bs->alt
posjeta	posjetioce	posjetitelje	posetioce	17.85	0.00	0.00	1.0000	1.0000	0.696	0.674	46	46	bs->alt	bs->alt
posjeta	posjetioci	posjetitelji	posetioci	42.29	0.00	0.00	1.0000	1.0000	0.826	0.780	109	109	bs->alt	bs->alt
posjetilaca	posjetiocima	posjetiteljima	posetiocima	13.58	0.00	0.00	1.0000	1.0000	0.629	0.543	35	35	bs->alt	bs->alt
posjeta	posjetit		posetiće	8.92	21.01	0.00	0.2981	1.0000		0.826	0	23		bs->alt
posjeta	posjetiti		posetiti	53.15	53.91	0.00	0.4964	1.0000		0.409	0	137		bs->alt
posjeta	posjetu		posetu	173.80	116.95	0.00	0.5978	1.0000		0.635	0	447		bs->alt
posjeta	posjećuju		posećuju	12.41	19.43	0.00	0.3899	1.0000		0.719	0	32		bs->alt
poslanici	poslanici	zastupnici		42.29	0.00	67.26	1.0000	0.3860	0.826		109	0	bs->alt	
poslije	poslije		posle	20.17	51.14	0.00	0.2829	1.0000		0.615	0	52		bs->alt
posljedice	posljedicama		posledicama	14.35	21.41	0.00	0.4014	1.0000		0.486	0	37		bs->alt
posljedice	posljedice		posledice	73.32	109.42	0.00	0.4012	1.0000		0.587	0	189		bs->alt
posmatrača	posmatrača	promatrača		27.93	0.00	30.11	1.0000	0.4812	0.847		72	0	bs->alt	
posmatrača	posmatrači	promatrači		61.29	0.00	57.48	1.0000	0.5161	0.943		158	0	bs->alt	
postotak	postotak		odsto	24.44	44.00	0.00	0.3571	1.0000		0.413	0	63		bs->alt
potpredsjednika	potpredsjednika		potpredsednika	18.62	36.47	0.00	0.3380	1.0000		0.854	0	48		bs->alt
povjerenja	povjerenica		komesarka	19.40	18.63	0.00	0.5101	1.0000		0.680	0	50		bs->alt
povjerenja	povjerenikom		komesarom	15.91	15.86	0.00	0.5008	1.0000		0.902	0	41		bs->alt
povjerenja	povjerenja		poverenja	72.93	68.98	0.00	0.5139	1.0000		0.670	0	188		bs->alt
povjerenja	povjerenje		poverenje	66.34	67.79	0.00	0.4946	1.0000		0.830	0	171		bs->alt
povrijeđen	povrijeđen	ozlijeđen	povređen	8.53	0.00	0.00	1.0000	1.0000	0.818	0.773	22	22	bs->alt	bs->alt
povrijeđen	povrijeđenih	ozlijeđenih	povređenih	13.97	0.00	0.00	1.0000	1.0000	0.611	0.639	36	36	bs->alt	bs->alt
povrijeđen	povrijeđeno		povređeno	29.87	0.40	0.00	0.9869	1.0000		0.805	0	77		bs->alt
pozorišne	pozorišne	kazališne		11.25	0.00	17.99	1.0000	0.3848	0.759		29	0	bs->alt	
pozorišne	pozorišni	kazališni		8.92	0.00	10.95	1.0000	0.4490	0.609		23	0	bs->alt	
pozorišne	pozorišnih	kazališnih		8.53	0.00	11.73	1.0000	0.4211	0.955		22	0	bs->alt	
pozorišne	pozorišta	kazališta		17.07	0.00	28.15	1.0000	0.3774	0.864		44	0	bs->alt	
pozorišne	pozorište	kazalište		15.13	0.00	21.51	1.0000	0.4130	0.744		39	0	bs->alt	
pozorišne	pozorištu	kazalištu		8.15	0.00	13.29	1.0000	0.3800	0.762		21	0	bs->alt	
počet	počet		počeće	21.34	7.93	0.00	0.7291	1.0000		0.782	0	55		bs->alt
predsjedava	predsjedava		predsedavajući	39.18	8.72	0.00	0.8179	1.0000		0.604	0	101		bs->alt
predsjedavajuća	predsjedavajuća		predsedavajući	41.51	5.55	0.00	0.8821	1.0000		0.467	0	107		bs->alt
predsjedavajuća	predsjedavajuće		predsedavajućeg	15.13	1.19	0.00	0.9271	1.0000		0.436	0	39		bs->alt
predsjedavajuća	predsjedavajućim		predsednikom	16.68	3.96	0.00	0.8080	1.0000		0.837	0	43		bs->alt
predsjedava	predsjedavanja		predsedavanja	39.57	12.69	0.00	0.7572	1.0000		0.490	0	102		bs->alt
predsjedava	predsjedavanje		predsedavanje	59.35	22.20	0.00	0.7278	1.0000		0.595	0	153		bs->alt
predsjedava	predsjedavao		predsedavao	13.97	5.95	0.00	0.7014	1.0000		0.889	0	36		bs->alt
predsjedava	predsjednica		predsednica	45.39	68.58	0.00	0.3982	1.0000		0.906	0	117		bs->alt
predsjedava	predsjednici		predsednici	27.16	32.11	0.00	0.4582	1.0000		0.914	0	70		bs->alt
predsjedava	predsjednik		predsednik	1118.43	1245.20	0.00	0.4732	1.0000		0.958	0	2883		bs->alt
predsjedava	predsjednika		predsednika	435.66	491.97	0.00	0.4696	1.0000		0.837	0	1123		bs->alt
predsjedava	predsjednikom		predsednikom	193.19	206.15	0.00	0.4838	1.0000		0.966	0	498		bs->alt
predsjedava	predsjedniku		predsedniku	44.61	49.95	0.00	0.4718	1.0000		0.861	0	115		bs->alt
predsjedava	predsjedničke		predsedničke	31.04	26.16	0.00	0.5426	1.0000		0.562	0	80		bs->alt
predsjedava	predsjednički		predsednički	26.77	22.60	0.00	0.5422	1.0000		0.623	0	69		bs->alt
predsjedava	predsjedničkih		predsedničkih	36.08	44.00	0.00	0.4505	1.0000		0.828	0	93		bs->alt
predsjedava	predsjedničkim		predsedničkim	22.11	21.41	0.00	0.5081	1.0000		0.772	0	57		bs->alt
predsjedava	predsjedničkog		predsedničkog	10.09	10.70	0.00	0.4852	1.0000		0.538	0	26		bs->alt
predsjedava	predsjedništva		predsedništva	110.56	149.85	0.00	0.4246	1.0000		0.930	0	285		bs->alt
predsjedava	predsjedništvo		predsedništvo	19.40	34.89	0.00	0.3573	1.0000		0.820	0	50		bs->alt
predsjedava	predstavljat		predstavljaće	23.28	23.39	0.00	0.4988	1.0000		0.583	0	60		bs->alt
preduslov	preduslov	preduvjet		30.65	0.00	29.72	1.0000	0.5077	0.823		79	0	bs->alt	
preduslov	preduslova	preduvjeta		8.15	0.00	6.26	1.0000	0.5656	0.810		21	0	bs->alt	
predvidio	predvidio		predvideo	13.97	5.95	0.00	0.7014	1.0000		0.750	0	36		bs->alt
prenio	prenio		preneo	10.86	48.36	0.00	0.1834	1.0000		0.536	0	28		bs->alt
pres	pres	tiskovnoj		137.33	0.40	24.63	0.9971	0.8479	0.754		353	0	bs->alt	
pretrpio	pretrpio		pretrpeo	12.80	10.31	0.00	0.5540	1.0000		0.515	0	33		bs->alt
pretrpio	pretrpjela		pretrpela	15.91	8.72	0.00	0.6459	1.0000		0.538	0	26		alt->bs
pretrpio	pretrpjeli		pretrpeli	9.70	9.12	0.00	0.5154	1.0000		0.400	0	25		bs->alt
prevazilaženje	prevazilaženje	nadvladavanje		10.09	0.00	16.42	1.0000	0.3805	0.615		26	0	bs->alt	
prevazilaženje	prevazilaženju	nadvladavanju		10.47	0.00	5.47	1.0000	0.6568	0.593		27	0	bs->alt	
preživjeli	preživjeli		preživeli	10.47	7.93	0.00	0.5692	1.0000		0.630	0	27		bs->alt
prije	prije		pre	882.56	1004.56	0.00	0.4677	1.0000		0.875	0	2275		bs->alt
prijedlog	prijedlog		predlog	186.21	172.45	0.00	0.5192	1.0000		0.710	0	480		bs->alt
prijedlog	prijedloga		predloga	60.52	63.83	0.00	0.4867	1.0000		0.654	0	156		bs->alt
prijedlog	prijedloge		predloge	27.93	27.75	0.00	0.5016	1.0000		0.708	0	72		bs->alt
prijedlog	prijedlogom		predlogom	20.95	17.44	0.00	0.5457	1.0000		0.463	0	54		bs->alt
prijedlog	prijedlogu		predlogu	43.45	37.66	0.00	0.5357	1.0000		0.652	0	112		bs->alt
prijedlog	prijedlozi		predlozi	14.35	14.67	0.00	0.4946	1.0000		0.568	0	37		bs->alt
prijedlog	prijedlozima		predlozima	10.09	9.51	0.00	0.5146	1.0000		0.615	0	26		bs->alt
prijedlog	prijelaza		prelaza	46.16	55.90	0.00	0.4523	1.0000		0.765	0	119		bs->alt
prijedlog	prijelazima		prelazima	20.56	33.70	0.00	0.3789	1.0000		0.943	0	53		bs->alt
prijedlog	prijelazu		prelazu	20.56	29.73	0.00	0.4088	1.0000		0.849	0	53		bs->alt
prije	prijemu	prijamu		9.31	0.00	53.18	1.0000	0.1490	0.417		24	0	bs->alt	
prijestolnica	prijestolnica		prestonica	12.03	9.91	0.00	0.5482	1.0000		0.774	0	31		bs->alt
prijestolnica	prijestolnice		prestonice	19.40	3.17	0.00	0.8595	1.0000		0.600	0	50		bs->alt
prijestolnica	prijestolnici		prestonici	18.62	5.15	0.00	0.7832	1.0000		0.708	0	48		bs->alt
prije	prijete		prete	14.35	15.06	0.00	0.4879	1.0000		0.703	0	37		bs->alt
prije	prijeti		preti	30.26	26.96	0.00	0.5289	1.0000		0.641	0	78		bs->alt
prijedlog	prijetnja		pretnja	26.77	36.47	0.00	0.4233	1.0000		0.406	0	69		bs->alt
prijedlog	prijetnjama		pretnjama	13.58	15.06	0.00	0.4740	1.0000		0.571	0	35		bs->alt
prijedlog	prijetnje		pretnje	72.16	63.03	0.00	0.5337	1.0000		0.618	0	186		bs->alt
prijedlog	prijetnji		pretnji	30.26	33.70	0.00	0.4731	1.0000		0.654	0	78		bs->alt
prijedlog	prijetnjom		pretnjom	22.89	17.84	0.00	0.5620	1.0000		0.458	0	59		bs->alt
prijedlog	prijetnju		pretnju	62.46	54.31	0.00	0.5349	1.0000		0.547	0	161		bs->alt
prije	prijevoz		prevoz	17.85	22.20	0.00	0.4456	1.0000		0.543	0	46		bs->alt
prijedlog	prijevoznik		avioprevoznik	15.91	10.31	0.00	0.6068	1.0000		0.488	0	41		bs->alt
prijedlog	prijevremene		prevremene	30.65	17.05	0.00	0.6426	1.0000		0.765	0	34		alt->bs
prijedlog	prijevremeni		prevremeni	15.91	10.70	0.00	0.5977	1.0000		0.464	0	28		alt->bs
prijestolnica	prijevremenih		prevremenih	20.56	13.08	0.00	0.6111	1.0000		0.455	0	22		alt->bs
priliv	priliv	priljev		30.65	0.00	25.03	1.0000	0.5505	0.582		79	0	bs->alt	
priliv	priliva	priljeva		13.97	0.00	10.56	1.0000	0.5695	0.611		36	0	bs->alt	
primijetili	primijetili		primetili	8.92	5.95	0.00	0.6001	1.0000		0.696	0	23		bs->alt
primjenjuje	primjenjuje		primenjuje	13.19	13.08	0.00	0.5020	1.0000		0.618	0	34		bs->alt
primjenjuje	primjenjuju		primenjuju	9.31	7.53	0.00	0.5528	1.0000		0.417	0	24		bs->alt
primjer	primjer		primer	187.76	106.24	0.00	0.6386	1.0000		0.882	0	484		bs->alt
primjer	primjera		primera	10.86	15.46	0.00	0.4127	1.0000		0.536	0	28		bs->alt
princip	princip	načelo		27.54	0.79	23.85	0.9720	0.5359	0.739		69	0	bs->alt	
princip	principa	načela		35.69	0.40	35.19	0.9890	0.5035	0.848		92	0	bs->alt	
princip	principima	načelima		26.38	0.00	27.37	1.0000	0.4908	0.853		68	0	bs->alt	
prisjeća	prisjeća		seća	12.41	7.93	0.00	0.6102	1.0000		0.438	0	32		bs->alt
pristalica	pristalica	pristaša		30.65	0.79	32.85	0.9748	0.4827	0.709		79	0	bs->alt	
pristalica	pristalicama	pristašama		15.91	0.00	13.29	1.0000	0.5447	0.683		41	0	bs->alt	
prisustvuje	prisustvuje	nazoči		14.74	0.40	22.29	0.9738	0.3981	0.474		38	0	bs->alt	
procjena	procjena		procena	15.91	32.51	0.00	0.3285	1.0000		0.537	0	41		bs->alt
procjena	procjenama		procenama	21.34	15.86	0.00	0.5737	1.0000		0.418	0	55		bs->alt
procjena	procjene		procene	29.10	50.35	0.00	0.3662	1.0000		0.587	0	75		bs->alt
procjena	procjenjuje		procenjuje	116.77	72.15	0.00	0.6181	1.0000		0.422	0	301		bs->alt
procjena	procjenjuju		procenjuju	18.62	27.75	0.00	0.4016	1.0000		0.688	0	48		bs->alt
procjena	procjenu		procenu	19.01	41.63	0.00	0.3135	1.0000		0.510	0	49		bs->alt
prodavnica	prodavnica	prodavaonica		19.40	0.00	26.20	1.0000	0.4254	0.540		50	0	bs->alt	
prodavnica	prodavnice	prodavaonice		21.72	0.00	33.63	1.0000	0.3925	0.429		56	0	bs->alt	
proevropske	proevropske	proeuropske		8.15	0.00	9.38	1.0000	0.4647	0.762		21	0	bs->alt	
profesorica	profesorica		profesorka	11.25	13.88	0.00	0.4478	1.0000		0.828	0	29		bs->alt
proljeća	proljeća		proleća	20.17	27.35	0.00	0.4245	1.0000		0.885	0	52		bs->alt
proljeća	proljeće		proleće	28.71	23.39	0.00	0.5510	1.0000		0.770	0	74		bs->alt
promijeni	promijeni		promeni	12.41	18.24	0.00	0.4050	1.0000		0.750	0	32		bs->alt
promijeni	promijenila		promenila	17.07	24.98	0.00	0.4060	1.0000		0.750	0	44		bs->alt
promijeni	promijenilo		promenilo	17.46	22.20	0.00	0.4402	1.0000		0.844	0	45		bs->alt
promijeni	promijenio		promenio	10.86	18.63	0.00	0.3683	1.0000		0.893	0	28		bs->alt
promijeni	promijeniti		promeniti	45.00	93.95	0.00	0.3239	1.0000		0.455	0	101		alt->bs
promjena	promjena		promena	101.64	113.38	0.00	0.4727	1.0000		0.576	0	262		bs->alt
promjena	promjenama		promenama	39.96	41.23	0.00	0.4922	1.0000		0.524	0	103		bs->alt
promjena	promjene		promene	144.31	177.60	0.00	0.4483	1.0000		0.664	0	372		bs->alt
promjena	promjeni		promeni	10.09	16.25	0.00	0.3829	1.0000		0.692	0	26		bs->alt
promjena	promjenu		promenu	31.42	49.55	0.00	0.3880	1.0000		0.531	0	81		bs->alt
promovira	promovira		promoviše	23.66	2.38	0.00	0.9087	1.0000		0.672	0	61		bs->alt
promovira	promoviraju		promovišu	13.58	0.40	0.00	0.9716	1.0000		0.429	0	35		bs->alt
promovira	promoviranje	promidžba	promovisanje	40.73	0.79	0.00	0.9809	1.0000	0.455	0.427	22	96	alt->bs	alt->bs
promovira	promoviranju	promicanju	promovisanju	20.95	0.40	0.00	0.9814	1.0000	0.407	0.426	54	54	bs->alt	bs->alt
pronevjeru	pronevjeru		proneveru	8.53	11.10	0.00	0.4347	1.0000		0.682	0	22		bs->alt
prosjek	prosjek		prosek	11.64	10.70	0.00	0.5209	1.0000		0.533	0	30		bs->alt
prosjek	prosjeka		proseka	28.71	28.54	0.00	0.5014	1.0000		0.905	0	74		bs->alt
prosjek	prosjeku		proseku	32.20	35.68	0.00	0.4744	1.0000		0.843	0	83		bs->alt
prosjek	prosječna		prosečna	27.54	28.54	0.00	0.4911	1.0000		0.831	0	71		bs->alt
prosjek	prosječne		prosečne	13.19	14.67	0.00	0.4735	1.0000		0.706	0	34		bs->alt
prosjek	prosječni		prosečan	13.19	5.55	0.00	0.7038	1.0000		0.441	0	34		bs->alt
prosjek	prosječno		proseku	8.53	5.95	0.00	0.5894	1.0000		0.409	0	22		bs->alt
protesta	protesta	prosvjeda		113.67	1.98	102.06	0.9829	0.5269	0.713		289	0	bs->alt	
protesta	proteste	prosvjede		57.80	0.79	44.58	0.9865	0.5646	0.608		148	0	bs->alt	
protesta	protesti	prosvjedi		45.00	0.40	42.62	0.9913	0.5136	0.776		116	0	bs->alt	
protesta	protestima	prosvjedima		30.65	0.00	14.86	1.0000	0.6735	0.448		67	0	alt->bs	
protestiraju	protestiraju	prosvjeduju		18.23	0.40	0.00	0.9787	1.0000	0.745		47	0	bs->alt	
proveden	provedbom		sprovođenjem	24.83	19.03	0.00	0.5661	1.0000		0.519	0	27		alt->bs
proveden	proveden		sproveden	12.03	29.73	0.00	0.2880	1.0000		0.613	0	31		bs->alt
provjere	provjere		provere	9.31	19.43	0.00	0.3240	1.0000		0.458	0	24		bs->alt
prvobitno	prvobitno	prvotno		60.91	1.19	36.76	0.9808	0.6236	0.432		155	0	bs->alt	
ramush	ramush		ramuš	8.92	10.31	0.00	0.4640	1.0000		1.000	0	23		bs->alt
rasmussen	rasmussen		rasmusen	23.28	23.79	0.00	0.4946	1.0000		0.883	0	60		bs->alt
ratificirao	ratificirao		ratifikovao	12.03	9.12	0.00	0.5688	1.0000		0.774	0	31		bs->alt
razmjena	razmjena		razmena	27.54	16.65	0.00	0.6232	1.0000		0.545	0	44		alt->bs
razmjena	razmjene		razmene	52.76	31.32	0.00	0.6275	1.0000		0.568	0	81		alt->bs
razmjena	razmjeni		razmeni	19.40	19.03	0.00	0.5048	1.0000		0.620	0	50		bs->alt
razmjena	razmjenjuju		razmenjuju	8.15	7.93	0.00	0.5068	1.0000		0.714	0	21		bs->alt
razmjena	razmjenu		razmenu	42.29	34.09	0.00	0.5536	1.0000		0.495	0	109		bs->alt
razumije	razumije		razume	10.86	13.88	0.00	0.4391	1.0000		0.750	0	28		bs->alt
razumijevanja	razumijevanja		razumevanja	13.19	13.08	0.00	0.5020	1.0000		0.559	0	34		bs->alt
razumijevanja	razumijevanje		razumevanje	16.29	18.63	0.00	0.4665	1.0000		0.667	0	42		bs->alt
razumijevanja	razumijevanju		razumevanju	32.97	33.70	0.00	0.4946	1.0000		0.965	0	85		bs->alt
reagirali	reagirali		reagovali	15.52	22.20	0.00	0.4114	1.0000		0.775	0	40		bs->alt
recep	recep		redžep	100.86	113.38	0.00	0.4708	1.0000		0.985	0	260		bs->alt
recep	recepa		redžepa	26.77	24.58	0.00	0.5213	1.0000		0.870	0	69		bs->alt
redovno	redovno	redovito		42.29	0.79	41.06	0.9816	0.5074	0.731		108	0	bs->alt	
region	region	regiju		127.24	0.00	134.12	1.0000	0.4868	0.470		328	0	bs->alt	
region	regionu	regiji		552.81	0.40	522.02	0.9993	0.5143	0.766		1425	0	bs->alt	
registriranih	registriranih		odsto	20.56	21.01	0.00	0.4946	1.0000		0.528	0	53		bs->alt
regulira	regulira		reguliše	8.53	10.70	0.00	0.4436	1.0000		0.591	0	22		bs->alt
rehn	rehn		ren	147.42	158.57	0.78	0.4818	0.9947		0.992	0	378		bs->alt
rehna	rehna		rena	14.35	11.89	0.00	0.5469	1.0000		0.703	0	37		bs->alt
rehnom	rehnom		renom	11.64	12.29	0.00	0.4864	1.0000		1.000	0	30		bs->alt
reorganizaciju	reorganizaciju	preustroj		14.74	0.40	8.60	0.9738	0.6315	0.757		37	0	bs->alt	
reuters	reuters		rojters	734.37	737.37	14.47	0.4990	0.9807		0.974	0	1856		bs->alt
rexhepi	rexhepi		redžepi	39.18	40.04	0.00	0.4946	1.0000		0.990	0	101		bs->alt
režiser	režiser	redatelj		32.97	0.00	30.89	1.0000	0.5163	0.929		85	0	bs->alt	
režiser	režisera	redatelja		47.72	0.00	49.27	1.0000	0.4920	0.894		123	0	bs->alt	
rice	rice		rajs	24.83	40.04	0.00	0.3827	1.0000		0.984	0	64		bs->alt
richard	richard		ričard	15.13	15.46	0.00	0.4946	1.0000		0.974	0	39		bs->alt
rijetko	rijetko		retko	21.34	21.01	0.00	0.5038	1.0000		0.855	0	55		bs->alt
riječ	riječ		reč	33.36	149.85	0.00	0.1821	1.0000		0.616	0	86		bs->alt
riječ	riječi		reči	78.36	78.10	0.00	0.5009	1.0000		0.604	0	202		bs->alt
riječ	riječima		rečima	338.28	199.80	0.00	0.6287	1.0000		0.659	0	872		bs->alt
riješe	riješe		reše	19.40	11.10	0.00	0.6360	1.0000		0.600	0	50		bs->alt
riješe	riješen		rešen	12.41	19.82	0.00	0.3851	1.0000		0.531	0	32		bs->alt
riješe	riješi		reši	62.07	27.75	0.00	0.6910	1.0000		0.581	0	160		bs->alt
riješe	riješila		rešila	8.53	11.50	0.00	0.4261	1.0000		0.500	0	22		bs->alt
riješe	riješiti		rešimo	107.85	105.05	0.00	0.5066	1.0000		0.519	0	27		alt->bs
rješava	rješava		rešava	10.47	10.70	0.00	0.4946	1.0000		0.407	0	27		bs->alt
rješava	rješavaju		rešavaju	13.58	10.70	0.00	0.5592	1.0000		0.486	0	35		bs->alt
rješava	rješavanje		rešavanje	131.12	140.34	0.00	0.4830	1.0000		0.462	0	338		bs->alt
rješava	rješavanju		rešavanju	109.01	83.25	0.00	0.5670	1.0000		0.638	0	138		alt->bs
rješava	rješavati		rešavati	57.80	38.45	0.00	0.6005	1.0000		0.407	0	27		alt->bs
rješenja	rješenja		rešenja	170.31	205.35	0.00	0.4534	1.0000		0.699	0	439		bs->alt
rješenja	rješenje		rešenje	256.04	255.30	0.00	0.5007	1.0000		0.791	0	660		bs->alt
rješenja	rješenjem		rešenjem	18.23	13.88	0.00	0.5679	1.0000		0.519	0	27		alt->bs
rješenja	rješenjima		rešenjima	9.70	9.12	0.00	0.5154	1.0000		0.680	0	25		bs->alt
rješenja	rješenju		rešenju	30.26	34.89	0.00	0.4645	1.0000		0.615	0	78		bs->alt
ruecker	ruecker		riker	21.34	22.99	0.00	0.4813	1.0000		1.000	0	55		bs->alt
rumuna	rumuna	rumunja		29.48	0.00	29.72	1.0000	0.4980	0.855		76	0	bs->alt	
rumuna	rumune	rumunje		10.86	0.00	12.12	1.0000	0.4726	0.786		28	0	bs->alt	
rumuna	rumuni	rumunji		31.81	0.00	36.37	1.0000	0.4666	0.927		82	0	bs->alt	
rumuna	rumunija	rumunjska		306.86	0.40	310.47	0.9987	0.4971	0.899		790	0	bs->alt	
rumuna	rumunije	rumunjske		247.89	0.00	196.29	1.0000	0.5581	0.662		639	0	bs->alt	
rumuna	rumuniji	rumunjskoj		293.67	0.00	267.46	1.0000	0.5234	0.785		757	0	bs->alt	
rumuna	rumunijom	rumunjskom		16.29	0.00	17.21	1.0000	0.4864	0.905		42	0	bs->alt	
rumuna	rumuniju	rumunjsku		87.67	0.40	84.46	0.9955	0.5093	0.716		225	0	bs->alt	
rumuna	rumunska	rumunjska		76.04	0.00	97.37	1.0000	0.4385	0.872		196	0	bs->alt	
rumuna	rumunske	rumunjske		55.48	0.00	78.21	1.0000	0.4150	0.727		143	0	bs->alt	
rumuna	rumunski	rumunjski		192.81	0.40	215.85	0.9979	0.4718	0.903		496	0	bs->alt	
rumuna	rumunskih	rumunjskih		28.71	0.00	41.45	1.0000	0.4092	0.851		74	0	bs->alt	
rumuna	rumunskim	rumunjskim		22.89	0.00	26.98	1.0000	0.4590	0.847		59	0	bs->alt	
rumuna	rumunsko	rumunjsko		22.11	0.00	28.15	1.0000	0.4399	0.754		57	0	bs->alt	
rumuna	rumunskog	rumunjskog		48.88	0.40	55.92	0.9920	0.4664	0.728		125	0	bs->alt	
rumuna	rumunskom	rumunjskom		22.50	0.00	28.54	1.0000	0.4408	0.724		58	0	bs->alt	
rumuna	rumunsku	rumunjsku		11.64	0.00	15.25	1.0000	0.4328	0.633		30	0	bs->alt	
samoubistvo	samoubistvo	samoubojstvo		9.31	0.00	7.43	1.0000	0.5562	0.875		24	0	bs->alt	
saobraćaja	saobraćaja	prometa		30.26	0.00	55.92	1.0000	0.3511	0.628		78	0	bs->alt	
saopćila	saopćenja		saopštenja	14.35	0.00	0.00	1.0000	1.0000		0.405	0	37		bs->alt
saopćila	saopćenje	priopćenje		67.11	0.40	0.00	0.9941	1.0000	0.705		173	0	bs->alt	
saopćila	saopćenju	priopćenju		205.61	0.00	0.00	1.0000	1.0000	0.796		530	0	bs->alt	
saopćila	saopćila		saopštila	117.93	0.00	0.00	1.0000	1.0000		0.414	0	304		bs->alt
saopćila	saopćilo	priopćilo	saopštilo	13.97	0.00	0.00	1.0000	1.0000	0.417	0.417	36	36	bs->alt	bs->alt
saradnik	saradnik	suradnik		24.44	0.00	26.59	1.0000	0.4789	0.587		63	0	bs->alt	
saradnik	saradnja	suradnja		159.44	0.00	151.72	1.0000	0.5124	0.708		411	0	bs->alt	
saradnik	saradnje	suradnje		276.99	0.40	250.65	0.9986	0.5250	0.735		713	0	bs->alt	
saradnik	saradnji	suradnji		250.61	0.00	243.22	1.0000	0.5075	0.820		646	0	bs->alt	
saradnik	saradnjom	suradnjom		17.85	0.00	12.12	1.0000	0.5955	0.478		46	0	bs->alt	
saradnik	saradnju	suradnju		281.64	0.40	311.26	0.9986	0.4750	0.747		726	0	bs->alt	
sarađuje	sarađivali	surađivali		12.41	0.00	12.90	1.0000	0.4903	0.594		32	0	bs->alt	
sarađuje	sarađuje	surađuje		25.99	0.00	43.01	1.0000	0.3767	0.537		67	0	bs->alt	
sarađuje	sarađuju	surađuju		27.93	0.00	52.79	1.0000	0.3460	0.597		72	0	bs->alt	
sarkozy	sarkozy		sarkozi	42.67	43.61	0.00	0.4946	1.0000		0.982	0	109		bs->alt
sarkozy	sarkozyja		sarkozija	11.25	1.98	0.00	0.8502	1.0000		0.793	0	29		bs->alt
savjetnik	savjetnik		savetnik	51.98	51.14	0.00	0.5041	1.0000		0.918	0	134		bs->alt
savjetnik	savjetnika		savetnika	10.09	11.89	0.00	0.4589	1.0000		0.808	0	26		bs->alt
scheffer	scheffer		shefer	62.46	68.98	0.00	0.4752	1.0000		0.988	0	161		bs->alt
scheffer	schefferom		sheferom	8.15	7.93	0.00	0.5068	1.0000		1.000	0	21		bs->alt
schwarz	schwarz		švarc	23.28	24.58	0.00	0.4864	1.0000		0.917	0	60		bs->alt
sedmica	sedmica	tjedana	nedelja	86.90	0.00	0.00	1.0000	1.0000	0.763	0.951	224	224	bs->alt	bs->alt
sedmica	sedmicama	tjednima	nedeljama	16.29	0.00	0.00	1.0000	1.0000	0.548	0.452	42	42	bs->alt	bs->alt
sedmica	sedmice	tjedna	nedelje	651.35	0.00	0.00	1.0000	1.0000	0.926	0.932	1679	1679	bs->alt	bs->alt
sedmica	sedmici	tjednu		11.25	0.00	0.39	1.0000	0.9664	0.448		29	0	bs->alt	
sedmica	sedmicu	tjedan		42.67	0.00	0.00	1.0000	1.0000	0.855		110	0	bs->alt	
sedmičnjaka	sedmičnjaka	tjednika	nedeljnika	9.31	0.00	0.00	1.0000	1.0000	0.958	0.875	24	24	bs->alt	bs->alt
sedmica	sedmično	tjedno	nedeljno	19.01	0.00	0.00	1.0000	1.0000	0.939	0.939	49	49	bs->alt	bs->alt
sekretar	sekretar	tajnik		178.06	0.00	194.34	1.0000	0.4781	0.839		459	0	bs->alt	
sekretar	sekretara	tajnika		87.67	0.00	88.37	1.0000	0.4980	0.805		226	0	bs->alt	
sekretar	sekretarka	tajnica		38.02	0.00	32.85	1.0000	0.5365	0.980		98	0	bs->alt	
sekretar	sekretarkom	tajnicom		13.19	0.00	10.95	1.0000	0.5464	0.971		34	0	bs->alt	
sekretar	sekretarom	tajnikom		28.71	0.00	30.89	1.0000	0.4817	0.784		74	0	bs->alt	
sekretar	sekretaru	tajniku		9.70	0.00	8.99	1.0000	0.5189	0.960		25	0	bs->alt	
septembar	septembar	rujna		152.07	0.00	73.51	1.0000	0.6741	0.778		392	0	bs->alt	
septembar	septembra	rujna		240.91	0.00	326.90	1.0000	0.4243	0.944		621	0	bs->alt	
septembar	septembru	rujnu		78.75	0.00	79.38	1.0000	0.4980	0.931		203	0	bs->alt	
serge	serge		serž	20.56	23.39	0.00	0.4678	1.0000		0.943	0	53		bs->alt
shala	shala		šalja	20.17	21.01	0.39	0.4898	0.9810		0.961	0	51		bs->alt
shkullaku	shkullaku		škulaku	9.31	9.51	0.00	0.4946	1.0000		0.917	0	24		bs->alt
sigurnosna	sigurnosna		bezbednosna	22.89	24.98	0.00	0.4782	1.0000		0.678	0	59		bs->alt
sigurnosna	sigurnosne		bezbednosne	65.17	81.27	1.96	0.4450	0.9709		0.612	0	165		bs->alt
sigurnosna	sigurnosni		bezbednosni	27.93	26.96	0.00	0.5089	1.0000		0.528	0	72		bs->alt
sigurnosna	sigurnosnih		bezbednosnih	51.60	68.98	0.39	0.4279	0.9925		0.692	0	133		bs->alt
sigurnosna	sigurnosnim		bezbednosnim	27.16	32.51	0.78	0.4552	0.9720		0.623	0	69		bs->alt
sigurnosna	sigurnosnoj		bezbednosnoj	8.53	5.15	0.00	0.6235	1.0000		0.727	0	22		bs->alt
sigurnosna	sigurnosnu		bezbednosnu	20.17	21.41	0.00	0.4852	1.0000		0.615	0	52		bs->alt
sigurnosna	sigurnosti		bezbednosti	479.49	460.66	12.51	0.5100	0.9746		0.724	0	1214		bs->alt
sistem	sistem	sustav		234.32	1.19	253.38	0.9950	0.4805	0.834		601	0	bs->alt	
sistem	sistema	sustava		216.86	0.40	201.38	0.9982	0.5185	0.771		558	0	bs->alt	
sistem	sisteme	sustave		16.68	0.00	19.16	1.0000	0.4654	0.744		43	0	bs->alt	
sistem	sistemima	sustavima		9.70	0.00	8.99	1.0000	0.5189	0.600		25	0	bs->alt	
sistem	sistemom	sustavom		24.05	0.00	22.29	1.0000	0.5190	0.548		62	0	bs->alt	
sistem	sistemu	sustavu		87.67	0.00	82.51	1.0000	0.5152	0.686		226	0	bs->alt	
sjedišta	sjedišta		sedišta	17.07	20.61	0.00	0.4530	1.0000		0.682	0	44		bs->alt
sjedišta	sjedište		sedište	23.66	34.89	0.00	0.4042	1.0000		0.754	0	61		bs->alt
sjedišta	sjedištem		sedištem	32.97	95.94	0.00	0.2558	1.0000		0.635	0	85		bs->alt
sjedišta	sjedištu		sedištu	25.99	26.56	0.00	0.4946	1.0000		0.776	0	67		bs->alt
sjednica	sjednica		sednica	13.19	6.74	0.00	0.6618	1.0000		0.471	0	34		bs->alt
sjednica	sjednice		sednice	25.22	11.10	0.00	0.6943	1.0000		0.478	0	46		alt->bs
sjednica	sjednici		sednici	43.84	28.54	0.00	0.6057	1.0000		0.619	0	113		bs->alt
sjednica	sjednicu		sednicu	25.60	13.48	0.00	0.6551	1.0000		0.530	0	66		bs->alt
sjevera	sjevera		severa	32.20	27.35	0.00	0.5407	1.0000		0.614	0	83		bs->alt
sjevera	sjeverna		severna	26.77	29.73	0.00	0.4738	1.0000		0.928	0	69		bs->alt
sjevera	sjeverne		severne	40.35	35.28	0.00	0.5335	1.0000		0.635	0	104		bs->alt
sjevera	sjeverni		severni	25.60	36.08	0.00	0.4151	1.0000		0.864	0	66		bs->alt
sjevera	sjeverno		severno	32.97	36.87	0.00	0.4721	1.0000		0.741	0	85		bs->alt
sjevera	sjevernog		severnog	28.32	37.66	0.00	0.4292	1.0000		0.589	0	73		bs->alt
sjevera	sjevernoj		severnoj	47.33	67.00	0.00	0.4140	1.0000		0.877	0	122		bs->alt
sjevera	sjevernom		severnom	57.80	126.46	0.00	0.3137	1.0000		0.738	0	149		bs->alt
sjevera	sjevernu		severnu	14.35	13.48	0.00	0.5157	1.0000		0.595	0	37		bs->alt
sjeverozapadu	sjeverozapadu		severozapadu	10.47	8.72	0.00	0.5457	1.0000		0.556	0	27		bs->alt
sjevera	sjeveru		severu	332.85	246.98	0.00	0.5741	1.0000		0.585	0	858		bs->alt
sjećanja	sjećanja		sećanja	17.46	19.03	0.00	0.4785	1.0000		0.756	0	45		bs->alt
skelet	skelet	kostur		8.53	0.00	6.65	1.0000	0.5622	0.955		22	0	bs->alt	
slijede	slijede		slede	29.10	40.44	0.00	0.4184	1.0000		0.600	0	75		bs->alt
slijede	slijediti		slediti	27.93	22.60	0.00	0.5528	1.0000		0.704	0	27		alt->bs
sljedeće	sljedeće		sledeće	24.83	167.69	0.00	0.1290	1.0000		0.594	0	64		bs->alt
slovenska	slovenska		slovenačka	15.13	13.88	0.39	0.5216	0.9748		0.821	0	39		bs->alt
slovenska	slovenski		slovenački	65.17	68.19	1.17	0.4887	0.9823		0.929	0	168		bs->alt
službeni	službeni		zvaničan	48.49	121.71	0.39	0.2849	0.9920		0.508	0	59		alt->bs
smije	smije		sme	31.42	30.53	0.00	0.5072	1.0000		0.531	0	81		bs->alt
smije	smijemo		smemo	9.31	11.50	0.00	0.4475	1.0000		0.750	0	24		bs->alt
smije	smijenio		smenio	8.15	7.14	0.00	0.5331	1.0000		0.857	0	21		bs->alt
smijenjen	smijenjen		smenjen	8.92	10.70	0.00	0.4546	1.0000		0.826	0	23		bs->alt
smiju	smiju		smeju	11.64	15.06	0.00	0.4358	1.0000		0.533	0	30		bs->alt
smjene	smjene		smene	13.58	15.46	0.00	0.4676	1.0000		0.657	0	35		bs->alt
smjene	smjenu		smenu	19.01	15.86	0.00	0.5452	1.0000		0.531	0	49		bs->alt
smjeru	smjernice		smernice	13.19	18.24	0.00	0.4197	1.0000		0.412	0	34		bs->alt
smjeru	smjeru		smeru	16.29	109.81	0.00	0.1292	1.0000		0.595	0	42		bs->alt
smještaj	smještaj		smeštaj	21.72	20.22	0.00	0.5180	1.0000		0.554	0	56		bs->alt
snijeg	snijeg		sneg	11.64	9.91	0.00	0.5401	1.0000		0.767	0	30		bs->alt
snijeg	snijega		snega	10.86	9.51	0.00	0.5331	1.0000		0.714	0	28		bs->alt
spahiu	spahiu		spahiju	8.53	8.72	0.00	0.4946	1.0000		1.000	0	22		bs->alt
specijalnog	specijalnog	ahtisaaria		53.92	0.79	57.48	0.9855	0.4840	0.438		32	0	alt->bs	
spolova	spolova		polova	17.85	27.35	0.00	0.3948	1.0000		0.935	0	46		bs->alt
sportisti	sportisti	sportaši		20.56	0.00	19.16	1.0000	0.5176	0.774		53	0	bs->alt	
spriječe	spriječe		spreče	8.53	4.36	0.00	0.6618	1.0000		0.818	0	22		bs->alt
spriječe	spriječi		spreči	15.91	7.93	0.00	0.6673	1.0000		0.732	0	41		bs->alt
spriječe	spriječila		sprečila	17.85	24.98	0.00	0.4167	1.0000		0.522	0	46		bs->alt
spriječe	spriječile		sprečile	8.53	9.12	0.00	0.4835	1.0000		0.591	0	22		bs->alt
spriječe	spriječili		sprečili	14.35	22.60	0.00	0.3885	1.0000		0.595	0	37		bs->alt
spriječe	spriječilo		sprečilo	12.03	16.25	0.00	0.4253	1.0000		0.548	0	31		bs->alt
spriječe	spriječio		sprečio	12.03	14.67	0.00	0.4505	1.0000		0.613	0	31		bs->alt
spriječe	spriječiti		sprečiti	34.91	45.99	0.00	0.4316	1.0000		0.610	0	41		alt->bs
sprječava	sprječava		sprečava	16.68	10.70	0.00	0.6091	1.0000		0.535	0	43		bs->alt
srijede	srijede		srede	69.44	45.59	0.00	0.6037	1.0000		0.609	0	179		bs->alt
srijede	srijedu		sredu	765.02	805.55	0.00	0.4871	1.0000		0.992	0	1972		bs->alt
stand	stand		stend	31.81	31.71	0.39	0.5008	0.9879		0.926	0	81		bs->alt
stanishev	stanishev		stanišev	45.39	48.36	0.39	0.4841	0.9915		0.983	0	116		bs->alt
steel	steel		es	11.64	11.89	0.00	0.4946	1.0000		0.833	0	30		bs->alt
steinberg	steinberg		stajnberg	13.19	14.27	0.00	0.4803	1.0000		0.941	0	34		bs->alt
steinberg	steinmeier		štajnmajer	9.31	9.51	0.00	0.4946	1.0000		0.917	0	24		bs->alt
stepen	stepen	stupanj		29.10	0.00	43.79	1.0000	0.3992	0.600		75	0	bs->alt	
stepen	stepeni	stupnjeva		19.78	0.00	21.12	1.0000	0.4837	0.843		51	0	bs->alt	
stoljeća	stoljeća		veka	95.82	116.95	0.00	0.4504	1.0000		0.854	0	247		bs->alt
stoljeća	stoljećima		vekovima	10.86	8.33	0.00	0.5661	1.0000		0.607	0	28		bs->alt
stoljeća	stoljeću		veku	16.68	24.58	0.00	0.4043	1.0000		0.837	0	43		bs->alt
strazburu	strazburu	strasbourgu		27.16	0.00	29.72	1.0000	0.4775	0.957		70	0	bs->alt	
studentica	studentica		studentkinja	14.74	14.67	0.00	0.5013	1.0000		0.842	0	38		bs->alt
surroi	surroi		suroi	8.15	9.12	0.00	0.4719	1.0000		1.000	0	21		bs->alt
susjeda	susjeda		suseda	37.63	46.38	0.00	0.4479	1.0000		0.608	0	97		bs->alt
susjeda	susjedama		susedima	12.41	0.00	0.00	1.0000	1.0000		0.812	0	32		bs->alt
susjeda	susjede		suseda	26.77	10.70	0.00	0.7144	1.0000		0.522	0	69		bs->alt
susjeda	susjedi		susedi	19.40	20.22	0.00	0.4896	1.0000		0.500	0	50		bs->alt
susjeda	susjedima		susedima	30.26	49.55	0.00	0.3791	1.0000		0.833	0	78		bs->alt
susjeda	susjedna		susedna	8.53	8.72	0.00	0.4946	1.0000		0.727	0	22		bs->alt
susjeda	susjedne		susedne	15.52	16.25	0.00	0.4884	1.0000		0.700	0	40		bs->alt
susjeda	susjednih		susednih	19.01	17.05	0.00	0.5272	1.0000		0.612	0	49		bs->alt
susjeda	susjednim		susednim	23.28	26.56	0.00	0.4670	1.0000		0.817	0	60		bs->alt
susjeda	susjednoj		susednoj	22.89	22.99	0.00	0.4989	1.0000		0.797	0	59		bs->alt
susjeda	susjednom		susednom	12.80	13.48	0.00	0.4871	1.0000		0.970	0	33		bs->alt
susreo	susrela		sastala	39.96	3.57	1.17	0.9180	0.9715		0.931	0	101		bs->alt
susreo	susreo		predsednicom	296.77	22.60	1.56	0.9292	0.9948		0.500	0	32		alt->bs
susreo	susrest		sastaće	9.70	1.98	0.00	0.8303	1.0000		0.680	0	25		bs->alt
svijet	svijest		svest	19.78	19.82	0.00	0.4995	1.0000		0.667	0	51		bs->alt
svijet	svijet		svet	55.09	54.71	0.00	0.5017	1.0000		0.845	0	142		bs->alt
svijet	svijetu		svetu	198.63	233.10	0.00	0.4601	1.0000		0.844	0	512		bs->alt
svjedok	svjedoci		svedoci	15.13	21.01	0.00	0.4186	1.0000		0.641	0	39		bs->alt
svjedok	svjedok		svedok	18.23	15.06	0.00	0.5476	1.0000		0.766	0	47		bs->alt
svjedok	svjedoka		svedoka	46.16	47.18	0.00	0.4946	1.0000		0.916	0	119		bs->alt
svjesna	svjesna		svesna	10.47	11.50	0.00	0.4767	1.0000		0.815	0	27		bs->alt
svjesna	svjesni		svesni	27.93	35.68	0.00	0.4391	1.0000		0.819	0	72		bs->alt
svjesna	svjestan		svestan	13.19	15.46	0.00	0.4604	1.0000		0.706	0	34		bs->alt
svjetlo	svjetlo		svetlo	51.60	37.26	0.00	0.5806	1.0000		0.586	0	133		bs->alt
svjetlo	svjetlu		svetlu	32.97	51.54	0.00	0.3902	1.0000		0.835	0	85		bs->alt
svjetlo	svjetska		svetska	80.30	93.16	0.00	0.4629	1.0000		0.894	0	207		bs->alt
svjetlo	svjetske		svetske	113.28	116.55	0.00	0.4929	1.0000		0.719	0	292		bs->alt
svjetlo	svjetski		svetski	88.84	82.06	0.00	0.5198	1.0000		0.677	0	229		bs->alt
svjetlo	svjetskih		svetskih	29.48	31.32	0.00	0.4849	1.0000		0.434	0	76		bs->alt
svjetlo	svjetskim		svetskim	20.17	29.34	0.00	0.4075	1.0000		0.635	0	52		bs->alt
svjetlo	svjetsko		svetsko	9.70	29.73	0.00	0.2460	1.0000		0.720	0	25		bs->alt
svjetlo	svjetskog		svetskog	126.08	126.07	0.00	0.5000	1.0000		0.720	0	325		bs->alt
svjetlo	svjetskoj		svetskoj	23.28	28.15	0.00	0.4526	1.0000		0.650	0	60		bs->alt
svjetlo	svjetskom		svetskom	91.17	90.78	0.00	0.5011	1.0000		0.719	0	235		bs->alt
svjetlo	svjetsku		svetsku	13.97	11.10	0.00	0.5572	1.0000		0.639	0	36		bs->alt
također	također		takođe	1619.65	2225.18	0.00	0.4213	1.0000		0.870	0	4172		bs->alt
tariceanu	tariceanu		taričeanu	35.30	35.68	0.00	0.4973	1.0000		0.615	0	91		bs->alt
tayyip	tayyip		tajip	101.25	114.57	0.00	0.4691	1.0000		0.985	0	261		bs->alt
tayyip	tayyipa		tajipa	27.54	24.98	0.00	0.5245	1.0000		0.901	0	71		bs->alt
tayyip	tayyipom		tajipom	27.16	22.60	0.00	0.5458	1.0000		0.957	0	70		bs->alt
tačaka	tačaka	točaka		47.33	0.79	45.36	0.9835	0.5106	0.775		120	0	bs->alt	
tačan	tačan	točan		10.86	0.00	7.04	1.0000	0.6068	0.536		28	0	bs->alt	
tačkama	tačkama	točkama		8.53	0.00	7.43	1.0000	0.5346	0.500		22	0	bs->alt	
tačke	tačke	točke		48.49	0.00	44.19	1.0000	0.5232	0.512		125	0	bs->alt	
tački	tački	točki		12.80	0.00	14.08	1.0000	0.4763	0.448		29	0	alt->bs	
tačku	tačku	točku		15.13	0.00	25.81	1.0000	0.3696	0.462		39	0	bs->alt	
tačno	tačno	točno		34.53	0.00	28.15	1.0000	0.5508	0.517		89	0	bs->alt	
tegova	tegova	utega		15.52	0.00	16.81	1.0000	0.4800	1.000		40	0	bs->alt	
tenderu	tenderu	natječaju		34.53	0.40	41.06	0.9886	0.4568	0.852		88	0	bs->alt	
teniser	teniser	tenisač		17.46	0.00	23.07	1.0000	0.4307	0.978		45	0	bs->alt	
thaci	thaci		tači	150.91	152.63	0.00	0.4972	1.0000		0.956	0	389		bs->alt
thaci	thacija		tačija	26.38	15.86	0.00	0.6246	1.0000		0.912	0	68		bs->alt
thaci	thacijem		tačijem	22.11	4.36	0.00	0.8353	1.0000		0.947	0	57		bs->alt
tijela	tijela		tela	74.10	81.67	0.00	0.4757	1.0000		0.602	0	191		bs->alt
tijela	tijelima		telima	9.31	12.29	0.00	0.4310	1.0000		0.583	0	24		bs->alt
tijela	tijelo		telo	70.61	66.20	0.00	0.5161	1.0000		0.555	0	182		bs->alt
tijela	tijelu		telu	16.68	15.86	0.00	0.5127	1.0000		0.605	0	43		bs->alt
tokom	tokom	tijekom		1349.26	24.18	1076.49	0.9824	0.5562	0.681		3451	0	bs->alt	
toku	toku	tijeku		260.31	7.14	118.48	0.9733	0.6872	0.661		242	0	alt->bs	
tolerirati	tolerirati		tolerisati	19.01	13.48	0.00	0.5851	1.0000		0.694	0	49		bs->alt
topalli	topalli		topali	12.80	15.46	0.00	0.4530	1.0000		1.000	0	33		bs->alt
traiana	traiana		trajana	17.85	17.44	0.00	0.5057	1.0000		0.913	0	46		bs->alt
traiana	traianom		trajanom	12.80	12.69	0.00	0.5023	1.0000		0.970	0	33		bs->alt
trajat	trajat		trajaće	11.64	20.61	0.00	0.3608	1.0000		0.633	0	30		bs->alt
transparency	transparency		transparensi	30.26	30.53	0.00	0.4978	1.0000		0.859	0	78		bs->alt
tračnica	tračnica		koloseka	11.64	1.19	0.00	0.9073	1.0000		0.567	0	30		bs->alt
tračnica	tračnicama		koloseku	13.58	0.40	0.00	0.9716	1.0000		0.619	0	21		alt->bs
tribune	tribune		tribjun	33.75	34.09	0.00	0.4975	1.0000		0.954	0	87		bs->alt
trump	trump		tramp	15.13	16.25	0.00	0.4821	1.0000		0.949	0	39		bs->alt
trusta	trusta		tink	12.41	0.00	0.00	1.0000	1.0000		0.469	0	32		bs->alt
tužilac	tužilac	tužitelj		86.51	0.00	93.46	1.0000	0.4807	0.897		223	0	bs->alt	
tužilac	tužilaštvo	tužiteljstvo		40.35	0.40	49.66	0.9903	0.4483	0.748		103	0	bs->alt	
tužiocima	tužiocima	tužiteljima		10.86	0.00	12.12	1.0000	0.4726	0.786		28	0	bs->alt	
tzanis	tzanis		canis	16.68	16.65	0.00	0.5005	1.0000		0.977	0	43		bs->alt
ubistva	ubistava	ubojstava		20.56	0.00	20.33	1.0000	0.5028	0.566		53	0	bs->alt	
ubistva	ubistva	ubojstva		58.97	0.00	96.97	1.0000	0.3781	0.849		152	0	bs->alt	
ubistva	ubistvo	ubojstvo		51.21	0.00	79.38	1.0000	0.3921	0.848		132	0	bs->alt	
ubistva	ubistvom	ubojstvom		10.86	0.00	13.29	1.0000	0.4497	0.750		28	0	bs->alt	
udio	udio		odsto	68.67	23.79	0.00	0.7427	1.0000		0.542	0	177		bs->alt
udjela	udjela		odsto	30.26	44.80	0.00	0.4032	1.0000		0.500	0	78		bs->alt
uglja	uglja	ugljena		11.64	0.00	10.56	1.0000	0.5243	0.800		30	0	bs->alt	
uhapsila	uhapsila	uhitila		50.04	0.00	58.26	1.0000	0.4621	0.899		129	0	bs->alt	
uhapsila	uhapsile	uhitile		12.41	0.00	14.47	1.0000	0.4618	0.812		32	0	bs->alt	
uhapsila	uhapsiti	uhititi		8.92	0.00	3.52	1.0000	0.7171	0.739		23	0	bs->alt	
uhapšen	uhapšen	uhićen		62.46	0.00	71.17	1.0000	0.4674	0.882		161	0	bs->alt	
uhapšen	uhapšena	uhićena		16.29	0.00	17.99	1.0000	0.4753	0.485		33	0	alt->bs	
uhapšen	uhapšeni	uhićeni		31.42	0.00	41.84	1.0000	0.4289	0.778		81	0	bs->alt	
uhapšen	uhapšenih	uhićenih		17.46	0.00	17.99	1.0000	0.4925	0.444		45	0	bs->alt	
uhapšen	uhapšeno	uhićeno		32.20	0.40	36.76	0.9878	0.4670	0.829		82	0	bs->alt	
umiješani	umiješani		umešani	13.58	15.46	0.00	0.4676	1.0000		0.543	0	35		bs->alt
umiješani	umiješanost		umešanost	14.35	19.43	0.00	0.4249	1.0000		0.514	0	37		bs->alt
umiješani	umiješanosti		umešanosti	14.35	13.48	0.00	0.5157	1.0000		0.568	0	37		bs->alt
umjesto	umjesto		umesto	122.20	202.97	0.00	0.3758	1.0000		0.857	0	315		bs->alt
umjetnik	umjetnici		umetnici	18.62	19.82	0.00	0.4844	1.0000		0.750	0	48		bs->alt
umjetnik	umjetnik		umetnik	18.62	17.84	0.00	0.5107	1.0000		0.875	0	48		bs->alt
umjetnik	umjetnika		umetnika	42.67	40.44	0.00	0.5135	1.0000		0.800	0	110		bs->alt
umjetnik	umjetnike		umetnike	8.92	8.72	0.00	0.5057	1.0000		0.826	0	23		bs->alt
umjetnik	umjetnička		umetnička	9.70	11.50	0.00	0.4576	1.0000		0.840	0	25		bs->alt
umjetnik	umjetničke		umetničke	14.35	7.53	0.00	0.6558	1.0000		0.459	0	37		bs->alt
umjetnik	umjetnički		umetnički	8.15	9.51	0.00	0.4613	1.0000		0.762	0	21		bs->alt
umjetnik	umjetnost		umetnost	18.23	17.44	0.00	0.5111	1.0000		0.723	0	47		bs->alt
umjetnik	umjetnosti		umetnosti	77.59	82.46	0.00	0.4848	1.0000		0.885	0	200		bs->alt
unaprijed	unaprijed		unapred	29.10	21.41	0.00	0.5761	1.0000		0.533	0	75		bs->alt
unaprijed	unaprijedi		unapredi	22.11	4.76	0.00	0.8230	1.0000		0.404	0	57		bs->alt
unaprijed	unaprijediti		unaprediti	60.52	23.79	0.00	0.7179	1.0000		0.446	0	56		alt->bs
unaprjeđivanje	unaprjeđivanje		unapređivanje	77.59	1.98	0.00	0.9751	1.0000		0.460	0	200		bs->alt
unaprjeđivanje	unaprjeđivanju	unapređenju		50.82	0.40	0.00	0.9923	1.0000	0.469		32	0	alt->bs	
univerzitet	univerzitet	sveučilište		43.06	0.00	40.67	1.0000	0.5143	0.838		111	0	bs->alt	
univerzitet	univerziteta	sveučilišta		122.59	0.00	150.15	1.0000	0.4495	0.839		316	0	bs->alt	
univerzitet	univerzitete	sveučilišta		8.15	0.00	5.87	1.0000	0.5814	0.714		21	0	bs->alt	
univerzitet	univerziteti	sveučilišta		8.15	0.00	9.78	1.0000	0.4546	0.857		21	0	bs->alt	
univerzitet	univerzitetima	sveučilištima		21.34	0.00	21.90	1.0000	0.4935	0.764		55	0	bs->alt	
univerzitet	univerzitetski	sveučilišni		15.91	0.00	12.12	1.0000	0.5675	0.610		41	0	bs->alt	
univerzitet	univerzitetu	sveučilištu		117.55	0.00	90.72	1.0000	0.5644	0.736		303	0	bs->alt	
uprkos	uprkos	unatoč		325.48	0.00	337.45	1.0000	0.4910	0.909		839	0	bs->alt	
ured	ured		kancelarija	137.72	167.29	0.78	0.4515	0.9944		0.493	0	353		bs->alt
ureda	ureda		kancelarije	168.37	164.52	1.17	0.5058	0.9931		0.509	0	434		bs->alt
uredu	uredu		kancelariji	23.66	27.35	0.00	0.4638	1.0000		0.615	0	39		alt->bs
uslijedio	uslijedila		usledila	73.71	40.04	0.00	0.6480	1.0000		0.556	0	99		alt->bs
uslijedio	uslijedilo		usledilo	30.65	17.05	0.00	0.6426	1.0000		0.609	0	46		alt->bs
uslijedio	uslijedio		usledio	61.68	29.34	0.00	0.6777	1.0000		0.623	0	61		alt->bs
uslijedio	uslijediti		uslediti	17.46	14.67	0.00	0.5434	1.0000		0.452	0	31		alt->bs
uslov	uslov	uvjet		50.04	0.00	69.60	1.0000	0.4183	0.783		129	0	bs->alt	
uslov	uslova	uvjeta		124.14	0.00	123.17	1.0000	0.5020	0.625		320	0	bs->alt	
uslov	uslove	uvjete		128.02	0.00	150.94	1.0000	0.4589	0.682		330	0	bs->alt	
uslov	uslovi	uvjeti		79.92	0.00	94.63	1.0000	0.4579	0.709		206	0	bs->alt	
uslov	uslovima	uvjetima		71.77	0.00	78.99	1.0000	0.4761	0.730		185	0	bs->alt	
usmjeren	usmjeren		usmeren	52.37	53.91	0.00	0.4927	1.0000		0.486	0	74		alt->bs
usmjeren	usmjerene		usmerene	52.76	41.63	0.00	0.5590	1.0000		0.542	0	59		alt->bs
usmjeren	usmjerenih		usmerenih	32.20	23.79	0.00	0.5751	1.0000		0.615	0	39		alt->bs
uspije	uspije		uspe	15.52	11.50	0.00	0.5744	1.0000		0.412	0	34		alt->bs
uspio	uspio		uspeo	53.92	48.36	0.00	0.5272	1.0000		0.604	0	139		bs->alt
uspjeh	uspjeh		uspeh	94.27	104.66	0.00	0.4739	1.0000		0.695	0	243		bs->alt
uspjeh	uspjeha		uspeha	30.26	36.87	0.00	0.4508	1.0000		0.603	0	78		bs->alt
uspjeh	uspjehom		uspehom	9.31	9.12	0.00	0.5052	1.0000		0.708	0	24		bs->alt
uspjeh	uspjehu		uspehu	13.97	11.50	0.00	0.5485	1.0000		0.417	0	36		bs->alt
uspjeh	uspjela		uspela	54.31	55.10	0.00	0.4964	1.0000		0.679	0	140		bs->alt
uspjeh	uspjele		uspele	13.97	16.65	0.00	0.4562	1.0000		0.639	0	36		bs->alt
uspjeh	uspjeli		uspeli	52.37	63.83	0.00	0.4507	1.0000		0.637	0	135		bs->alt
uspjeh	uspjeti		uspeti	30.65	24.18	0.00	0.5590	1.0000		0.430	0	79		bs->alt
uspjeh	uspješan		uspešan	18.62	19.82	0.00	0.4844	1.0000		0.667	0	48		bs->alt
uspjeh	uspješna		uspešna	17.07	25.37	0.00	0.4022	1.0000		0.614	0	44		bs->alt
uspjeh	uspješne		uspešne	12.80	14.27	0.00	0.4729	1.0000		0.667	0	33		bs->alt
uspjeh	uspješni		uspešni	12.03	10.31	0.00	0.5385	1.0000		0.516	0	31		bs->alt
uspjeh	uspješno		uspešno	50.43	57.09	0.00	0.4691	1.0000		0.777	0	130		bs->alt
uspjeh	uspješnu		uspešnu	12.03	11.50	0.00	0.5113	1.0000		0.613	0	31		bs->alt
utisak	utisak	dojam		30.65	0.40	28.54	0.9872	0.5178	0.590		78	0	bs->alt	
uvečer	uvečer		uveče	51.98	6.34	0.00	0.8913	1.0000		0.918	0	134		bs->alt
uvijek	uvijek		uvek	751.05	478.50	0.00	0.6108	1.0000		0.458	0	1929		bs->alt
uvjeravanja	uvjeravanja		uveravanja	57.80	47.97	0.00	0.5465	1.0000		0.758	0	149		bs->alt
uvjeren	uvjeren		uveren	45.00	41.63	0.00	0.5195	1.0000		0.776	0	116		bs->alt
uvjeren	uvjereni		uvereni	16.29	17.84	0.00	0.4774	1.0000		0.619	0	42		bs->alt
uvjeren	uvjerenje		uverenje	10.47	40.04	0.00	0.2074	1.0000		0.778	0	27		bs->alt
uvjeren	uvjerenost		uverenje	21.72	2.78	0.00	0.8867	1.0000		0.839	0	56		bs->alt
uvjeren	uvjeriti		ubede	24.44	38.85	0.00	0.3862	1.0000		0.423	0	26		alt->bs
učesnica	učesnica	sudionica		10.47	0.00	6.65	1.0000	0.6118	0.407		27	0	bs->alt	
učesnica	učesnici	sudionici		63.62	0.00	73.12	1.0000	0.4653	0.866		164	0	bs->alt	
učesnica	učesnicima	sudionicima		26.38	0.00	34.41	1.0000	0.4340	0.824		68	0	bs->alt	
učesnica	učesnika	sudionika		41.51	0.00	45.75	1.0000	0.4757	0.804		107	0	bs->alt	
učesnica	učesnike	sudionike		12.41	0.00	12.90	1.0000	0.4903	0.719		32	0	bs->alt	
učestvuju	učestvovala	sudjelovala		17.07	0.00	14.08	1.0000	0.5480	0.432		44	0	bs->alt	
učestvuju	učestvovale	sudjelovale		12.80	0.00	16.03	1.0000	0.4440	0.545		33	0	bs->alt	
učestvuju	učestvovali	sudjelovali		51.98	0.00	65.30	1.0000	0.4432	0.657		134	0	bs->alt	
učestvuju	učestvovao	sudjelovao		32.97	0.00	35.58	1.0000	0.4810	0.718		85	0	bs->alt	
učestvuju	učestvovat		učestvovaće	16.68	0.00	0.00	1.0000	1.0000		0.674	0	43		bs->alt
učestvuju	učestvovati	sudjelovati		77.98	0.00	43.01	1.0000	0.6445	0.726		201	0	bs->alt	
učestvuju	učestvuju	sudjeluju		60.91	0.00	104.79	1.0000	0.3676	0.611		157	0	bs->alt	
učešće	učešće	sudjelovanje		130.35	0.79	122.78	0.9940	0.5149	0.633		335	0	bs->alt	
učešće	učešćem	sudjelovanjem		12.80	0.00	10.95	1.0000	0.5390	0.576		33	0	bs->alt	
učešće	učešću	sudjelovanju		22.89	0.00	18.77	1.0000	0.5494	0.661		59	0	bs->alt	
vakcina	vakcina	cjepiva		8.15	0.00	8.99	1.0000	0.4753	0.714		21	0	bs->alt	
vanjska	vanjska		spoljna	11.64	7.93	0.00	0.5948	1.0000		0.533	0	30		bs->alt
vanjska	vanjske		spoljne	121.04	68.19	0.00	0.6397	1.0000		0.748	0	155		alt->bs
vanjska	vanjski		spoljni	13.97	16.65	0.00	0.4562	1.0000		0.528	0	36		bs->alt
vanjska	vanjskih		inostranih	784.80	811.10	0.00	0.4918	1.0000		0.851	0	2023		bs->alt
vanjska	vanjskim		spoljnim	12.41	11.50	0.00	0.5192	1.0000		0.545	0	22		alt->bs
vanjska	vanjskoj		spoljnoj	13.19	15.86	0.00	0.4541	1.0000		0.559	0	34		bs->alt
vanjska	vanjsku		spoljnu	44.61	88.01	0.00	0.3364	1.0000		0.835	0	115		bs->alt
vanredni	vanredni	izvanredni		20.17	0.40	22.68	0.9807	0.4708	0.412		51	0	bs->alt	
vidjeli	vidjeli		videli	38.79	43.21	0.00	0.4731	1.0000		0.630	0	100		bs->alt
vidjeli	vidjeti		videti	90.00	138.75	0.00	0.3934	1.0000		0.615	0	104		alt->bs
vijest	vijest		vest	22.89	45.59	0.00	0.3342	1.0000		0.746	0	59		bs->alt
vijeća	vijeća		saveta	376.69	419.03	1.17	0.4734	0.9969		0.773	0	968		bs->alt
vijeća	vijeće		savet	227.72	250.94	0.00	0.4757	1.0000		0.734	0	587		bs->alt
vijeća	vijećem		savetom	17.07	16.65	0.00	0.5062	1.0000		0.568	0	44		bs->alt
vijeća	vijeću		savetu	108.62	116.16	0.00	0.4832	1.0000		0.764	0	280		bs->alt
vjernici	vjernici		vernici	10.47	12.29	0.00	0.4601	1.0000		0.852	0	27		bs->alt
vjerovatno	vjerovatno	vjerojatno	verovatno	242.46	0.79	0.00	0.9967	1.0000	0.852	0.861	623	625	bs->alt	bs->alt
vjerska	vjerska		verska	15.52	17.05	0.00	0.4765	1.0000		0.775	0	40		bs->alt
vjerska	vjerske		verske	44.23	43.21	0.00	0.5058	1.0000		0.728	0	114		bs->alt
vjerska	vjerski		verski	22.11	20.61	0.00	0.5175	1.0000		0.526	0	57		bs->alt
vjerska	vjerskih		verskih	38.79	43.21	0.00	0.4731	1.0000		0.750	0	100		bs->alt
vjerska	vjerskim		verskim	21.34	17.44	0.00	0.5502	1.0000		0.600	0	55		bs->alt
vjerska	vjerskog		verskog	15.13	16.65	0.00	0.4761	1.0000		0.692	0	39		bs->alt
vjerska	vjersku		versku	10.47	7.14	0.00	0.5948	1.0000		0.519	0	27		bs->alt
vjeruje	vjeruje		veruje	121.43	144.30	0.00	0.4570	1.0000		0.482	0	313		bs->alt
vjeruje	vjerujem		verujem	78.36	92.37	0.00	0.4590	1.0000		0.772	0	202		bs->alt
vjeruje	vjerujemo		verujemo	27.54	34.49	0.00	0.4440	1.0000		0.690	0	71		bs->alt
vjeruje	vjeruju		veruju	72.16	87.61	0.00	0.4516	1.0000		0.575	0	186		bs->alt
vjetar	vjetar		vetar	12.41	10.31	0.00	0.5464	1.0000		0.531	0	32		bs->alt
vjetra	vjetra		vetra	13.97	24.18	0.00	0.3661	1.0000		0.806	0	36		bs->alt
vjetrenjača	vjetrenjača		vetrenjača	15.52	7.14	0.00	0.6850	1.0000		0.750	0	40		bs->alt
vještine	vještine		veštine	19.40	14.67	0.00	0.5694	1.0000		0.460	0	50		bs->alt
vježba	vježba		vežba	12.41	14.27	0.00	0.4652	1.0000		0.875	0	32		bs->alt
vježba	vježbe		vežbe	22.89	29.34	0.00	0.4383	1.0000		0.864	0	59		bs->alt
vježba	vježbi		vežbi	15.52	15.86	0.00	0.4946	1.0000		0.650	0	40		bs->alt
vježba	vježbu		vežbu	10.09	11.10	0.00	0.4761	1.0000		0.808	0	26		bs->alt
vlastite	vlastite		sopstvene	45.78	49.55	0.39	0.4802	0.9915		0.530	0	117		bs->alt
vlastite	vlastitih		sopstvenih	12.41	15.86	0.00	0.4391	1.0000		0.400	0	30		alt->bs
vlastite	vlastitog		sopstvenog	19.01	16.25	0.00	0.5391	1.0000		0.490	0	49		bs->alt
volio	volio		voleo	22.89	18.24	0.00	0.5566	1.0000		0.678	0	59		bs->alt
voljeli	voljeli		voleli	17.07	13.08	0.00	0.5661	1.0000		0.523	0	44		bs->alt
voz	voz	vlak		15.13	0.00	17.21	1.0000	0.4679	0.949		39	0	bs->alt	
vrijedi	vrijedi		vredi	19.01	21.01	0.00	0.4750	1.0000		0.429	0	49		bs->alt
vrijedi	vrijednost		vrednost	57.42	65.41	0.00	0.4674	1.0000		0.635	0	148		bs->alt
vrijednosti	vrijednosti		vrednosti	221.51	162.14	0.00	0.5774	1.0000		0.524	0	571		bs->alt
vrijednosti	vrijednostima		vrednostima	17.07	17.05	0.00	0.5003	1.0000		0.705	0	44		bs->alt
vrijedi	vrijeme		vreme	449.23	339.74	0.00	0.5694	1.0000		0.587	0	1158		bs->alt
vršilac	vršilac	vršitelj		12.03	0.00	16.03	1.0000	0.4286	0.935		31	0	bs->alt	
welle	welle		dojče	36.47	36.47	0.78	0.5000	0.9790		1.000	0	92		bs->alt
westerwelle	westerwelle		vestervele	8.15	8.72	0.00	0.4830	1.0000		1.000	0	21		bs->alt
wisner	wisner		vizner	18.23	21.01	0.00	0.4646	1.0000		1.000	0	47		bs->alt
wolfgang	wolfgang		volfgang	13.58	15.46	0.00	0.4676	1.0000		0.943	0	35		bs->alt
xinhua	xinhua		sinhua	40.73	41.63	1.17	0.4946	0.9720		0.990	0	102		bs->alt
yasar	yasar		jašar	9.70	8.72	0.00	0.5265	1.0000		0.840	0	25		bs->alt
yildiz	yildiz		jildiz	11.25	11.50	0.00	0.4946	1.0000		0.966	0	29		bs->alt
yilmaz	yilmaz		jilmaz	15.52	15.46	0.00	0.5009	1.0000		1.000	0	40		bs->alt
zabilježio	zabilježila		zabeležila	16.29	25.77	0.00	0.3874	1.0000		0.690	0	42		bs->alt
zabilježio	zabilježio		zabeležio	8.53	8.33	0.00	0.5062	1.0000		0.409	0	22		bs->alt
zadnja	zadnja		poslednja	33.75	5.15	0.78	0.8675	0.9774		0.721	0	86		bs->alt
zadnja	zadnje		poslednje	93.11	4.76	1.17	0.9514	0.9876		0.615	0	239		bs->alt
zadnja	zadnjeg		poslednjeg	22.50	3.17	0.39	0.8765	0.9829		0.614	0	57		bs->alt
zadnja	zadnjem		poslednjem	18.23	8.33	0.00	0.6865	1.0000		0.660	0	47		bs->alt
zadnja	zadnji		poslednji	62.07	6.74	1.17	0.9021	0.9815		0.624	0	157		bs->alt
zadnja	zadnjih		poslednjih	215.69	14.67	0.00	0.9363	1.0000		0.714	0	556		bs->alt
zadnja	zadnjim		poslednjim	19.01	0.79	0.00	0.9600	1.0000		0.571	0	49		bs->alt
zahtjev	zahtjev		zahtev	117.93	166.50	0.00	0.4146	1.0000		0.720	0	304		bs->alt
zahtjev	zahtjeva		zahteva	87.29	110.60	0.00	0.4411	1.0000		0.516	0	225		bs->alt
zahtjev	zahtjeve		zahteve	62.85	57.48	0.00	0.5223	1.0000		0.500	0	162		bs->alt
zahtjev	zahtjevi		zahtevi	36.08	30.13	0.00	0.5449	1.0000		0.613	0	93		bs->alt
zahtjev	zahtjevima		zahtevima	30.65	20.22	0.00	0.6025	1.0000		0.682	0	44		alt->bs
zahtjev	zahtjevu		zahtevu	14.35	13.88	0.00	0.5085	1.0000		0.432	0	37		bs->alt
zainteresiran	zainteresiran		zainteresovan	12.80	11.10	0.00	0.5356	1.0000		0.667	0	33		bs->alt
zainteresiran	zainteresirana		zainteresovana	17.07	17.05	0.00	0.5003	1.0000		0.818	0	44		bs->alt
zainteresiran	zainteresirane		zainteresovane	13.19	11.10	0.00	0.5430	1.0000		0.676	0	34		bs->alt
zainteresiran	zainteresirani		zainteresovani	25.22	27.35	0.00	0.4797	1.0000		0.754	0	65		bs->alt
zakletvu	zakletvu	prisegu		18.62	0.40	19.16	0.9792	0.4929	0.729		48	0	bs->alt	
zamijenio	zamijenio		zamenio	12.03	13.48	0.00	0.4715	1.0000		0.581	0	31		bs->alt
zamijenio	zamijeniti		zameniti	27.54	36.47	0.00	0.4303	1.0000		0.545	0	44		alt->bs
zamjenu	zamjenica		potpredsednica	34.14	22.60	0.00	0.6017	1.0000		0.630	0	54		alt->bs
zamjenu	zamjenik		potpredsednik	239.36	138.36	0.00	0.6337	1.0000		0.493	0	617		bs->alt
zamjenu	zamjenika		zamenika	45.78	28.94	0.00	0.6127	1.0000		0.475	0	118		bs->alt
zamjenu	zamjenikom		potpredsednikom	22.50	11.89	0.00	0.6542	1.0000		0.517	0	58		bs->alt
zamjenu	zamjenu		zamenu	39.96	41.63	0.00	0.4898	1.0000		0.641	0	103		bs->alt
zamrznula	zamrznula		zamrzla	10.86	9.91	0.00	0.5229	1.0000		0.821	0	28		bs->alt
zannier	zannier		zanijer	20.95	23.39	0.00	0.4725	1.0000		0.981	0	54		bs->alt
zaplijenila	zaplijenila		zaplenila	10.09	13.08	0.00	0.4353	1.0000		0.692	0	26		bs->alt
zaprijetio	zaprijetila		zapretila	16.68	17.84	0.00	0.4832	1.0000		0.744	0	43		bs->alt
zaprijetio	zaprijetili		zapretili	8.15	8.33	0.00	0.4946	1.0000		0.714	0	21		bs->alt
zaprijetio	zaprijetio		zapretio	11.25	10.70	0.00	0.5124	1.0000		0.690	0	29		bs->alt
zasnovan	zasnovan	temeljen		32.20	0.00	31.67	1.0000	0.5041	0.566		83	0	bs->alt	
zasnovan	zasnovana	temeljena		29.87	0.00	30.11	1.0000	0.4980	0.442		77	0	bs->alt	
zasnovan	zasnovane	temeljene		22.11	0.00	19.55	1.0000	0.5307	0.474		57	0	bs->alt	
zasnovan	zasnovano	temeljeno		9.31	0.00	12.51	1.0000	0.4266	0.458		24	0	bs->alt	
zasnovan	zasnovanog	temeljenog		9.31	0.00	8.21	1.0000	0.5314	0.417		24	0	bs->alt	
zauvijek	zauvijek		zauvek	15.52	15.86	0.00	0.4946	1.0000		0.625	0	40		bs->alt
zavjere	zavjere		zavere	12.80	14.67	0.00	0.4660	1.0000		0.758	0	33		bs->alt
zavjere	zavjeru		zaveru	17.07	11.10	0.00	0.6060	1.0000		0.500	0	44		bs->alt
zloupotreba	zloupotreba	zloporaba		11.64	0.00	12.51	1.0000	0.4819	0.400		30	0	bs->alt	
zloupotreba	zloupotrebe	zloporabe		22.11	0.00	23.85	1.0000	0.4811	0.526		57	0	bs->alt	
zloupotreba	zloupotrebu	zloporabu		23.66	0.00	23.85	1.0000	0.4980	0.689		61	0	bs->alt	
zračne	zračne		vazdušne	21.34	68.98	0.00	0.2362	1.0000		0.636	0	55		bs->alt
zračne	zračni		vazdušni	19.01	26.96	0.00	0.4135	1.0000		0.551	0	49		bs->alt
zračne	zračnog		vazdušnog	24.44	32.11	0.00	0.4322	1.0000		0.762	0	63		bs->alt
zvaničnik	zvaničnici	dužnosnici		445.36	0.00	428.95	1.0000	0.5094	0.930		1148	0	bs->alt	
zvaničnik	zvaničnicima	dužnosnicima		117.16	0.00	115.74	1.0000	0.5030	0.911		302	0	bs->alt	
zvaničnik	zvaničnik	dužnosnik		99.70	0.00	103.23	1.0000	0.4913	0.875		257	0	bs->alt	
zvaničnik	zvaničnika	dužnosnika		177.68	0.00	168.92	1.0000	0.5126	0.823		458	0	bs->alt	
zvaničnik	zvaničnike	dužnosnike		36.85	0.00	40.28	1.0000	0.4778	0.747		95	0	bs->alt	
zvijezda	zvijezda		zvezda	46.16	45.19	0.00	0.5053	1.0000		0.824	0	119		bs->alt
čovjek	čovjek		čovek	50.04	33.70	0.00	0.5976	1.0000		0.719	0	128		bs->alt
čovjek	čovjeka		čoveka	22.89	15.86	0.39	0.5907	0.9832		0.638	0	58		bs->alt
čovječnosti	čovječnosti		čovečnosti	22.11	13.08	0.00	0.6283	1.0000		0.930	0	57		bs->alt
šengena	šengena	schengena		8.53	0.00	5.87	1.0000	0.5927	0.727		22	0	bs->alt	
šengena	šengenske	schengenske		11.25	0.00	12.12	1.0000	0.4814	0.586		29	0	bs->alt	
šengena	šengenskoj	schengenskoj		17.85	0.00	21.51	1.0000	0.4535	0.587		46	0	bs->alt	
šengena	šengensku	schengensku		13.97	0.00	20.72	1.0000	0.4026	0.500		36	0	bs->alt	
šengena	šengenu	schengenu		13.19	0.00	6.26	1.0000	0.6783	0.706		34	0	bs->alt	
šestomjesečno	šestomjesečno		predsedavajućeg	9.70	5.95	0.00	0.6199	1.0000		0.440	0	25		bs->alt
šestomjesečno	šestomjesečnog		šestomesečnog	11.64	10.70	0.00	0.5209	1.0000		0.733	0	30		bs->alt
širom	širom	diljem		249.83	4.36	283.49	0.9828	0.4684	0.764		639	0	bs->alt	
škriljčanog	škriljčanog	škriljevca		8.15	0.00	0.00	1.0000	1.0000	0.857		21	0	bs->alt	
španija	španija	španjolska		38.79	0.00	38.71	1.0000	0.5005	0.890		100	0	bs->alt	
španija	španije	španjolske		36.08	0.00	32.46	1.0000	0.5264	0.753		93	0	bs->alt	
španija	španiji	španjolskoj		19.78	0.00	19.94	1.0000	0.4980	0.863		51	0	bs->alt	
španija	španiju	španjolsku		8.15	0.00	9.78	1.0000	0.4546	0.762		21	0	bs->alt	
španski	španski	španjolski		20.56	0.00	22.68	1.0000	0.4755	0.887		53	0	bs->alt	
štampe	štampe	tiska		50.04	0.00	13.69	1.0000	0.7853	0.700		30	0	alt->bs	
švicarske	švicarske		švajcarske	22.11	22.99	0.00	0.4902	1.0000		0.614	0	57		bs->alt
švicarske	švicarskoj		švajcarskoj	19.01	21.01	0.00	0.4750	1.0000		0.837	0	49		bs->alt
želio	želio		želeo	17.85	43.61	0.00	0.2904	1.0000		0.674	0	46		bs->alt
željeznica	željeznica		železnica	13.58	11.89	0.39	0.5331	0.9720		0.400	0	35		bs->alt
željeznica	željezničke		železničke	14.74	15.06	0.00	0.4946	1.0000		0.737	0	38		bs->alt
živio	živio		živeo	16.29	16.25	0.00	0.5006	1.0000		0.833	0	42		bs->alt
živjeli	živjeli		živeli	16.68	18.63	0.00	0.4724	1.0000		0.791	0	43		bs->alt
